candidate_index,sepcnn_mse,resnet_mse,sepcnn_mae,resnet_mae,sepcnn_max_error,resnet_max_error
0,0.020491563826685003,0.034815664883053078,0.054622964154281577,0.073655488747451661,0.39747120959323123,0.49486010295909122
1,0.020440599915231825,0.034877439732030037,0.054413072047409958,0.07356742965998582,0.39503236634295658,0.49490382296603397
2,0.021176506414249813,0.035953480302688044,0.055409127695610412,0.075123084611080304,0.40039374453585819,0.49671958906214908
3,0.021126618425797074,0.036136720289402985,0.05518702104196891,0.075491837577146323,0.40105449387837222,0.49494378788035587
4,0.024317204468229475,0.038387335223984437,0.059771678286742611,0.079165739567850044,0.43502577168505863,0.49886607152980045
5,0.024253809868688594,0.03857492440847049,0.059536175354468653,0.079402391769376482,0.43259163720172122,0.4953791998104401
6,0.025077655834669768,0.039422210449456783,0.060603450627255702,0.080762243844705317,0.43779172522586063,0.48938502890628055
7,0.0250154099594752,0.037896442416966818,0.060403541263231643,0.079579404674429546,0.43577662323231503,0.47435363156359867
8,0.030011011977176847,0.042577041849336174,0.066764174649916991,0.084845222336134007,0.46575649601977542,0.50281848532717899
9,0.029932226014128576,0.042923204315314149,0.066573440475932916,0.085386462644814573,0.4631551427583771,0.49841119868319705
10,0.030872611074419045,0.043649254481615572,0.067646649492867084,0.086077637233821946,0.47950565049458316,0.49075903517764285
11,0.030794912969287075,0.042897725539089382,0.067441596179829921,0.085696920610386265,0.48208128640461734,0.47892283422511295
12,0.034767547164575696,0.045739736742690364,0.072099775623153534,0.08864236532005336,0.50616479132885739,0.48202859384577945
13,0.03468586216673835,0.044904314111886751,0.071911131544322479,0.088268614149885738,0.50496992681736752,0.46830837947886661
14,0.035715952022550998,0.043797355702965113,0.073099169414015522,0.087338408013047847,0.51346245620960995,0.44280659181636051
15,0.035635338965177177,0.039334285540500648,0.072928174159029829,0.083921940287303404,0.5122678003143768,0.41006233317416385
16,0.033402686954375288,0.048686491575350876,0.075218959415463138,0.092453136497033447,0.47327395302813724,0.51121034247439578
17,0.033273226623194686,0.04939587968328614,0.074994685160302554,0.093466313882926283,0.47087024671595767,0.50724150759738162
18,0.034357576698894617,0.050714003265003589,0.076145332471601657,0.094599660594111998,0.4762875340656586,0.49895214063685611
19,0.034228757496531662,0.050282046757454568,0.075922582489756238,0.0945030303856252,0.47388811928790286,0.48882140738528446
20,0.038695825858773986,0.051645882053526375,0.080621532554465386,0.095809041332431844,0.51124714834254459,0.48085667712252811
21,0.038552347867873656,0.050884963952486935,0.08033432436326414,0.095452054207789405,0.50870647055667118,0.46937226278346256
22,0.039731238018531588,0.051692312010189624,0.081568049384970406,0.095999591003162632,0.51415677887957767,0.45083071810763553
23,0.039588312644362446,0.047675578088332789,0.08132080530597427,0.092755298275655915,0.51161589247744754,0.42407323939364627
24,0.046283689325746197,0.055067339154256149,0.088385677933843887,0.099101386924786497,0.54425927025836185,0.46996878606837467
25,0.046128801875067307,0.055209919260470405,0.088183484439580143,0.099534543256945163,0.54171400291484073,0.45903794986766056
26,0.047435642280788406,0.055318315093249179,0.089399696265737211,0.099251725584543579,0.54732581002276615,0.43816297275584415
27,0.047281203432735674,0.053025087980704037,0.089148565979988381,0.097568267181820087,0.54773616025257876,0.41649427039187625
28,0.052592383158555196,0.054651095768923207,0.093852910000206902,0.098265554280317968,0.58336528164904788,0.42246462046985245
29,0.052443815122987888,0.051214850602146457,0.093653831349079078,0.095486024470157638,0.58088915569346622,0.42228976279382324
30,0.053825433592149662,0.046992936995792697,0.094877183012539737,0.091721714604151211,0.58640863520663455,0.42986577391509628
31,0.053684363177260677,0.03745214423928879,0.094729057574890738,0.08400001833611602,0.58395202977221683,0.40328825553137204
32,0.020480086492552133,0.0351398926916308,0.054466720660998488,0.073441960470884915,0.39809676034014896,0.49814408046763614
33,0.020419204124788325,0.035252253313842227,0.054242141123905928,0.073460486347780019,0.395879050321991,0.50036757213633731
34,0.021162811924270896,0.036363132284311386,0.055273849890407095,0.075348148868307235,0.40098365170520023,0.50430869085353092
35,0.021102876066368785,0.036276961281959744,0.05502899075398085,0.075188830098797094,0.40115153024006656,0.50185658556979373
36,0.02431322493975788,0.03955570505763268,0.05960547744075486,0.079796067213016547,0.43596925360720828,0.51212455851596073
37,0.024247466273181764,0.039491143310634816,0.059341874087143885,0.079849929255777094,0.43392928463977054,0.50804116351168827
38,0.025073176299889713,0.040053317472687852,0.060452539821153284,0.080969622891495022,0.43873526675265506,0.49932911021273807
39,0.025008442912868349,0.039370225658641331,0.060213821509232296,0.080464651165112769,0.43669547659915164,0.48840167147677616
40,0.029975063080453404,0.044104209487647504,0.066559667655450377,0.085908742891772721,0.4661656223015137,0.51798417193453983
41,0.029893245704910122,0.043873909875296088,0.066352584498139411,0.085832187135339882,0.4639480314926453,0.51247050387423709
42,0.030836152085597507,0.044765948831008116,0.067448065405592755,0.08691160848750884,0.47996746728230288,0.50363697630923465
43,0.030755278916901753,0.043876692110610974,0.067246095249855448,0.086187790107952716,0.48218082616139224,0.49216341001551822
44,0.034755609969650693,0.047550809060372713,0.071928775882720966,0.089951435918295242,0.50596910928005978,0.49894954783480838
45,0.034670325324181149,0.047050042202776698,0.071720809767666205,0.089807088766011026,0.50498229478115841,0.48838256818812564
46,0.035703478734305259,0.045807195350119408,0.072949834166363664,0.088749611557250835,0.51326671455616757,0.4614608488754578
47,0.035617909308696703,0.043037001104881803,0.072772377575545277,0.086533912342069572,0.51227420781369015,0.4386320017055817
48,0.033397867431524911,0.051452016236591111,0.075113143907523605,0.094643411305688124,0.47425948602717594,0.53025548679393009
49,0.033263814496288603,0.05086894617442634,0.074853364188071009,0.094250697340447068,0.47225432617228702,0.52176927549403385
50,0.034352071876546431,0.052173666973044278,0.076046789697870903,0.095772399990927237,0.47726174218218997,0.51093204838793949
51,0.034218289415374248,0.051193069156754804,0.075798614199503886,0.095044316582240954,0.47525652272265628,0.49846222025912479
52,0.038683178103473784,0.054614873305173423,0.080523356410239569,0.098015212288601231,0.51229616028826908,0.50101431233447269
53,0.038533950037514322,0.053489557324054561,0.080225984302760942,0.097390806202856534,0.51014955861132816,0.48794110638659671
54,0.039718465280004979,0.053993336220204705,0.081463420175897874,0.097696468873775616,0.51520608884852603,0.46668814641993717
55,0.03956962790311884,0.050986279574448817,0.081184675253069424,0.09520846132834361,0.51305906993907169,0.44600578171771244
56,0.046239699786885607,0.059283192083373806,0.088228107488495022,0.10245927773706205,0.54505132658045963,0.49039863569300846
57,0.046083417063791189,0.05796763259881324,0.08802482088107022,0.10155395130590994,0.54277916771929935,0.47768129927676395
58,0.04738167597457596,0.05847306002291526,0.089242699277925386,0.10172507036645335,0.54805838090937808,0.45806743723910526
59,0.047233258808371745,0.055278935243199878,0.089014153429732693,0.099225990232869862,0.54757761189747622,0.43551828486483768
60,0.052543201903685416,0.058931616925000617,0.093724929445408056,0.10157759132558657,0.58434726817172244,0.43352138025325015
61,0.052394076075915771,0.056040854655243361,0.093493365615074431,0.09935426416125033,0.58228533489268497,0.4304717147338829
62,0.05377568672231621,0.051557621919864571,0.094770810771890771,0.09513022868890289,0.58739080054324344,0.43955321252231216
63,0.053627313740237471,0.044784843559982128,0.094583410979792198,0.089551509245567415,0.5853285394386597,0.42490511774901962
64,0.019530810445718499,0.033229602395083123,0.053420512032270141,0.071178689492549574,0.38121517521899417,0.4804868601040192
65,0.019469516050332088,0.033011607219646681,0.053216870909202109,0.070994382188610525,0.37866981846850589,0.48048766476672367
66,0.020397285467346701,0.035726648610506527,0.054501417968435606,0.073697054220760019,0.39005290696430972,0.50617956144374088
67,0.020334303658915816,0.035476388721193568,0.054293092485252402,0.07376758977682886,0.39277683923054507,0.50240161044161991
68,0.023277430366927518,0.039838688123394625,0.058531971819540979,0.079855110688427405,0.41946448905032352,0.51787759882968143
69,0.023200479371492704,0.039506725659185761,0.058276638236562886,0.079646442469118631,0.41691877467196659,0.51431076747935489
70,0.024227868250552138,0.040575293045790127,0.059572776424929287,0.080937361172922162,0.42387421948474124,0.51443686110537723
71,0.024149927908645646,0.039837365650536222,0.059344543694190489,0.080447115494949289,0.42153991398489377,0.50477590186160282
72,0.028828919200619901,0.043359140521837557,0.065438213464181702,0.084779309571191078,0.4532214326601105,0.52236126882594303
73,0.028745531548178587,0.042893984942729647,0.06522537306244984,0.084788999056829545,0.45594536492634585,0.51497246844332889
74,0.029918048526982991,0.044628373862106295,0.066675842097126459,0.086356865660510068,0.47084759900379947,0.51752175910037235
75,0.029832963961833617,0.044147496150369711,0.06646977648150923,0.086406655081774447,0.47357081601429751,0.50631739718478397
76,0.033465582221737789,0.047684695806686932,0.070768375203434597,0.09014621100349117,0.48811401946109012,0.50992478949588016
77,0.033366533654700756,0.047531646703130176,0.070544465590908489,0.090349172218685381,0.48569593963301083,0.50294860226672367
78,0.034661006727906708,0.047439951690745621,0.072070151556901829,0.090186952179205526,0.49880432317066958,0.48578779918711856
79,0.03456025919799164,0.046012904657202765,0.071822004440541681,0.08914933617236738,0.50152682492543033,0.47172861320536807
80,0.031962592701233195,0.050828541932646389,0.073784023443305327,0.094221898026214751,0.45615299565356449,0.53558238369982913
81,0.031839493709853797,0.050226083273981717,0.073546547074858068,0.094031972389167287,0.45374890191119388,0.527279516287262
82,0.033154634555712888,0.051796924695671903,0.075077028958559222,0.094979719282460948,0.45991100890200809,0.52906431777041629
83,0.033029699708104626,0.051501090486488259,0.074846926836995883,0.095270881412793079,0.46192132661152652,0.51850452048342899
84,0.037039723828990269,0.055371341621747561,0.078910001770113453,0.098999344726666369,0.49670775754016117,0.51914199215930179
85,0.036903525542945299,0.054393984981143777,0.078678679355660752,0.098512090497756735,0.49416234118502811,0.50784381253283695
86,0.038165810176643652,0.054425016371191036,0.079732888487534084,0.0982069282586049,0.50246717555087284,0.48925175292056278
87,0.038030007932913834,0.052797096698787266,0.079495853589894541,0.097059869427955844,0.49992184860270694,0.47487955314677432
88,0.044556487657566771,0.058326651711461695,0.086947063151307041,0.10188393916092588,0.52709927184146121,0.50134213788073734
89,0.044407777807621257,0.057070747821412374,0.086733156513900414,0.10122445506611288,0.52455394489329532,0.48773201329272464
90,0.04599096458240827,0.05874002122900332,0.088245678186503543,0.10210391938665009,0.53732883164692691,0.48105459434550479
91,0.04584057068811976,0.057427211949850898,0.088028136310890306,0.10130915550219186,0.5400516910295563,0.46608551365893558
92,0.050675727313769479,0.060784706121660877,0.092299571810931735,0.10352063493261397,0.56696875912707523,0.45669927222293094
93,0.050510626630419247,0.059032061679959683,0.092082487094823653,0.10239521539190927,0.56442334277194217,0.44197254402201847
94,0.0520028253212221,0.056201511610558849,0.093180270977252344,0.099465844677053467,0.57272811753314212,0.43235138445977783
95,0.051832207098140286,0.051817338043217136,0.092952714419987412,0.095829135991241682,0.5715836101499786,0.42668448775891876
96,0.019551907686650927,0.032681322901538218,0.053336481342845792,0.070639462826281849,0.38228519780200199,0.46751918417971805
97,0.019489215743068177,0.03319920222122319,0.053141516800448194,0.070969720575343342,0.38013394696276859,0.47770269734423831
98,0.020416370771058023,0.035793578267400511,0.054426931855507871,0.073828431582477164,0.39008938500691226,0.5025450192169495
99,0.020351808694812977,0.035896644135449629,0.054197757573442251,0.073870173997571925,0.39245032498646548,0.5063626073078461
100,0.023293009404674846,0.03979219562355174,0.058399693926495362,0.079782999794531934,0.42053427321475223,0.51697101218264774
101,0.023213823234436166,0.040081766822125449,0.058125168053738852,0.079947850447591562,0.41838299257319644,0.52147712332766727
102,0.024240221120745187,0.041321976844864133,0.059474440485114598,0.081795549015769353,0.42493357283633426,0.52251543623965457
103,0.024161717386809639,0.040722606075881906,0.059218856716848824,0.080922488466742382,0.42279308063548282,0.51715072018664554
104,0.02883181567018827,0.043951400841582042,0.065292756564878818,0.08544644090686225,0.45335280129719546,0.52260079009097293
105,0.028736030276174253,0.043621248613656689,0.065052564714025554,0.085189744104636742,0.45578002164173892,0.52256750089686588
106,0.029916630153948791,0.045309132222351958,0.066522899070863256,0.086946707840963172,0.47099208066273501,0.52540089709323123
107,0.029818751508335822,0.045051727056955711,0.066304558199919358,0.086845538681696338,0.47342025468159488,0.51895703894656375
108,0.033476659434442627,0.048150225750467304,0.070630604078898943,0.090432832005494707,0.48918392283480838,0.51870583517115787
109,0.03337414850310233,0.048295700742829135,0.07041095563285836,0.090758655600453764,0.48703291041415409,0.51596142870944217
110,0.034665752218661042,0.048966211823950917,0.071956692594105864,0.091314857115962156,0.49888145158100894,0.50176828128855899
111,0.034565683992440525,0.047806660746332989,0.071714405057798566,0.090353589257171588,0.50120138356495669,0.49029310566943363
112,0.031959795751647563,0.051942927362794516,0.073698151029804967,0.095396463741822257,0.45714770776789859,0.53722931963961795
113,0.031832219045671115,0.051666048260721624,0.073459622814563641,0.095107573109990823,0.45513819677394107,0.53762688262026981
114,0.033149902769520685,0.053351520878497018,0.074996460291319234,0.096279004643720439,0.46090592963259891,0.53952973110240177
115,0.033020303216450039,0.052706246055378575,0.07474753253302531,0.095915157405176282,0.46156834790516665,0.53165792448085025
116,0.037031188051576479,0.056894397455209252,0.078811505420494032,0.10014089025844625,0.49777766091387943,0.53191687686007694
117,0.036889635317885305,0.05643552626367148,0.078550144657825685,0.10000349741360882,0.49562673790019229,0.52543677908938602
118,0.038157109255948528,0.056886625514192754,0.079643399186066888,0.10016051334745076,0.50353710872691348,0.5058104000763245
119,0.03801587560706176,0.054795436732901444,0.079377544676482184,0.098540128290527218,0.50138579828303531,0.49047644955676273
120,0.044544757181340183,0.061307453683941852,0.086828909040826255,0.1045462007457624,0.52816920501750186,0.51856034023326114
121,0.04439000621652707,0.059919849070190746,0.086608229727038091,0.10353916939305575,0.52601783496897891,0.50514378172915653
122,0.045977225440838133,0.061281390269433383,0.088136232893610569,0.10422734624351236,0.53736423680592349,0.4949989221767731
123,0.045820602309854769,0.059883657405459312,0.087904012721688893,0.10326809321362447,0.53972505757618716,0.48118486029666141
124,0.050658489419826022,0.063524232803980424,0.092192137562036133,0.10579044836139311,0.56803881151240543,0.4737758837417908
125,0.050486457204428445,0.062302537982055782,0.09196607230348032,0.10502097453308791,0.56588756067317203,0.46385847551387027
126,0.051985427396491861,0.060847032796609211,0.093113443275800165,0.10318155911896523,0.57379811031382755,0.43914159029607391
127,0.051806837636586313,0.056389914583971849,0.092853532047855444,0.099547121208602748,0.57168417198222354,0.43433798491839981
128,0.016107760328864101,0.029396778564345416,0.049180746691024721,0.06610854169357229,0.33674510342639163,0.45187499148410037
129,0.01597550069706679,0.029815254230070583,0.048807482385973759,0.065979116864787815,0.33373834712069705,0.46022429091494754
130,0.01639912332367215,0.031677625407861454,0.048974210097957958,0.068074592983835377,0.34178927753681942,0.48023076874774173
131,0.016333208416922134,0.031890247059069669,0.048729653593191209,0.068227310268303296,0.34052263924885562,0.48554088694613651
132,0.019578029874798567,0.035808216677176923,0.053571797341610168,0.074026111816007031,0.39118148905795291,0.5020688377098389
133,0.019513557890327583,0.036466157146096259,0.053338589791831481,0.074697339284136174,0.38863604290049747,0.50722273213427738
134,0.020259319350069624,0.037823358421808999,0.054462703776009001,0.076851476325275933,0.39424796921771244,0.50890605670970157
135,0.020195288318842625,0.037374664270460205,0.054216375447307473,0.076550234503928977,0.39170258266490177,0.50389512402575687
136,0.024430540936551202,0.042201441303249529,0.06075411266246377,0.083026830179675604,0.41039741252178952,0.52315830213587955
137,0.02426807657994353,0.042467638786181601,0.060351063455048093,0.083164317774033089,0.40880143855328366,0.52411582095187381
138,0.024810169747980247,0.04394006753206723,0.060625271098398707,0.085026416908811353,0.41801284978199771,0.52626340610545352
139,0.024713043316895139,0.043470292331254407,0.060336587869660792,0.084547504162238066,0.42090200612355044,0.52049874288600162
140,0.028948539127916853,0.046440919684952557,0.065811865729353367,0.088344832497289361,0.46028893215220645,0.52361824137728885
141,0.028858475319544281,0.046520133214661474,0.06559918073534074,0.088634028136037948,0.45769437176745609,0.51817395312350467
142,0.029812875558418592,0.047317770420953711,0.066780289046767791,0.089538916465495416,0.46510719487477115,0.506463607378418
143,0.029721254483953172,0.045065320895856943,0.066555871933202948,0.087785887589952469,0.46786355206776431,0.48924603087466434
144,0.027484122404750601,0.048404913044431799,0.0693129309736632,0.091512268379104408,0.41151069623988346,0.53317378980677799
145,0.027240871247573885,0.048684997392066845,0.068857985473085512,0.091662611920590928,0.40859182698291019,0.53315775615733341
146,0.027746158032068351,0.050542315212248043,0.069198535525915109,0.093685906284784334,0.41227476818125919,0.53576221091311649
147,0.02760975075273428,0.049979557529635163,0.068883747721503616,0.093401322093109862,0.41048692891407779,0.52887242061656192
148,0.032057001667157796,0.052808971908490217,0.073928920720450209,0.096306929898022697,0.46532665712397769,0.52947910649340824
149,0.031933651102496442,0.052908829891027506,0.073700392788027397,0.096594811414218412,0.46278127057116702,0.52460177762072757
150,0.032998090222383383,0.054097049912703372,0.074877301582958564,0.097766295358353114,0.46839286906283573,0.51210992557566837
151,0.032875185427155812,0.052242936055463159,0.074649738336129048,0.096401001495686742,0.46584751231234744,0.49769233686488346
152,0.03890638390189563,0.057034153555349895,0.081814149484165433,0.1009007621785684,0.48193707091372684,0.51548265440028385
153,0.038645510232327852,0.05664183860026447,0.081412047897129913,0.10066018749965956,0.47929040727293393,0.50795282942813114
154,0.03927244427664988,0.059054999757865635,0.081784857048706708,0.10266309364571072,0.48564147183705142,0.50378622633975223
155,0.039102328968757129,0.057018460785430616,0.081490574646996508,0.10111099861887322,0.48836635777760318,0.48815440160792545
156,0.044676113150112017,0.059536775738782161,0.087066347759539739,0.10294943363878813,0.53661941511195377,0.4801531038955994
157,0.04452493282187623,0.058893817682034999,0.086855895563863666,0.10265722788251699,0.53407393915217594,0.46856226546328739
158,0.045809391445015279,0.0596176326395991,0.088079696363993723,0.10266284633675309,0.53968583566706851,0.44208492857974246
159,0.045658654894073142,0.054975322131511184,0.087859707734637735,0.098934147543918979,0.53714038950961307,0.41529669254903412
160,0.016127831272192479,0.02891344998668928,0.049098308468932587,0.065639205483604607,0.33750935418170169,0.44246508700411991
161,0.015981636604216649,0.02953425613041433,0.048698663912603204,0.065755372100035916,0.33475240094226077,0.45460294706385806
162,0.016411317066693666,0.031840782554909117,0.0488961629482512,0.067991151677464445,0.34183562014813229,0.48152868969004825
163,0.016341891325992314,0.031960674350085976,0.048647673091305264,0.068125657282642957,0.34065076921696469,0.48579611403506473
164,0.019597559227746312,0.036194215674288016,0.053457433900076151,0.073991058564764581,0.39225148183863834,0.50666897518199161
165,0.019526728461521453,0.036557583901989307,0.053227265804640975,0.074215943355308844,0.390000303812439,0.51160939557116702
166,0.020278683227083431,0.038241607541857417,0.054371202974894797,0.076956013915436439,0.39531799180072025,0.51798929793399051
167,0.020206487081548364,0.037657509616666515,0.054098774417792719,0.076469528915039067,0.3930309913830109,0.5116661391929932
168,0.024442455698319144,0.042032632084750991,0.060617093048366266,0.082472154238364515,0.41046771620030209,0.52335300070803836
169,0.024265227564347014,0.042558338534774275,0.060184689381211243,0.082887782489867931,0.40903842662091061,0.52824442607920841
170,0.024812054789859674,0.044304095444241895,0.060479798208969912,0.085024355403240437,0.41840075681019595,0.53434555751841739
171,0.024705577568579062,0.043701077776052741,0.060177009946144153,0.084419973923189423,0.42082940766621402,0.5273494921402283
172,0.028938904516810079,0.047276716586214247,0.065642369368516112,0.088781663503164368,0.4609277449325867,0.53584035260241702
173,0.028838710885089242,0.047236600552788346,0.065413015190437809,0.088852980098406004,0.45860343200724796,0.53103955609362796
174,0.029801104021632555,0.048223122918979913,0.066641562814768698,0.090027843103236804,0.46532379815388492,0.52060835582774356
175,0.029701208811086968,0.046601797149646448,0.066400932178184935,0.0886947327955806,0.46775161454487613,0.50562613231700138
176,0.027505782473872142,0.048730987473836668,0.06922516304695478,0.091590442138489117,0.41273795587580875,0.53697555286448673
177,0.02724220062422579,0.049011509739469793,0.068734128158421545,0.091835482172049621,0.4101426206306763,0.53909494502108768
178,0.027748215612351551,0.051320652640471288,0.06912482199892056,0.094188698004645147,0.41335531098406986,0.54443081242602542
179,0.027604934684159557,0.050296723167862802,0.068781112323156923,0.093374704144233475,0.41106339318316654,0.53524257761996463
180,0.032051774280616702,0.054746940447519855,0.073794377252401955,0.097721492006944591,0.46639656049769596,0.54626958591502384
181,0.031923663791819823,0.053961795284611182,0.073535016811288559,0.097111899162869081,0.46424522025149539,0.53911497218173221
182,0.032992693103924269,0.055132078112835117,0.074754048588033695,0.098504943028063827,0.46946301085513309,0.52442129475634769
183,0.032864898468184765,0.05324296505689876,0.074521190412449687,0.096964963000534504,0.46731184942286685,0.50894226653140262
184,0.038905444789857815,0.058433079454100104,0.081714837605431578,0.10207018028532942,0.48281427247088626,0.52762587887805179
185,0.038609138829917899,0.058175759355991501,0.081259833339057078,0.10191980711418357,0.48017521721881107,0.52115448338549808
186,0.039245150586327715,0.06044872228488931,0.081644125303946866,0.10370377133654413,0.48582696149159244,0.5160577498153992
187,0.039059231620923736,0.058750246729849215,0.081333639343145026,0.10237602167828019,0.48825334737110904,0.50119998080294803
188,0.044663127565713452,0.062534192536569416,0.086934429866361823,0.10513067051241545,0.53768949729960636,0.49958332402270511
189,0.044505671351144631,0.061295334666706766,0.086730138164383103,0.10433944964560844,0.53553815705340579,0.48855184537928775
190,0.045796237096559354,0.061534946563274573,0.087972000634831821,0.10396191097512394,0.54075597745936588,0.45883401257556156
191,0.04563764351701189,0.057699981222010498,0.087736255904197286,0.10093057767809693,0.53858180863421634,0.43543230516474918
192,0.015150120921001278,0.026544133073429763,0.047894000070004022,0.063987505378532483,0.31902285439532474,0.40561833006900028
193,0.015053020007734143,0.02686401973633417,0.047621516293890512,0.063723081276594457,0.31621616107981876,0.41585656029742435
194,0.015631507228194747,0.029330493984204887,0.048054022463074268,0.06531469443893001,0.32989882657337954,0.45086290461581424
195,0.015575763692559433,0.029680826045141596,0.047837374352628713,0.065496047311256494,0.33272051045704654,0.45819135529559329
196,0.01857124609892977,0.034568409912671766,0.052244900822755194,0.071717109779347782,0.3740211926178284,0.48707460386317447
197,0.0185129629138291,0.03464215011726271,0.052077481255484559,0.071904703764948757,0.37147574646037296,0.49060084445040897
198,0.019415601801172081,0.037234115876270325,0.053374207379475999,0.074858488389542649,0.37775697333377078,0.51391234023135379
199,0.019355619047773179,0.037501042743686014,0.05319511791957602,0.075305644136425959,0.37970160672474673,0.51619472128909305
200,0.023205740920489659,0.039727854214106809,0.059054043797574146,0.080035630791788492,0.3923386258821564,0.50451006514590457
201,0.023091022411466308,0.040151448917771157,0.058706077215269402,0.080351823219562718,0.39515971371937564,0.51050456387561038
202,0.023868794964045311,0.042349647926487391,0.059378243237448593,0.082430338647460688,0.41017185876179507,0.52754776699107364
203,0.023784422306783751,0.04236728950957911,0.059093018336224379,0.08266923220066269,0.41300343701649478,0.52710040432971195
204,0.027672792987488884,0.047035846523010016,0.06428446062671879,0.088314624587309432,0.44312869531672672,0.53985538107913211
205,0.027591684242521494,0.046857752527430581,0.064112316865854974,0.088426094651546647,0.44252072999287417,0.5372667513565369
206,0.028742260123582906,0.048507866377667561,0.065595010153598823,0.089940779803280579,0.45742260644245913,0.53671636206668094
207,0.028659472657959713,0.048041091006884674,0.065412034128415661,0.089731684464524869,0.46014689633656314,0.52900292498629764
208,0.026073454497440994,0.047307398311859476,0.067734188153789412,0.090539756098106064,0.39378868562739566,0.52373211605113223
209,0.025876837239620264,0.047587997444918963,0.067350895227909865,0.090743058326435311,0.39098902565997318,0.52743934614222721
210,0.026618599061596845,0.05004650201869338,0.067993444029466929,0.092857812773871728,0.39998721310902408,0.54297973734896854
211,0.026487227956050682,0.049729636328374467,0.067680336760956028,0.092699693661168064,0.40270983407307437,0.53949730617564395
212,0.030653987565461231,0.054225299395395263,0.072543077884417495,0.097323537827137235,0.44816645009082035,0.54972117168467716
213,0.030536827164553085,0.05360068672415811,0.072344389398043163,0.097029487714410292,0.4456210039333649,0.54347156507533267
214,0.031715089780292582,0.055701533950908814,0.07350803973959176,0.098834534682225306,0.45332767588656619,0.54341768247645572
215,0.03159771394754473,0.055060241334408525,0.073315279597465852,0.098615997004516384,0.45078205091517642,0.53416754824679569
216,0.037185084523261441,0.058476694861105745,0.080178101973498034,0.10244363121503308,0.4642149410919495,0.53593032581370548
217,0.036978513259144648,0.058597673905611262,0.079842138205136054,0.10249749092876578,0.4635501914945831,0.53478993994754032
218,0.037954760418474051,0.060208116341251054,0.080568652267329205,0.103632493817546,0.47794532010365298,0.53182562214892581
219,0.03778960470487594,0.059705915505334897,0.080281214879721757,0.10338644542956339,0.48066782185841372,0.52310322744410709
220,0.042985854792956475,0.064303401179907183,0.085652245383270972,0.10699518712376026,0.51945938689273075,0.5204370222763367
221,0.042840877102730407,0.06316615832813359,0.085445233296897044,0.1063734776264073,0.5169139407352753,0.50900950057070926
222,0.044357952870447775,0.063344157273305168,0.086882473293449822,0.10606179759402096,0.52463578412342837,0.49133255106967166
223,0.044211674571920545,0.06156345820487872,0.086693578101002616,0.10479030648521234,0.52735876271534732,0.47527303320925907
224,0.015191887188566497,0.025640484323260895,0.047885000424234686,0.063311155389082205,0.32024999482196048,0.38672833663981632
225,0.015084301363263754,0.026190506475901296,0.047608853525655741,0.063446841363168194,0.31774579507868961,0.3984594844059296
226,0.015665304821597989,0.028802574619467811,0.048037591897487408,0.065179383569708066,0.33007239529896548,0.4366771779732056
227,0.015617992531260149,0.029303765652121783,0.047856982444548619,0.065203531236492598,0.33248388001728824,0.45007642132800296
228,0.018592416056762033,0.033705938550474573,0.052170028563036611,0.071023875452605564,0.37509118539851383,0.4731476209835358
229,0.018532828720407495,0.034221468062536196,0.052012634344371554,0.071360380600727649,0.37294014317553714,0.48420848471682743
230,0.019434763973718662,0.037288102508576469,0.053283629027376558,0.074873169962209316,0.3788267574981995,0.51261462790530399
231,0.01937778960462358,0.037622996607267596,0.053115466225651227,0.075086175111374318,0.37935542294789126,0.51921700460475162
232,0.023229822239947615,0.038937932715452199,0.058947471446312572,0.079257597263360222,0.39265524575520327,0.49240391475718692
233,0.023092374036666176,0.039646552644163349,0.058567606534756803,0.079796048857406418,0.39518057534504702,0.50152643544238285
234,0.02387688159767469,0.042156107823767268,0.059261304863529637,0.082297194765345874,0.41047584245014956,0.52430190665286258
235,0.02377559884792671,0.042425562465166704,0.058949780305207221,0.082509834819470135,0.41290222832966617,0.52892892581980899
236,0.02768913972979286,0.046700383748885542,0.064147742404944336,0.08811340826131922,0.44419886691134647,0.53706791026156619
237,0.027605029183652315,0.04698258819948354,0.063961025529261403,0.088310216493714538,0.44219755360890201,0.54083975178759769
238,0.028756618883330951,0.048946673353414009,0.065486043368161204,0.090270387751663253,0.45745920369435122,0.54429831130068973
239,0.028668591021748627,0.048570580746020608,0.065279156898706572,0.089797716871757166,0.4598364753465729,0.54004495365184024
240,0.026096552134651473,0.046005870956349497,0.067680345058899222,0.089235301987382568,0.39501573664706424,0.51115052921336368
241,0.025881470697692085,0.046658497663323216,0.067251126003100181,0.089905300121092324,0.39255817753833011,0.51794384939234928
242,0.026620568696036032,0.049750974223687204,0.067922800397903244,0.092639501022833887,0.40002297589588931,0.54008015019458011
243,0.026485486332729503,0.049767891335313556,0.067593187571648158,0.092571069897796857,0.40238403508473208,0.54250838381808475
244,0.030650394522311209,0.054445754448318909,0.072439657208305031,0.097566715473007798,0.44923644287150577,0.54982360226672367
245,0.030528826253258003,0.054396142413242081,0.072201259689996425,0.097635749292021429,0.44708519203227237,0.55095141155284122
246,0.031710802577000888,0.056924180172800709,0.073405959489444617,0.099731282649252823,0.45439769846957401,0.55435784680407718
247,0.031588903120138345,0.056051850277896692,0.073189447109775929,0.09908367536677043,0.45224659664195255,0.54722412449877933
248,0.037206698227105352,0.058072111973590808,0.080089602305909016,0.10232557166215245,0.46544163448374942,0.53477223736804202
249,0.036976232623763726,0.058625174624825742,0.079719219914865927,0.10276355958178078,0.46309541685145572,0.53595950228732303
250,0.037950367641123209,0.060768539004398561,0.080491024932943495,0.10417159263132449,0.47798132130909732,0.53910010082286075
251,0.037780041527226686,0.06047566053089759,0.080174734490707375,0.10393608418765822,0.48034214207936099,0.53274526221316532
252,0.042974500337601897,0.065462185251693089,0.085527601875667936,0.1081148841425178,0.52052926046412662,0.53044452292483524
253,0.042823601755974314,0.064918955333722148,0.08532751276477582,0.10779735871376692,0.51837815863650516,0.52413695079844669
254,0.044344960629176561,0.065339628064365704,0.086776875875426138,0.10751751674319369,0.5246708316545563,0.50684787852328494
255,0.044192601717994995,0.063685672947876359,0.086566091460267988,0.10627071560309112,0.52703260609913638,0.49361102802317813
256,0.013147927520902295,0.02424125878235139,0.04781724329446628,0.058434434455637986,0.29970841629069522,0.42078616244357303
257,0.013094437867090572,0.024559585035124957,0.04755972949428041,0.058146272132798556,0.299251295421608,0.42920785171549991
258,0.013939566744294883,0.026369748285635982,0.048438018748384416,0.059817522612143126,0.31948564181137851,0.4519967637733765
259,0.013872164672192605,0.0267303566325524,0.048197579850564776,0.060214181014211353,0.32237479815293124,0.45952217800181583
260,0.017121752479996418,0.029425743990768721,0.05267101534105257,0.06474406595239468,0.35659209106678769,0.47174810392420963
261,0.017048694068480873,0.030119335508645415,0.05244588322407593,0.065524402564352338,0.35531482313389584,0.47950499279063419
262,0.017837496893674677,0.031619747061646802,0.053518211478556274,0.067490359093993882,0.36495635126347348,0.48960806948703006
263,0.017764209646196946,0.031191697474179002,0.053271891002316087,0.067728686605566968,0.36366835449452206,0.48327129108470157
264,0.021494621849923064,0.035747408452403852,0.057809818027136875,0.073700455199755877,0.39611299855273441,0.49921210629504398
265,0.021413752596725077,0.036196791185728779,0.057554408181417903,0.074193862814166942,0.39346208197634891,0.50128879172366336
266,0.022291179539437066,0.037729491217166684,0.058757447653088303,0.07646779901679078,0.39995836446095279,0.50479262096446231
267,0.022211534415041714,0.03777428006321519,0.058484423928987471,0.076771003083638115,0.40284728238392642,0.5015914641098328
268,0.026069598728845227,0.040600708104842002,0.063151950568458015,0.080942559300937009,0.44215335471194461,0.50945200545352176
269,0.02596832544758429,0.04032546876464637,0.062877358981682993,0.081020752832364207,0.43943460804980472,0.50205089671176151
270,0.026909974024791145,0.040698352558816299,0.064146367954621933,0.081827773992912786,0.44528843981784061,0.49294327718775943
271,0.026809276846099794,0.038699681603103109,0.063887072105461545,0.080456586909740863,0.44256939513247684,0.47381498438876346
272,0.024730270786702643,0.043813059033313131,0.067540004298292045,0.085658677869218214,0.38355337602656558,0.52349879366915897
273,0.02460492931062145,0.044355108891263664,0.067302724229512112,0.086328342250356738,0.38090293628733829,0.52421059233706668
274,0.025643828828930106,0.046028464437152639,0.068332749285465177,0.08801767519177138,0.39641641804981997,0.5273635588363953
275,0.025521042863845475,0.046144910276358579,0.068090570578163673,0.088622537389572251,0.39930509755421451,0.52381136042636112
276,0.029715266504192903,0.048723955871518551,0.072605642445869478,0.091701012185428463,0.43348113832151791,0.52572314960520938
277,0.02958762168454597,0.048762759754442643,0.072379474401730148,0.092140851508415833,0.43419296679174801,0.51931359393161014
278,0.030572262025831312,0.049642542401271618,0.073281002853915284,0.093218784717997286,0.44038889941847226,0.51051609737437442
279,0.030447247180279115,0.047238050488601628,0.07306595550475635,0.091460353388763363,0.44110081729566952,0.49066217762988285
280,0.035294206597502757,0.05339701486415814,0.07799732528023387,0.097015086816040957,0.47788538558047489,0.52243342024844364
281,0.035151887622871081,0.053751128079462022,0.077726679498462459,0.097804326683740575,0.47516646010440067,0.51579602582019046
282,0.036285864816784773,0.055009085900901679,0.079005501073430809,0.098791592937075914,0.48081900698703006,0.50873034221690372
283,0.036143981696622834,0.053976162634751877,0.078735607423793624,0.098364422516698594,0.47810026032489017,0.49298836810153202
284,0.040885326797005413,0.056738829443342825,0.083509720143985056,0.10036798076159052,0.51826756221812442,0.48960520846408084
285,0.040736212466690853,0.055006099898995471,0.083233402112538782,0.09930067963229515,0.51572220546763614,0.47167625052493289
286,0.041957465063357985,0.054841175643581395,0.084529102905733372,0.098989167327725405,0.52149810416262821,0.44991775376361087
287,0.041808971632961357,0.050010371450942517,0.084289736541864113,0.095201094915980666,0.51895268780749515,0.41835465056460575
288,0.013161520099844583,0.024018784319264422,0.047617679090822644,0.057893509695722906,0.30079059822123722,0.41315882427256778
289,0.013095083146617217,0.024575897181942835,0.047396286303793556,0.058039731276138901,0.29965803751755526,0.42386620266001895
290,0.013930402630021982,0.026226820051501037,0.048315488317245234,0.059343510626148274,0.31987307200241855,0.44968916995089725
291,0.013860867363892502,0.02679472688779691,0.048064244734860345,0.059840249994624735,0.32239947447586825,0.45844425780337528
292,0.017115177718054566,0.030090388731738547,0.052507677503242103,0.064681631656231392,0.35665810321087643,0.47895016295474246
293,0.017033459592906908,0.030433797079002907,0.052257621283759582,0.065185225420767129,0.35554325793499753,0.48343752843898014
294,0.017829874231527695,0.031937617018993898,0.053396472207749637,0.067348783892721323,0.36501178358311459,0.49542801601451114
295,0.017749284837699976,0.032164544962669558,0.053117489643488822,0.067903382380007621,0.36389672969097897,0.49581875426333621
296,0.021489376179543097,0.036114735827847577,0.057616307847270232,0.073261922892194367,0.39672209841769412,0.50372924429934696
297,0.021405988441618548,0.036330867607848247,0.057335388492009677,0.0736064704874132,0.39446552617114261,0.50558509451907352
298,0.022286368979898906,0.038116715977794431,0.058586530781547949,0.076409970644250882,0.40034555623341372,0.51367687208216861
299,0.02220409886703191,0.038047465149347946,0.05831613424788238,0.076601328480407252,0.40287279317189029,0.50965036971133426
300,0.02604965820656353,0.041771655250301742,0.062958020021840838,0.08144629128109529,0.44266798121493534,0.52276649100344852
301,0.025945013858047008,0.041265749402234757,0.06266653469031401,0.081360726013471413,0.44034357888262943,0.51536562068026737
302,0.026890005629527897,0.041518483533999236,0.063988855978704726,0.082188586574874059,0.44580312592547611,0.50455324871104434
303,0.02678581032989279,0.040537176236102951,0.0636992894673028,0.08148824842767749,0.4434784851745911,0.49183275324862674
304,0.024693348583221475,0.044470101826316978,0.067400915093067712,0.085693137162931268,0.38416283351939395,0.5279075406269379
305,0.024563179288297713,0.044662427044484747,0.067147507323930447,0.086051034364719337,0.3819063506798096,0.52815525753062442
306,0.025608337475394552,0.046568669669506804,0.068219749847873074,0.088324888212830216,0.39680432507801822,0.53417690617602542
307,0.025480669022564347,0.046310174422012323,0.067959034948763222,0.088256828509240659,0.39932989308644107,0.53009738547366336
308,0.029703353672027175,0.050192309105235811,0.072490663414251824,0.092416017914713502,0.43267078337347409,0.53913082701724246
309,0.029570661021851619,0.049685585102694309,0.072239762969170784,0.092287972098766144,0.43350235757505795,0.53193299991648868
310,0.030562156154590982,0.050724136386337035,0.073186078318118422,0.093784931157479892,0.43957884249365231,0.5209861002640076
311,0.030432042004100598,0.049504487391554969,0.072948225877781089,0.092910553777642596,0.44041026768362423,0.50841610652964786
312,0.035254823710817507,0.055398154195065843,0.077808688267459292,0.098440334339180174,0.47839965445559696,0.53818838817637638
313,0.035107004216733545,0.054556876048101825,0.077542033636778349,0.097933468997441084,0.47607528192561344,0.52752854449313358
314,0.036246366044883044,0.056373033137317466,0.078841452778198026,0.099764364960855584,0.48133375269931034,0.52047770244639591
315,0.036098833633284949,0.054838865507801808,0.078540663813110867,0.09866416243211866,0.47900938016932681,0.50571837050479129
316,0.040854074875980938,0.059575083163521184,0.083365188916329103,0.10234285771271256,0.51904316765826419,0.50794305426638797
317,0.040687842590609383,0.057825447642533855,0.083071665993567106,0.1012774966250576,0.51671861631434635,0.49265669805567935
318,0.041923966141792557,0.05776393218292214,0.084378965908728246,0.10108475209344267,0.52223782760661319,0.46841683013003543
319,0.041758219973331734,0.05417401273485873,0.084115488986342121,0.098159792107801208,0.51991330606501773,0.44475918037455753
320,0.012354092968882544,0.022159445277560572,0.046501919803088508,0.057047326383011271,0.28979358801651767,0.38524590951960758
321,0.012308271906499904,0.021918751078507735,0.046300230345588479,0.056379154789515794,0.29317817816544345,0.38794903976481632
322,0.013274756714403289,0.024824029807246642,0.047353714379219161,0.058464413145934618,0.31194422373581698,0.42945342285197452
323,0.013211816661524404,0.024941257497350738,0.047159012159606266,0.058141805909953381,0.31483349928665927,0.43611147028964237
324,0.016106291343964296,0.028910411457408344,0.051045234252784955,0.062738297690276959,0.33805574116384884,0.4655809603409119
325,0.016041668873550942,0.028775988299983273,0.05080888900696591,0.062570137911938634,0.33876777825033566,0.46749727947276309
326,0.01690995785111464,0.031613965034945832,0.051769787968507092,0.066163329496111339,0.34839998910237124,0.49531953556101993
327,0.016846729445504936,0.031393588933995159,0.0515726162052332,0.066168889870875838,0.35122334191609195,0.49490412098925785
328,0.020495810456056834,0.034716471572001389,0.056362532516798146,0.071698648642521234,0.38118632657092288,0.49041580183070377
329,0.020421854114460916,0.034630524861367445,0.056103982261763649,0.071775501846116543,0.37853570801776126,0.49133350474398807
330,0.021476738357205979,0.03722347903299221,0.057638797427839374,0.074324624534198178,0.39272236058522036,0.51639475447695926
331,0.02140162857269463,0.037165819889337391,0.057371744725058932,0.074832248403024965,0.395611278508194,0.51229431254428104
332,0.024854578442565285,0.041779236422119864,0.061675484535103083,0.081192998110461365,0.42536105734866336,0.53003733379405216
333,0.024769029354971991,0.041516334904886688,0.061424742476189634,0.081240532762379927,0.42281519395869449,0.52605198843043521
334,0.025822274069695089,0.042098325374028168,0.062554491773309559,0.082469131767298587,0.43114470464747623,0.51985337359469608
335,0.025737193826166287,0.041507436650690462,0.062339450218968209,0.082137614765771264,0.42914481100714108,0.51123540622752384
336,0.023508528617466024,0.042520470536966261,0.066225385792571576,0.083810024897849666,0.3689234180193024,0.5160703561977692
337,0.023397427603273881,0.041946431253692372,0.066029662867436764,0.083550652729423303,0.37174557874012759,0.51189415676158145
338,0.024606901767248536,0.045111965430376461,0.067232848201811732,0.086218764603046602,0.38867186734486392,0.53790019971888736
339,0.024496253856778637,0.04493075702311819,0.067037561780588034,0.086477314438681105,0.39149426648426822,0.53264920932810977
340,0.028019894308688679,0.05033107991923879,0.070404203302912194,0.092213572342096789,0.41937215265905758,0.55224110705416873
341,0.027903058518608356,0.049637184641130899,0.070184156583307011,0.092031650946243063,0.42008401093161007,0.54412378890078739
342,0.029033513028629668,0.051145306505303863,0.071168115280389868,0.093723118474791783,0.42901529011404416,0.54120897275965885
343,0.028920429075119127,0.04991776623347105,0.070962459404006639,0.093082127621252481,0.42971498903906247,0.52801703435939029
344,0.033860928690326968,0.055303454458950831,0.076647060957597657,0.098300753127597881,0.46175651771586612,0.55213834864657596
345,0.033725273635268588,0.054161402952327208,0.076372255651986784,0.097770769013930128,0.4590375922397919,0.54037689191859439
346,0.035105560132402285,0.056172544160160515,0.07790845782083955,0.099230409773010286,0.46705865094471744,0.54276054126780704
347,0.034968012688069906,0.055477917025122558,0.077631186773594554,0.099196587824321281,0.46984934041310122,0.52922581655543521
348,0.038988407859427754,0.059778622973976535,0.081389195641272311,0.10266414625631637,0.50411387307208255,0.52705587966006473
349,0.038848591121944588,0.05823478369426599,0.081188410319596671,0.10187703377750325,0.50156824810069278,0.51291291935008243
350,0.040157626188163341,0.058200692696138548,0.082289075780631243,0.10160324554140111,0.50987329108279422,0.49408753735583499
351,0.040018226175919526,0.056242709219954043,0.082074607961421617,0.10029340531736079,0.50732781512301639,0.47635098321002201
352,0.012371577586977506,0.021416112741959658,0.046380631980868114,0.05704880682930711,0.29086814055252841,0.36161394936602786
353,0.012308143341278428,0.021842800160689794,0.046173506579054224,0.056746159972002816,0.2934677375297623,0.37434779626887515
354,0.01326594150694437,0.02445238279683596,0.04725752209665645,0.058623983750821278,0.31233189234543612,0.41574301344912723
355,0.01320119217774832,0.024943220453980782,0.04704330262574289,0.05841761300177753,0.31485936770249179,0.42807139975588993
356,0.016119667440450545,0.02832187426929024,0.050930764528310454,0.062286271969379657,0.3372454458204498,0.45626979095500186
357,0.016053228254471596,0.028779863341531767,0.050702353475597081,0.062380244596500434,0.33807702002203366,0.46401252371829227
358,0.016924114892782192,0.031748310520626176,0.051690078939407448,0.066121793450165334,0.34857331940937808,0.49563916546862796
359,0.016858162910086513,0.031939916494437753,0.051456523450317398,0.066131772905378056,0.35104178616810611,0.50134064776461795
360,0.020493396451252321,0.03385740466175903,0.056197298596604342,0.070711474130586968,0.38179560524981693,0.47568430525820926
361,0.020417296838179465,0.034544585895792054,0.055938970327406377,0.071245359339440595,0.37953927142184452,0.48624803645175174
362,0.021472216489650493,0.037098876363745974,0.057483199919331242,0.073937008148421551,0.39311050603199771,0.51327704412501529
363,0.021394809094118807,0.037444328916454259,0.057233858524486918,0.07446172112851196,0.39563726613331607,0.51702012640994266
364,0.024850059228500788,0.041718813256755298,0.061513664429438661,0.080795546758062609,0.42611544353526309,0.53137334210437015
365,0.02475244533448576,0.041861385668264722,0.061246675895134439,0.081072525813933649,0.42379068357508853,0.53221871478121952
366,0.025815269097511879,0.043136417449778766,0.062440021793511463,0.083068257540000842,0.43186317903559879,0.53232397658389285
367,0.025717760604903547,0.042402467860382959,0.062164518802384716,0.082483591483637,0.42953877670329288,0.5248238049225159
368,0.023488664765373299,0.041972542683705115,0.066127474709839429,0.08314667118377167,0.36918424794483951,0.50415166241687015
369,0.023365791821285779,0.04225816053318851,0.065910182173684204,0.083436178578226924,0.37171100804615786,0.50945066434901431
370,0.024584923201074749,0.045447445366221847,0.067163844123485375,0.086250856925378053,0.38894700238514712,0.5366801224426575
371,0.024462097799420834,0.045612491793123287,0.066941865433882419,0.086574092628392496,0.39147352406788638,0.53818561656039432
372,0.028013897281383881,0.050328661479827182,0.070286160706647255,0.092024674281614413,0.41856161889707943,0.55167221052211002
373,0.02789256344909722,0.050387151778527844,0.070053584716746234,0.092285701958365926,0.41939322290098568,0.55202024204295352
374,0.029030255240923494,0.052423703982124363,0.07110543167755537,0.094403645121971247,0.42819501099264523,0.55387594325106815
375,0.028910677928217797,0.051130935413118382,0.070867925133448945,0.093485708139188037,0.42902443942701718,0.5428500078396149
376,0.033824351758577544,0.056141260387907253,0.076493873960200465,0.099183802338984481,0.46227117402117923,0.55369581801455692
377,0.033683567532636044,0.055551924023224467,0.076218810604695722,0.098669613072532095,0.45994653327029422,0.55179943663638309
378,0.03506632648570477,0.057152115989101714,0.077761225726249245,0.099902233599510767,0.46730899045277408,0.55153193099063114
379,0.03492345920221912,0.05639719991105243,0.077454295925973748,0.099566266305995368,0.46973680684376529,0.54138292891543582
380,0.038980011419121864,0.061006599120050957,0.081269769498309344,0.10350353940487196,0.50518395525973514,0.53959559423487857
381,0.038834608652015705,0.060097837438982935,0.081061140714076482,0.10308297371689942,0.5030327938274689,0.5301900706962891
382,0.040149083651680156,0.061124613444639972,0.08218244885960195,0.10381114098829113,0.51094349247973636,0.51150323969882205
383,0.040004002237193623,0.058593509137267359,0.081964156810236374,0.10200046550265153,0.50879227144282535,0.49412455184024051
384,0.0093804127011558065,0.018133449839976869,0.042200669982834373,0.052421134830900884,0.24191934083218383,0.34199567658465579
385,0.0092608538946846383,0.01848477333986457,0.041767229227349149,0.052127428728994285,0.24090549562687683,0.35473011953395084
386,0.0097880699202969098,0.020478291894846491,0.041765950515446564,0.053516832388669541,0.25668594454045102,0.3844812117294617
387,0.0097204108294607072,0.021083190814204317,0.041487278742975885,0.053447837830674416,0.25878141054917148,0.40022947413485721
388,0.012883996020054118,0.024421330334553591,0.046013925590773969,0.057806870024378225,0.30219059211772159,0.42195670825999454
389,0.012825357585096932,0.02519196696200162,0.045795382014516273,0.057987562926999185,0.29954000336688236,0.43665995223086551
390,0.013489804236712932,0.026967956943227036,0.04677309162294177,0.05932957174266397,0.31460378298569491,0.4593650601581879
391,0.013432392422915256,0.027448773368740818,0.046564915260038066,0.059949687897953782,0.31749317774582675,0.4682446919159241
392,0.016414151991681371,0.030321844374613841,0.051498428004422517,0.066007414168191766,0.33238321755642697,0.45500450355570987
393,0.016281586632656848,0.030878492073524749,0.051074168562695713,0.066076161301803521,0.33092963908428952,0.4644069872574158
394,0.016839503743429823,0.032819391214440295,0.051339493174215593,0.068028570546172215,0.34192329858059689,0.48528893811267093
395,0.01675738503437418,0.033369301712091896,0.051016357319520297,0.068572318176345334,0.34053018902058407,0.49390219671290592
396,0.020763210865657147,0.037970448789862735,0.05637082134017346,0.075425581656435259,0.39356975776713565,0.51510732395213321
397,0.020686800441117169,0.038515939597745824,0.056124110582552955,0.076266250536330918,0.39089058858912662,0.5164031289295502
398,0.021500538789497509,0.040021962933141635,0.05734426956801613,0.078581489680880703,0.39669199807208255,0.51931961400073245
399,0.021421223759239275,0.039808195052707579,0.057099979862264727,0.078708205203680867,0.39397322160762027,0.51532592398684696
400,0.019524015997372361,0.037760050630167338,0.061965374164051727,0.078546226700200727,0.32218835887586972,0.48520578963320926
401,0.019296461268914919,0.03837267325013239,0.061497982125664159,0.078855623277852449,0.32250986632978818,0.49285974127810672
402,0.019832727562425226,0.040978454147548533,0.061647723654593894,0.081175818574082945,0.33420871922779849,0.51434685809176639
403,0.019700656371890231,0.04146949969913849,0.061334171959290328,0.081804795400447702,0.33709716031361392,0.52081625682872013
404,0.02385777084202188,0.045159791265610802,0.065825464529715688,0.086364941724204128,0.38253035170596317,0.53114976508181766
405,0.023749513142153979,0.045838038585896808,0.065616190777115529,0.087087225109444444,0.38044415053999325,0.53492226225894168
406,0.024709764393523109,0.047833182932608603,0.066689485724919548,0.089354741233292567,0.39020418355274966,0.54001014453929141
407,0.024601110747801837,0.047456329132876389,0.066493868945159379,0.089399883900987034,0.39305090138722232,0.5358421109394379
408,0.028822706875241386,0.052416102926564651,0.071468578100905941,0.09517802680635841,0.41372089607279972,0.54923178774874881
409,0.028592590277669049,0.052429961202734458,0.071054206759313121,0.095176353307711098,0.41074397189181522,0.54748692137759403
410,0.02914836670876356,0.054714146736037722,0.071478917870117911,0.097538356394173076,0.41477157694857791,0.55127160770457462
411,0.029000058619677967,0.054125159993474982,0.071132381635201372,0.097339211250713764,0.41685008237171939,0.54314663035433963
412,0.033946725714999529,0.057254025632389544,0.076685854614959068,0.10057067000465804,0.47109245283168033,0.54187812430422977
413,0.033808369591010523,0.057111139293930496,0.076457525558583497,0.10076942069664066,0.46837367636721805,0.53364079219859317
414,0.034924675281210814,0.058478965774339364,0.07772223919348123,0.10197345096201477,0.47412322980921939,0.52311642987292484
415,0.034786764107377174,0.056550058272235047,0.077463217527153405,0.10073189214474791,0.4714047215656586,0.5081381998733826
416,0.0093986339964548509,0.017277697121995606,0.042078655521570536,0.051735346980751197,0.24291694377178955,0.31928399724524692
417,0.009270964676929885,0.018064042250040734,0.041613451184776162,0.052177563174541738,0.24206960414166259,0.33788957221072391
418,0.0097843701681400389,0.020229048122538257,0.041682527429869137,0.053819340536111732,0.25671434615368649,0.37369029743235782
419,0.0097153331992157217,0.020794412143747776,0.04135990047565815,0.053819301722516449,0.25880668291855624,0.38796307665866092
420,0.012879561510915415,0.02435333419046434,0.045835735123932277,0.057942037352823217,0.30279990059893802,0.41582073790591434
421,0.012819355846652732,0.025094546458334213,0.045616657300463659,0.058158490348963462,0.30054338795703128,0.43027152640383914
422,0.013485790110879785,0.027118448199908208,0.046643360132418835,0.05957849708594358,0.31499240526963046,0.45884420496981815
423,0.0134267159961082,0.027718867906814552,0.046413209602357369,0.059903306367380359,0.31751916537094882,0.46942271811526493
424,0.016429292390807669,0.029534483955681954,0.05134404987170383,0.065136335482241139,0.33259260867352292,0.44161214453738407
425,0.016279015019642604,0.03035401702596582,0.05087853973929863,0.065433701878405442,0.33116674636120602,0.45533098799746707
426,0.016842487337150588,0.032584478278424679,0.0512040058737675,0.06730627747043029,0.34195167039150998,0.4832140706257172
427,0.016758633542834432,0.033126720997366695,0.050875887746541351,0.06787118089461168,0.34076717708821103,0.49193366391223148
428,0.020755792009798699,0.038089399304684253,0.056161694375159561,0.075018598089788377,0.3941242895798035,0.51717280370753482
429,0.020673470525167641,0.038504227427858632,0.055895282789270938,0.075537651338004053,0.39179964882891849,0.52116682154696659
430,0.021489616818192239,0.040331658728190556,0.057174845471508161,0.078330066755908923,0.39720659477275089,0.5276583038048096
431,0.021407793874636875,0.039927645571354135,0.056907158923007142,0.078202696389081963,0.39488225204508975,0.5231659315304108
432,0.019519335412076629,0.036801575481952044,0.061846180579284218,0.077300821651338683,0.32264128955105592,0.47139712197344974
433,0.019274843518506987,0.037661511995022975,0.061339997325849459,0.077923758811057009,0.32188592490827939,0.48372458440821842
434,0.019804911607741012,0.040795005767205524,0.061563356753442593,0.080687414264265983,0.33459662625599673,0.51326673252146915
435,0.019668793872123697,0.041269180192788461,0.061222741773217827,0.081182113149081747,0.33712290952015689,0.51912658435862735
436,0.023833141766069973,0.045653715959320919,0.065652846165443368,0.086247980062062912,0.38328432066004947,0.53546713811915592
437,0.023713854312124739,0.0460718404609528,0.065433757851087099,0.086670456689637951,0.38102819544833377,0.53994767887156681
438,0.024683928868670987,0.047997769371278615,0.06657222969114962,0.089198191072799096,0.39054941365528872,0.54499333126109317
439,0.02456577204000367,0.047591509704663165,0.066347963640905852,0.089123032610521,0.39307593533802798,0.54053117854159549
440,0.028813980494555757,0.052184165373618356,0.071345606481565335,0.094769350012446477,0.41439287883799747,0.5494505367950745
441,0.02856272136490183,0.052597671560060386,0.070884517124153876,0.095063421889581376,0.41175805551570133,0.55194165331881717
442,0.02912554194404474,0.05531269502027094,0.071366921716567208,0.097817396539568016,0.41539131624263004,0.55906416995089725
443,0.028972757072850741,0.054123024640405359,0.071008886373277194,0.096880317730076188,0.41687606999684146,0.54828669650119022
444,0.033908197852676909,0.058898804409683161,0.076487370486871015,0.10143200345619421,0.47160737735789493,0.55748542172473148
445,0.033764472263281296,0.057695081575252327,0.076250683488983839,0.10069772077103906,0.4692827962116547,0.54632677657168582
446,0.034886013246294229,0.059187569298725269,0.07754768853395648,0.10225559648628298,0.47463797552149967,0.53421219212573245
447,0.03474259004656343,0.05742112426771797,0.077271216827201117,0.10093124696630541,0.47231336457293704,0.52038826567691043
448,0.0086731929782639366,0.014757758868927422,0.040796369021689823,0.048932763631149519,0.22476503977585602,0.2798231147007294
449,0.0085847646265559702,0.014944983899464415,0.040438168767127379,0.048845979223366795,0.22814819941330719,0.29078949017089084
450,0.0092423906913804386,0.017447889623967424,0.040655840864481541,0.051694926519247682,0.24856243262100983,0.32774678391974643
451,0.0091913586719234025,0.017992727199444055,0.040464211535131508,0.051938223441453477,0.25138745436478427,0.34149458033602909
452,0.012093830775233717,0.021978819161711405,0.044766704912471242,0.056831164540143767,0.28825256953049472,0.37569951040309146
453,0.012046231979006254,0.021987694340736118,0.044596697416788837,0.056245356844443484,0.29109404215622714,0.38379611594241336
454,0.012815101524704846,0.024811231665039259,0.045612225853420105,0.057983580512529276,0.30684611925888827,0.42509075028460697
455,0.012767829639963939,0.025435968569065937,0.045474349495868482,0.057963712592002496,0.30969212183762362,0.43814702851336673
456,0.015501770260141903,0.026987365280656643,0.049891520875251227,0.063527006288718754,0.31403621060412601,0.40609147379208377
457,0.015397984367823563,0.027634864106657924,0.049525974332887766,0.06358403422977732,0.31287191042710116,0.41887279374163822
458,0.016148741959017106,0.029999044568617034,0.050139297593113641,0.065340940382926607,0.32941388318348697,0.44921847207110599
459,0.016071818037450357,0.030513781405605581,0.049852805762134411,0.065508808874499322,0.33230184743214419,0.45938481909793094
460,0.019777473197380862,0.036094537376094998,0.05491721059347654,0.072393539784185071,0.37802438957255557,0.49537219626467899
461,0.019706114496560082,0.036279428660049608,0.054698932632135266,0.072677105299514558,0.37532608730357364,0.50032122952502445
462,0.020694893055256691,0.039185922821289375,0.056255509488455945,0.075900393088251542,0.38358043858815005,0.52578725440066532
463,0.020619966463283165,0.039447352070155504,0.056020512208512362,0.07655938554310654,0.38637041280079654,0.52675475699465946
464,0.018342370631569412,0.033925437498010649,0.060487277034639228,0.074764572110066957,0.30699382362043759,0.44091715437930301
465,0.0181662892723298,0.034327931362146097,0.060124145941191871,0.074821262060398783,0.30769370135939023,0.45072584373515323
466,0.018895866614419648,0.037747182535764714,0.060435149482796505,0.077904627608466351,0.32629989812184146,0.48285420758288577
467,0.018775815918715556,0.038311758519184252,0.060162215747813212,0.078471905445906334,0.32912325093556216,0.48959185702365116
468,0.022541043991501156,0.043187496831642823,0.064110910140795299,0.083767407761396143,0.36711456400912479,0.51636879665415958
469,0.022442318020571842,0.043237542124933269,0.063926573469947151,0.084019455212193908,0.36707638928700259,0.51892684919398502
470,0.023445910852600064,0.046961622487020536,0.06482409993344404,0.087427146215313126,0.38301037976551822,0.54715885741275028
471,0.023348582602966822,0.046920584692997605,0.064651022095079808,0.087689395405501358,0.38583277890492251,0.54538329464953617
472,0.027438756056028898,0.050262647765212387,0.069956792148122476,0.093227138697130021,0.39748020989459232,0.53554286582034305
473,0.027257132852660071,0.0510549367622418,0.069608705346794267,0.093875122821603971,0.3959881478277435,0.54222490412753299
474,0.028109705602993224,0.053363541729986919,0.070383715990782567,0.095750622472688715,0.40640520283985904,0.5578288040832825
475,0.027966515239887146,0.053173955278881829,0.070043116286564247,0.095697777030750095,0.40929388234425357,0.55574186665576175
476,0.032461250010787972,0.058778151462596399,0.07519771402435324,0.10136061065225138,0.45497449261706546,0.56835426909487918
477,0.032339861300535074,0.058046609413488888,0.07495180130382012,0.10098545629758431,0.45242904645961002,0.56130107266467288
478,0.033521763199933892,0.059760730917747196,0.076014796247506414,0.10249070481774984,0.46073402983706668,0.55665629131358341
479,0.033400787384125483,0.058867896017418576,0.0758023485953363,0.10224392241191781,0.45818822605174259,0.54548453313868717
480,0.0086953569095515222,0.013710215850118748,0.040712901929305489,0.047827365406073755,0.22584078440476227,0.2568027896623688
481,0.0085996629650410168,0.014149912211610076,0.040340256074878518,0.047912943376601201,0.22886083254624176,0.26813746017974094
482,0.0092393323573763345,0.016676936060454929,0.040596716778876586,0.051420164458512004,0.24894938597489166,0.30479947251837924
483,0.0091998604267248645,0.017507791281496828,0.04044736452079279,0.051964209841857102,0.25133774409104159,0.32401328308146671
484,0.01209665539063115,0.02109974601600079,0.04466252516514526,0.056835734660328006,0.28859303126145175,0.35091992241900638
485,0.012043559281800866,0.021666615596745389,0.044486463320590017,0.056871348083121394,0.29112002978134921,0.36692430598300174
486,0.012815318607492741,0.024464198285111784,0.045523374291167658,0.058395068896486733,0.30719897875595858,0.41324128729861453
487,0.012778172714983264,0.025371607772633479,0.045409629902606524,0.058551421132230663,0.30964157709885409,0.43062876684230045
488,0.015514148646477205,0.025846987286084176,0.04979178212706753,0.062772082832621395,0.31470807416003421,0.3862038774232941
489,0.015399071588851336,0.026704173652938878,0.049413801296977533,0.063183296627385158,0.31289765963364413,0.40035129723226925
490,0.016152013759211867,0.029334025557039029,0.050022817068064579,0.06509210660985526,0.3298008365373688,0.43556492549937442
491,0.01607369528847678,0.029968264487889629,0.049716154137248905,0.06510293015819886,0.33232735822010806,0.4492947362140961
492,0.019771114379492225,0.035137961431710198,0.054770718814542575,0.071425062649710741,0.37855952007334903,0.48229744059603885
493,0.019695897869649665,0.035756908636983803,0.054525049155144244,0.071945133430751901,0.3762349389271088,0.49240424258273319
494,0.020684189358163817,0.039109309986154563,0.056092376751159835,0.075434388092797136,0.38383101651478579,0.52544396144908145
495,0.020607073549102174,0.039688018425263698,0.055840733491538612,0.076127075498325689,0.3862583560686188,0.53156374914210514
496,0.018349148147527094,0.032451780005837497,0.060393186467520329,0.073358566977394901,0.30709665151337434,0.41671075446170047
497,0.018148536793075772,0.03335309833527942,0.059988853922082509,0.073869145607323897,0.30799815783310702,0.43039124233287052
498,0.018875299758915279,0.036512061287408172,0.060347068513880248,0.076513668175502272,0.32662247845936587,0.46565653903048709
499,0.018744873650573157,0.037606694239066686,0.060055143066587942,0.077436086157120332,0.32914900014210513,0.48067223054927066
500,0.022539131962218652,0.041921939384247618,0.06401703573901997,0.082509972740183193,0.36827923876803592,0.50114782673876956
501,0.022436783320483183,0.042662630113919048,0.063829879596147152,0.083247887303793441,0.36688780019093326,0.51057075483363346
502,0.023444780160868831,0.046906292201714217,0.06472059589485879,0.087070675431806827,0.38318347165394595,0.54576410872500614
503,0.0233426836388099,0.047284241806304451,0.06452762249134969,0.087437633284557267,0.38565205762196353,0.55045183522265628
504,0.027432825775261089,0.048588949590300114,0.069854333817708045,0.09147253681434464,0.39815195424121097,0.52221133334201053
505,0.027230968598032965,0.049636233007439641,0.069464335289767434,0.092532236378972413,0.39563642961543277,0.53027980548899845
506,0.028087229548764303,0.052653694161860776,0.070257479579760918,0.095095275955006345,0.40679358670521548,0.55253361684840396
507,0.027939882008553362,0.052919829632614969,0.069907656428380552,0.09525530963190855,0.40931891629505923,0.55622648222010806
508,0.032439350983424348,0.058845070754221941,0.075048859016113842,0.10148683339496889,0.45572577936213687,0.56758793217700199
509,0.032303350309930416,0.058824135280336386,0.074776895810087091,0.10149633783517586,0.45340140683215335,0.56876786572497562
510,0.033497172896611874,0.06097819785905937,0.075867137986552799,0.10329184520484067,0.46144949419062808,0.56820162159960941
511,0.033361239640301917,0.059785910720895175,0.075614245511875705,0.10249475882401946,0.45912515146296695,0.55822195632022098
512,0.011276105592614756,0.019905313032907539,0.04018074288835672,0.050565401540713276,0.3103695116714783,0.3974817000107117
513,0.011184354024693154,0.020110623461002123,0.039911666849666821,0.049731154565314711,0.30743189675372318,0.40673102957766727
514,0.011531348313859283,0.021614998088946888,0.040008464018910929,0.050607610531564137,0.31449101099777987,0.42757492286723331
515,0.011449314592171338,0.021742013709161082,0.039745101672747876,0.050298429485459699,0.31759081015396884,0.43289040548365787
516,0.013911972109981206,0.024394427326036996,0.043402265062130907,0.054936124267363863,0.34846933705371097,0.45239414794009403
517,0.013801718014439851,0.024709000883225318,0.043054312021686608,0.055160758415694414,0.34553172213595584,0.45758133155863956
518,0.014192166523892538,0.026128908626360747,0.043059982194292488,0.057388903047427303,0.34975983721774295,0.46932043654483035
519,0.014093152642460418,0.025773361882105467,0.04278317438479963,0.057645676218309301,0.3468225203232117,0.46362890822451785
520,0.017531378454725702,0.029068595969270361,0.049012889758049197,0.06262920582651639,0.37475093228381351,0.47662406189006046
521,0.017403897621874991,0.029212141442089848,0.048650832042181763,0.06277746701358948,0.37184189984608462,0.47792633397143558
522,0.017842405757549428,0.031096410633649162,0.048734071449165757,0.065171076011035861,0.38771235177326968,0.48941232783358768
523,0.017724648229248803,0.03110135090596371,0.048385113760130348,0.065650958351380559,0.39081238934803775,0.48569219333689884
524,0.020741070150982296,0.033946443334370933,0.052716324953574929,0.069954580585876461,0.41195186001818851,0.50267695409815982
525,0.020593668806680673,0.034157896647600834,0.052282983932874796,0.070584837205609166,0.40901430470507816,0.49864219648402408
526,0.021042499218825887,0.034025677779671012,0.052510668445783351,0.071353953214700228,0.41488503644276431,0.48594253284495548
527,0.020898508100483205,0.031826691370399528,0.052112265432519483,0.07007477362697466,0.41788577267933658,0.46350874526065067
528,0.017628050402665865,0.037764012235935118,0.051486643449280917,0.076406361783028398,0.37455072028201297,0.50808050257724002
529,0.017470148245379603,0.037978665050432028,0.051050183334920625,0.076777103862240098,0.37168305141490177,0.50585111004870609
530,0.017826890598220447,0.039330427975680225,0.051177125052153646,0.078516741253935665,0.37453039509814456,0.5100298128799744
531,0.017677093978251839,0.039572810773051262,0.050724473066585299,0.079091538276533591,0.37399815747547915,0.50769408566516117
532,0.020672391839747849,0.041807100332610633,0.05527071144710425,0.082327378002257229,0.41158821208041385,0.51231040579837039
533,0.020496980318706674,0.041925371494272411,0.054814707314646764,0.082739371476985124,0.40858291608851627,0.50685804111521915
534,0.020841591541036101,0.042828738136508185,0.054605927995861857,0.084377142053635834,0.41364591342967227,0.49887793285411075
535,0.020695843894822815,0.04084252606026853,0.054222179819495411,0.082925270260565787,0.41072734219592288,0.48054825288813785
536,0.025205616440586692,0.046845940040780035,0.061468571769858739,0.089021770121676447,0.43513034803431705,0.5146609745697327
537,0.025006704249613501,0.047157595144555468,0.061015745606034531,0.08960371829090448,0.43212460500758365,0.50901462657015994
538,0.025441222840525905,0.048153430979393438,0.061247515579473964,0.090629702720726735,0.44111537167836001,0.50051211339991764
539,0.025303666800316513,0.047025629953670239,0.060901654339648489,0.089961430008350551,0.44411706158924869,0.48659484607737735
540,0.028887563050985623,0.049659137511653718,0.065604282286383375,0.09258895224435687,0.47101878149073795,0.48815502745669559
541,0.02866813798245,0.048449788431019776,0.065136622402023434,0.091914404334245803,0.46837598298306271,0.47182085139315799
542,0.029123194005919294,0.046861900051031309,0.065129686105184256,0.090632555414151911,0.47753507111782834,0.44136639458697513
543,0.02901996122754082,0.042109381375982718,0.064829888542750153,0.086863082945049075,0.47615346525425717,0.40835048777621463
544,0.011332324519649833,0.019703351191428395,0.04024575083140803,0.050350361674789165,0.3117120466903992,0.39168431384127811
545,0.011241062623362122,0.020245427149159178,0.039965652898792697,0.050311427328662769,0.30916871649783328,0.40257920844119266
546,0.011590812014244153,0.021698891215449382,0.040071771916953172,0.050940673618834725,0.31523833403397372,0.42610289675753787
547,0.011516270344325272,0.022019314427736646,0.039859733572788887,0.050671628639959422,0.31792364249039462,0.4341570637897797
548,0.013970716672237912,0.024836497995453691,0.043381884890477729,0.054636610087840154,0.34981193167727664,0.459651102848465
549,0.013860580221293913,0.025208558385677655,0.04302405492690102,0.054994678948406282,0.3472686610893555,0.46450616938632205
550,0.014252830171368407,0.02654854535775672,0.043070400194008478,0.057380911419157153,0.35107954365771488,0.47675841075938419
551,0.014147919083110331,0.026492773223337394,0.042793877853971235,0.05765832504633616,0.34846808535617069,0.47455703241389469
552,0.017596713142231889,0.029506021147263573,0.048991553114924924,0.062172715050885771,0.37609340769808963,0.48341058713954166
553,0.017469187064203674,0.029881431244170132,0.048628511553858916,0.062667254441379799,0.37355025631945804,0.48676817638438419
554,0.017910986769415101,0.0314126011029889,0.048724817559001071,0.065179069322590918,0.38845955560017398,0.49664114934962467
555,0.017793331772206149,0.031416583178399689,0.048392182151492061,0.065434306100383297,0.39119755456257632,0.49332000834506229
556,0.020807986014896494,0.034619914113716385,0.052623545799901084,0.070217806745064767,0.41329433543246463,0.51245363575976566
557,0.020654802870890897,0.034844291902329641,0.052200416629260289,0.070624891565263942,0.41069813591998294,0.51122378332179264
558,0.021102747355602237,0.034962165776687495,0.052439665390838573,0.071601153564064574,0.4154944343309479,0.50033452136080936
559,0.020956903281159907,0.033771288146902702,0.052040993181225507,0.070880728944150553,0.418133251164444,0.48493315798800662
560,0.017678429373592795,0.038408534772701113,0.051398610011288828,0.076453454324618184,0.37579866272967533,0.51310624701541141
561,0.017519879027445368,0.03848753017112503,0.050984668408512297,0.07657307600641676,0.37325017673533634,0.51373307926219181
562,0.017879479996893967,0.039679316132719272,0.051137266068265227,0.078604813732474646,0.37577476126712039,0.51584037167590335
563,0.017729144811154802,0.039655735380064935,0.05070635677464011,0.078699574423997651,0.374218456242569,0.51342504245799259
564,0.020723799525466567,0.042982879524381866,0.05519174516339824,0.082954073421344671,0.41283636314433292,0.52537172061961368
565,0.020546305391050349,0.042835309245960657,0.05473095744273538,0.082984939672084798,0.41022493464511112,0.5194638572410889
566,0.020897022439950889,0.043596108773486124,0.054545865008359985,0.084615287957361451,0.4148936770634003,0.50930668932955936
567,0.020739235324448352,0.042585482111536017,0.054138699120953725,0.083925581675465585,0.41231747490924076,0.49650876743357852
568,0.025260288201484384,0.048710309073342499,0.061378309179317761,0.090454379693129264,0.43637837988894657,0.53066252691310123
569,0.025059007135344341,0.048604555083784987,0.0609159840463162,0.090427595018685664,0.43376680237811283,0.52505977971118167
570,0.025498045577652662,0.049583031916223055,0.061170428758790349,0.091848092257323086,0.4417235774736481,0.51300238592189029
571,0.025346153962628626,0.048333681696677837,0.060800581489734294,0.090813052191813681,0.44436430165577701,0.50047983748477176
572,0.028942231214537026,0.052087021919049618,0.065495137865654099,0.094415623511363941,0.4722667239384003,0.50555156690638736
573,0.028718723471864851,0.051042097407176551,0.065001845981618317,0.09374606170503974,0.46965511662524417,0.49360897166293338
574,0.029168704472680208,0.049373530923687819,0.064985343661928319,0.092526766031433602,0.47773766730541989,0.4602478943542786
575,0.029062633420205482,0.046055935761040417,0.064674829809311343,0.089784483354438505,0.47656423066372677,0.43636172039073184
576,0.010556641106991419,0.017762275397944643,0.039210301203219146,0.049154609631811549,0.29336883647006229,0.35885014159243778
577,0.010489617087626118,0.017823972135435979,0.038993008453891094,0.048516723085567384,0.29290948042679599,0.36587273103755191
578,0.01095065717398307,0.020122487297813144,0.039355874729795071,0.049836502278088626,0.30753049979019931,0.40202071291964725
579,0.010901289859128298,0.020426979012863354,0.039202100587803795,0.049373753891826022,0.31042633185196689,0.41181816679995731
580,0.01308155952272968,0.023828668706961317,0.041878960796004117,0.053798393896399156,0.3349921308235474,0.44267537219088748
581,0.012992403125727338,0.023888743147893129,0.041629236884301785,0.053273452023802431,0.33205451590579227,0.44858263952296451
582,0.013520340205772658,0.025810944714439354,0.041883328861920574,0.055706546776152728,0.33829470498126224,0.47075881583255008
583,0.013460690755720692,0.025789558747315776,0.041782540954692388,0.055262645235546498,0.34000086018849185,0.47235845548670963
584,0.016587435045661778,0.027807827442183655,0.047679707212771642,0.059755726824412755,0.3631255550127106,0.46383311373751834
585,0.016473222789741688,0.027953818641494824,0.047302013337183375,0.059853730363294347,0.36622618863392642,0.46846290452044681
586,0.017062895655189706,0.030212169091808887,0.047700277379909825,0.062654055541563294,0.38112186620045474,0.49011348707240299
587,0.016952704329058325,0.030213220366623789,0.047349579887202696,0.063050631561582901,0.38416730592060855,0.48783134443324283
588,0.01966865912047714,0.034057887416306117,0.050849884354967782,0.069083096865904706,0.3974429569916077,0.50984900219004825
589,0.019540070280990276,0.034241333648182881,0.050497230991202749,0.069304549095213885,0.39450516325991825,0.51024212462466434
590,0.02013400695033226,0.035887731874931737,0.05060636047597307,0.071855900903581335,0.40856813618946841,0.51424097044032291
591,0.020028069575414111,0.03557180400406379,0.050300142293537027,0.071711004696967229,0.41157030293751529,0.50749572140734867
592,0.016628745689144308,0.036661364361759381,0.04990506817576211,0.074259928571543482,0.35787736398738101,0.49882315618556217
593,0.016484795847371513,0.036239630036315001,0.049466248639856582,0.074115212184494836,0.35501279456179813,0.49664967281382755
594,0.016962332044637929,0.038852309194194787,0.049556850897086745,0.076621982058428115,0.36437486836720279,0.51867841703456119
595,0.016864363319491159,0.03860264149217614,0.049337567112485985,0.076924098584634434,0.36724995801258853,0.5117787621692963
596,0.01947116092739767,0.043121344406849109,0.052701951825951811,0.082637994211425245,0.39990895015757755,0.53207509738963321
597,0.019321057222291629,0.042738695402623483,0.05231263520821379,0.082720427682744319,0.39680205804866031,0.52596204502146915
598,0.019852499228967511,0.04424441444429849,0.052504398306928414,0.084481312356400787,0.40305160505336002,0.52685778362315372
599,0.019748471503206279,0.043508940350869815,0.052247228470835266,0.084100262959945341,0.40006591898959354,0.51701076848071292
600,0.023981702934977825,0.048090245334542668,0.059815770176599642,0.089400948757929033,0.41809963209193424,0.53701226932566837
601,0.023795900140579376,0.047637932897412416,0.059363187580138692,0.089475389602253569,0.42037438580799869,0.52876680118601993
602,0.024372130217665287,0.049269316867197099,0.059604126860519004,0.090989514702627172,0.43445491025257876,0.52851655108493045
603,0.02427064360599325,0.048496638442728356,0.059305842465626729,0.090634975547672067,0.43745779225636294,0.51703976614039615
604,0.027402886420623104,0.05240107786244344,0.062978847386616646,0.094702691630458788,0.45885418874781803,0.5183192096428223
605,0.027234685394653676,0.051950291506146343,0.06259541561135476,0.094570921919792925,0.45597221476596073,0.51074494940798953
606,0.027902170312645792,0.051678711055291961,0.062898038755044988,0.094351830092059774,0.46202569229167179,0.49063109380763248
607,0.027812674410709136,0.049963300382776327,0.062664428709500453,0.093127369391956663,0.46329282948780826,0.47476847989123538
608,0.010613738182101403,0.017441873808423807,0.03924956345183437,0.049393491432669336,0.29471143109362796,0.3415119848923035
609,0.010556173628855629,0.017798148319107424,0.039081586309758769,0.049068588815571301,0.29321894774246982,0.35614701134722904
610,0.011018229316579914,0.019885503864602153,0.039439387420895783,0.050298327092655498,0.30820355543900302,0.39072467906039432
611,0.010968620310589879,0.020315606033968578,0.039302127997813546,0.050119233361025889,0.31073627600479892,0.40206493956607059
612,0.013144745966119063,0.023322840718990025,0.041901152299820749,0.053766414308215771,0.33633442742388919,0.43393452984851077
613,0.013056244315605488,0.023980832901237675,0.041669840690310933,0.053835597453034484,0.33379145485919193,0.44548674447100833
614,0.013588255161238412,0.025885123330161634,0.041958372031763905,0.055758314055946737,0.33968051297229007,0.4711639784054108
615,0.013527399635235027,0.026303042904864266,0.041853220770015798,0.055828232241347982,0.34017252156544497,0.47707357031863407
616,0.016653646386811494,0.027674503974532912,0.047650808907829002,0.059767840621236384,0.3638727588396149,0.45517345292132572
617,0.016539759857889524,0.028167592372786987,0.047307378696173685,0.059836120695511461,0.36661028096485904,0.46612625343363956
618,0.017131309677109196,0.030069262761271663,0.047723669719675989,0.062163708756847486,0.38188456723500064,0.48757242185633853
619,0.017020892394700563,0.030568596992758303,0.047373363144691698,0.062834605367674407,0.38455139825154117,0.49231602770846561
620,0.019738543748167758,0.033827235430460824,0.050795407799706371,0.068728746820189798,0.39878096205752567,0.50860514266055301
621,0.019602817000568259,0.034385426010169175,0.050455101898316361,0.069009793227082103,0.3961696825699158,0.51438345534365848
622,0.020197303146936713,0.036146847966703949,0.05058031266196715,0.071972354178391595,0.4091770572404938,0.51992406470339969
623,0.020083007048581094,0.036293643024301117,0.050293938357526081,0.071766742483932736,0.4118163509111481,0.51989268285792545
624,0.016680239049949478,0.03632367678652728,0.049858951266737374,0.073899501647897839,0.3591172300056763,0.48869036657374576
625,0.016535951851077875,0.036742982864940758,0.049410057665296457,0.074228502084021916,0.35658105237048343,0.4965415201858826
626,0.017026585813627256,0.039169326348295487,0.049550095166416196,0.076849044975681888,0.36493121812153628,0.51818751318019107
627,0.016932953740599985,0.039062491457596334,0.049357644889078643,0.076935285900653266,0.36739443967152408,0.5173022053913422
628,0.019528414929657879,0.043099459294591976,0.052661248028247884,0.082344605300445906,0.40111552698176578,0.53311943037074283
629,0.019376460593910669,0.043263468910282245,0.05227516593152013,0.082715839552378018,0.39844449383776859,0.53400414211314395
630,0.019912244076926405,0.044982381205904101,0.052470094541568646,0.085101022331642823,0.40425847990077213,0.53543343169253543
631,0.019813310993826307,0.044574028993867428,0.052221717549353473,0.084568020975225422,0.40176936013262943,0.5296925805286713
632,0.024037063377178036,0.048902576883061641,0.059722790383481564,0.090113538289389214,0.41934772355120853,0.53999160749476627
633,0.02384925227127286,0.048560150558296655,0.059259252337438825,0.089926530825318096,0.42062186429310611,0.53731386882823184
634,0.024429455105496198,0.050307283370592405,0.059519457691827239,0.091867007700503475,0.43506359288502505,0.53745522124331668
635,0.024314592678060524,0.049749926024691318,0.059181558255436195,0.091491060448247563,0.43770431706715396,0.52925865871470645
636,0.027462577356878057,0.053279046931171629,0.062880097686805123,0.095393933551440782,0.46010213119548038,0.52823116404574588
637,0.027279889131034737,0.053324368190825505,0.062458222029815859,0.095542556146819044,0.45756246668856815,0.52452667576831058
638,0.027952564496933282,0.053678381816289811,0.062748757535028746,0.095977241781385919,0.46318717820208744,0.50564758998912052
639,0.027860353910634222,0.051993412339346963,0.062530921275296039,0.094542297470544073,0.46353768536854556,0.4930055938438721
640,0.0081891675517773519,0.015025350013721982,0.035783640103226315,0.046123504228267657,0.24996705872576905,0.32945679647486881
641,0.0081270375601567232,0.015130330908384591,0.035578036012286748,0.045256297724778169,0.24733241421740723,0.33977164847415164
642,0.0085167315159958238,0.016556405301362723,0.035755744423844271,0.045937065409487887,0.25492141375351718,0.36587988359492496
643,0.0084687639528607979,0.017095048565049346,0.035591726749695268,0.045685018211033199,0.25781629214096835,0.37979485613864139
644,0.010708733572202334,0.020627541953564574,0.038974796888646711,0.050311202089647171,0.30565323454898075,0.40919669491809085
645,0.010641473346599095,0.02112866929465123,0.038804980742339124,0.049956125427927489,0.30290736777346805,0.42130102736514285
646,0.010989117975478939,0.022765638304251032,0.038942214104264516,0.050613530610633041,0.30655338389437869,0.44479831082385257
647,0.010942189572481697,0.022743249002885227,0.038812150241217348,0.050331308491949917,0.30822644362259677,0.44714345557254032
648,0.013626557510325743,0.025801368885269009,0.044367112246382151,0.05702874959621429,0.31484146935504154,0.44632368309062198
649,0.013512907525085584,0.026266368090102153,0.044014557253913796,0.056870772096007528,0.31190433127444461,0.45521654707949832
650,0.013951239207734691,0.027851387311697659,0.044050895874467449,0.057966346310487298,0.32839178273487857,0.47319932801287845
651,0.013848701718465996,0.027779977150995359,0.043720376868011022,0.058072110057015382,0.33149193951893619,0.47519095761340335
652,0.016701991961595389,0.032106101062833015,0.047512123243096796,0.065324215762992729,0.36913611514132694,0.50172679645579532
653,0.016586536728487734,0.032514180538079536,0.047164345664607837,0.065839446744776528,0.36619861943286136,0.50392945630114749
654,0.016995866850179356,0.033610519096196716,0.047256257862716922,0.067589250796676034,0.37724732587147525,0.50863870007556156
655,0.016882880971817688,0.033107800864669017,0.046920297370173641,0.067272190544792804,0.38024806210804751,0.50278179866831973
656,0.013941288253622362,0.032990014451768801,0.046818496713186483,0.069556876214274144,0.31700359804194644,0.47647469265025333
657,0.013808737335711321,0.033485293113853953,0.046381898071192786,0.069720698056241787,0.3140657745079346,0.48394944293063358
658,0.014158835369634937,0.03537936193780726,0.046426576580985188,0.071816743452364828,0.31849068616146847,0.50049831492465213
659,0.014070766104678101,0.035686628796545126,0.046194453242755271,0.072179660682731406,0.31771308396572873,0.50559665782015994
660,0.016638389662356767,0.039643372113175548,0.050073691614114874,0.07749788844355425,0.36710988504450992,0.52245466930430606
661,0.016491420916945311,0.040163572703593643,0.049669079463339844,0.078189290046599233,0.36410399300616458,0.52429007513087467
662,0.016816181955192574,0.041300739684913268,0.049571635435988533,0.080029375928847749,0.36820702774089054,0.52514078242343143
663,0.016717860371253418,0.040909462279064689,0.049341439439528241,0.079941697889291896,0.36556377036135868,0.52005504591029361
664,0.020729884214792892,0.046845219112042862,0.056664172004941643,0.087631197048454706,0.37965500567669674,0.5418783031181641
665,0.020555657092976031,0.047096178756126351,0.056238382709600659,0.087968286187519784,0.37805944894070431,0.54020943266909793
666,0.020981303931966865,0.048690614717088375,0.056362053509059151,0.089835991782660371,0.38656610463375851,0.54034050328295902
667,0.020810576608675389,0.048107535092370445,0.055941089465441227,0.089449310810052959,0.38809084126759341,0.53299905879061893
668,0.023990748771531276,0.050807414099305621,0.060014770803003131,0.092720253272740194,0.42768915516894535,0.53410591704409793
669,0.023800975571669422,0.05097331307107747,0.059609169848616715,0.093063227764809825,0.42468359095614627,0.52924369794886783
670,0.024214720697732565,0.051559484647037718,0.05978020562504395,0.09387923525603345,0.42874263951588443,0.51422183734935001
671,0.024099138288307179,0.049225790062902952,0.059471998931148178,0.092215129974515586,0.4317450446825104,0.49615724904101566
672,0.0082398036138112349,0.014546733610786513,0.035820231804463941,0.045810054275564067,0.25134493929904178,0.3131739996151276
673,0.0081842035377895136,0.015061029353948237,0.035654885113842634,0.045881480125426109,0.24922366959613038,0.32918265981238559
674,0.0085776861114428248,0.016589123397474797,0.03584858507391097,0.04641057018317566,0.25559315810013583,0.36041595561068729
675,0.0085293078074143054,0.017022547943513391,0.035687768381270787,0.046260729413459753,0.25812575945664218,0.3725730679706879
676,0.010767372471778756,0.020543975076984401,0.039016480001410579,0.050679598262075028,0.30699606759112552,0.40560354811709598
677,0.010709398793633956,0.021118666026205431,0.038866853091574116,0.050550753703050316,0.30479862315219119,0.41726054770510868
678,0.011059496099483722,0.023213937710691093,0.039019217697708622,0.051274228867804791,0.30805023533862308,0.44951205474894718
679,0.011010282585951521,0.023253948491380814,0.038911359672906619,0.050825058447688906,0.30850205550003817,0.45290716511767581
680,0.01368493228181657,0.025498089586199958,0.044320243541300479,0.056786347548516941,0.31618424279254154,0.43896894676249698
681,0.013571373594315291,0.026157021196221875,0.043972437454639343,0.056962661771425685,0.31364079339068607,0.45114617569010929
682,0.014013781405060481,0.028027991819009338,0.044071772264450783,0.058001978175656214,0.32913898656178286,0.4758053026871033
683,0.013911509566787718,0.028126992630113024,0.043750326724493319,0.057822096561771147,0.3318760318498688,0.47975208384555057
684,0.016768794770862631,0.032279411928957738,0.047471285842208777,0.064914573704576206,0.37047865016024784,0.50625537855189517
685,0.01665356017253317,0.032829154645548947,0.047136359414168022,0.065544506116212209,0.36793537957232669,0.51086925489466861
686,0.017056272494779128,0.034232194747587916,0.047257119637087959,0.067784205945200682,0.37785720059681704,0.5194677315429993
687,0.016943379552576073,0.033572577547331901,0.046943482171239462,0.067229623885895526,0.38049577901173404,0.51180045825999454
688,0.013995012563094529,0.032640848490445566,0.046802881478754957,0.069018950351683039,0.31834616286318973,0.4684188566879578
689,0.013871726284202428,0.033278140836957036,0.046392201398869466,0.069252318158857906,0.31591041905444339,0.48005135876696781
690,0.014224076238510408,0.035671960283151026,0.046511044776046534,0.071860528525814774,0.31909495805020138,0.50319670660060123
691,0.014133032953988505,0.035752870753627611,0.046260289267659793,0.071936956409168945,0.31850820992703244,0.50627725345652774
692,0.016688389052064993,0.040371034630158793,0.050000614484050979,0.077768168995669351,0.36835779768984989,0.52992685658496097
693,0.016539931858504667,0.040439126921383989,0.049602639120868028,0.077795203938242158,0.36574639899295047,0.53142025095980838
694,0.01687961813925792,0.041947973378948268,0.049569583161220426,0.080334832313469565,0.36955033762019351,0.53405048472445682
695,0.01678535450258099,0.041200584040436042,0.049366927713312719,0.079760992920628965,0.36736058218043521,0.52732150775950626
696,0.020789160235077753,0.046970762530206558,0.056595314533571334,0.087370608953973777,0.38008493397946164,0.54465212447207645
697,0.020613104240983154,0.04736878711029302,0.05615361270276123,0.087769658233229061,0.3786981723141174,0.54658978206675723
698,0.021035368731348897,0.04919963940306335,0.056304883320718702,0.090036058362992846,0.38681084130520627,0.54843028409045413
699,0.020862709983735718,0.048363824073240302,0.055889972013337653,0.089281731583451179,0.38833784291554263,0.53978108388941959
700,0.024045012525388428,0.052058353878297277,0.059915372670227542,0.093577179296283966,0.42893700820964054,0.54743312818568424
701,0.023853032512519894,0.052048827776977419,0.059482899534597192,0.093611626159435898,0.42632578832667545,0.54220764858287052
702,0.024271511226441365,0.052684992073420894,0.059672052373058053,0.094663333983307035,0.42935179898548892,0.52731107694667056
703,0.024142224256903173,0.050602455289488459,0.059330776919630936,0.092981531589170843,0.43199180791188052,0.51066716534655765
704,0.0076820317449420739,0.012285650309937531,0.035134845046815473,0.043529726047362639,0.23377891404193116,0.27207890877533725
705,0.0076313559989999091,0.012488144275006847,0.034943088532193724,0.043432291867639326,0.23154327997971344,0.28011827895451358
706,0.0081537899731684623,0.014523420227674132,0.035656614209461271,0.045555524998517873,0.24724302420426178,0.31335609180491641
707,0.0081052849764703654,0.014723998206860246,0.035473860323585675,0.045031671005696959,0.25013849863816073,0.32587616664927677
708,0.01009578161921736,0.018740576409084716,0.038195717043156698,0.05023013293626935,0.29040672404330448,0.36537124735873416
709,0.010049113568045311,0.018739479232828728,0.03805268402711795,0.049369431687375155,0.28789099080126956,0.37457593304675296
710,0.010578058651249807,0.02122912859122766,0.038498099274362679,0.050611034644375739,0.29805729517746737,0.41230164987605289
711,0.010535032639576216,0.021854010162058193,0.038395159172445979,0.050376769845845625,0.30095265040207675,0.42637177331011966
712,0.012826108671572148,0.022986073149941163,0.043145393830161555,0.055548578217241039,0.3030812514762955,0.39941166860621646
713,0.012726022402839089,0.02339437791817978,0.042813228064818978,0.055310575917449575,0.30618116984177401,0.40994324309390262
714,0.01327006637192945,0.025512238318615335,0.043143682468942138,0.056459323565581344,0.3215751422386246,0.4391905270294495
715,0.013177386262266793,0.026067467808593855,0.042836166309662096,0.05647047471401679,0.32467529902268222,0.45018201095622257
716,0.01580317344702338,0.030839478838833118,0.046246763640099109,0.062416653097553246,0.35301112363148501,0.48791148287814334
717,0.015701354746596608,0.031186138531647353,0.045943345985268974,0.062700273434292714,0.35611128041554263,0.49383552891772464
718,0.016247679629202479,0.033432004214495853,0.046030870992951139,0.065438381171235557,0.37066601941395572,0.51522674185794071
719,0.016149114793360727,0.033527105077302805,0.045796607967947184,0.065804475177421273,0.37366675565052798,0.51412262541812137
720,0.013112064971266697,0.030058919452009589,0.045436924442753927,0.067164942980233663,0.30029844266932681,0.4341060442667084
721,0.0130283488251855,0.030488952392485801,0.045241702435456173,0.067075170093613495,0.29778282863658145,0.44380434376757816
722,0.013626942735967516,0.033371318456275383,0.046081168572431004,0.069064660883520673,0.30716273913193515,0.47649597150843814
723,0.013539088771820435,0.033534770194718871,0.045867321523633736,0.069159599600522079,0.30995867380905917,0.48174979311984256
724,0.015649679924501073,0.038575088427987014,0.048056564112312634,0.075329854456136991,0.35422604305308536,0.51122452837985233
725,0.015561917775779383,0.038453426815482403,0.047863611599290624,0.075419987432258959,0.35164224130671695,0.51281275374453739
726,0.016128497138651512,0.041240054564305219,0.048358721616056324,0.078327649240315267,0.35748984438937381,0.53475802166026309
727,0.016044303638862768,0.041280248921904759,0.04819378488003298,0.078804623868346552,0.35487057787936405,0.53269281012576297
728,0.019642550186166875,0.044946761758208137,0.055057019436278561,0.085052640076622138,0.36083849293750003,0.5341524980739899
729,0.019481600990840075,0.045390561201374829,0.054639197363318175,0.085456656816142132,0.36371277997303775,0.53879453761141971
730,0.020073034444316972,0.047509964504733625,0.055123400842764028,0.087449897820891562,0.37824510762501529,0.5491422019676514
731,0.019912051746546269,0.047334179937722813,0.054708345297004336,0.087689335410290919,0.38124584386158755,0.54446401221316532
732,0.022730458487852469,0.052496562401455685,0.057743375802686139,0.093536455326575077,0.41390122992556766,0.55816390139620975
733,0.022560726159942712,0.052012353256721003,0.057348592452798962,0.093496266817286386,0.41089551670115665,0.55224927289050296
734,0.023125474375712947,0.053485740347897978,0.057534996301265184,0.094922904823065368,0.42246817776966861,0.54818700773280338
735,0.023048081201546399,0.052567911599399109,0.057296066028859408,0.094321668789235355,0.42547129819203189,0.53780754429858402
736,0.0077378567032276545,0.011475372310748496,0.035182463979955336,0.042680024104640883,0.23527600390475464,0.25221859643269351
737,0.0076868582363864438,0.011749909303884747,0.035003394346400638,0.042511017663656787,0.23315449578326417,0.26128666827488711
738,0.0082106441860138983,0.014061860360700416,0.035709575963141608,0.045573508730817912,0.24791524538803864,0.29450612289469913
739,0.0081618794599132103,0.014699659496096836,0.035540166496150258,0.04591092637841198,0.25044844279099276,0.3135283343271561
740,0.010162986760766263,0.018192834081323904,0.038280950569573813,0.050608934305300772,0.29190399272006229,0.34543680173915103
741,0.010116285334743185,0.018494669984322198,0.038139617643024128,0.050105823359687697,0.28978242499392703,0.36087225896876529
742,0.010646587599780277,0.020986899535879573,0.038590963645762581,0.05122767475991305,0.29872951636124423,0.40351395828288272
743,0.010599875020979104,0.021814309738204592,0.038496482150840415,0.051233964557813504,0.30120000967789462,0.41995110137026981
744,0.012885557884312513,0.022362535202564676,0.043101494419935625,0.055527495937193277,0.30382821688462069,0.38162415248912052
745,0.012785918931032002,0.022895953926440445,0.04279521818355158,0.055493386200934317,0.30656550059128573,0.39426000935595706
746,0.013331794466282623,0.025240507577291783,0.043160141110591771,0.056716100665233957,0.3223223460655289,0.42971580249827579
747,0.01323970986290734,0.025808602540182721,0.042885409697287102,0.056601776532296012,0.32506034502793124,0.44301938039820865
748,0.015871015763961632,0.030395513048215708,0.046216195268539616,0.062217308279928878,0.35375761220265201,0.4785945318416901
749,0.015769304748945806,0.030876905455660617,0.045935948719440088,0.062332219802209272,0.3564879817705231,0.48865263683360294
750,0.016309092744606273,0.033225919410259167,0.046049716224666318,0.065133523660815831,0.37127565572071841,0.51371922118228153
751,0.016211036961822099,0.033816018182218695,0.045811439137888266,0.065592387913822409,0.3739135188798981,0.51965697629016117
752,0.013180273289569992,0.029108055515086086,0.045497069741295082,0.066362301324537937,0.30179568154376224,0.41690280268002322
753,0.013094611836185172,0.029739438420470519,0.045275002426560074,0.066633653158933978,0.29967435223620609,0.42667861802142337
754,0.013687962398161682,0.032781995386638514,0.046116342431058409,0.068740647864590193,0.30769679674912265,0.46362220270198062
755,0.013597996134067083,0.033237143500145304,0.045895274263730863,0.068767891809876733,0.3101310504417496,0.47581770045321659
756,0.015718256417885837,0.038005090225703468,0.048068640948414988,0.07459730984013635,0.35562851054232791,0.50214036328356937
757,0.015628465081476549,0.038372634373658544,0.047859175449372598,0.074930307515591335,0.35343917233508304,0.5096522174553223
758,0.016197892777952097,0.041353850678979141,0.048356077949874503,0.078242504192804693,0.35885786039393619,0.53514855129283145
759,0.016111560486951032,0.041430528415033925,0.048193776346509516,0.078385509304716716,0.35666730029147342,0.53784139973681644
760,0.019702702938854205,0.044105123117157613,0.05498140349559609,0.08408052225082735,0.36218072993319705,0.52434604389231876
761,0.019540288215092246,0.044794341853121422,0.054564726353574539,0.084793848647989639,0.36409687230397036,0.53154160601657108
762,0.020126155439123088,0.047238957003843153,0.055060845612918456,0.087120909536343577,0.37885450551319888,0.5468427143768616
763,0.019963556043751444,0.047225082116353949,0.054644515617650595,0.087214749821167531,0.38149284550953677,0.54751341564219669
764,0.022788329667259351,0.052495796107551167,0.057656668927884125,0.093519894452662108,0.41514935118716434,0.55897076947253421
765,0.022616889741125946,0.052313962432706508,0.057232640936712473,0.093427806341253139,0.41253798229258731,0.55761351210635379
766,0.023185628262754082,0.054028069906670986,0.057414999973813267,0.095378271426905248,0.4230778140764313,0.55558579189341739
767,0.023095997693601794,0.053432643513114539,0.057154959399840208,0.094691834604376746,0.42571829983998111,0.54920475704234317
768,0.0058553408002330661,0.010203735950872261,0.033057595455191657,0.038353126733487897,0.20978393179934693,0.27673920018237308
769,0.0057690924542427328,0.010304377687793615,0.03263927079851868,0.03724916124645692,0.21156928667832184,0.28925629479449466
770,0.0061688699284790753,0.012118696879086351,0.032427706828876281,0.039184651837747275,0.23318598398972321,0.32315810544055179
771,0.0060964223633549076,0.012338477654252835,0.032098991160917217,0.03858014735061599,0.23624441752243805,0.33632191044848636
772,0.0081567207618735253,0.014769265922295107,0.035907622224891467,0.042870401356643523,0.2579657754730682,0.35667773110430911
773,0.0080599976944243975,0.015304886639376247,0.035535935386505554,0.042412467173591269,0.25637027834172055,0.37205057365458682
774,0.0083756130948269072,0.017010088155362722,0.03529447968267261,0.043485743685471166,0.26900766024399569,0.39654590708773807
775,0.0082943817927970606,0.017004079830387642,0.035009575249682172,0.043289178818193844,0.27210853228379062,0.39905725938838199
776,0.010689371068816966,0.019089554421989206,0.039651835509558572,0.048271320923978463,0.30028869730990604,0.39086129290621952
777,0.010601478499796611,0.019472538490403712,0.039311358425117578,0.047637925281915947,0.29745998007815555,0.40189029795687869
778,0.011065191038440199,0.021302628808207727,0.039391453894358823,0.04881176447163102,0.3080715907554703,0.42605229241412357
779,0.010982010484917631,0.021514059056840795,0.039120346763867553,0.048770154890947742,0.31117174753952792,0.4317558608726807
780,0.013656035177722242,0.024315203348906893,0.042822425251723445,0.053057537046326167,0.34310438258212284,0.45676754934352115
781,0.013549810430975735,0.024783658420635572,0.042470196441491012,0.053895057478503948,0.34016658885043338,0.46129100544017032
782,0.01394737910250954,0.025796304895353749,0.04233339368214601,0.055412896102447158,0.34567513091128543,0.47049461824458316
783,0.013858711095982419,0.025310148658661588,0.042085328028870078,0.055797590577457902,0.34419345090199283,0.46324356419604495
784,0.011185587827689625,0.026772405111441265,0.042686379537363102,0.060631751635223392,0.29462926609080509,0.43852840883296207
785,0.011072721056435647,0.026950184128040969,0.042295198688456569,0.060132845669169835,0.29177226645510868,0.4457886121944733
786,0.011492911086694656,0.029189655204274391,0.042150966082081583,0.062157814370988954,0.30381820330429843,0.46971013171237186
787,0.011387544421540845,0.029568865504305528,0.041800356789270819,0.062704123280876572,0.30691859850693515,0.47639324290316776
788,0.014134297680004087,0.032342421927328918,0.045777999695826466,0.066909774893499863,0.34031911713641361,0.48985116703074649
789,0.014012412295736711,0.032961337535292297,0.045395632437419592,0.067627072030580326,0.33777106021160885,0.49541108829539493
790,0.01437732575112128,0.034600537093899535,0.045042046269730199,0.069955913427959274,0.34777891848797604,0.50546311361354068
791,0.014285600027974672,0.03431175141404285,0.044769956699373656,0.070514441135709829,0.34627115939373776,0.50007193309825138
792,0.017676759617623876,0.039448599997690632,0.049875017189475228,0.077444653079347572,0.37906636817019657,0.51798455936473087
793,0.017540319955865972,0.039799161778100937,0.049446098085997398,0.077926436995308115,0.37606041652720645,0.51700251323741153
794,0.017898449988999185,0.041621922234789582,0.049559856104432816,0.080425417718974115,0.37904249650996402,0.52123691660922244
795,0.01781154184624318,0.041579071740952191,0.049217459856570375,0.080894571073830746,0.37826823422718814,0.51637982351344303
796,0.020703561071360302,0.044349622056824432,0.053409397317275523,0.084548355532380451,0.41681854946177677,0.52568068129580692
797,0.020553990281264572,0.0441232335934078,0.052983887151793647,0.084773945455610719,0.41383921129267887,0.51721485478442386
798,0.020972684482641377,0.044778267372917846,0.05280789613099339,0.086145577137898888,0.41928427440684513,0.50816195232432559
799,0.020905983755232227,0.042362204143094509,0.052525468696769002,0.084582737142897504,0.41670893652003482,0.48623712880175785
800,0.0058897698571178173,0.0098551921232071307,0.032984789118247156,0.037845929638390625,0.21159913165133667,0.26226746065180973
801,0.0058050384005927554,0.010283693377339557,0.032575592726559757,0.037787438745430439,0.21264145502854156,0.27839287144702152
802,0.0061976393332419831,0.012023681933524504,0.032443324685269427,0.03957961775956384,0.2339334262352066,0.31470072788756565
803,0.0061356710547103678,0.012571430923441023,0.03220038762353581,0.039536272832830843,0.23655388483811188,0.33128087741893009
804,0.0081908550746523385,0.014751176585288794,0.035856899424112812,0.042835875763787355,0.2592855296806641,0.35462008935969547
805,0.0080941555376830791,0.015300246792763128,0.035485338659476381,0.042933924130731951,0.25700879309887692,0.36571325881045535
806,0.0084158853571293171,0.017037726628377062,0.035272408754395294,0.043695752843877729,0.26975462565232089,0.39631762129824832
807,0.0083349563270647253,0.01752075841606102,0.035019839144806081,0.043675554415773116,0.27249214777756503,0.40489520651858524
808,0.010748299220304179,0.019048827200768982,0.039645994930149503,0.048491752009694862,0.30174018961947635,0.38589580876391605
809,0.010652997792943477,0.019466428510129946,0.039308447238119444,0.048320087120172488,0.29919691903155521,0.39565478784602359
810,0.011121392893088791,0.021291764772013989,0.039427886961722843,0.049024261773329136,0.3088185561637955,0.42457737547915653
811,0.011038926853035369,0.021641656806836093,0.039165970844606927,0.04887812323307425,0.31155607828903964,0.43239300472300723
812,0.013714972752155552,0.024737299713605516,0.04276764077544893,0.052741342197983293,0.34444673878710941,0.46345364076655582
813,0.013609105020205965,0.025083638476989707,0.042440091470337282,0.053183794345153981,0.34190340859454349,0.46699049098056034
814,0.01401154320723591,0.02623974303363949,0.042313660280827128,0.055003266751579315,0.34701784474414066,0.48056974036257938
815,0.013919991519947576,0.026161549734738263,0.042087385291316906,0.055527255773288264,0.34457802007008365,0.47704603297274784
816,0.011234502274075474,0.026519021963416725,0.042640527322864948,0.060043290832517054,0.29605208856623844,0.4317684374527283
817,0.011115733192436814,0.02712502292982101,0.042261319024355704,0.060299802324060875,0.29350896698992923,0.4410886667446442
818,0.011541925659295698,0.029212321025216134,0.04214719828360243,0.061918684180650094,0.30456516871262362,0.46938030941050723
819,0.011435884581149318,0.029663183861845042,0.041798826265088421,0.062243802789687115,0.30730364451218417,0.47647320253413394
820,0.014189044435976067,0.032846539535999336,0.045727060666116016,0.066486136572543084,0.34166177136462406,0.49681218487780765
821,0.014066302826926008,0.033207849568292487,0.045341039194001384,0.067094120950377242,0.33911841136973575,0.49953868014376834
822,0.01443764747800028,0.034818838999178071,0.045045877528979324,0.069616565231498256,0.34820896600003048,0.51084916812937931
823,0.014337903462990513,0.035152113425340165,0.044761956378731281,0.070378714789706615,0.3468678614925842,0.51168419940036014
824,0.017735711864836759,0.040040508302884401,0.049817768154895213,0.077149327114375874,0.38031410200160221,0.52393158299487308
825,0.017598391645643384,0.040201142956884602,0.049400863755595499,0.077524690547601929,0.37770258409541324,0.52372457606356815
826,0.017959565280971059,0.042077719064218005,0.049526327661458369,0.080406596425911026,0.3802903793529816,0.52977617604296878
827,0.017863221628734466,0.041779958619986415,0.049193329561996221,0.080477287567105676,0.37851523587513736,0.52392472846072391
828,0.020764130916908902,0.045601065581174716,0.053335196522127377,0.085039928863669068,0.41806640250247196,0.53980772716563419
829,0.0206084151498333,0.045044226097196702,0.052898766365203971,0.084852979325060363,0.41545512301486209,0.53121270758670047
830,0.02102798417734791,0.045941212741692591,0.05272864608094073,0.086672175864648968,0.42048000318568424,0.52118690831225589
831,0.020960044526968851,0.044643874020689173,0.052442722798350327,0.085907865240170078,0.41829903943103031,0.50572075469058231
832,0.0053179834910994017,0.0082255112718388826,0.031646107517641686,0.036026252907584932,0.20266339907456207,0.22143428752232361
833,0.0052690032652564856,0.0081399464082326598,0.031368249936553926,0.035299610539212614,0.20609877238083649,0.22975794000189972
834,0.0057449980185694215,0.010049581497166653,0.031461724251364488,0.037743408323768698,0.22650931010056305,0.27256528062384799
835,0.0057023020835825292,0.010254121908788051,0.031322634177521499,0.037154814167945346,0.22940442690659332,0.28621057195227817
836,0.0074957426672668057,0.013457635849486465,0.034095322913279574,0.042443121051787644,0.2459662161545105,0.32264288289111331
837,0.0074234124959480178,0.013459900343780536,0.033792342225562405,0.041680272804064326,0.24721667895127106,0.331679751701767
838,0.0078507527553021202,0.01579740816406687,0.034045088899473996,0.043408924509868579,0.26276228556443026,0.37305863720935062
839,0.0078088414516119089,0.01615859245767488,0.033985401988926439,0.042783547517100305,0.26564262041855624,0.3857246838287659
840,0.009995897321628356,0.01742324841358129,0.038553796842382686,0.048162659898022653,0.28350349289935306,0.35418491584819034
841,0.0099158131125386701,0.017477124027916201,0.038252474602325406,0.047425340447390954,0.28487870821762851,0.36263834459346012
842,0.01047687438907169,0.019960752464153984,0.038543407923145673,0.048972828937654783,0.30136153826523593,0.40120719892543033
843,0.010405529481849888,0.020270966756764562,0.038275281189489314,0.048439125388506928,0.30446169504929355,0.41012825591128543
844,0.012860232963605047,0.023778480058915995,0.041139225954088331,0.052476588333155355,0.33090796095889285,0.44570313913386539
845,0.012777938348623204,0.023954127454124535,0.040878655732664991,0.052130801084144543,0.3279699288086243,0.45173450333636478
846,0.013319402963550206,0.025890481851032467,0.041160012126785189,0.054036864296629135,0.33487104604054263,0.47475956899684146
847,0.013261718085856857,0.026022588598966268,0.041050787832663527,0.054176620208822579,0.33796214291859439,0.47655655962985233
848,0.010418046466204757,0.024398014494801799,0.041037197625196968,0.058953903689700847,0.2786559365467377,0.40248807293933109
849,0.01031554463169144,0.02418242016997306,0.040718668877999173,0.058371958148360534,0.28078982958603671,0.40568878275912479
850,0.010845068706722511,0.027293679517698212,0.040758396118765673,0.060395817321629401,0.29730413088608554,0.44580634457629398
851,0.010784893460678185,0.027484668783072805,0.040597018597235912,0.060207006979572111,0.30019948611069491,0.45232461912196353
852,0.013268818025786423,0.031938022968611965,0.04373060191637413,0.065156346446424263,0.32890208584826663,0.48429228884738162
853,0.013171465879445083,0.03174058822282818,0.043433418469890551,0.064821078089442499,0.32580693585437015,0.48585786444705203
854,0.013705580929420031,0.034399786285430681,0.043633994484572954,0.068104556724117388,0.33267792088549808,0.51086123806994632
855,0.013654361428795886,0.034151132027657273,0.043471254882917754,0.068069532552551701,0.33421563336659244,0.50844614727061466
856,0.01671595994728832,0.038836829509431479,0.048346465421302068,0.075625131445970356,0.36264087779086307,0.51427008730929569
857,0.016593914070960371,0.038601833295995647,0.047982492227788179,0.075631155230490965,0.35963525397341922,0.51349260432284549
858,0.017103111515084517,0.041242799406318816,0.048139788389634564,0.078303067675111873,0.36872266957569888,0.53413667304080203
859,0.017045476669077683,0.041034431932311148,0.047888243169881814,0.07869768239000173,0.37172578999806216,0.52746312839549259
860,0.019630264401909982,0.045677683845007991,0.051112391252930295,0.084650901149181904,0.40534644348185733,0.54770200473826602
861,0.019523637852705729,0.045113686318006788,0.050818638251060186,0.084479145799881805,0.4023528896049805,0.54115452391665653
862,0.020131869030767417,0.046341720753377044,0.051067434167760155,0.086351616148615348,0.40884154064219669,0.53788675887149051
863,0.020075683365835886,0.045525056290301229,0.050896592301966123,0.08600305147785757,0.40607674939196781,0.52683838231127933
864,0.0053590232095758359,0.0076974695609704101,0.031633668983963442,0.035541135495881629,0.20406768450547028,0.20109432170201111
865,0.0053171819782396835,0.007949034205232141,0.031398941701806085,0.035227899465790885,0.20709655413437653,0.21265170497458649
866,0.0057835050548368013,0.0098981433301196763,0.031552902242852163,0.038234764083455462,0.22718141207505035,0.25611988229315952
867,0.005740240186502518,0.010243701626814272,0.031426751635580639,0.037992407632985864,0.22971460947800446,0.27291691822570041
868,0.0075359016244548474,0.012862451652371744,0.034107486452974227,0.042341774701098275,0.24728616101306153,0.30410278362792209
869,0.0074703992214419082,0.013230375516757825,0.033843234640638119,0.042089104105616747,0.24754283556748199,0.31798628491919712
870,0.0079026320338059768,0.015627434297381469,0.034113299011579327,0.043987216852070292,0.26343104967881015,0.36453833205264285
871,0.0078602940958359315,0.016270552247863366,0.034038228036627427,0.043763049711242188,0.26594898829270175,0.37963094336550907
872,0.010050149196734389,0.016981303118594943,0.038542168797101886,0.048373502287620197,0.28487481696170047,0.33488245827716068
873,0.0099687766232426193,0.017285992946845945,0.038279654123806427,0.048011849194735279,0.28526375422287753,0.34860243422549442
874,0.010533161322534014,0.019755705393906892,0.038558676903440614,0.049484664185770501,0.30210921892929843,0.38998522383731082
875,0.010462897431973881,0.020156074796138599,0.038324925032798135,0.049144501567584188,0.30484721789170077,0.40196969134371952
876,0.012924906407793596,0.023323720381244129,0.041132357328368625,0.052338729722767895,0.33225031716387943,0.43728925807040409
877,0.01284358278146492,0.02390776303133875,0.040919144054871494,0.052371698704381318,0.32970686776202396,0.44746752602618411
878,0.013387271666521365,0.026010076728532415,0.041195882443014538,0.053966054447375386,0.33562531096499637,0.47632884008448795
879,0.013325700474302387,0.026391584585049345,0.041080415144393152,0.053965401927014878,0.33834671208668521,0.48188259226840213
880,0.010463865799171244,0.023730630663663783,0.040972766329828464,0.059004742995788291,0.27999853117030338,0.38092066866915897
881,0.010371138437180537,0.024201546139879862,0.040716583551044572,0.058729787750713885,0.2811093104820328,0.39418428165476993
882,0.010907264150854402,0.026979960461079103,0.040832393187876972,0.06069932396746977,0.29797575602341464,0.43377723319094852
883,0.010845695535398698,0.027582325932496526,0.040658221293430274,0.060585571963560146,0.30050943026352694,0.4460535846428223
884,0.013329875345939358,0.031138990109000231,0.043732979489848021,0.064406029319939273,0.33020331484835819,0.47419871909182743
885,0.013232473869570972,0.03166413456197395,0.043426728533984174,0.064593556565058816,0.32754384500544742,0.4813495777324982
886,0.01377046394812869,0.034554822965748709,0.043666270665994864,0.067865325859338285,0.33397953731578067,0.51254971844714359
887,0.013721499321304658,0.034658499297597449,0.043494690876572158,0.06789333809954079,0.33452057072926333,0.51531027776759342
888,0.016776148188570754,0.038102943359120914,0.048327041522432862,0.074748780581338894,0.36388879043620304,0.50166710240405277
889,0.016653622230378643,0.038550538543447518,0.047953745464968375,0.075045774248422528,0.3612772129253693,0.50938810927432254
890,0.017165600478585095,0.041176463408533301,0.048118872926795862,0.077899115118504378,0.36933230588246158,0.53314020258944705
891,0.017099650033782176,0.041400180605215942,0.047862170347536974,0.078400734316032283,0.37197303006459048,0.53304832202952579
892,0.019696301320305875,0.045609181897144427,0.051078145975132896,0.084172200633965882,0.40655358655017093,0.54952098948519901
893,0.019580614468628039,0.04568215296148509,0.050771736651287452,0.084471262552986467,0.4039432011322327,0.54887904746096805
894,0.020191952895941698,0.047520458186702266,0.051065752744450521,0.087093532921491953,0.40999602300685123,0.55024569255870059
895,0.020134946643340364,0.046470776168659932,0.050879585202017026,0.086332693922416492,0.4076259039120026,0.53941973073046878
896,0.0037560183019554718,0.0055421222758722443,0.028596392802079137,0.030591483819997399,0.14803614241641236,0.17912005407374573
897,0.0037045353217502247,0.005714111544427661,0.028348344990856839,0.03038236355613046,0.14848539957810211,0.19362377894681168
898,0.0040078774546534711,0.0069705002277499336,0.028348628163901702,0.032405450450411502,0.17007062563706207,0.22221956176322175
899,0.0039709192239440446,0.0075136822402915252,0.028142300690588973,0.033115792553168967,0.17346117625046539,0.24054869038623047
900,0.0056799165452373476,0.0098610097015782057,0.031263797295498434,0.037815160265835333,0.21286632639926148,0.26747413498919681
901,0.0056286814910454621,0.010251971266838456,0.031073505706851565,0.037554488415991301,0.21233818659592438,0.28449750465911106
902,0.0059462063470514291,0.011962181069602505,0.031143453673005972,0.03896532166155333,0.22964666018296051,0.3182672761158295
903,0.0059084894258879649,0.01241131641799691,0.031011093751342207,0.038839311469032987,0.23254201540756989,0.33383684379618839
904,0.0075958135410385333,0.014025597616381169,0.035128338740615703,0.044286275621507033,0.23852678162615967,0.31065384072821811
905,0.007530652630302447,0.01424262068173735,0.034803716562427811,0.043685918736065324,0.23593016488116456,0.32273714763682559
906,0.0080678639138117795,0.015980741383975271,0.034946040032773303,0.04468178914954675,0.2486121428947525,0.3546112976745911
907,0.0079996891080477486,0.016425276124061163,0.034693960803149786,0.044295022100009775,0.25171253809738925,0.37005712611239627
908,0.010495874213339862,0.020100847167773925,0.03833576726015981,0.048809608946225165,0.30028845889132694,0.40539597494166568
909,0.010421593422251256,0.020808385916344999,0.038085820924322437,0.048684191484396129,0.29735090357821659,0.42007650954287723
910,0.010766550931024046,0.02232729598967239,0.038207199470616703,0.049043040037813242,0.30308339724350741,0.44051035267871097
911,0.010701985959686655,0.022712300492067662,0.037949366194024267,0.049193837769330277,0.30618355402756503,0.44714551193278507
912,0.0080972943093269682,0.020227019821224365,0.038390682899752129,0.054645552897489146,0.23286749941867066,0.36221172434848026
913,0.0080135005116635082,0.0206107419686021,0.038017928563694195,0.054300244692134264,0.23084914897198486,0.37493773324053958
914,0.0084908173641635581,0.022885452071470171,0.037795180133438348,0.055791731381281871,0.24561006043667602,0.4042331181244202
915,0.0084286078569219807,0.023380873166725196,0.037646059932629983,0.055680501186313867,0.24723193774033356,0.41772948724787906
916,0.010871276278408257,0.026658730297715039,0.040919107562362417,0.059866396025102055,0.29446436984103397,0.43770029170077518
917,0.010774658262309675,0.027434415716918837,0.040607551964832893,0.060049706973563398,0.29152693373721317,0.45159160120051578
918,0.011100149297107322,0.029541878067579588,0.040319824450084793,0.061529116026697042,0.29887578615952304,0.4748432837204285
919,0.011043614420007937,0.029957209199572756,0.040173623548384808,0.061871085991313815,0.30177114138413241,0.48268650991481021
920,0.013854666866706038,0.03468457826288901,0.045346198503445609,0.070458305738761315,0.3196538887695618,0.48565863592189029
921,0.013739600444388253,0.035287698951706414,0.045010347624840442,0.070735831731630491,0.31671585661929325,0.49369003397982791
922,0.014138750025413087,0.037445854780106959,0.044972276200132423,0.073003865316333974,0.32300240014309689,0.51194413525622562
923,0.014034286778764948,0.037833874803589247,0.044622052557361694,0.07344157104447592,0.32140702222103879,0.51776098234217838
924,0.016709828814236247,0.041950463567897396,0.04842351579963735,0.079218889508511692,0.37176670653384403,0.53570427519839481
925,0.016582663523083466,0.042553193458272139,0.048064518326551751,0.080085331956185571,0.3687610231117554,0.53640421254199222
926,0.016928173258471367,0.043849691176657019,0.047925349429218667,0.082086296573566614,0.37311973197024539,0.53763054830592349
927,0.016860270170971511,0.043652240531136449,0.047658223405014313,0.082311230507420771,0.37043287379306034,0.53342731816333011
928,0.0037858527038386481,0.0050422358305666293,0.028563568960983565,0.029578410592231021,0.15000574810069275,0.15787802410882187
929,0.0037342462649967829,0.0053820843390277673,0.028301833836608285,0.02988688212199439,0.14948198923874664,0.17568300438683701
930,0.0040497391172480517,0.0068023078871860387,0.028380582867469889,0.032238531464678574,0.17143008837509918,0.21169585508864594
931,0.0040130466286845187,0.0074467573300610271,0.028167708539742615,0.033232199009336771,0.17445824274826813,0.23145062250655365
932,0.0057147828508158915,0.0095895646094130756,0.031270522692467252,0.037723215975013054,0.21426614148181153,0.25228266937297061
933,0.0056687479052083137,0.010138851752143461,0.031113373814236612,0.037910317094757506,0.21264717707444,0.27255929035704807
934,0.0059903998666850471,0.011882103494686302,0.031208228499019431,0.03948709822259646,0.23031804690171051,0.31157120091479495
935,0.005952280776828466,0.012482547682596979,0.031102550247506522,0.039580637998890229,0.23285100588608551,0.32827179653208927
936,0.0076658769078221242,0.013382566250543198,0.035107464186480336,0.04391890195545077,0.24034221989672852,0.28927119595568851
937,0.0076029094781521209,0.014026423588877891,0.034788406483840566,0.044182474125919385,0.23813953024905396,0.30842128915351108
938,0.0081178738847526577,0.015979894149922246,0.034977227575583116,0.045305653849711545,0.2493591083030777,0.34688567144435123
939,0.0080505905259471468,0.016366461108327516,0.034745099775498618,0.044959414662335905,0.25209710726548007,0.36131094915431217
940,0.010554697521022562,0.019988843038428742,0.038334130642010501,0.049203108818792612,0.30163075549166873,0.39927889925997928
941,0.010481460807856564,0.02057208810217865,0.038083794659409614,0.049333883602296798,0.29908766371768192,0.4112366638855286
942,0.010828613319114619,0.02260759650963691,0.038230463812352296,0.049362262523720835,0.30383107790756991,0.44508685690921024
943,0.01076525284894363,0.022986445732603718,0.038004921097853452,0.049332230688635972,0.30656836161423495,0.45146908385317996
944,0.008155516717716112,0.019431646589185628,0.038332693352712548,0.053997078495908894,0.23468281847994996,0.34041433555644229
945,0.0080842560457084142,0.020286866305454451,0.038016565549657676,0.054438360195672865,0.23275703404660034,0.35927911622088626
946,0.0085445161072266827,0.022645999070718518,0.037882718424121949,0.056061803186122576,0.2463820001911621,0.39581959468882755
947,0.0084806126308606747,0.023275611583065792,0.03772304860682326,0.056045789819539102,0.24754140505600739,0.40967147571604923
948,0.010922816565221536,0.026570435582416688,0.040885478749361173,0.059968993016502221,0.29580696446459964,0.43126945716899112
949,0.010834919474158095,0.027380914843004412,0.040617145668944518,0.060183913292642936,0.2933932743744202,0.44522871596377567
950,0.011166864283783098,0.029689138396738736,0.040391934519794524,0.061711197536156559,0.29954764971543124,0.47507857305567935
951,0.011109025360805739,0.030288728839662823,0.040248805028103865,0.061940518108964324,0.30208037028122714,0.48414959532778934
952,0.013916282673627595,0.033710204799644893,0.045328213991591787,0.069285569245394654,0.3209959469513245,0.47232939822238162
953,0.013800753329066266,0.034606068563107134,0.044996099333714783,0.069653127155404365,0.31845273596804813,0.48531954509776309
954,0.014204197464050208,0.037175001703276367,0.044976979108545825,0.072185308833363729,0.32343256686444088,0.51125295979541019
955,0.014099449813956466,0.037542560524748213,0.044631549157745705,0.072529012530819101,0.32204550717587277,0.51661880833666995
956,0.016768474976000224,0.042270081921451402,0.048374259969647629,0.078687566649186053,0.37301447016757205,0.54174058658641056
957,0.016640580778383637,0.042544119192616262,0.047999557043282154,0.079166789045416963,0.37040319067996219,0.54307072383921817
958,0.016990203581415314,0.044383590191970045,0.047917793756173437,0.082091001742146313,0.37436773402255252,0.5462432704643555
959,0.016913665480162446,0.043716038632827491,0.047647654643424173,0.081761361723150905,0.37202318532031253,0.54004891736071781
960,0.0034586876151705809,0.0035895475988735794,0.027902172461954144,0.025988828144771291,0.13911769518662262,0.12592575678635406
961,0.0034106588494215505,0.0037533420885859231,0.027660551447106281,0.026193485613202193,0.14250824580002594,0.13270018396537972
962,0.0038093097396955495,0.0049194776784594043,0.028177162679204143,0.028848791720462463,0.16269848475266266,0.16152100039284897
963,0.0037713011806679814,0.0052606722642509285,0.027965063773449129,0.0295671956295166,0.16608903536606598,0.17620843423169327
964,0.0052559228463616159,0.0075883616804511625,0.030193617738739204,0.034867569402666866,0.20384142527390289,0.20402089485932159
965,0.0052194040139642338,0.0076191191221531241,0.030081253676215943,0.034451331701909428,0.20673678049851227,0.21497433406871033
966,0.0056490760806683273,0.0097170282117237904,0.030602762172733375,0.037269069352760857,0.22255323061753082,0.25950676722090915
967,0.0056173240735196183,0.010030789377776041,0.030554074482405245,0.036994712351338797,0.2254483474235611,0.27606820089381412
968,0.007026083719555317,0.011223091859731516,0.034047264483859155,0.041624058480176591,0.22174169642489625,0.24905506501007843
969,0.0069753379064871734,0.011347050240890534,0.033759852072229785,0.041319960370048842,0.22246000895310211,0.25551045665550998
970,0.0075974652356711895,0.013450033369609624,0.034308512089624717,0.044013399151342628,0.24193451533127594,0.29117353779833988
971,0.0075399089693221656,0.013743138741576726,0.034094957079765266,0.043594190883102693,0.24502847323227692,0.3057231060938187
972,0.0098633686465262362,0.018080101159906214,0.037231654808620507,0.049193827904134686,0.28576736671488956,0.35605522019427494
973,0.0098078628433892791,0.018183307964473438,0.037018185863196565,0.048347650333311509,0.28282942397158817,0.36771007401507572
974,0.0102856301829315,0.020789763337817742,0.037279504903512353,0.049516726336004444,0.29680750498581698,0.40849967820208744
975,0.010240927403784199,0.021222709312355873,0.037165245656003085,0.04899918571895346,0.2999071849327164,0.42121570331614688
976,0.0075139734217102658,0.016887283449642208,0.0371379089852098,0.051610159719282435,0.21652199847262574,0.30113314816761783
977,0.0074639165327144109,0.017125258237936151,0.036927229343443606,0.051379813475417889,0.21783063540268707,0.31205764932196811
978,0.0081187279473589509,0.019749398217927375,0.037551672362294709,0.054052965974255379,0.23681471476364899,0.34912179929774478
979,0.0080566930688188571,0.020161222208072625,0.037382870899865098,0.054012972058307761,0.23970983156967926,0.36193733436625675
980,0.010179689563672111,0.024483890854668889,0.03930936769964747,0.059213124601342718,0.28220691306155399,0.39545871836703494
981,0.010126687577962153,0.024529329711236815,0.039158351464278152,0.058724740561032586,0.2796913586334534,0.40407844407122806
982,0.010656851136004317,0.027614884359289195,0.039686687530656607,0.060504677076489495,0.29194615015793612,0.44483967644732669
983,0.010606858154160317,0.028099535130520107,0.039555627368171697,0.060323325670162513,0.29483339915085605,0.45556285006564334
984,0.013044207575637835,0.031287460887258443,0.044038056199666081,0.067977014399235106,0.30278797966998294,0.43961619360011295
985,0.012942699451434767,0.031902770913252866,0.043740636402028292,0.06800381305445044,0.29985048396151737,0.45129682642977909
986,0.013461969040749849,0.034724937403438939,0.044076026512493628,0.06994900267769194,0.31038663515854648,0.48201908690493778
987,0.013367368849200985,0.035190625052540683,0.04378758934244676,0.070064412250632022,0.3134872687797623,0.49018644315760806
988,0.015802386696949489,0.040796117543675729,0.046606061523452987,0.076797708303599291,0.35895540339511112,0.52557327372592166
989,0.015697327230788129,0.0408026495741119,0.04630846495058033,0.076966846649801191,0.35594948155444339,0.52874248249095157
990,0.016207418524735846,0.043855056134707908,0.046509500486621079,0.080155969600738008,0.36168911082308963,0.55096491200488285
991,0.01616758726081597,0.043697918504252087,0.046377792648028479,0.080545613910855185,0.3598902148943024,0.54661001784365848
992,0.0034860321129650098,0.0032147157991441462,0.027874031005632478,0.025199742677355381,0.14047715792465973,0.11050201896873856
993,0.0034381391435571607,0.0032949226446783338,0.02762943829889327,0.024921798207919277,0.14350507387924957,0.11705468539444351
994,0.003846212859740379,0.0045401934047758019,0.028198599913564274,0.028312356443216852,0.16405866274643707,0.1424063814621048
995,0.0038066711092689027,0.0049470401272825003,0.02800017503956756,0.029049489684823283,0.16699049601364899,0.15943716985743714
996,0.0052970338548588205,0.0069786343390660808,0.030249856651123057,0.034304283920421959,0.2045135272483902,0.18329302946139145
997,0.0052603632489938521,0.0073213100553157417,0.030139311175824298,0.034469266384224401,0.2070469630699234,0.19530147293616104
998,0.0056925066975466862,0.0093331454995273077,0.030687739928142017,0.037390602353143759,0.22322533259201813,0.24119563920062256
999,0.0056607554949308306,0.0099176153123246621,0.030625980832296368,0.037802544723836845,0.22575805315781403,0.26231200022261814
1000,0.007098287895016645,0.010582571219375609,0.034031627996541747,0.040850521246902513,0.22355671746295167,0.23227301964569855
1001,0.0070501168692319524,0.010791089935717835,0.033802962360675891,0.040709324098231914,0.22353193888474274,0.23968645164776611
1002,0.0076468078925755493,0.01315142894132847,0.034325470739799614,0.044240400703106635,0.24268148073960114,0.27409259209442904
1003,0.0075964711157646605,0.013664764573256234,0.034147823715189207,0.044415563020144974,0.24533770212937164,0.29202390236418918
1004,0.0099255856829129352,0.017620149609368016,0.037265213748630309,0.049563870117112482,0.28710981232684329,0.33507557732623294
1005,0.0098716190609075896,0.017857391061349381,0.037068751600739865,0.049024724768572031,0.28456630332034305,0.35138632876437381
1006,0.010351435124539838,0.020519011610392855,0.037347112379925912,0.050105916903438519,0.29755447039414218,0.39926712734263614
1007,0.01031011125396971,0.021240124620555408,0.037239116864906927,0.049940653371663729,0.30026505121994784,0.41566505057376102
1008,0.007584122120415324,0.015835753283938443,0.037146015020329839,0.050559347685521276,0.2184916935638733,0.27948563525486758
1009,0.0075335837197112836,0.016438316039002837,0.036936193917320462,0.050826581873287494,0.21882794031906891,0.29087265560437014
1010,0.0081685762078917597,0.019096504637514458,0.03758257582013029,0.053980907828584328,0.2374875319938736,0.32735680563014224
1011,0.0081050210769914692,0.019886408739682792,0.037389725280526767,0.054384267845595205,0.24002001414109039,0.34699236375849918
1012,0.01024468016870444,0.023551709152516465,0.039333563591240427,0.059156172140242977,0.28370406252902225,0.37200786692660526
1013,0.010190714527019364,0.024002383007910636,0.039192505472431097,0.059009343709700103,0.28158261401217655,0.385930319853241
1014,0.01072289763221896,0.027156421637720515,0.039724233783789961,0.060751872114572232,0.2926144374351578,0.43327977282565311
1015,0.010672299639754641,0.02802182130609495,0.039593665895046801,0.060896335850870419,0.29514334330368808,0.44810914022486881
1016,0.013106895885398675,0.030140990120332476,0.044054810299795202,0.067114581565219614,0.30413045508425907,0.41940369436550906
1017,0.013005300786937145,0.030913710943119687,0.043748992560832346,0.067404680052615434,0.3015872441009827,0.43160243851702884
1018,0.013526601491983431,0.033846260084229224,0.044076650859388895,0.06943622705512538,0.31113383898545077,0.46871237976115421
1019,0.013432027010702938,0.034525895510211881,0.043796097707569565,0.069441778068069573,0.31387183794785312,0.48144253117602542
1020,0.015865482609344096,0.039818844453987409,0.046572627941374137,0.075653872477447523,0.36020322663348392,0.51351763827365116
1021,0.015760271250882803,0.040296262721674941,0.046253821349742645,0.076001034039759177,0.35759164912265018,0.52228810412448123
1022,0.016271473550036209,0.043875476483371811,0.046488607502589548,0.079756497976738339,0.36289544922869876,0.55244853121798709
1023,0.016225809163641202,0.044014793155382426,0.046350149486207276,0.080167309402339612,0.36064692360919193,0.55320804340403751
