run,candidate_index,fitness,shape_error,chromosome
1,0,-0.02049156790387248,0.02049156790387248,"[[1,1,0,0,0,0,0,0,0,0],[1,1,1,0,1,0,0,0,0,0]]"
1,1,-0.02044060958410835,0.02044060958410835,"[[1,1,0,0,0,0,0,0,0,0],[1,1,1,0,1,0,0,0,0,1]]"
1,2,-0.021176507084161644,0.021176507084161644,"[[1,1,0,0,0,0,0,0,0,0],[1,1,1,0,1,0,0,0,1,0]]"
1,3,-0.02112662054198365,0.02112662054198365,"[[1,1,0,0,0,0,0,0,0,0],[1,1,1,0,1,0,0,0,1,1]]"
1,4,-0.02431721078953733,0.02431721078953733,"[[1,1,0,0,0,0,0,0,0,0],[1,1,1,0,1,0,0,1,0,0]]"
1,5,-0.024253816602770775,0.024253816602770775,"[[1,1,0,0,0,0,0,0,0,0],[1,1,1,0,1,0,0,1,0,1]]"
1,6,-0.02507765323940179,0.02507765323940179,"[[1,1,0,0,0,0,0,0,0,0],[1,1,1,0,1,0,0,1,1,0]]"
1,7,-0.025015414669369497,0.025015414669369497,"[[1,1,0,0,0,0,0,0,0,0],[1,1,1,0,1,0,0,1,1,1]]"
1,8,-0.030011012181250893,0.030011012181250893,"[[1,1,0,0,0,0,0,0,0,0],[1,1,1,0,1,0,1,0,0,0]]"
1,9,-0.02993223141370336,0.02993223141370336,"[[1,1,0,0,0,0,0,0,0,0],[1,1,1,0,1,0,1,0,0,1]]"
1,10,-0.030872617032431483,0.030872617032431483,"[[1,1,0,0,0,0,0,0,0,0],[1,1,1,0,1,0,1,0,1,0]]"
1,11,-0.030794910023222807,0.030794910023222807,"[[1,1,0,0,0,0,0,0,0,0],[1,1,1,0,1,0,1,0,1,1]]"
1,12,-0.03476753649010935,0.03476753649010935,"[[1,1,0,0,0,0,0,0,0,0],[1,1,1,0,1,0,1,1,0,0]]"
1,13,-0.03468584851413483,0.03468584851413483,"[[1,1,0,0,0,0,0,0,0,0],[1,1,1,0,1,0,1,1,0,1]]"
1,14,-0.03571594300059023,0.03571594300059023,"[[1,1,0,0,0,0,0,0,0,0],[1,1,1,0,1,0,1,1,1,0]]"
1,15,-0.03563532703583378,0.03563532703583378,"[[1,1,0,0,0,0,0,0,0,0],[1,1,1,0,1,0,1,1,1,1]]"
1,16,-0.03340268091317307,0.03340268091317307,"[[1,1,0,0,0,0,0,0,0,0],[1,1,1,0,1,1,0,0,0,0]]"
1,17,-0.033273233748953024,0.033273233748953024,"[[1,1,0,0,0,0,0,0,0,0],[1,1,1,0,1,1,0,0,0,1]]"
1,18,-0.03435757719937868,0.03435757719937868,"[[1,1,0,0,0,0,0,0,0,0],[1,1,1,0,1,1,0,0,1,0]]"
1,19,-0.034228758507170866,0.034228758507170866,"[[1,1,0,0,0,0,0,0,0,0],[1,1,1,0,1,1,0,0,1,1]]"
1,20,-0.038695829488238756,0.038695829488238756,"[[1,1,0,0,0,0,0,0,0,0],[1,1,1,0,1,1,0,1,0,0]]"
1,21,-0.03855236038045344,0.03855236038045344,"[[1,1,0,0,0,0,0,0,0,0],[1,1,1,0,1,1,0,1,0,1]]"
1,22,-0.0397312539419625,0.0397312539419625,"[[1,1,0,0,0,0,0,0,0,0],[1,1,1,0,1,1,0,1,1,0]]"
1,23,-0.039588322255940785,0.039588322255940785,"[[1,1,0,0,0,0,0,0,0,0],[1,1,1,0,1,1,0,1,1,1]]"
1,24,-0.046283678576553,0.046283678576553,"[[1,1,0,0,0,0,0,0,0,0],[1,1,1,0,1,1,1,0,0,0]]"
1,25,-0.04612879069963634,0.04612879069963634,"[[1,1,0,0,0,0,0,0,0,0],[1,1,1,0,1,1,1,0,0,1]]"
1,26,-0.04743564026308606,0.04743564026308606,"[[1,1,0,0,0,0,0,0,0,0],[1,1,1,0,1,1,1,0,1,0]]"
1,27,-0.047281197850414534,0.047281197850414534,"[[1,1,0,0,0,0,0,0,0,0],[1,1,1,0,1,1,1,0,1,1]]"
1,28,-0.05259237755477945,0.05259237755477945,"[[1,1,0,0,0,0,0,0,0,0],[1,1,1,0,1,1,1,1,0,0]]"
1,29,-0.05244379737071302,0.05244379737071302,"[[1,1,0,0,0,0,0,0,0,0],[1,1,1,0,1,1,1,1,0,1]]"
1,30,-0.053825412121846127,0.053825412121846127,"[[1,1,0,0,0,0,0,0,0,0],[1,1,1,0,1,1,1,1,1,0]]"
1,31,-0.05368435103419758,0.05368435103419758,"[[1,1,0,0,0,0,0,0,0,0],[1,1,1,0,1,1,1,1,1,1]]"
1,32,-0.020480091221001185,0.020480091221001185,"[[1,1,0,0,0,0,0,0,0,1],[1,1,1,0,1,0,0,0,0,0]]"
1,33,-0.020419207531808373,0.020419207531808373,"[[1,1,0,0,0,0,0,0,0,1],[1,1,1,0,1,0,0,0,0,1]]"
1,34,-0.02116281832836266,0.02116281832836266,"[[1,1,0,0,0,0,0,0,0,1],[1,1,1,0,1,0,0,0,1,0]]"
1,35,-0.021102877226121367,0.021102877226121367,"[[1,1,0,0,0,0,0,0,0,1],[1,1,1,0,1,0,0,0,1,1]]"
1,36,-0.024313231079163708,0.024313231079163708,"[[1,1,0,0,0,0,0,0,0,1],[1,1,1,0,1,0,0,1,0,0]]"
1,37,-0.02424747700925064,0.02424747700925064,"[[1,1,0,0,0,0,0,0,0,1],[1,1,1,0,1,0,0,1,0,1]]"
1,38,-0.025073179606347865,0.025073179606347865,"[[1,1,0,0,0,0,0,0,0,1],[1,1,1,0,1,0,0,1,1,0]]"
1,39,-0.025008448863998726,0.025008448863998726,"[[1,1,0,0,0,0,0,0,0,1],[1,1,1,0,1,0,0,1,1,1]]"
1,40,-0.029975060919797684,0.029975060919797684,"[[1,1,0,0,0,0,0,0,0,1],[1,1,1,0,1,0,1,0,0,0]]"
1,41,-0.029893249470383708,0.029893249470383708,"[[1,1,0,0,0,0,0,0,0,1],[1,1,1,0,1,0,1,0,0,1]]"
1,42,-0.030836150517423402,0.030836150517423402,"[[1,1,0,0,0,0,0,0,0,1],[1,1,1,0,1,0,1,0,1,0]]"
1,43,-0.030755278426676934,0.030755278426676934,"[[1,1,0,0,0,0,0,0,0,1],[1,1,1,0,1,0,1,0,1,1]]"
1,44,-0.034755605277630275,0.034755605277630275,"[[1,1,0,0,0,0,0,0,0,1],[1,1,1,0,1,0,1,1,0,0]]"
1,45,-0.03467031170090346,0.03467031170090346,"[[1,1,0,0,0,0,0,0,0,1],[1,1,1,0,1,0,1,1,0,1]]"
1,46,-0.03570347834666018,0.03570347834666018,"[[1,1,0,0,0,0,0,0,0,1],[1,1,1,0,1,0,1,1,1,0]]"
1,47,-0.035617901422951195,0.035617901422951195,"[[1,1,0,0,0,0,0,0,0,1],[1,1,1,0,1,0,1,1,1,1]]"
1,48,-0.033397863822983716,0.033397863822983716,"[[1,1,0,0,0,0,0,0,0,1],[1,1,1,0,1,1,0,0,0,0]]"
1,49,-0.033263815238804215,0.033263815238804215,"[[1,1,0,0,0,0,0,0,0,1],[1,1,1,0,1,1,0,0,0,1]]"
1,50,-0.03435206917267795,0.03435206917267795,"[[1,1,0,0,0,0,0,0,0,1],[1,1,1,0,1,1,0,0,1,0]]"
1,51,-0.03421829586937839,0.03421829586937839,"[[1,1,0,0,0,0,0,0,0,1],[1,1,1,0,1,1,0,0,1,1]]"
1,52,-0.038683191226628263,0.038683191226628263,"[[1,1,0,0,0,0,0,0,0,1],[1,1,1,0,1,1,0,1,0,0]]"
1,53,-0.03853395886797647,0.03853395886797647,"[[1,1,0,0,0,0,0,0,0,1],[1,1,1,0,1,1,0,1,0,1]]"
1,54,-0.039718468337897245,0.039718468337897245,"[[1,1,0,0,0,0,0,0,0,1],[1,1,1,0,1,1,0,1,1,0]]"
1,55,-0.03956963598269116,0.03956963598269116,"[[1,1,0,0,0,0,0,0,0,1],[1,1,1,0,1,1,0,1,1,1]]"
1,56,-0.046239692863908714,0.046239692863908714,"[[1,1,0,0,0,0,0,0,0,1],[1,1,1,0,1,1,1,0,0,0]]"
1,57,-0.04608341509649555,0.04608341509649555,"[[1,1,0,0,0,0,0,0,0,1],[1,1,1,0,1,1,1,0,0,1]]"
1,58,-0.0473816732666487,0.0473816732666487,"[[1,1,0,0,0,0,0,0,0,1],[1,1,1,0,1,1,1,0,1,0]]"
1,59,-0.04723324669584665,0.04723324669584665,"[[1,1,0,0,0,0,0,0,0,1],[1,1,1,0,1,1,1,0,1,1]]"
1,60,-0.05254319378444948,0.05254319378444948,"[[1,1,0,0,0,0,0,0,0,1],[1,1,1,0,1,1,1,1,0,0]]"
1,61,-0.052394068027394075,0.052394068027394075,"[[1,1,0,0,0,0,0,0,0,1],[1,1,1,0,1,1,1,1,0,1]]"
1,62,-0.05377566668131355,0.05377566668131355,"[[1,1,0,0,0,0,0,0,0,1],[1,1,1,0,1,1,1,1,1,0]]"
1,63,-0.05362730741355804,0.05362730741355804,"[[1,1,0,0,0,0,0,0,0,1],[1,1,1,0,1,1,1,1,1,1]]"
1,64,-0.01953081886308038,0.01953081886308038,"[[1,1,0,0,0,0,0,0,1,0],[1,1,1,0,1,0,0,0,0,0]]"
1,65,-0.019469522338798912,0.019469522338798912,"[[1,1,0,0,0,0,0,0,1,0],[1,1,1,0,1,0,0,0,0,1]]"
1,66,-0.020397291396571933,0.020397291396571933,"[[1,1,0,0,0,0,0,0,1,0],[1,1,1,0,1,0,0,0,1,0]]"
1,67,-0.02033430650978925,0.02033430650978925,"[[1,1,0,0,0,0,0,0,1,0],[1,1,1,0,1,0,0,0,1,1]]"
1,68,-0.023277434378484046,0.023277434378484046,"[[1,1,0,0,0,0,0,0,1,0],[1,1,1,0,1,0,0,1,0,0]]"
1,69,-0.023200485445416894,0.023200485445416894,"[[1,1,0,0,0,0,0,0,1,0],[1,1,1,0,1,0,0,1,0,1]]"
1,70,-0.02422787435358313,0.02422787435358313,"[[1,1,0,0,0,0,0,0,1,0],[1,1,1,0,1,0,0,1,1,0]]"
1,71,-0.024149927733037223,0.024149927733037223,"[[1,1,0,0,0,0,0,0,1,0],[1,1,1,0,1,0,0,1,1,1]]"
1,72,-0.028828928559913876,0.028828928559913876,"[[1,1,0,0,0,0,0,0,1,0],[1,1,1,0,1,0,1,0,0,0]]"
1,73,-0.028745530665967745,0.028745530665967745,"[[1,1,0,0,0,0,0,0,1,0],[1,1,1,0,1,0,1,0,0,1]]"
1,74,-0.02991804643404772,0.02991804643404772,"[[1,1,0,0,0,0,0,0,1,0],[1,1,1,0,1,0,1,0,1,0]]"
1,75,-0.02983295935335394,0.02983295935335394,"[[1,1,0,0,0,0,0,0,1,0],[1,1,1,0,1,0,1,0,1,1]]"
1,76,-0.03346556315526894,0.03346556315526894,"[[1,1,0,0,0,0,0,0,1,0],[1,1,1,0,1,0,1,1,0,0]]"
1,77,-0.033366525909529765,0.033366525909529765,"[[1,1,0,0,0,0,0,0,1,0],[1,1,1,0,1,0,1,1,0,1]]"
1,78,-0.03466098732077128,0.03466098732077128,"[[1,1,0,0,0,0,0,0,1,0],[1,1,1,0,1,0,1,1,1,0]]"
1,79,-0.034560253227832426,0.034560253227832426,"[[1,1,0,0,0,0,0,0,1,0],[1,1,1,0,1,0,1,1,1,1]]"
1,80,-0.0319625904354869,0.0319625904354869,"[[1,1,0,0,0,0,0,0,1,0],[1,1,1,0,1,1,0,0,0,0]]"
1,81,-0.031839494984223914,0.031839494984223914,"[[1,1,0,0,0,0,0,0,1,0],[1,1,1,0,1,1,0,0,0,1]]"
1,82,-0.03315463234371697,0.03315463234371697,"[[1,1,0,0,0,0,0,0,1,0],[1,1,1,0,1,1,0,0,1,0]]"
1,83,-0.03302970527423141,0.03302970527423141,"[[1,1,0,0,0,0,0,0,1,0],[1,1,1,0,1,1,0,0,1,1]]"
1,84,-0.03703973486536478,0.03703973486536478,"[[1,1,0,0,0,0,0,0,1,0],[1,1,1,0,1,1,0,1,0,0]]"
1,85,-0.036903538999218784,0.036903538999218784,"[[1,1,0,0,0,0,0,0,1,0],[1,1,1,0,1,1,0,1,0,1]]"
1,86,-0.03816580913419347,0.03816580913419347,"[[1,1,0,0,0,0,0,0,1,0],[1,1,1,0,1,1,0,1,1,0]]"
1,87,-0.038030012559215634,0.038030012559215634,"[[1,1,0,0,0,0,0,0,1,0],[1,1,1,0,1,1,0,1,1,1]]"
1,88,-0.04455648922054932,0.04455648922054932,"[[1,1,0,0,0,0,0,0,1,0],[1,1,1,0,1,1,1,0,0,0]]"
1,89,-0.04440778761185764,0.04440778761185764,"[[1,1,0,0,0,0,0,0,1,0],[1,1,1,0,1,1,1,0,0,1]]"
1,90,-0.045990962034360795,0.045990962034360795,"[[1,1,0,0,0,0,0,0,1,0],[1,1,1,0,1,1,1,0,1,0]]"
1,91,-0.04584056305257915,0.04584056305257915,"[[1,1,0,0,0,0,0,0,1,0],[1,1,1,0,1,1,1,0,1,1]]"
1,92,-0.0506757188216619,0.0506757188216619,"[[1,1,0,0,0,0,0,0,1,0],[1,1,1,0,1,1,1,1,0,0]]"
1,93,-0.05051062076941996,0.05051062076941996,"[[1,1,0,0,0,0,0,0,1,0],[1,1,1,0,1,1,1,1,0,1]]"
1,94,-0.052002814097324095,0.052002814097324095,"[[1,1,0,0,0,0,0,0,1,0],[1,1,1,0,1,1,1,1,1,0]]"
1,95,-0.051832196518040344,0.051832196518040344,"[[1,1,0,0,0,0,0,0,1,0],[1,1,1,0,1,1,1,1,1,1]]"
1,96,-0.019551910482166833,0.019551910482166833,"[[1,1,0,0,0,0,0,0,1,1],[1,1,1,0,1,0,0,0,0,0]]"
1,97,-0.01948922624567144,0.01948922624567144,"[[1,1,0,0,0,0,0,0,1,1],[1,1,1,0,1,0,0,0,0,1]]"
1,98,-0.02041637909137079,0.02041637909137079,"[[1,1,0,0,0,0,0,0,1,1],[1,1,1,0,1,0,0,0,1,0]]"
1,99,-0.02035181253162483,0.02035181253162483,"[[1,1,0,0,0,0,0,0,1,1],[1,1,1,0,1,0,0,0,1,1]]"
1,100,-0.023293012819718236,0.023293012819718236,"[[1,1,0,0,0,0,0,0,1,1],[1,1,1,0,1,0,0,1,0,0]]"
1,101,-0.02321382113306785,0.02321382113306785,"[[1,1,0,0,0,0,0,0,1,1],[1,1,1,0,1,0,0,1,0,1]]"
1,102,-0.024240225605322865,0.024240225605322865,"[[1,1,0,0,0,0,0,0,1,1],[1,1,1,0,1,0,0,1,1,0]]"
1,103,-0.024161721572205884,0.024161721572205884,"[[1,1,0,0,0,0,0,0,1,1],[1,1,1,0,1,0,0,1,1,1]]"
1,104,-0.028831810643414776,0.028831810643414776,"[[1,1,0,0,0,0,0,0,1,1],[1,1,1,0,1,0,1,0,0,0]]"
1,105,-0.028736034185657785,0.028736034185657785,"[[1,1,0,0,0,0,0,0,1,1],[1,1,1,0,1,0,1,0,0,1]]"
1,106,-0.02991661557048072,0.02991661557048072,"[[1,1,0,0,0,0,0,0,1,1],[1,1,1,0,1,0,1,0,1,0]]"
1,107,-0.029818746576575586,0.029818746576575586,"[[1,1,0,0,0,0,0,0,1,1],[1,1,1,0,1,0,1,0,1,1]]"
1,108,-0.03347665099893364,0.03347665099893364,"[[1,1,0,0,0,0,0,0,1,1],[1,1,1,0,1,0,1,1,0,0]]"
1,109,-0.033374142755451724,0.033374142755451724,"[[1,1,0,0,0,0,0,0,1,1],[1,1,1,0,1,0,1,1,0,1]]"
1,110,-0.034665747634416454,0.034665747634416454,"[[1,1,0,0,0,0,0,0,1,1],[1,1,1,0,1,0,1,1,1,0]]"
1,111,-0.03456567587257497,0.03456567587257497,"[[1,1,0,0,0,0,0,0,1,1],[1,1,1,0,1,0,1,1,1,1]]"
1,112,-0.0319598001045202,0.0319598001045202,"[[1,1,0,0,0,0,0,0,1,1],[1,1,1,0,1,1,0,0,0,0]]"
1,113,-0.03183221448655969,0.03183221448655969,"[[1,1,0,0,0,0,0,0,1,1],[1,1,1,0,1,1,0,0,0,1]]"
1,114,-0.03314990435542765,0.03314990435542765,"[[1,1,0,0,0,0,0,0,1,1],[1,1,1,0,1,1,0,0,1,0]]"
1,115,-0.033020300967851676,0.033020300967851676,"[[1,1,0,0,0,0,0,0,1,1],[1,1,1,0,1,1,0,0,1,1]]"
1,116,-0.03703119474341694,0.03703119474341694,"[[1,1,0,0,0,0,0,0,1,1],[1,1,1,0,1,1,0,1,0,0]]"
1,117,-0.036889637033588066,0.036889637033588066,"[[1,1,0,0,0,0,0,0,1,1],[1,1,1,0,1,1,0,1,0,1]]"
1,118,-0.03815711376124629,0.03815711376124629,"[[1,1,0,0,0,0,0,0,1,1],[1,1,1,0,1,1,0,1,1,0]]"
1,119,-0.038015882199657756,0.038015882199657756,"[[1,1,0,0,0,0,0,0,1,1],[1,1,1,0,1,1,0,1,1,1]]"
1,120,-0.04454475626100568,0.04454475626100568,"[[1,1,0,0,0,0,0,0,1,1],[1,1,1,0,1,1,1,0,0,0]]"
1,121,-0.04439000939186001,0.04439000939186001,"[[1,1,0,0,0,0,0,0,1,1],[1,1,1,0,1,1,1,0,0,1]]"
1,122,-0.04597722097181525,0.04597722097181525,"[[1,1,0,0,0,0,0,0,1,1],[1,1,1,0,1,1,1,0,1,0]]"
1,123,-0.04582060595999268,0.04582060595999268,"[[1,1,0,0,0,0,0,0,1,1],[1,1,1,0,1,1,1,0,1,1]]"
1,124,-0.05065848889705169,0.05065848889705169,"[[1,1,0,0,0,0,0,0,1,1],[1,1,1,0,1,1,1,1,0,0]]"
1,125,-0.050486459717142586,0.050486459717142586,"[[1,1,0,0,0,0,0,0,1,1],[1,1,1,0,1,1,1,1,0,1]]"
1,126,-0.05198541772227255,0.05198541772227255,"[[1,1,0,0,0,0,0,0,1,1],[1,1,1,0,1,1,1,1,1,0]]"
1,127,-0.05180683153376007,0.05180683153376007,"[[1,1,0,0,0,0,0,0,1,1],[1,1,1,0,1,1,1,1,1,1]]"
1,128,-0.01610775887202579,0.01610775887202579,"[[1,1,0,0,0,0,0,1,0,0],[1,1,1,0,1,0,0,0,0,0]]"
1,129,-0.015975501905144712,0.015975501905144712,"[[1,1,0,0,0,0,0,1,0,0],[1,1,1,0,1,0,0,0,0,1]]"
1,130,-0.016399123962829196,0.016399123962829196,"[[1,1,0,0,0,0,0,1,0,0],[1,1,1,0,1,0,0,0,1,0]]"
1,131,-0.016333210310547696,0.016333210310547696,"[[1,1,0,0,0,0,0,1,0,0],[1,1,1,0,1,0,0,0,1,1]]"
1,132,-0.019578039886735996,0.019578039886735996,"[[1,1,0,0,0,0,0,1,0,0],[1,1,1,0,1,0,0,1,0,0]]"
1,133,-0.019513563910824615,0.019513563910824615,"[[1,1,0,0,0,0,0,1,0,0],[1,1,1,0,1,0,0,1,0,1]]"
1,134,-0.020259324242996347,0.020259324242996347,"[[1,1,0,0,0,0,0,1,0,0],[1,1,1,0,1,0,0,1,1,0]]"
1,135,-0.020195296308202323,0.020195296308202323,"[[1,1,0,0,0,0,0,1,0,0],[1,1,1,0,1,0,0,1,1,1]]"
1,136,-0.0244305278719589,0.0244305278719589,"[[1,1,0,0,0,0,0,1,0,0],[1,1,1,0,1,0,1,0,0,0]]"
1,137,-0.0242680653676747,0.0242680653676747,"[[1,1,0,0,0,0,0,1,0,0],[1,1,1,0,1,0,1,0,0,1]]"
1,138,-0.024810166737691843,0.024810166737691843,"[[1,1,0,0,0,0,0,1,0,0],[1,1,1,0,1,0,1,0,1,0]]"
1,139,-0.024713037652856516,0.024713037652856516,"[[1,1,0,0,0,0,0,1,0,0],[1,1,1,0,1,0,1,0,1,1]]"
1,140,-0.02894853379529899,0.02894853379529899,"[[1,1,0,0,0,0,0,1,0,0],[1,1,1,0,1,0,1,1,0,0]]"
1,141,-0.028858468380672804,0.028858468380672804,"[[1,1,0,0,0,0,0,1,0,0],[1,1,1,0,1,0,1,1,0,1]]"
1,142,-0.02981287447380689,0.02981287447380689,"[[1,1,0,0,0,0,0,1,0,0],[1,1,1,0,1,0,1,1,1,0]]"
1,143,-0.029721254132131968,0.029721254132131968,"[[1,1,0,0,0,0,0,1,0,0],[1,1,1,0,1,0,1,1,1,1]]"
1,144,-0.027484119556318135,0.027484119556318135,"[[1,1,0,0,0,0,0,1,0,0],[1,1,1,0,1,1,0,0,0,0]]"
1,145,-0.027240868750307165,0.027240868750307165,"[[1,1,0,0,0,0,0,1,0,0],[1,1,1,0,1,1,0,0,0,1]]"
1,146,-0.027746152354561744,0.027746152354561744,"[[1,1,0,0,0,0,0,1,0,0],[1,1,1,0,1,1,0,0,1,0]]"
1,147,-0.027609748387233048,0.027609748387233048,"[[1,1,0,0,0,0,0,1,0,0],[1,1,1,0,1,1,0,0,1,1]]"
1,148,-0.03205700780724268,0.03205700780724268,"[[1,1,0,0,0,0,0,1,0,0],[1,1,1,0,1,1,0,1,0,0]]"
1,149,-0.031933646389075566,0.031933646389075566,"[[1,1,0,0,0,0,0,1,0,0],[1,1,1,0,1,1,0,1,0,1]]"
1,150,-0.03299808958319116,0.03299808958319116,"[[1,1,0,0,0,0,0,1,0,0],[1,1,1,0,1,1,0,1,1,0]]"
1,151,-0.03287518313561214,0.03287518313561214,"[[1,1,0,0,0,0,0,1,0,0],[1,1,1,0,1,1,0,1,1,1]]"
1,152,-0.03890639407765853,0.03890639407765853,"[[1,1,0,0,0,0,0,1,0,0],[1,1,1,0,1,1,1,0,0,0]]"
1,153,-0.038645515069500036,0.038645515069500036,"[[1,1,0,0,0,0,0,1,0,0],[1,1,1,0,1,1,1,0,0,1]]"
1,154,-0.03927243986828049,0.03927243986828049,"[[1,1,0,0,0,0,0,1,0,0],[1,1,1,0,1,1,1,0,1,0]]"
1,155,-0.039102324005134276,0.039102324005134276,"[[1,1,0,0,0,0,0,1,0,0],[1,1,1,0,1,1,1,0,1,1]]"
1,156,-0.044676125203513405,0.044676125203513405,"[[1,1,0,0,0,0,0,1,0,0],[1,1,1,0,1,1,1,1,0,0]]"
1,157,-0.044524944834861684,0.044524944834861684,"[[1,1,0,0,0,0,0,1,0,0],[1,1,1,0,1,1,1,1,0,1]]"
1,158,-0.04580938488055647,0.04580938488055647,"[[1,1,0,0,0,0,0,1,0,0],[1,1,1,0,1,1,1,1,1,0]]"
1,159,-0.04565865725501784,0.04565865725501784,"[[1,1,0,0,0,0,0,1,0,0],[1,1,1,0,1,1,1,1,1,1]]"
1,160,-0.016127829372413485,0.016127829372413485,"[[1,1,0,0,0,0,0,1,0,1],[1,1,1,0,1,0,0,0,0,0]]"
1,161,-0.01598163940089577,0.01598163940089577,"[[1,1,0,0,0,0,0,1,0,1],[1,1,1,0,1,0,0,0,0,1]]"
1,162,-0.01641131829587631,0.01641131829587631,"[[1,1,0,0,0,0,0,1,0,1],[1,1,1,0,1,0,0,0,1,0]]"
1,163,-0.01634189679427015,0.01634189679427015,"[[1,1,0,0,0,0,0,1,0,1],[1,1,1,0,1,0,0,0,1,1]]"
1,164,-0.019597564627495373,0.019597564627495373,"[[1,1,0,0,0,0,0,1,0,1],[1,1,1,0,1,0,0,1,0,0]]"
1,165,-0.019526736139852275,0.019526736139852275,"[[1,1,0,0,0,0,0,1,0,1],[1,1,1,0,1,0,0,1,0,1]]"
1,166,-0.02027868684927904,0.02027868684927904,"[[1,1,0,0,0,0,0,1,0,1],[1,1,1,0,1,0,0,1,1,0]]"
1,167,-0.020206485349413616,0.020206485349413616,"[[1,1,0,0,0,0,0,1,0,1],[1,1,1,0,1,0,0,1,1,1]]"
1,168,-0.02444244569587964,0.02444244569587964,"[[1,1,0,0,0,0,0,1,0,1],[1,1,1,0,1,0,1,0,0,0]]"
1,169,-0.02426522204561198,0.02426522204561198,"[[1,1,0,0,0,0,0,1,0,1],[1,1,1,0,1,0,1,0,0,1]]"
1,170,-0.02481204728807424,0.02481204728807424,"[[1,1,0,0,0,0,0,1,0,1],[1,1,1,0,1,0,1,0,1,0]]"
1,171,-0.024705570464910242,0.024705570464910242,"[[1,1,0,0,0,0,0,1,0,1],[1,1,1,0,1,0,1,0,1,1]]"
1,172,-0.028938904162876002,0.028938904162876002,"[[1,1,0,0,0,0,0,1,0,1],[1,1,1,0,1,0,1,1,0,0]]"
1,173,-0.028838706406648804,0.028838706406648804,"[[1,1,0,0,0,0,0,1,0,1],[1,1,1,0,1,0,1,1,0,1]]"
1,174,-0.029801086225263732,0.029801086225263732,"[[1,1,0,0,0,0,0,1,0,1],[1,1,1,0,1,0,1,1,1,0]]"
1,175,-0.029701198009159668,0.029701198009159668,"[[1,1,0,0,0,0,0,1,0,1],[1,1,1,0,1,0,1,1,1,1]]"
1,176,-0.027505788453473574,0.027505788453473574,"[[1,1,0,0,0,0,0,1,0,1],[1,1,1,0,1,1,0,0,0,0]]"
1,177,-0.027242206006276515,0.027242206006276515,"[[1,1,0,0,0,0,0,1,0,1],[1,1,1,0,1,1,0,0,0,1]]"
1,178,-0.027748213289573706,0.027748213289573706,"[[1,1,0,0,0,0,0,1,0,1],[1,1,1,0,1,1,0,0,1,0]]"
1,179,-0.027604941723640804,0.027604941723640804,"[[1,1,0,0,0,0,0,1,0,1],[1,1,1,0,1,1,0,0,1,1]]"
1,180,-0.03205177227745502,0.03205177227745502,"[[1,1,0,0,0,0,0,1,0,1],[1,1,1,0,1,1,0,1,0,0]]"
1,181,-0.031923665251469675,0.031923665251469675,"[[1,1,0,0,0,0,0,1,0,1],[1,1,1,0,1,1,0,1,0,1]]"
1,182,-0.032992695207548065,0.032992695207548065,"[[1,1,0,0,0,0,0,1,0,1],[1,1,1,0,1,1,0,1,1,0]]"
1,183,-0.032864898214811394,0.032864898214811394,"[[1,1,0,0,0,0,0,1,0,1],[1,1,1,0,1,1,0,1,1,1]]"
1,184,-0.03890544250026606,0.03890544250026606,"[[1,1,0,0,0,0,0,1,0,1],[1,1,1,0,1,1,1,0,0,0]]"
1,185,-0.038609139810800594,0.038609139810800594,"[[1,1,0,0,0,0,0,1,0,1],[1,1,1,0,1,1,1,0,0,1]]"
1,186,-0.03924515324782405,0.03924515324782405,"[[1,1,0,0,0,0,0,1,0,1],[1,1,1,0,1,1,1,0,1,0]]"
1,187,-0.03905922172947427,0.03905922172947427,"[[1,1,0,0,0,0,0,1,0,1],[1,1,1,0,1,1,1,0,1,1]]"
1,188,-0.04466313309479628,0.04466313309479628,"[[1,1,0,0,0,0,0,1,0,1],[1,1,1,0,1,1,1,1,0,0]]"
1,189,-0.044505687482821986,0.044505687482821986,"[[1,1,0,0,0,0,0,1,0,1],[1,1,1,0,1,1,1,1,0,1]]"
1,190,-0.045796228620789546,0.045796228620789546,"[[1,1,0,0,0,0,0,1,0,1],[1,1,1,0,1,1,1,1,1,0]]"
1,191,-0.045637651085072235,0.045637651085072235,"[[1,1,0,0,0,0,0,1,0,1],[1,1,1,0,1,1,1,1,1,1]]"
1,192,-0.015150123005627054,0.015150123005627054,"[[1,1,0,0,0,0,0,1,1,0],[1,1,1,0,1,0,0,0,0,0]]"
1,193,-0.015053021653161936,0.015053021653161936,"[[1,1,0,0,0,0,0,1,1,0],[1,1,1,0,1,0,0,0,0,1]]"
1,194,-0.01563150710939761,0.01563150710939761,"[[1,1,0,0,0,0,0,1,1,0],[1,1,1,0,1,0,0,0,1,0]]"
1,195,-0.015575767027298501,0.015575767027298501,"[[1,1,0,0,0,0,0,1,1,0],[1,1,1,0,1,0,0,0,1,1]]"
1,196,-0.0185712505892175,0.0185712505892175,"[[1,1,0,0,0,0,0,1,1,0],[1,1,1,0,1,0,0,1,0,0]]"
1,197,-0.018512962270473124,0.018512962270473124,"[[1,1,0,0,0,0,0,1,1,0],[1,1,1,0,1,0,0,1,0,1]]"
1,198,-0.019415600161390458,0.019415600161390458,"[[1,1,0,0,0,0,0,1,1,0],[1,1,1,0,1,0,0,1,1,0]]"
1,199,-0.01935562820648297,0.01935562820648297,"[[1,1,0,0,0,0,0,1,1,0],[1,1,1,0,1,0,0,1,1,1]]"
1,200,-0.023205734184096785,0.023205734184096785,"[[1,1,0,0,0,0,0,1,1,0],[1,1,1,0,1,0,1,0,0,0]]"
1,201,-0.023091008271191794,0.023091008271191794,"[[1,1,0,0,0,0,0,1,1,0],[1,1,1,0,1,0,1,0,0,1]]"
1,202,-0.02386878534432246,0.02386878534432246,"[[1,1,0,0,0,0,0,1,1,0],[1,1,1,0,1,0,1,0,1,0]]"
1,203,-0.0237844120517393,0.0237844120517393,"[[1,1,0,0,0,0,0,1,1,0],[1,1,1,0,1,0,1,0,1,1]]"
1,204,-0.027672789476057467,0.027672789476057467,"[[1,1,0,0,0,0,0,1,1,0],[1,1,1,0,1,0,1,1,0,0]]"
1,205,-0.02759167770548679,0.02759167770548679,"[[1,1,0,0,0,0,0,1,1,0],[1,1,1,0,1,0,1,1,0,1]]"
1,206,-0.028742260374338368,0.028742260374338368,"[[1,1,0,0,0,0,0,1,1,0],[1,1,1,0,1,0,1,1,1,0]]"
1,207,-0.0286594573252895,0.0286594573252895,"[[1,1,0,0,0,0,0,1,1,0],[1,1,1,0,1,0,1,1,1,1]]"
1,208,-0.026073459833439703,0.026073459833439703,"[[1,1,0,0,0,0,0,1,1,0],[1,1,1,0,1,1,0,0,0,0]]"
1,209,-0.025876841006775435,0.025876841006775435,"[[1,1,0,0,0,0,0,1,1,0],[1,1,1,0,1,1,0,0,0,1]]"
1,210,-0.026618591632424873,0.026618591632424873,"[[1,1,0,0,0,0,0,1,1,0],[1,1,1,0,1,1,0,0,1,0]]"
1,211,-0.02648722747772179,0.02648722747772179,"[[1,1,0,0,0,0,0,1,1,0],[1,1,1,0,1,1,0,0,1,1]]"
1,212,-0.030653969968498455,0.030653969968498455,"[[1,1,0,0,0,0,0,1,1,0],[1,1,1,0,1,1,0,1,0,0]]"
1,213,-0.030536817533886138,0.030536817533886138,"[[1,1,0,0,0,0,0,1,1,0],[1,1,1,0,1,1,0,1,0,1]]"
1,214,-0.03171508413235302,0.03171508413235302,"[[1,1,0,0,0,0,0,1,1,0],[1,1,1,0,1,1,0,1,1,0]]"
1,215,-0.03159770994355186,0.03159770994355186,"[[1,1,0,0,0,0,0,1,1,0],[1,1,1,0,1,1,0,1,1,1]]"
1,216,-0.03718507773996837,0.03718507773996837,"[[1,1,0,0,0,0,0,1,1,0],[1,1,1,0,1,1,1,0,0,0]]"
1,217,-0.03697850925647738,0.03697850925647738,"[[1,1,0,0,0,0,0,1,1,0],[1,1,1,0,1,1,1,0,0,1]]"
1,218,-0.03795475862817829,0.03795475862817829,"[[1,1,0,0,0,0,0,1,1,0],[1,1,1,0,1,1,1,0,1,0]]"
1,219,-0.037789604533879036,0.037789604533879036,"[[1,1,0,0,0,0,0,1,1,0],[1,1,1,0,1,1,1,0,1,1]]"
1,220,-0.04298584814358257,0.04298584814358257,"[[1,1,0,0,0,0,0,1,1,0],[1,1,1,0,1,1,1,1,0,0]]"
1,221,-0.042840871517589287,0.042840871517589287,"[[1,1,0,0,0,0,0,1,1,0],[1,1,1,0,1,1,1,1,0,1]]"
1,222,-0.044357952692121325,0.044357952692121325,"[[1,1,0,0,0,0,0,1,1,0],[1,1,1,0,1,1,1,1,1,0]]"
1,223,-0.044211678331087995,0.044211678331087995,"[[1,1,0,0,0,0,0,1,1,0],[1,1,1,0,1,1,1,1,1,1]]"
1,224,-0.015191889314098237,0.015191889314098237,"[[1,1,0,0,0,0,0,1,1,1],[1,1,1,0,1,0,0,0,0,0]]"
1,225,-0.015084300498268345,0.015084300498268345,"[[1,1,0,0,0,0,0,1,1,1],[1,1,1,0,1,0,0,0,0,1]]"
1,226,-0.01566529974951606,0.01566529974951606,"[[1,1,0,0,0,0,0,1,1,1],[1,1,1,0,1,0,0,0,1,0]]"
1,227,-0.01561799375483305,0.01561799375483305,"[[1,1,0,0,0,0,0,1,1,1],[1,1,1,0,1,0,0,0,1,1]]"
1,228,-0.018592417442901073,0.018592417442901073,"[[1,1,0,0,0,0,0,1,1,1],[1,1,1,0,1,0,0,1,0,0]]"
1,229,-0.018532824569224154,0.018532824569224154,"[[1,1,0,0,0,0,0,1,1,1],[1,1,1,0,1,0,0,1,0,1]]"
1,230,-0.019434771385210943,0.019434771385210943,"[[1,1,0,0,0,0,0,1,1,1],[1,1,1,0,1,0,0,1,1,0]]"
1,231,-0.019377787564672948,0.019377787564672948,"[[1,1,0,0,0,0,0,1,1,1],[1,1,1,0,1,0,0,1,1,1]]"
1,232,-0.02322980837265371,0.02322980837265371,"[[1,1,0,0,0,0,0,1,1,1],[1,1,1,0,1,0,1,0,0,0]]"
1,233,-0.02309236437475315,0.02309236437475315,"[[1,1,0,0,0,0,0,1,1,1],[1,1,1,0,1,0,1,0,0,1]]"
1,234,-0.02387686931775239,0.02387686931775239,"[[1,1,0,0,0,0,0,1,1,1],[1,1,1,0,1,0,1,0,1,0]]"
1,235,-0.023775588948360956,0.023775588948360956,"[[1,1,0,0,0,0,0,1,1,1],[1,1,1,0,1,0,1,0,1,1]]"
1,236,-0.0276891376052042,0.0276891376052042,"[[1,1,0,0,0,0,0,1,1,1],[1,1,1,0,1,0,1,1,0,0]]"
1,237,-0.02760503070390006,0.02760503070390006,"[[1,1,0,0,0,0,0,1,1,1],[1,1,1,0,1,0,1,1,0,1]]"
1,238,-0.028756597003920623,0.028756597003920623,"[[1,1,0,0,0,0,0,1,1,1],[1,1,1,0,1,0,1,1,1,0]]"
1,239,-0.02866858152183896,0.02866858152183896,"[[1,1,0,0,0,0,0,1,1,1],[1,1,1,0,1,0,1,1,1,1]]"
1,240,-0.026096550766837492,0.026096550766837492,"[[1,1,0,0,0,0,0,1,1,1],[1,1,1,0,1,1,0,0,0,0]]"
1,241,-0.025881465449233643,0.025881465449233643,"[[1,1,0,0,0,0,0,1,1,1],[1,1,1,0,1,1,0,0,0,1]]"
1,242,-0.026620569251663527,0.026620569251663527,"[[1,1,0,0,0,0,0,1,1,1],[1,1,1,0,1,1,0,0,1,0]]"
1,243,-0.026485477727912054,0.026485477727912054,"[[1,1,0,0,0,0,0,1,1,1],[1,1,1,0,1,1,0,0,1,1]]"
1,244,-0.030650387910886354,0.030650387910886354,"[[1,1,0,0,0,0,0,1,1,1],[1,1,1,0,1,1,0,1,0,0]]"
1,245,-0.030528817602374074,0.030528817602374074,"[[1,1,0,0,0,0,0,1,1,1],[1,1,1,0,1,1,0,1,0,1]]"
1,246,-0.031710793963491704,0.031710793963491704,"[[1,1,0,0,0,0,0,1,1,1],[1,1,1,0,1,1,0,1,1,0]]"
1,247,-0.03158889624117795,0.03158889624117795,"[[1,1,0,0,0,0,0,1,1,1],[1,1,1,0,1,1,0,1,1,1]]"
1,248,-0.03720670399218134,0.03720670399218134,"[[1,1,0,0,0,0,0,1,1,1],[1,1,1,0,1,1,1,0,0,0]]"
1,249,-0.036976225688275195,0.036976225688275195,"[[1,1,0,0,0,0,0,1,1,1],[1,1,1,0,1,1,1,0,0,1]]"
1,250,-0.037950363767213724,0.037950363767213724,"[[1,1,0,0,0,0,0,1,1,1],[1,1,1,0,1,1,1,0,1,0]]"
1,251,-0.0377800326578521,0.0377800326578521,"[[1,1,0,0,0,0,0,1,1,1],[1,1,1,0,1,1,1,0,1,1]]"
1,252,-0.0429745087405525,0.0429745087405525,"[[1,1,0,0,0,0,0,1,1,1],[1,1,1,0,1,1,1,1,0,0]]"
1,253,-0.042823599976424355,0.042823599976424355,"[[1,1,0,0,0,0,0,1,1,1],[1,1,1,0,1,1,1,1,0,1]]"
1,254,-0.0443449613662956,0.0443449613662956,"[[1,1,0,0,0,0,0,1,1,1],[1,1,1,0,1,1,1,1,1,0]]"
1,255,-0.04419260269595733,0.04419260269595733,"[[1,1,0,0,0,0,0,1,1,1],[1,1,1,0,1,1,1,1,1,1]]"
1,256,-0.01314792472189164,0.01314792472189164,"[[1,1,0,0,0,0,1,0,0,0],[1,1,1,0,1,0,0,0,0,0]]"
1,257,-0.013094431500661457,0.013094431500661457,"[[1,1,0,0,0,0,1,0,0,0],[1,1,1,0,1,0,0,0,0,1]]"
1,258,-0.013939571429224315,0.013939571429224315,"[[1,1,0,0,0,0,1,0,0,0],[1,1,1,0,1,0,0,0,1,0]]"
1,259,-0.013872167766438546,0.013872167766438546,"[[1,1,0,0,0,0,1,0,0,0],[1,1,1,0,1,0,0,0,1,1]]"
1,260,-0.017121750215079997,0.017121750215079997,"[[1,1,0,0,0,0,1,0,0,0],[1,1,1,0,1,0,0,1,0,0]]"
1,261,-0.01704869678949806,0.01704869678949806,"[[1,1,0,0,0,0,1,0,0,0],[1,1,1,0,1,0,0,1,0,1]]"
1,262,-0.017837499914869832,0.017837499914869832,"[[1,1,0,0,0,0,1,0,0,0],[1,1,1,0,1,0,0,1,1,0]]"
1,263,-0.017764202305936526,0.017764202305936526,"[[1,1,0,0,0,0,1,0,0,0],[1,1,1,0,1,0,0,1,1,1]]"
1,264,-0.02149462102668779,0.02149462102668779,"[[1,1,0,0,0,0,1,0,0,0],[1,1,1,0,1,0,1,0,0,0]]"
1,265,-0.02141375164487339,0.02141375164487339,"[[1,1,0,0,0,0,1,0,0,0],[1,1,1,0,1,0,1,0,0,1]]"
1,266,-0.022291184496629445,0.022291184496629445,"[[1,1,0,0,0,0,1,0,0,0],[1,1,1,0,1,0,1,0,1,0]]"
1,267,-0.022211532689169047,0.022211532689169047,"[[1,1,0,0,0,0,1,0,0,0],[1,1,1,0,1,0,1,0,1,1]]"
1,268,-0.026069592675200925,0.026069592675200925,"[[1,1,0,0,0,0,1,0,0,0],[1,1,1,0,1,0,1,1,0,0]]"
1,269,-0.025968322534723393,0.025968322534723393,"[[1,1,0,0,0,0,1,0,0,0],[1,1,1,0,1,0,1,1,0,1]]"
1,270,-0.02690997566370047,0.02690997566370047,"[[1,1,0,0,0,0,1,0,0,0],[1,1,1,0,1,0,1,1,1,0]]"
1,271,-0.026809285532711037,0.026809285532711037,"[[1,1,0,0,0,0,1,0,0,0],[1,1,1,0,1,0,1,1,1,1]]"
1,272,-0.024730260525356117,0.024730260525356117,"[[1,1,0,0,0,0,1,0,0,0],[1,1,1,0,1,1,0,0,0,0]]"
1,273,-0.02460493259970855,0.02460493259970855,"[[1,1,0,0,0,0,1,0,0,0],[1,1,1,0,1,1,0,0,0,1]]"
1,274,-0.025643816992455114,0.025643816992455114,"[[1,1,0,0,0,0,1,0,0,0],[1,1,1,0,1,1,0,0,1,0]]"
1,275,-0.02552103186165614,0.02552103186165614,"[[1,1,0,0,0,0,1,0,0,0],[1,1,1,0,1,1,0,0,1,1]]"
1,276,-0.029715255147934452,0.029715255147934452,"[[1,1,0,0,0,0,1,0,0,0],[1,1,1,0,1,1,0,1,0,0]]"
1,277,-0.029587605884190654,0.029587605884190654,"[[1,1,0,0,0,0,1,0,0,0],[1,1,1,0,1,1,0,1,0,1]]"
1,278,-0.030572255065897634,0.030572255065897634,"[[1,1,0,0,0,0,1,0,0,0],[1,1,1,0,1,1,0,1,1,0]]"
1,279,-0.030447228671281114,0.030447228671281114,"[[1,1,0,0,0,0,1,0,0,0],[1,1,1,0,1,1,0,1,1,1]]"
1,280,-0.03529421621653015,0.03529421621653015,"[[1,1,0,0,0,0,1,0,0,0],[1,1,1,0,1,1,1,0,0,0]]"
1,281,-0.03515189502707495,0.03515189502707495,"[[1,1,0,0,0,0,1,0,0,0],[1,1,1,0,1,1,1,0,0,1]]"
1,282,-0.03628585705385999,0.03628585705385999,"[[1,1,0,0,0,0,1,0,0,0],[1,1,1,0,1,1,1,0,1,0]]"
1,283,-0.036143978365640844,0.036143978365640844,"[[1,1,0,0,0,0,1,0,0,0],[1,1,1,0,1,1,1,0,1,1]]"
1,284,-0.04088533997956679,0.04088533997956679,"[[1,1,0,0,0,0,1,0,0,0],[1,1,1,0,1,1,1,1,0,0]]"
1,285,-0.04073621640929234,0.04073621640929234,"[[1,1,0,0,0,0,1,0,0,0],[1,1,1,0,1,1,1,1,0,1]]"
1,286,-0.04195747906544132,0.04195747906544132,"[[1,1,0,0,0,0,1,0,0,0],[1,1,1,0,1,1,1,1,1,0]]"
1,287,-0.0418089760244014,0.0418089760244014,"[[1,1,0,0,0,0,1,0,0,0],[1,1,1,0,1,1,1,1,1,1]]"
1,288,-0.013161516681696094,0.013161516681696094,"[[1,1,0,0,0,0,1,0,0,1],[1,1,1,0,1,0,0,0,0,0]]"
1,289,-0.013095077647067289,0.013095077647067289,"[[1,1,0,0,0,0,1,0,0,1],[1,1,1,0,1,0,0,0,0,1]]"
1,290,-0.013930407681232573,0.013930407681232573,"[[1,1,0,0,0,0,1,0,0,1],[1,1,1,0,1,0,0,0,1,0]]"
1,291,-0.01386087116170264,0.01386087116170264,"[[1,1,0,0,0,0,1,0,0,1],[1,1,1,0,1,0,0,0,1,1]]"
1,292,-0.017115177707433045,0.017115177707433045,"[[1,1,0,0,0,0,1,0,0,1],[1,1,1,0,1,0,0,1,0,0]]"
1,293,-0.017033458780888786,0.017033458780888786,"[[1,1,0,0,0,0,1,0,0,1],[1,1,1,0,1,0,0,1,0,1]]"
1,294,-0.017829874839880973,0.017829874839880973,"[[1,1,0,0,0,0,1,0,0,1],[1,1,1,0,1,0,0,1,1,0]]"
1,295,-0.017749284997484606,0.017749284997484606,"[[1,1,0,0,0,0,1,0,0,1],[1,1,1,0,1,0,0,1,1,1]]"
1,296,-0.021489383566015024,0.021489383566015024,"[[1,1,0,0,0,0,1,0,0,1],[1,1,1,0,1,0,1,0,0,0]]"
1,297,-0.021405992458684277,0.021405992458684277,"[[1,1,0,0,0,0,1,0,0,1],[1,1,1,0,1,0,1,0,0,1]]"
1,298,-0.02228637556366697,0.02228637556366697,"[[1,1,0,0,0,0,1,0,0,1],[1,1,1,0,1,0,1,0,1,0]]"
1,299,-0.02220410017717204,0.02220410017717204,"[[1,1,0,0,0,0,1,0,0,1],[1,1,1,0,1,0,1,0,1,1]]"
1,300,-0.026049654592650982,0.026049654592650982,"[[1,1,0,0,0,0,1,0,0,1],[1,1,1,0,1,0,1,1,0,0]]"
1,301,-0.025945014096744302,0.025945014096744302,"[[1,1,0,0,0,0,1,0,0,1],[1,1,1,0,1,0,1,1,0,1]]"
1,302,-0.0268900056584324,0.0268900056584324,"[[1,1,0,0,0,0,1,0,0,1],[1,1,1,0,1,0,1,1,1,0]]"
1,303,-0.026785815150917748,0.026785815150917748,"[[1,1,0,0,0,0,1,0,0,1],[1,1,1,0,1,0,1,1,1,1]]"
1,304,-0.024693342718919733,0.024693342718919733,"[[1,1,0,0,0,0,1,0,0,1],[1,1,1,0,1,1,0,0,0,0]]"
1,305,-0.024563167473547556,0.024563167473547556,"[[1,1,0,0,0,0,1,0,0,1],[1,1,1,0,1,1,0,0,0,1]]"
1,306,-0.025608325073215595,0.025608325073215595,"[[1,1,0,0,0,0,1,0,0,1],[1,1,1,0,1,1,0,0,1,0]]"
1,307,-0.025480667458327985,0.025480667458327985,"[[1,1,0,0,0,0,1,0,0,1],[1,1,1,0,1,1,0,0,1,1]]"
1,308,-0.0297033443247576,0.0297033443247576,"[[1,1,0,0,0,0,1,0,0,1],[1,1,1,0,1,1,0,1,0,0]]"
1,309,-0.02957064661418078,0.02957064661418078,"[[1,1,0,0,0,0,1,0,0,1],[1,1,1,0,1,1,0,1,0,1]]"
1,310,-0.03056215780257957,0.03056215780257957,"[[1,1,0,0,0,0,1,0,0,1],[1,1,1,0,1,1,0,1,1,0]]"
1,311,-0.030432034586056003,0.030432034586056003,"[[1,1,0,0,0,0,1,0,0,1],[1,1,1,0,1,1,0,1,1,1]]"
1,312,-0.03525483376879931,0.03525483376879931,"[[1,1,0,0,0,0,1,0,0,1],[1,1,1,0,1,1,1,0,0,0]]"
1,313,-0.035107015900101415,0.035107015900101415,"[[1,1,0,0,0,0,1,0,0,1],[1,1,1,0,1,1,1,0,0,1]]"
1,314,-0.03624635532129963,0.03624635532129963,"[[1,1,0,0,0,0,1,0,0,1],[1,1,1,0,1,1,1,0,1,0]]"
1,315,-0.03609882987780364,0.03609882987780364,"[[1,1,0,0,0,0,1,0,0,1],[1,1,1,0,1,1,1,0,1,1]]"
1,316,-0.040854070403142186,0.040854070403142186,"[[1,1,0,0,0,0,1,0,0,1],[1,1,1,0,1,1,1,1,0,0]]"
1,317,-0.04068784078594554,0.04068784078594554,"[[1,1,0,0,0,0,1,0,0,1],[1,1,1,0,1,1,1,1,0,1]]"
1,318,-0.04192396912630999,0.04192396912630999,"[[1,1,0,0,0,0,1,0,0,1],[1,1,1,0,1,1,1,1,1,0]]"
1,319,-0.04175822329524265,0.04175822329524265,"[[1,1,0,0,0,0,1,0,0,1],[1,1,1,0,1,1,1,1,1,1]]"
1,320,-0.012354097045784057,0.012354097045784057,"[[1,1,0,0,0,0,1,0,1,0],[1,1,1,0,1,0,0,0,0,0]]"
1,321,-0.012308272603251139,0.012308272603251139,"[[1,1,0,0,0,0,1,0,1,0],[1,1,1,0,1,0,0,0,0,1]]"
1,322,-0.013274755697335274,0.013274755697335274,"[[1,1,0,0,0,0,1,0,1,0],[1,1,1,0,1,0,0,0,1,0]]"
1,323,-0.013211813267560525,0.013211813267560525,"[[1,1,0,0,0,0,1,0,1,0],[1,1,1,0,1,0,0,0,1,1]]"
1,324,-0.01610629128522515,0.01610629128522515,"[[1,1,0,0,0,0,1,0,1,0],[1,1,1,0,1,0,0,1,0,0]]"
1,325,-0.016041668245616383,0.016041668245616383,"[[1,1,0,0,0,0,1,0,1,0],[1,1,1,0,1,0,0,1,0,1]]"
1,326,-0.016909955029992974,0.016909955029992974,"[[1,1,0,0,0,0,1,0,1,0],[1,1,1,0,1,0,0,1,1,0]]"
1,327,-0.016846725284647347,0.016846725284647347,"[[1,1,0,0,0,0,1,0,1,0],[1,1,1,0,1,0,0,1,1,1]]"
1,328,-0.02049581602941584,0.02049581602941584,"[[1,1,0,0,0,0,1,0,1,0],[1,1,1,0,1,0,1,0,0,0]]"
1,329,-0.020421858679198678,0.020421858679198678,"[[1,1,0,0,0,0,1,0,1,0],[1,1,1,0,1,0,1,0,0,1]]"
1,330,-0.0214767409794973,0.0214767409794973,"[[1,1,0,0,0,0,1,0,1,0],[1,1,1,0,1,0,1,0,1,0]]"
1,331,-0.021401632937189753,0.021401632937189753,"[[1,1,0,0,0,0,1,0,1,0],[1,1,1,0,1,0,1,0,1,1]]"
1,332,-0.024854579022886444,0.024854579022886444,"[[1,1,0,0,0,0,1,0,1,0],[1,1,1,0,1,0,1,1,0,0]]"
1,333,-0.024769025969534248,0.024769025969534248,"[[1,1,0,0,0,0,1,0,1,0],[1,1,1,0,1,0,1,1,0,1]]"
1,334,-0.025822284134522103,0.025822284134522103,"[[1,1,0,0,0,0,1,0,1,0],[1,1,1,0,1,0,1,1,1,0]]"
1,335,-0.025737190903702075,0.025737190903702075,"[[1,1,0,0,0,0,1,0,1,0],[1,1,1,0,1,0,1,1,1,1]]"
1,336,-0.023508526749255316,0.023508526749255316,"[[1,1,0,0,0,0,1,0,1,0],[1,1,1,0,1,1,0,0,0,0]]"
1,337,-0.02339741628916909,0.02339741628916909,"[[1,1,0,0,0,0,1,0,1,0],[1,1,1,0,1,1,0,0,0,1]]"
1,338,-0.024606900629361855,0.024606900629361855,"[[1,1,0,0,0,0,1,0,1,0],[1,1,1,0,1,1,0,0,1,0]]"
1,339,-0.02449625650911383,0.02449625650911383,"[[1,1,0,0,0,0,1,0,1,0],[1,1,1,0,1,1,0,0,1,1]]"
1,340,-0.02801988700144014,0.02801988700144014,"[[1,1,0,0,0,0,1,0,1,0],[1,1,1,0,1,1,0,1,0,0]]"
1,341,-0.027903048736219772,0.027903048736219772,"[[1,1,0,0,0,0,1,0,1,0],[1,1,1,0,1,1,0,1,0,1]]"
1,342,-0.02903350418300505,0.02903350418300505,"[[1,1,0,0,0,0,1,0,1,0],[1,1,1,0,1,1,0,1,1,0]]"
1,343,-0.02892041950147342,0.02892041950147342,"[[1,1,0,0,0,0,1,0,1,0],[1,1,1,0,1,1,0,1,1,1]]"
1,344,-0.03386092484213899,0.03386092484213899,"[[1,1,0,0,0,0,1,0,1,0],[1,1,1,0,1,1,1,0,0,0]]"
1,345,-0.03372528491038511,0.03372528491038511,"[[1,1,0,0,0,0,1,0,1,0],[1,1,1,0,1,1,1,0,0,1]]"
1,346,-0.03510555820093698,0.03510555820093698,"[[1,1,0,0,0,0,1,0,1,0],[1,1,1,0,1,1,1,0,1,0]]"
1,347,-0.03496801649514555,0.03496801649514555,"[[1,1,0,0,0,0,1,0,1,0],[1,1,1,0,1,1,1,0,1,1]]"
1,348,-0.03898840249092759,0.03898840249092759,"[[1,1,0,0,0,0,1,0,1,0],[1,1,1,0,1,1,1,1,0,0]]"
1,349,-0.0388486016496939,0.0388486016496939,"[[1,1,0,0,0,0,1,0,1,0],[1,1,1,0,1,1,1,1,0,1]]"
1,350,-0.040157626871779754,0.040157626871779754,"[[1,1,0,0,0,0,1,0,1,0],[1,1,1,0,1,1,1,1,1,0]]"
1,351,-0.04001823105942345,0.04001823105942345,"[[1,1,0,0,0,0,1,0,1,0],[1,1,1,0,1,1,1,1,1,1]]"
1,352,-0.012371576885484728,0.012371576885484728,"[[1,1,0,0,0,0,1,0,1,1],[1,1,1,0,1,0,0,0,0,0]]"
1,353,-0.012308148913291708,0.012308148913291708,"[[1,1,0,0,0,0,1,0,1,1],[1,1,1,0,1,0,0,0,0,1]]"
1,354,-0.013265939396364864,0.013265939396364864,"[[1,1,0,0,0,0,1,0,1,1],[1,1,1,0,1,0,0,0,1,0]]"
1,355,-0.013201188746473658,0.013201188746473658,"[[1,1,0,0,0,0,1,0,1,1],[1,1,1,0,1,0,0,0,1,1]]"
1,356,-0.01611966688580632,0.01611966688580632,"[[1,1,0,0,0,0,1,0,1,1],[1,1,1,0,1,0,0,1,0,0]]"
1,357,-0.01605322455758706,0.01605322455758706,"[[1,1,0,0,0,0,1,0,1,1],[1,1,1,0,1,0,0,1,0,1]]"
1,358,-0.01692411676262911,0.01692411676262911,"[[1,1,0,0,0,0,1,0,1,1],[1,1,1,0,1,0,0,1,1,0]]"
1,359,-0.01685816053826618,0.01685816053826618,"[[1,1,0,0,0,0,1,0,1,1],[1,1,1,0,1,0,0,1,1,1]]"
1,360,-0.020493406099365393,0.020493406099365393,"[[1,1,0,0,0,0,1,0,1,1],[1,1,1,0,1,0,1,0,0,0]]"
1,361,-0.020417303106046118,0.020417303106046118,"[[1,1,0,0,0,0,1,0,1,1],[1,1,1,0,1,0,1,0,0,1]]"
1,362,-0.021472219264500447,0.021472219264500447,"[[1,1,0,0,0,0,1,0,1,1],[1,1,1,0,1,0,1,0,1,0]]"
1,363,-0.021394813065952988,0.021394813065952988,"[[1,1,0,0,0,0,1,0,1,1],[1,1,1,0,1,0,1,0,1,1]]"
1,364,-0.024850060307948833,0.024850060307948833,"[[1,1,0,0,0,0,1,0,1,1],[1,1,1,0,1,0,1,1,0,0]]"
1,365,-0.024752447582989966,0.024752447582989966,"[[1,1,0,0,0,0,1,0,1,1],[1,1,1,0,1,0,1,1,0,1]]"
1,366,-0.02581526953667842,0.02581526953667842,"[[1,1,0,0,0,0,1,0,1,1],[1,1,1,0,1,0,1,1,1,0]]"
1,367,-0.025717764670983845,0.025717764670983845,"[[1,1,0,0,0,0,1,0,1,1],[1,1,1,0,1,0,1,1,1,1]]"
1,368,-0.023488656389590617,0.023488656389590617,"[[1,1,0,0,0,0,1,0,1,1],[1,1,1,0,1,1,0,0,0,0]]"
1,369,-0.023365780529900255,0.023365780529900255,"[[1,1,0,0,0,0,1,0,1,1],[1,1,1,0,1,1,0,0,0,1]]"
1,370,-0.024584927782186256,0.024584927782186256,"[[1,1,0,0,0,0,1,0,1,1],[1,1,1,0,1,1,0,0,1,0]]"
1,371,-0.02446209901731996,0.02446209901731996,"[[1,1,0,0,0,0,1,0,1,1],[1,1,1,0,1,1,0,0,1,1]]"
1,372,-0.028013902725839,0.028013902725839,"[[1,1,0,0,0,0,1,0,1,1],[1,1,1,0,1,1,0,1,0,0]]"
1,373,-0.027892565117873108,0.027892565117873108,"[[1,1,0,0,0,0,1,0,1,1],[1,1,1,0,1,1,0,1,0,1]]"
1,374,-0.029030238251484528,0.029030238251484528,"[[1,1,0,0,0,0,1,0,1,1],[1,1,1,0,1,1,0,1,1,0]]"
1,375,-0.028910662161171333,0.028910662161171333,"[[1,1,0,0,0,0,1,0,1,1],[1,1,1,0,1,1,0,1,1,1]]"
1,376,-0.03382435161457327,0.03382435161457327,"[[1,1,0,0,0,0,1,0,1,1],[1,1,1,0,1,1,1,0,0,0]]"
1,377,-0.03368356938982306,0.03368356938982306,"[[1,1,0,0,0,0,1,0,1,1],[1,1,1,0,1,1,1,0,0,1]]"
1,378,-0.03506632982582349,0.03506632982582349,"[[1,1,0,0,0,0,1,0,1,1],[1,1,1,0,1,1,1,0,1,0]]"
1,379,-0.03492346359271147,0.03492346359271147,"[[1,1,0,0,0,0,1,0,1,1],[1,1,1,0,1,1,1,0,1,1]]"
1,380,-0.03898001788978998,0.03898001788978998,"[[1,1,0,0,0,0,1,0,1,1],[1,1,1,0,1,1,1,1,0,0]]"
1,381,-0.03883461273929425,0.03883461273929425,"[[1,1,0,0,0,0,1,0,1,1],[1,1,1,0,1,1,1,1,0,1]]"
1,382,-0.04014909491006617,0.04014909491006617,"[[1,1,0,0,0,0,1,0,1,1],[1,1,1,0,1,1,1,1,1,0]]"
1,383,-0.0400040018128496,0.0400040018128496,"[[1,1,0,0,0,0,1,0,1,1],[1,1,1,0,1,1,1,1,1,1]]"
1,384,-0.009380411513600972,0.009380411513600972,"[[1,1,0,0,0,0,1,1,0,0],[1,1,1,0,1,0,0,0,0,0]]"
1,385,-0.009260855099047671,0.009260855099047671,"[[1,1,0,0,0,0,1,1,0,0],[1,1,1,0,1,0,0,0,0,1]]"
1,386,-0.00978807071253593,0.00978807071253593,"[[1,1,0,0,0,0,1,1,0,0],[1,1,1,0,1,0,0,0,1,0]]"
1,387,-0.009720413345934896,0.009720413345934896,"[[1,1,0,0,0,0,1,1,0,0],[1,1,1,0,1,0,0,0,1,1]]"
1,388,-0.012884004358242282,0.012884004358242282,"[[1,1,0,0,0,0,1,1,0,0],[1,1,1,0,1,0,0,1,0,0]]"
1,389,-0.012825360087785597,0.012825360087785597,"[[1,1,0,0,0,0,1,1,0,0],[1,1,1,0,1,0,0,1,0,1]]"
1,390,-0.013489805994783097,0.013489805994783097,"[[1,1,0,0,0,0,1,1,0,0],[1,1,1,0,1,0,0,1,1,0]]"
1,391,-0.013432394712357796,0.013432394712357796,"[[1,1,0,0,0,0,1,1,0,0],[1,1,1,0,1,0,0,1,1,1]]"
1,392,-0.01641415525169839,0.01641415525169839,"[[1,1,0,0,0,0,1,1,0,0],[1,1,1,0,1,0,1,0,0,0]]"
1,393,-0.01628158354591509,0.01628158354591509,"[[1,1,0,0,0,0,1,1,0,0],[1,1,1,0,1,0,1,0,0,1]]"
1,394,-0.016839499213472088,0.016839499213472088,"[[1,1,0,0,0,0,1,1,0,0],[1,1,1,0,1,0,1,0,1,0]]"
1,395,-0.01675737995092222,0.01675737995092222,"[[1,1,0,0,0,0,1,1,0,0],[1,1,1,0,1,0,1,0,1,1]]"
1,396,-0.020763203701101705,0.020763203701101705,"[[1,1,0,0,0,0,1,1,0,0],[1,1,1,0,1,0,1,1,0,0]]"
1,397,-0.020686795979235093,0.020686795979235093,"[[1,1,0,0,0,0,1,1,0,0],[1,1,1,0,1,0,1,1,0,1]]"
1,398,-0.021500536510067315,0.021500536510067315,"[[1,1,0,0,0,0,1,1,0,0],[1,1,1,0,1,0,1,1,1,0]]"
1,399,-0.021421222196147238,0.021421222196147238,"[[1,1,0,0,0,0,1,1,0,0],[1,1,1,0,1,0,1,1,1,1]]"
1,400,-0.019524010802646853,0.019524010802646853,"[[1,1,0,0,0,0,1,1,0,0],[1,1,1,0,1,1,0,0,0,0]]"
1,401,-0.019296459292720638,0.019296459292720638,"[[1,1,0,0,0,0,1,1,0,0],[1,1,1,0,1,1,0,0,0,1]]"
1,402,-0.019832721978842227,0.019832721978842227,"[[1,1,0,0,0,0,1,1,0,0],[1,1,1,0,1,1,0,0,1,0]]"
1,403,-0.019700654907874746,0.019700654907874746,"[[1,1,0,0,0,0,1,1,0,0],[1,1,1,0,1,1,0,0,1,1]]"
1,404,-0.02385776503983237,0.02385776503983237,"[[1,1,0,0,0,0,1,1,0,0],[1,1,1,0,1,1,0,1,0,0]]"
1,405,-0.023749508014046718,0.023749508014046718,"[[1,1,0,0,0,0,1,1,0,0],[1,1,1,0,1,1,0,1,0,1]]"
1,406,-0.024709760876813723,0.024709760876813723,"[[1,1,0,0,0,0,1,1,0,0],[1,1,1,0,1,1,0,1,1,0]]"
1,407,-0.02460110286622559,0.02460110286622559,"[[1,1,0,0,0,0,1,1,0,0],[1,1,1,0,1,1,0,1,1,1]]"
1,408,-0.02882270326682784,0.02882270326682784,"[[1,1,0,0,0,0,1,1,0,0],[1,1,1,0,1,1,1,0,0,0]]"
1,409,-0.028592590702667127,0.028592590702667127,"[[1,1,0,0,0,0,1,1,0,0],[1,1,1,0,1,1,1,0,0,1]]"
1,410,-0.029148364372263865,0.029148364372263865,"[[1,1,0,0,0,0,1,1,0,0],[1,1,1,0,1,1,1,0,1,0]]"
1,411,-0.02900005961269301,0.02900005961269301,"[[1,1,0,0,0,0,1,1,0,0],[1,1,1,0,1,1,1,0,1,1]]"
1,412,-0.03394672142837165,0.03394672142837165,"[[1,1,0,0,0,0,1,1,0,0],[1,1,1,0,1,1,1,1,0,0]]"
1,413,-0.033808358661789197,0.033808358661789197,"[[1,1,0,0,0,0,1,1,0,0],[1,1,1,0,1,1,1,1,0,1]]"
1,414,-0.034924677652320824,0.034924677652320824,"[[1,1,0,0,0,0,1,1,0,0],[1,1,1,0,1,1,1,1,1,0]]"
1,415,-0.03478677987990065,0.03478677987990065,"[[1,1,0,0,0,0,1,1,0,0],[1,1,1,0,1,1,1,1,1,1]]"
1,416,-0.009398635316751927,0.009398635316751927,"[[1,1,0,0,0,0,1,1,0,1],[1,1,1,0,1,0,0,0,0,0]]"
1,417,-0.00927096187609035,0.00927096187609035,"[[1,1,0,0,0,0,1,1,0,1],[1,1,1,0,1,0,0,0,0,1]]"
1,418,-0.009784373872768646,0.009784373872768646,"[[1,1,0,0,0,0,1,1,0,1],[1,1,1,0,1,0,0,0,1,0]]"
1,419,-0.009715332249382947,0.009715332249382947,"[[1,1,0,0,0,0,1,1,0,1],[1,1,1,0,1,0,0,0,1,1]]"
1,420,-0.012879566326990827,0.012879566326990827,"[[1,1,0,0,0,0,1,1,0,1],[1,1,1,0,1,0,0,1,0,0]]"
1,421,-0.012819362542742576,0.012819362542742576,"[[1,1,0,0,0,0,1,1,0,1],[1,1,1,0,1,0,0,1,0,1]]"
1,422,-0.013485791052388996,0.013485791052388996,"[[1,1,0,0,0,0,1,1,0,1],[1,1,1,0,1,0,0,1,1,0]]"
1,423,-0.013426713449325436,0.013426713449325436,"[[1,1,0,0,0,0,1,1,0,1],[1,1,1,0,1,0,0,1,1,1]]"
1,424,-0.016429296466197448,0.016429296466197448,"[[1,1,0,0,0,0,1,1,0,1],[1,1,1,0,1,0,1,0,0,0]]"
1,425,-0.016279016658465015,0.016279016658465015,"[[1,1,0,0,0,0,1,1,0,1],[1,1,1,0,1,0,1,0,0,1]]"
1,426,-0.016842482532151405,0.016842482532151405,"[[1,1,0,0,0,0,1,1,0,1],[1,1,1,0,1,0,1,0,1,0]]"
1,427,-0.016758638985508046,0.016758638985508046,"[[1,1,0,0,0,0,1,1,0,1],[1,1,1,0,1,0,1,0,1,1]]"
1,428,-0.020755781988357987,0.020755781988357987,"[[1,1,0,0,0,0,1,1,0,1],[1,1,1,0,1,0,1,1,0,0]]"
1,429,-0.020673456581087494,0.020673456581087494,"[[1,1,0,0,0,0,1,1,0,1],[1,1,1,0,1,0,1,1,0,1]]"
1,430,-0.021489612400152614,0.021489612400152614,"[[1,1,0,0,0,0,1,1,0,1],[1,1,1,0,1,0,1,1,1,0]]"
1,431,-0.021407789928391447,0.021407789928391447,"[[1,1,0,0,0,0,1,1,0,1],[1,1,1,0,1,0,1,1,1,1]]"
1,432,-0.019519327330166803,0.019519327330166803,"[[1,1,0,0,0,0,1,1,0,1],[1,1,1,0,1,1,0,0,0,0]]"
1,433,-0.019274844456695975,0.019274844456695975,"[[1,1,0,0,0,0,1,1,0,1],[1,1,1,0,1,1,0,0,0,1]]"
1,434,-0.01980490930245712,0.01980490930245712,"[[1,1,0,0,0,0,1,1,0,1],[1,1,1,0,1,1,0,0,1,0]]"
1,435,-0.019668787343560725,0.019668787343560725,"[[1,1,0,0,0,0,1,1,0,1],[1,1,1,0,1,1,0,0,1,1]]"
1,436,-0.0238331375648251,0.0238331375648251,"[[1,1,0,0,0,0,1,1,0,1],[1,1,1,0,1,1,0,1,0,0]]"
1,437,-0.02371384850037518,0.02371384850037518,"[[1,1,0,0,0,0,1,1,0,1],[1,1,1,0,1,1,0,1,0,1]]"
1,438,-0.024683920508095897,0.024683920508095897,"[[1,1,0,0,0,0,1,1,0,1],[1,1,1,0,1,1,0,1,1,0]]"
1,439,-0.02456576083029947,0.02456576083029947,"[[1,1,0,0,0,0,1,1,0,1],[1,1,1,0,1,1,0,1,1,1]]"
1,440,-0.028813988934138765,0.028813988934138765,"[[1,1,0,0,0,0,1,1,0,1],[1,1,1,0,1,1,1,0,0,0]]"
1,441,-0.028562722218001494,0.028562722218001494,"[[1,1,0,0,0,0,1,1,0,1],[1,1,1,0,1,1,1,0,0,1]]"
1,442,-0.02912554317198733,0.02912554317198733,"[[1,1,0,0,0,0,1,1,0,1],[1,1,1,0,1,1,1,0,1,0]]"
1,443,-0.028972754082485837,0.028972754082485837,"[[1,1,0,0,0,0,1,1,0,1],[1,1,1,0,1,1,1,0,1,1]]"
1,444,-0.03390819358354669,0.03390819358354669,"[[1,1,0,0,0,0,1,1,0,1],[1,1,1,0,1,1,1,1,0,0]]"
1,445,-0.03376446641607818,0.03376446641607818,"[[1,1,0,0,0,0,1,1,0,1],[1,1,1,0,1,1,1,1,0,1]]"
1,446,-0.03488601734339624,0.03488601734339624,"[[1,1,0,0,0,0,1,1,0,1],[1,1,1,0,1,1,1,1,1,0]]"
1,447,-0.03474259958615829,0.03474259958615829,"[[1,1,0,0,0,0,1,1,0,1],[1,1,1,0,1,1,1,1,1,1]]"
1,448,-0.008673195948774715,0.008673195948774715,"[[1,1,0,0,0,0,1,1,1,0],[1,1,1,0,1,0,0,0,0,0]]"
1,449,-0.008584766990803839,0.008584766990803839,"[[1,1,0,0,0,0,1,1,1,0],[1,1,1,0,1,0,0,0,0,1]]"
1,450,-0.009242391839587975,0.009242391839587975,"[[1,1,0,0,0,0,1,1,1,0],[1,1,1,0,1,0,0,0,1,0]]"
1,451,-0.009191359432750802,0.009191359432750802,"[[1,1,0,0,0,0,1,1,1,0],[1,1,1,0,1,0,0,0,1,1]]"
1,452,-0.012093839499777053,0.012093839499777053,"[[1,1,0,0,0,0,1,1,1,0],[1,1,1,0,1,0,0,1,0,0]]"
1,453,-0.012046240100654084,0.012046240100654084,"[[1,1,0,0,0,0,1,1,1,0],[1,1,1,0,1,0,0,1,0,1]]"
1,454,-0.012815106663291616,0.012815106663291616,"[[1,1,0,0,0,0,1,1,1,0],[1,1,1,0,1,0,0,1,1,0]]"
1,455,-0.012767836636105758,0.012767836636105758,"[[1,1,0,0,0,0,1,1,1,0],[1,1,1,0,1,0,0,1,1,1]]"
1,456,-0.01550177399609444,0.01550177399609444,"[[1,1,0,0,0,0,1,1,1,0],[1,1,1,0,1,0,1,0,0,0]]"
1,457,-0.015397983004942002,0.015397983004942002,"[[1,1,0,0,0,0,1,1,1,0],[1,1,1,0,1,0,1,0,0,1]]"
1,458,-0.016148741598598196,0.016148741598598196,"[[1,1,0,0,0,0,1,1,1,0],[1,1,1,0,1,0,1,0,1,0]]"
1,459,-0.016071809105367374,0.016071809105367374,"[[1,1,0,0,0,0,1,1,1,0],[1,1,1,0,1,0,1,0,1,1]]"
1,460,-0.019777474762260525,0.019777474762260525,"[[1,1,0,0,0,0,1,1,1,0],[1,1,1,0,1,0,1,1,0,0]]"
1,461,-0.019706113940889582,0.019706113940889582,"[[1,1,0,0,0,0,1,1,1,0],[1,1,1,0,1,0,1,1,0,1]]"
1,462,-0.02069489631074479,0.02069489631074479,"[[1,1,0,0,0,0,1,1,1,0],[1,1,1,0,1,0,1,1,1,0]]"
1,463,-0.02061996746930649,0.02061996746930649,"[[1,1,0,0,0,0,1,1,1,0],[1,1,1,0,1,0,1,1,1,1]]"
1,464,-0.01834236463734949,0.01834236463734949,"[[1,1,0,0,0,0,1,1,1,0],[1,1,1,0,1,1,0,0,0,0]]"
1,465,-0.018166283211214898,0.018166283211214898,"[[1,1,0,0,0,0,1,1,1,0],[1,1,1,0,1,1,0,0,0,1]]"
1,466,-0.018895863292629322,0.018895863292629322,"[[1,1,0,0,0,0,1,1,1,0],[1,1,1,0,1,1,0,0,1,0]]"
1,467,-0.018775808795065588,0.018775808795065588,"[[1,1,0,0,0,0,1,1,1,0],[1,1,1,0,1,1,0,0,1,1]]"
1,468,-0.02254103844010586,0.02254103844010586,"[[1,1,0,0,0,0,1,1,1,0],[1,1,1,0,1,1,0,1,0,0]]"
1,469,-0.022442315703430627,0.022442315703430627,"[[1,1,0,0,0,0,1,1,1,0],[1,1,1,0,1,1,0,1,0,1]]"
1,470,-0.0234459134971872,0.0234459134971872,"[[1,1,0,0,0,0,1,1,1,0],[1,1,1,0,1,1,0,1,1,0]]"
1,471,-0.023348580372780585,0.023348580372780585,"[[1,1,0,0,0,0,1,1,1,0],[1,1,1,0,1,1,0,1,1,1]]"
1,472,-0.027438748618028273,0.027438748618028273,"[[1,1,0,0,0,0,1,1,1,0],[1,1,1,0,1,1,1,0,0,0]]"
1,473,-0.027257130582398936,0.027257130582398936,"[[1,1,0,0,0,0,1,1,1,0],[1,1,1,0,1,1,1,0,0,1]]"
1,474,-0.0281097042187705,0.0281097042187705,"[[1,1,0,0,0,0,1,1,1,0],[1,1,1,0,1,1,1,0,1,0]]"
1,475,-0.027966515711316538,0.027966515711316538,"[[1,1,0,0,0,0,1,1,1,0],[1,1,1,0,1,1,1,0,1,1]]"
1,476,-0.032461256124442374,0.032461256124442374,"[[1,1,0,0,0,0,1,1,1,0],[1,1,1,0,1,1,1,1,0,0]]"
1,477,-0.032339880065191465,0.032339880065191465,"[[1,1,0,0,0,0,1,1,1,0],[1,1,1,0,1,1,1,1,0,1]]"
1,478,-0.03352176038495482,0.03352176038495482,"[[1,1,0,0,0,0,1,1,1,0],[1,1,1,0,1,1,1,1,1,0]]"
1,479,-0.03340079404346422,0.03340079404346422,"[[1,1,0,0,0,0,1,1,1,0],[1,1,1,0,1,1,1,1,1,1]]"
1,480,-0.008695356999451976,0.008695356999451976,"[[1,1,0,0,0,0,1,1,1,1],[1,1,1,0,1,0,0,0,0,0]]"
1,481,-0.008599666104152887,0.008599666104152887,"[[1,1,0,0,0,0,1,1,1,1],[1,1,1,0,1,0,0,0,0,1]]"
1,482,-0.009239336908158306,0.009239336908158306,"[[1,1,0,0,0,0,1,1,1,1],[1,1,1,0,1,0,0,0,1,0]]"
1,483,-0.009199863683104933,0.009199863683104933,"[[1,1,0,0,0,0,1,1,1,1],[1,1,1,0,1,0,0,0,1,1]]"
1,484,-0.012096658038921288,0.012096658038921288,"[[1,1,0,0,0,0,1,1,1,1],[1,1,1,0,1,0,0,1,0,0]]"
1,485,-0.012043562929026592,0.012043562929026592,"[[1,1,0,0,0,0,1,1,1,1],[1,1,1,0,1,0,0,1,0,1]]"
1,486,-0.01281532803622453,0.01281532803622453,"[[1,1,0,0,0,0,1,1,1,1],[1,1,1,0,1,0,0,1,1,0]]"
1,487,-0.012778177122235976,0.012778177122235976,"[[1,1,0,0,0,0,1,1,1,1],[1,1,1,0,1,0,0,1,1,1]]"
1,488,-0.015514148425721512,0.015514148425721512,"[[1,1,0,0,0,0,1,1,1,1],[1,1,1,0,1,0,1,0,0,0]]"
1,489,-0.015399070558519325,0.015399070558519325,"[[1,1,0,0,0,0,1,1,1,1],[1,1,1,0,1,0,1,0,0,1]]"
1,490,-0.016152011290394026,0.016152011290394026,"[[1,1,0,0,0,0,1,1,1,1],[1,1,1,0,1,0,1,0,1,0]]"
1,491,-0.016073693726614154,0.016073693726614154,"[[1,1,0,0,0,0,1,1,1,1],[1,1,1,0,1,0,1,0,1,1]]"
1,492,-0.019771104118876157,0.019771104118876157,"[[1,1,0,0,0,0,1,1,1,1],[1,1,1,0,1,0,1,1,0,0]]"
1,493,-0.01969589272659439,0.01969589272659439,"[[1,1,0,0,0,0,1,1,1,1],[1,1,1,0,1,0,1,1,0,1]]"
1,494,-0.02068419020386603,0.02068419020386603,"[[1,1,0,0,0,0,1,1,1,1],[1,1,1,0,1,0,1,1,1,0]]"
1,495,-0.020607080351599572,0.020607080351599572,"[[1,1,0,0,0,0,1,1,1,1],[1,1,1,0,1,0,1,1,1,1]]"
1,496,-0.01834913558134712,0.01834913558134712,"[[1,1,0,0,0,0,1,1,1,1],[1,1,1,0,1,1,0,0,0,0]]"
1,497,-0.018148525224950512,0.018148525224950512,"[[1,1,0,0,0,0,1,1,1,1],[1,1,1,0,1,1,0,0,0,1]]"
1,498,-0.018875293625595382,0.018875293625595382,"[[1,1,0,0,0,0,1,1,1,1],[1,1,1,0,1,1,0,0,1,0]]"
1,499,-0.018744878129358794,0.018744878129358794,"[[1,1,0,0,0,0,1,1,1,1],[1,1,1,0,1,1,0,0,1,1]]"
1,500,-0.022539123111583192,0.022539123111583192,"[[1,1,0,0,0,0,1,1,1,1],[1,1,1,0,1,1,0,1,0,0]]"
1,501,-0.0224367775781755,0.0224367775781755,"[[1,1,0,0,0,0,1,1,1,1],[1,1,1,0,1,1,0,1,0,1]]"
1,502,-0.02344478318454223,0.02344478318454223,"[[1,1,0,0,0,0,1,1,1,1],[1,1,1,0,1,1,0,1,1,0]]"
1,503,-0.023342689344371923,0.023342689344371923,"[[1,1,0,0,0,0,1,1,1,1],[1,1,1,0,1,1,0,1,1,1]]"
1,504,-0.0274328249601712,0.0274328249601712,"[[1,1,0,0,0,0,1,1,1,1],[1,1,1,0,1,1,1,0,0,0]]"
1,505,-0.02723095836874404,0.02723095836874404,"[[1,1,0,0,0,0,1,1,1,1],[1,1,1,0,1,1,1,0,0,1]]"
1,506,-0.028087224546255545,0.028087224546255545,"[[1,1,0,0,0,0,1,1,1,1],[1,1,1,0,1,1,1,0,1,0]]"
1,507,-0.027939893841258306,0.027939893841258306,"[[1,1,0,0,0,0,1,1,1,1],[1,1,1,0,1,1,1,0,1,1]]"
1,508,-0.03243935761925862,0.03243935761925862,"[[1,1,0,0,0,0,1,1,1,1],[1,1,1,0,1,1,1,1,0,0]]"
1,509,-0.03230335782919454,0.03230335782919454,"[[1,1,0,0,0,0,1,1,1,1],[1,1,1,0,1,1,1,1,0,1]]"
1,510,-0.03349718742811434,0.03349718742811434,"[[1,1,0,0,0,0,1,1,1,1],[1,1,1,0,1,1,1,1,1,0]]"
1,511,-0.033361249722968,0.033361249722968,"[[1,1,0,0,0,0,1,1,1,1],[1,1,1,0,1,1,1,1,1,1]]"
1,512,-0.011276107801444784,0.011276107801444784,"[[1,1,0,0,0,1,0,0,0,0],[1,1,1,0,1,0,0,0,0,0]]"
1,513,-0.01118435114622849,0.01118435114622849,"[[1,1,0,0,0,1,0,0,0,0],[1,1,1,0,1,0,0,0,0,1]]"
1,514,-0.01153134949536182,0.01153134949536182,"[[1,1,0,0,0,1,0,0,0,0],[1,1,1,0,1,0,0,0,1,0]]"
1,515,-0.011449321495994955,0.011449321495994955,"[[1,1,0,0,0,1,0,0,0,0],[1,1,1,0,1,0,0,0,1,1]]"
1,516,-0.01391196946275331,0.01391196946275331,"[[1,1,0,0,0,1,0,0,0,0],[1,1,1,0,1,0,0,1,0,0]]"
1,517,-0.013801718576907518,0.013801718576907518,"[[1,1,0,0,0,1,0,0,0,0],[1,1,1,0,1,0,0,1,0,1]]"
1,518,-0.014192169242065077,0.014192169242065077,"[[1,1,0,0,0,1,0,0,0,0],[1,1,1,0,1,0,0,1,1,0]]"
1,519,-0.014093155330924529,0.014093155330924529,"[[1,1,0,0,0,1,0,0,0,0],[1,1,1,0,1,0,0,1,1,1]]"
1,520,-0.01753136641709642,0.01753136641709642,"[[1,1,0,0,0,1,0,0,0,0],[1,1,1,0,1,0,1,0,0,0]]"
1,521,-0.017403887346662986,0.017403887346662986,"[[1,1,0,0,0,1,0,0,0,0],[1,1,1,0,1,0,1,0,0,1]]"
1,522,-0.017842402640772026,0.017842402640772026,"[[1,1,0,0,0,1,0,0,0,0],[1,1,1,0,1,0,1,0,1,0]]"
1,523,-0.01772464378249968,0.01772464378249968,"[[1,1,0,0,0,1,0,0,0,0],[1,1,1,0,1,0,1,0,1,1]]"
1,524,-0.020741062125006805,0.020741062125006805,"[[1,1,0,0,0,1,0,0,0,0],[1,1,1,0,1,0,1,1,0,0]]"
1,525,-0.02059366142979671,0.02059366142979671,"[[1,1,0,0,0,1,0,0,0,0],[1,1,1,0,1,0,1,1,0,1]]"
1,526,-0.021042496219787633,0.021042496219787633,"[[1,1,0,0,0,1,0,0,0,0],[1,1,1,0,1,0,1,1,1,0]]"
1,527,-0.020898502647698446,0.020898502647698446,"[[1,1,0,0,0,1,0,0,0,0],[1,1,1,0,1,0,1,1,1,1]]"
1,528,-0.01762804324120971,0.01762804324120971,"[[1,1,0,0,0,1,0,0,0,0],[1,1,1,0,1,1,0,0,0,0]]"
1,529,-0.01747014325360543,0.01747014325360543,"[[1,1,0,0,0,1,0,0,0,0],[1,1,1,0,1,1,0,0,0,1]]"
1,530,-0.01782689262688792,0.01782689262688792,"[[1,1,0,0,0,1,0,0,0,0],[1,1,1,0,1,1,0,0,1,0]]"
1,531,-0.017677096667744384,0.017677096667744384,"[[1,1,0,0,0,1,0,0,0,0],[1,1,1,0,1,1,0,0,1,1]]"
1,532,-0.020672388683880157,0.020672388683880157,"[[1,1,0,0,0,1,0,0,0,0],[1,1,1,0,1,1,0,1,0,0]]"
1,533,-0.02049697181285218,0.02049697181285218,"[[1,1,0,0,0,1,0,0,0,0],[1,1,1,0,1,1,0,1,0,1]]"
1,534,-0.02084158273181267,0.02084158273181267,"[[1,1,0,0,0,1,0,0,0,0],[1,1,1,0,1,1,0,1,1,0]]"
1,535,-0.02069583426097604,0.02069583426097604,"[[1,1,0,0,0,1,0,0,0,0],[1,1,1,0,1,1,0,1,1,1]]"
1,536,-0.02520561189054197,0.02520561189054197,"[[1,1,0,0,0,1,0,0,0,0],[1,1,1,0,1,1,1,0,0,0]]"
1,537,-0.02500669822095668,0.02500669822095668,"[[1,1,0,0,0,1,0,0,0,0],[1,1,1,0,1,1,1,0,0,1]]"
1,538,-0.025441219778693798,0.025441219778693798,"[[1,1,0,0,0,1,0,0,0,0],[1,1,1,0,1,1,1,0,1,0]]"
1,539,-0.02530366995387662,0.02530366995387662,"[[1,1,0,0,0,1,0,0,0,0],[1,1,1,0,1,1,1,0,1,1]]"
1,540,-0.028887561978644685,0.028887561978644685,"[[1,1,0,0,0,1,0,0,0,0],[1,1,1,0,1,1,1,1,0,0]]"
1,541,-0.02866813582002264,0.02866813582002264,"[[1,1,0,0,0,1,0,0,0,0],[1,1,1,0,1,1,1,1,0,1]]"
1,542,-0.029123196469042125,0.029123196469042125,"[[1,1,0,0,0,1,0,0,0,0],[1,1,1,0,1,1,1,1,1,0]]"
1,543,-0.029019958319022002,0.029019958319022002,"[[1,1,0,0,0,1,0,0,0,0],[1,1,1,0,1,1,1,1,1,1]]"
1,544,-0.01133232293165501,0.01133232293165501,"[[1,1,0,0,0,1,0,0,0,1],[1,1,1,0,1,0,0,0,0,0]]"
1,545,-0.011241060681891527,0.011241060681891527,"[[1,1,0,0,0,1,0,0,0,1],[1,1,1,0,1,0,0,0,0,1]]"
1,546,-0.011590814852144058,0.011590814852144058,"[[1,1,0,0,0,1,0,0,0,1],[1,1,1,0,1,0,0,0,1,0]]"
1,547,-0.011516273120566998,0.011516273120566998,"[[1,1,0,0,0,1,0,0,0,1],[1,1,1,0,1,0,0,0,1,1]]"
1,548,-0.013970713044743238,0.013970713044743238,"[[1,1,0,0,0,1,0,0,0,1],[1,1,1,0,1,0,0,1,0,0]]"
1,549,-0.01386057068777372,0.01386057068777372,"[[1,1,0,0,0,1,0,0,0,1],[1,1,1,0,1,0,0,1,0,1]]"
1,550,-0.014252826349711468,0.014252826349711468,"[[1,1,0,0,0,1,0,0,0,1],[1,1,1,0,1,0,0,1,1,0]]"
1,551,-0.014147921576495413,0.014147921576495413,"[[1,1,0,0,0,1,0,0,0,1],[1,1,1,0,1,0,0,1,1,1]]"
1,552,-0.017596704977457783,0.017596704977457783,"[[1,1,0,0,0,1,0,0,0,1],[1,1,1,0,1,0,1,0,0,0]]"
1,553,-0.017469180054122284,0.017469180054122284,"[[1,1,0,0,0,1,0,0,0,1],[1,1,1,0,1,0,1,0,0,1]]"
1,554,-0.017910979113917584,0.017910979113917584,"[[1,1,0,0,0,1,0,0,0,1],[1,1,1,0,1,0,1,0,1,0]]"
1,555,-0.017793327127708904,0.017793327127708904,"[[1,1,0,0,0,1,0,0,0,1],[1,1,1,0,1,0,1,0,1,1]]"
1,556,-0.020807978987586392,0.020807978987586392,"[[1,1,0,0,0,1,0,0,0,1],[1,1,1,0,1,0,1,1,0,0]]"
1,557,-0.02065479426943377,0.02065479426943377,"[[1,1,0,0,0,1,0,0,0,1],[1,1,1,0,1,0,1,1,0,1]]"
1,558,-0.02110274022077135,0.02110274022077135,"[[1,1,0,0,0,1,0,0,0,1],[1,1,1,0,1,0,1,1,1,0]]"
1,559,-0.020956902558991485,0.020956902558991485,"[[1,1,0,0,0,1,0,0,0,1],[1,1,1,0,1,0,1,1,1,1]]"
1,560,-0.017678436108666037,0.017678436108666037,"[[1,1,0,0,0,1,0,0,0,1],[1,1,1,0,1,1,0,0,0,0]]"
1,561,-0.017519878910215905,0.017519878910215905,"[[1,1,0,0,0,1,0,0,0,1],[1,1,1,0,1,1,0,0,0,1]]"
1,562,-0.017879480740757594,0.017879480740757594,"[[1,1,0,0,0,1,0,0,0,1],[1,1,1,0,1,1,0,0,1,0]]"
1,563,-0.01772914321722742,0.01772914321722742,"[[1,1,0,0,0,1,0,0,0,1],[1,1,1,0,1,1,0,0,1,1]]"
1,564,-0.020723795673233812,0.020723795673233812,"[[1,1,0,0,0,1,0,0,0,1],[1,1,1,0,1,1,0,1,0,0]]"
1,565,-0.020546298201226797,0.020546298201226797,"[[1,1,0,0,0,1,0,0,0,1],[1,1,1,0,1,1,0,1,0,1]]"
1,566,-0.0208970146237869,0.0208970146237869,"[[1,1,0,0,0,1,0,0,0,1],[1,1,1,0,1,1,0,1,1,0]]"
1,567,-0.020739223733557664,0.020739223733557664,"[[1,1,0,0,0,1,0,0,0,1],[1,1,1,0,1,1,0,1,1,1]]"
1,568,-0.025260279951674534,0.025260279951674534,"[[1,1,0,0,0,1,0,0,0,1],[1,1,1,0,1,1,1,0,0,0]]"
1,569,-0.02505899694308454,0.02505899694308454,"[[1,1,0,0,0,1,0,0,0,1],[1,1,1,0,1,1,1,0,0,1]]"
1,570,-0.02549804818701692,0.02549804818701692,"[[1,1,0,0,0,1,0,0,0,1],[1,1,1,0,1,1,1,0,1,0]]"
1,571,-0.02534616075865627,0.02534616075865627,"[[1,1,0,0,0,1,0,0,0,1],[1,1,1,0,1,1,1,0,1,1]]"
1,572,-0.028942223283706613,0.028942223283706613,"[[1,1,0,0,0,1,0,0,0,1],[1,1,1,0,1,1,1,1,0,0]]"
1,573,-0.028718730789005876,0.028718730789005876,"[[1,1,0,0,0,1,0,0,0,1],[1,1,1,0,1,1,1,1,0,1]]"
1,574,-0.029168707745308317,0.029168707745308317,"[[1,1,0,0,0,1,0,0,0,1],[1,1,1,0,1,1,1,1,1,0]]"
1,575,-0.029062638978942408,0.029062638978942408,"[[1,1,0,0,0,1,0,0,0,1],[1,1,1,0,1,1,1,1,1,1]]"
1,576,-0.010556645321570473,0.010556645321570473,"[[1,1,0,0,0,1,0,0,1,0],[1,1,1,0,1,0,0,0,0,0]]"
1,577,-0.010489620215841591,0.010489620215841591,"[[1,1,0,0,0,1,0,0,1,0],[1,1,1,0,1,0,0,0,0,1]]"
1,578,-0.010950655078200353,0.010950655078200353,"[[1,1,0,0,0,1,0,0,1,0],[1,1,1,0,1,0,0,0,1,0]]"
1,579,-0.010901293699373616,0.010901293699373616,"[[1,1,0,0,0,1,0,0,1,0],[1,1,1,0,1,0,0,0,1,1]]"
1,580,-0.01308154937894467,0.01308154937894467,"[[1,1,0,0,0,1,0,0,1,0],[1,1,1,0,1,0,0,1,0,0]]"
1,581,-0.012992393764124966,0.012992393764124966,"[[1,1,0,0,0,1,0,0,1,0],[1,1,1,0,1,0,0,1,0,1]]"
1,582,-0.013520341119663746,0.013520341119663746,"[[1,1,0,0,0,1,0,0,1,0],[1,1,1,0,1,0,0,1,1,0]]"
1,583,-0.013460690022314658,0.013460690022314658,"[[1,1,0,0,0,1,0,0,1,0],[1,1,1,0,1,0,0,1,1,1]]"
1,584,-0.01658742383673857,0.01658742383673857,"[[1,1,0,0,0,1,0,0,1,0],[1,1,1,0,1,0,1,0,0,0]]"
1,585,-0.01647321368793482,0.01647321368793482,"[[1,1,0,0,0,1,0,0,1,0],[1,1,1,0,1,0,1,0,0,1]]"
1,586,-0.0170628810708885,0.0170628810708885,"[[1,1,0,0,0,1,0,0,1,0],[1,1,1,0,1,0,1,0,1,0]]"
1,587,-0.016952694665026476,0.016952694665026476,"[[1,1,0,0,0,1,0,0,1,0],[1,1,1,0,1,0,1,0,1,1]]"
1,588,-0.01966865102021997,0.01966865102021997,"[[1,1,0,0,0,1,0,0,1,0],[1,1,1,0,1,0,1,1,0,0]]"
1,589,-0.01954006104343605,0.01954006104343605,"[[1,1,0,0,0,1,0,0,1,0],[1,1,1,0,1,0,1,1,0,1]]"
1,590,-0.020134006071912333,0.020134006071912333,"[[1,1,0,0,0,1,0,0,1,0],[1,1,1,0,1,0,1,1,1,0]]"
1,591,-0.0200280618369559,0.0200280618369559,"[[1,1,0,0,0,1,0,0,1,0],[1,1,1,0,1,0,1,1,1,1]]"
1,592,-0.016628747025993915,0.016628747025993915,"[[1,1,0,0,0,1,0,0,1,0],[1,1,1,0,1,1,0,0,0,0]]"
1,593,-0.016484791270881215,0.016484791270881215,"[[1,1,0,0,0,1,0,0,1,0],[1,1,1,0,1,1,0,0,0,1]]"
1,594,-0.01696233553845857,0.01696233553845857,"[[1,1,0,0,0,1,0,0,1,0],[1,1,1,0,1,1,0,0,1,0]]"
1,595,-0.016864364257848707,0.016864364257848707,"[[1,1,0,0,0,1,0,0,1,0],[1,1,1,0,1,1,0,0,1,1]]"
1,596,-0.019471154596729462,0.019471154596729462,"[[1,1,0,0,0,1,0,0,1,0],[1,1,1,0,1,1,0,1,0,0]]"
1,597,-0.0193210561489025,0.0193210561489025,"[[1,1,0,0,0,1,0,0,1,0],[1,1,1,0,1,1,0,1,0,1]]"
1,598,-0.019852491413653677,0.019852491413653677,"[[1,1,0,0,0,1,0,0,1,0],[1,1,1,0,1,1,0,1,1,0]]"
1,599,-0.01974846952407408,0.01974846952407408,"[[1,1,0,0,0,1,0,0,1,0],[1,1,1,0,1,1,0,1,1,1]]"
1,600,-0.02398168858319437,0.02398168858319437,"[[1,1,0,0,0,1,0,0,1,0],[1,1,1,0,1,1,1,0,0,0]]"
1,601,-0.023795880550791244,0.023795880550791244,"[[1,1,0,0,0,1,0,0,1,0],[1,1,1,0,1,1,1,0,0,1]]"
1,602,-0.024372116741469097,0.024372116741469097,"[[1,1,0,0,0,1,0,0,1,0],[1,1,1,0,1,1,1,0,1,0]]"
1,603,-0.024270632272371057,0.024270632272371057,"[[1,1,0,0,0,1,0,0,1,0],[1,1,1,0,1,1,1,0,1,1]]"
1,604,-0.027402881117079385,0.027402881117079385,"[[1,1,0,0,0,1,0,0,1,0],[1,1,1,0,1,1,1,1,0,0]]"
1,605,-0.02723468090866894,0.02723468090866894,"[[1,1,0,0,0,1,0,0,1,0],[1,1,1,0,1,1,1,1,0,1]]"
1,606,-0.027902167017700742,0.027902167017700742,"[[1,1,0,0,0,1,0,0,1,0],[1,1,1,0,1,1,1,1,1,0]]"
1,607,-0.027812660850215266,0.027812660850215266,"[[1,1,0,0,0,1,0,0,1,0],[1,1,1,0,1,1,1,1,1,1]]"
1,608,-0.01061374399548514,0.01061374399548514,"[[1,1,0,0,0,1,0,0,1,1],[1,1,1,0,1,0,0,0,0,0]]"
1,609,-0.010556171474278852,0.010556171474278852,"[[1,1,0,0,0,1,0,0,1,1],[1,1,1,0,1,0,0,0,0,1]]"
1,610,-0.011018227689485604,0.011018227689485604,"[[1,1,0,0,0,1,0,0,1,1],[1,1,1,0,1,0,0,0,1,0]]"
1,611,-0.010968618630911316,0.010968618630911316,"[[1,1,0,0,0,1,0,0,1,1],[1,1,1,0,1,0,0,0,1,1]]"
1,612,-0.013144737625068667,0.013144737625068667,"[[1,1,0,0,0,1,0,0,1,1],[1,1,1,0,1,0,0,1,0,0]]"
1,613,-0.013056238628808756,0.013056238628808756,"[[1,1,0,0,0,1,0,0,1,1],[1,1,1,0,1,0,0,1,0,1]]"
1,614,-0.013588254891148142,0.013588254891148142,"[[1,1,0,0,0,1,0,0,1,1],[1,1,1,0,1,0,0,1,1,0]]"
1,615,-0.013527402067872878,0.013527402067872878,"[[1,1,0,0,0,1,0,0,1,1],[1,1,1,0,1,0,0,1,1,1]]"
1,616,-0.016653641590107758,0.016653641590107758,"[[1,1,0,0,0,1,0,0,1,1],[1,1,1,0,1,0,1,0,0,0]]"
1,617,-0.016539752938981803,0.016539752938981803,"[[1,1,0,0,0,1,0,0,1,1],[1,1,1,0,1,0,1,0,0,1]]"
1,618,-0.017131304853878954,0.017131304853878954,"[[1,1,0,0,0,1,0,0,1,1],[1,1,1,0,1,0,1,0,1,0]]"
1,619,-0.01702088548182206,0.01702088548182206,"[[1,1,0,0,0,1,0,0,1,1],[1,1,1,0,1,0,1,0,1,1]]"
1,620,-0.019738532462335808,0.019738532462335808,"[[1,1,0,0,0,1,0,0,1,1],[1,1,1,0,1,0,1,1,0,0]]"
1,621,-0.019602814893314315,0.019602814893314315,"[[1,1,0,0,0,1,0,0,1,1],[1,1,1,0,1,0,1,1,0,1]]"
1,622,-0.020197302564295014,0.020197302564295014,"[[1,1,0,0,0,1,0,0,1,1],[1,1,1,0,1,0,1,1,1,0]]"
1,623,-0.020083004416396162,0.020083004416396162,"[[1,1,0,0,0,1,0,0,1,1],[1,1,1,0,1,0,1,1,1,1]]"
1,624,-0.01668023838554273,0.01668023838554273,"[[1,1,0,0,0,1,0,0,1,1],[1,1,1,0,1,1,0,0,0,0]]"
1,625,-0.016535945452516042,0.016535945452516042,"[[1,1,0,0,0,1,0,0,1,1],[1,1,1,0,1,1,0,0,0,1]]"
1,626,-0.017026588284293417,0.017026588284293417,"[[1,1,0,0,0,1,0,0,1,1],[1,1,1,0,1,1,0,0,1,0]]"
1,627,-0.01693295362838253,0.01693295362838253,"[[1,1,0,0,0,1,0,0,1,1],[1,1,1,0,1,1,0,0,1,1]]"
1,628,-0.01952841191031615,0.01952841191031615,"[[1,1,0,0,0,1,0,0,1,1],[1,1,1,0,1,1,0,1,0,0]]"
1,629,-0.0193764549169997,0.0193764549169997,"[[1,1,0,0,0,1,0,0,1,1],[1,1,1,0,1,1,0,1,0,1]]"
1,630,-0.019912241643029818,0.019912241643029818,"[[1,1,0,0,0,1,0,0,1,1],[1,1,1,0,1,1,0,1,1,0]]"
1,631,-0.019813308044027467,0.019813308044027467,"[[1,1,0,0,0,1,0,0,1,1],[1,1,1,0,1,1,0,1,1,1]]"
1,632,-0.024037052079727776,0.024037052079727776,"[[1,1,0,0,0,1,0,0,1,1],[1,1,1,0,1,1,1,0,0,0]]"
1,633,-0.02384924429608646,0.02384924429608646,"[[1,1,0,0,0,1,0,0,1,1],[1,1,1,0,1,1,1,0,0,1]]"
1,634,-0.024429451490366346,0.024429451490366346,"[[1,1,0,0,0,1,0,0,1,1],[1,1,1,0,1,1,1,0,1,0]]"
1,635,-0.02431458591285395,0.02431458591285395,"[[1,1,0,0,0,1,0,0,1,1],[1,1,1,0,1,1,1,0,1,1]]"
1,636,-0.02746257874553205,0.02746257874553205,"[[1,1,0,0,0,1,0,0,1,1],[1,1,1,0,1,1,1,1,0,0]]"
1,637,-0.02727988496753854,0.02727988496753854,"[[1,1,0,0,0,1,0,0,1,1],[1,1,1,0,1,1,1,1,0,1]]"
1,638,-0.0279525628654222,0.0279525628654222,"[[1,1,0,0,0,1,0,0,1,1],[1,1,1,0,1,1,1,1,1,0]]"
1,639,-0.02786035628394276,0.02786035628394276,"[[1,1,0,0,0,1,0,0,1,1],[1,1,1,0,1,1,1,1,1,1]]"
1,640,-0.008189165099590966,0.008189165099590966,"[[1,1,0,0,0,1,0,1,0,0],[1,1,1,0,1,0,0,0,0,0]]"
1,641,-0.00812703838984224,0.00812703838984224,"[[1,1,0,0,0,1,0,1,0,0],[1,1,1,0,1,0,0,0,0,1]]"
1,642,-0.008516729493908514,0.008516729493908514,"[[1,1,0,0,0,1,0,1,0,0],[1,1,1,0,1,0,0,0,1,0]]"
1,643,-0.008468764085318808,0.008468764085318808,"[[1,1,0,0,0,1,0,1,0,0],[1,1,1,0,1,0,0,0,1,1]]"
1,644,-0.010708734263309497,0.010708734263309497,"[[1,1,0,0,0,1,0,1,0,0],[1,1,1,0,1,0,0,1,0,0]]"
1,645,-0.01064147209610994,0.01064147209610994,"[[1,1,0,0,0,1,0,1,0,0],[1,1,1,0,1,0,0,1,0,1]]"
1,646,-0.010989118435093578,0.010989118435093578,"[[1,1,0,0,0,1,0,1,0,0],[1,1,1,0,1,0,0,1,1,0]]"
1,647,-0.010942190446808199,0.010942190446808199,"[[1,1,0,0,0,1,0,1,0,0],[1,1,1,0,1,0,0,1,1,1]]"
1,648,-0.0136265565427726,0.0136265565427726,"[[1,1,0,0,0,1,0,1,0,0],[1,1,1,0,1,0,1,0,0,0]]"
1,649,-0.013512907624258214,0.013512907624258214,"[[1,1,0,0,0,1,0,1,0,0],[1,1,1,0,1,0,1,0,0,1]]"
1,650,-0.013951240994700471,0.013951240994700471,"[[1,1,0,0,0,1,0,1,0,0],[1,1,1,0,1,0,1,0,1,0]]"
1,651,-0.013848701230210292,0.013848701230210292,"[[1,1,0,0,0,1,0,1,0,0],[1,1,1,0,1,0,1,0,1,1]]"
1,652,-0.016701982709894606,0.016701982709894606,"[[1,1,0,0,0,1,0,1,0,0],[1,1,1,0,1,0,1,1,0,0]]"
1,653,-0.016586535874101093,0.016586535874101093,"[[1,1,0,0,0,1,0,1,0,0],[1,1,1,0,1,0,1,1,0,1]]"
1,654,-0.016995864949151746,0.016995864949151746,"[[1,1,0,0,0,1,0,1,0,0],[1,1,1,0,1,0,1,1,1,0]]"
1,655,-0.016882882178541996,0.016882882178541996,"[[1,1,0,0,0,1,0,1,0,0],[1,1,1,0,1,0,1,1,1,1]]"
1,656,-0.013941278975458257,0.013941278975458257,"[[1,1,0,0,0,1,0,1,0,0],[1,1,1,0,1,1,0,0,0,0]]"
1,657,-0.0138087344035157,0.0138087344035157,"[[1,1,0,0,0,1,0,1,0,0],[1,1,1,0,1,1,0,0,0,1]]"
1,658,-0.01415883320378367,0.01415883320378367,"[[1,1,0,0,0,1,0,1,0,0],[1,1,1,0,1,1,0,0,1,0]]"
1,659,-0.01407076287018123,0.01407076287018123,"[[1,1,0,0,0,1,0,1,0,0],[1,1,1,0,1,1,0,0,1,1]]"
1,660,-0.016638375152715087,0.016638375152715087,"[[1,1,0,0,0,1,0,1,0,0],[1,1,1,0,1,1,0,1,0,0]]"
1,661,-0.016491409470981613,0.016491409470981613,"[[1,1,0,0,0,1,0,1,0,0],[1,1,1,0,1,1,0,1,0,1]]"
1,662,-0.016816173752997196,0.016816173752997196,"[[1,1,0,0,0,1,0,1,0,0],[1,1,1,0,1,1,0,1,1,0]]"
1,663,-0.016717862758896362,0.016717862758896362,"[[1,1,0,0,0,1,0,1,0,0],[1,1,1,0,1,1,0,1,1,1]]"
1,664,-0.020729874274638394,0.020729874274638394,"[[1,1,0,0,0,1,0,1,0,0],[1,1,1,0,1,1,1,0,0,0]]"
1,665,-0.02055565369206212,0.02055565369206212,"[[1,1,0,0,0,1,0,1,0,0],[1,1,1,0,1,1,1,0,0,1]]"
1,666,-0.020981304162840175,0.020981304162840175,"[[1,1,0,0,0,1,0,1,0,0],[1,1,1,0,1,1,1,0,1,0]]"
1,667,-0.020810577433452958,0.020810577433452958,"[[1,1,0,0,0,1,0,1,0,0],[1,1,1,0,1,1,1,0,1,1]]"
1,668,-0.023990740994198845,0.023990740994198845,"[[1,1,0,0,0,1,0,1,0,0],[1,1,1,0,1,1,1,1,0,0]]"
1,669,-0.023800973635637362,0.023800973635637362,"[[1,1,0,0,0,1,0,1,0,0],[1,1,1,0,1,1,1,1,0,1]]"
1,670,-0.024214723487391055,0.024214723487391055,"[[1,1,0,0,0,1,0,1,0,0],[1,1,1,0,1,1,1,1,1,0]]"
1,671,-0.02409914903147178,0.02409914903147178,"[[1,1,0,0,0,1,0,1,0,0],[1,1,1,0,1,1,1,1,1,1]]"
1,672,-0.00823980382761235,0.00823980382761235,"[[1,1,0,0,0,1,0,1,0,1],[1,1,1,0,1,0,0,0,0,0]]"
1,673,-0.008184204556606019,0.008184204556606019,"[[1,1,0,0,0,1,0,1,0,1],[1,1,1,0,1,0,0,0,0,1]]"
1,674,-0.00857768442051243,0.00857768442051243,"[[1,1,0,0,0,1,0,1,0,1],[1,1,1,0,1,0,0,0,1,0]]"
1,675,-0.00852930478545741,0.00852930478545741,"[[1,1,0,0,0,1,0,1,0,1],[1,1,1,0,1,0,0,0,1,1]]"
1,676,-0.010767370532786062,0.010767370532786062,"[[1,1,0,0,0,1,0,1,0,1],[1,1,1,0,1,0,0,1,0,0]]"
1,677,-0.01070939772039447,0.01070939772039447,"[[1,1,0,0,0,1,0,1,0,1],[1,1,1,0,1,0,0,1,0,1]]"
1,678,-0.011059497856670127,0.011059497856670127,"[[1,1,0,0,0,1,0,1,0,1],[1,1,1,0,1,0,0,1,1,0]]"
1,679,-0.011010288233222443,0.011010288233222443,"[[1,1,0,0,0,1,0,1,0,1],[1,1,1,0,1,0,0,1,1,1]]"
1,680,-0.013684929131371116,0.013684929131371116,"[[1,1,0,0,0,1,0,1,0,1],[1,1,1,0,1,0,1,0,0,0]]"
1,681,-0.013571364794249967,0.013571364794249967,"[[1,1,0,0,0,1,0,1,0,1],[1,1,1,0,1,0,1,0,0,1]]"
1,682,-0.014013778495998084,0.014013778495998084,"[[1,1,0,0,0,1,0,1,0,1],[1,1,1,0,1,0,1,0,1,0]]"
1,683,-0.013911515236785361,0.013911515236785361,"[[1,1,0,0,0,1,0,1,0,1],[1,1,1,0,1,0,1,0,1,1]]"
1,684,-0.016768792022463622,0.016768792022463622,"[[1,1,0,0,0,1,0,1,0,1],[1,1,1,0,1,0,1,1,0,0]]"
1,685,-0.01665355223328853,0.01665355223328853,"[[1,1,0,0,0,1,0,1,0,1],[1,1,1,0,1,0,1,1,0,1]]"
1,686,-0.017056271671957005,0.017056271671957005,"[[1,1,0,0,0,1,0,1,0,1],[1,1,1,0,1,0,1,1,1,0]]"
1,687,-0.016943379919875132,0.016943379919875132,"[[1,1,0,0,0,1,0,1,0,1],[1,1,1,0,1,0,1,1,1,1]]"
1,688,-0.013995007876011281,0.013995007876011281,"[[1,1,0,0,0,1,0,1,0,1],[1,1,1,0,1,1,0,0,0,0]]"
1,689,-0.013871721589347172,0.013871721589347172,"[[1,1,0,0,0,1,0,1,0,1],[1,1,1,0,1,1,0,0,0,1]]"
1,690,-0.014224068949750628,0.014224068949750628,"[[1,1,0,0,0,1,0,1,0,1],[1,1,1,0,1,1,0,0,1,0]]"
1,691,-0.014133033292476789,0.014133033292476789,"[[1,1,0,0,0,1,0,1,0,1],[1,1,1,0,1,1,0,0,1,1]]"
1,692,-0.016688372745697348,0.016688372745697348,"[[1,1,0,0,0,1,0,1,0,1],[1,1,1,0,1,1,0,1,0,0]]"
1,693,-0.01653991662938211,0.01653991662938211,"[[1,1,0,0,0,1,0,1,0,1],[1,1,1,0,1,1,0,1,0,1]]"
1,694,-0.016879609680564317,0.016879609680564317,"[[1,1,0,0,0,1,0,1,0,1],[1,1,1,0,1,1,0,1,1,0]]"
1,695,-0.016785340699149155,0.016785340699149155,"[[1,1,0,0,0,1,0,1,0,1],[1,1,1,0,1,1,0,1,1,1]]"
1,696,-0.020789143851745434,0.020789143851745434,"[[1,1,0,0,0,1,0,1,0,1],[1,1,1,0,1,1,1,0,0,0]]"
1,697,-0.020613097171391353,0.020613097171391353,"[[1,1,0,0,0,1,0,1,0,1],[1,1,1,0,1,1,1,0,0,1]]"
1,698,-0.021035374866594438,0.021035374866594438,"[[1,1,0,0,0,1,0,1,0,1],[1,1,1,0,1,1,1,0,1,0]]"
1,699,-0.020862714391564265,0.020862714391564265,"[[1,1,0,0,0,1,0,1,0,1],[1,1,1,0,1,1,1,0,1,1]]"
1,700,-0.024045017122908786,0.024045017122908786,"[[1,1,0,0,0,1,0,1,0,1],[1,1,1,0,1,1,1,1,0,0]]"
1,701,-0.02385302734822171,0.02385302734822171,"[[1,1,0,0,0,1,0,1,0,1],[1,1,1,0,1,1,1,1,0,1]]"
1,702,-0.024271523495419514,0.024271523495419514,"[[1,1,0,0,0,1,0,1,0,1],[1,1,1,0,1,1,1,1,1,0]]"
1,703,-0.024142235787844232,0.024142235787844232,"[[1,1,0,0,0,1,0,1,0,1],[1,1,1,0,1,1,1,1,1,1]]"
1,704,-0.007682036672812326,0.007682036672812326,"[[1,1,0,0,0,1,0,1,1,0],[1,1,1,0,1,0,0,0,0,0]]"
1,705,-0.007631358424640362,0.007631358424640362,"[[1,1,0,0,0,1,0,1,1,0],[1,1,1,0,1,0,0,0,0,1]]"
1,706,-0.008153791242427225,0.008153791242427225,"[[1,1,0,0,0,1,0,1,1,0],[1,1,1,0,1,0,0,0,1,0]]"
1,707,-0.008105288891046466,0.008105288891046466,"[[1,1,0,0,0,1,0,1,1,0],[1,1,1,0,1,0,0,0,1,1]]"
1,708,-0.01009578455343421,0.01009578455343421,"[[1,1,0,0,0,1,0,1,1,0],[1,1,1,0,1,0,0,1,0,0]]"
1,709,-0.010049114556507784,0.010049114556507784,"[[1,1,0,0,0,1,0,1,1,0],[1,1,1,0,1,0,0,1,0,1]]"
1,710,-0.010578062746078372,0.010578062746078372,"[[1,1,0,0,0,1,0,1,1,0],[1,1,1,0,1,0,0,1,1,0]]"
1,711,-0.010535033628167345,0.010535033628167345,"[[1,1,0,0,0,1,0,1,1,0],[1,1,1,0,1,0,0,1,1,1]]"
1,712,-0.012826109595215187,0.012826109595215187,"[[1,1,0,0,0,1,0,1,1,0],[1,1,1,0,1,0,1,0,0,0]]"
1,713,-0.012726020673163162,0.012726020673163162,"[[1,1,0,0,0,1,0,1,1,0],[1,1,1,0,1,0,1,0,0,1]]"
1,714,-0.013270065966077596,0.013270065966077596,"[[1,1,0,0,0,1,0,1,1,0],[1,1,1,0,1,0,1,0,1,0]]"
1,715,-0.01317738765996807,0.01317738765996807,"[[1,1,0,0,0,1,0,1,1,0],[1,1,1,0,1,0,1,0,1,1]]"
1,716,-0.01580317011681863,0.01580317011681863,"[[1,1,0,0,0,1,0,1,1,0],[1,1,1,0,1,0,1,1,0,0]]"
1,717,-0.015701354884737163,0.015701354884737163,"[[1,1,0,0,0,1,0,1,1,0],[1,1,1,0,1,0,1,1,0,1]]"
1,718,-0.01624767391539054,0.01624767391539054,"[[1,1,0,0,0,1,0,1,1,0],[1,1,1,0,1,0,1,1,1,0]]"
1,719,-0.0161491051158052,0.0161491051158052,"[[1,1,0,0,0,1,0,1,1,0],[1,1,1,0,1,0,1,1,1,1]]"
1,720,-0.013112066550910899,0.013112066550910899,"[[1,1,0,0,0,1,0,1,1,0],[1,1,1,0,1,1,0,0,0,0]]"
1,721,-0.013028347060397792,0.013028347060397792,"[[1,1,0,0,0,1,0,1,1,0],[1,1,1,0,1,1,0,0,0,1]]"
1,722,-0.013626940366104543,0.013626940366104543,"[[1,1,0,0,0,1,0,1,1,0],[1,1,1,0,1,1,0,0,1,0]]"
1,723,-0.013539093249497102,0.013539093249497102,"[[1,1,0,0,0,1,0,1,1,0],[1,1,1,0,1,1,0,0,1,1]]"
1,724,-0.015649674145363602,0.015649674145363602,"[[1,1,0,0,0,1,0,1,1,0],[1,1,1,0,1,1,0,1,0,0]]"
1,725,-0.015561913124215144,0.015561913124215144,"[[1,1,0,0,0,1,0,1,1,0],[1,1,1,0,1,1,0,1,0,1]]"
1,726,-0.016128491121174777,0.016128491121174777,"[[1,1,0,0,0,1,0,1,1,0],[1,1,1,0,1,1,0,1,1,0]]"
1,727,-0.016044298945411872,0.016044298945411872,"[[1,1,0,0,0,1,0,1,1,0],[1,1,1,0,1,1,0,1,1,1]]"
1,728,-0.01964256115129234,0.01964256115129234,"[[1,1,0,0,0,1,0,1,1,0],[1,1,1,0,1,1,1,0,0,0]]"
1,729,-0.01948160931750116,0.01948160931750116,"[[1,1,0,0,0,1,0,1,1,0],[1,1,1,0,1,1,1,0,0,1]]"
1,730,-0.020073040113671888,0.020073040113671888,"[[1,1,0,0,0,1,0,1,1,0],[1,1,1,0,1,1,1,0,1,0]]"
1,731,-0.019912057185014986,0.019912057185014986,"[[1,1,0,0,0,1,0,1,1,0],[1,1,1,0,1,1,1,0,1,1]]"
1,732,-0.022730468375176192,0.022730468375176192,"[[1,1,0,0,0,1,0,1,1,0],[1,1,1,0,1,1,1,1,0,0]]"
1,733,-0.02256072169950854,0.02256072169950854,"[[1,1,0,0,0,1,0,1,1,0],[1,1,1,0,1,1,1,1,0,1]]"
1,734,-0.023125466710958175,0.023125466710958175,"[[1,1,0,0,0,1,0,1,1,0],[1,1,1,0,1,1,1,1,1,0]]"
1,735,-0.02304807375945507,0.02304807375945507,"[[1,1,0,0,0,1,0,1,1,0],[1,1,1,0,1,1,1,1,1,1]]"
1,736,-0.007737860471804137,0.007737860471804137,"[[1,1,0,0,0,1,0,1,1,1],[1,1,1,0,1,0,0,0,0,0]]"
1,737,-0.007686863250608876,0.007686863250608876,"[[1,1,0,0,0,1,0,1,1,1],[1,1,1,0,1,0,0,0,0,1]]"
1,738,-0.008210644881347262,0.008210644881347262,"[[1,1,0,0,0,1,0,1,1,1],[1,1,1,0,1,0,0,0,1,0]]"
1,739,-0.0081618751318363,0.0081618751318363,"[[1,1,0,0,0,1,0,1,1,1],[1,1,1,0,1,0,0,0,1,1]]"
1,740,-0.010162989074912145,0.010162989074912145,"[[1,1,0,0,0,1,0,1,1,1],[1,1,1,0,1,0,0,1,0,0]]"
1,741,-0.010116287613416075,0.010116287613416075,"[[1,1,0,0,0,1,0,1,1,1],[1,1,1,0,1,0,0,1,0,1]]"
1,742,-0.010646588891738761,0.010646588891738761,"[[1,1,0,0,0,1,0,1,1,1],[1,1,1,0,1,0,0,1,1,0]]"
1,743,-0.010599873624904858,0.010599873624904858,"[[1,1,0,0,0,1,0,1,1,1],[1,1,1,0,1,0,0,1,1,1]]"
1,744,-0.01288555566592398,0.01288555566592398,"[[1,1,0,0,0,1,0,1,1,1],[1,1,1,0,1,0,1,0,0,0]]"
1,745,-0.012785919203132323,0.012785919203132323,"[[1,1,0,0,0,1,0,1,1,1],[1,1,1,0,1,0,1,0,0,1]]"
1,746,-0.013331789619227773,0.013331789619227773,"[[1,1,0,0,0,1,0,1,1,1],[1,1,1,0,1,0,1,0,1,0]]"
1,747,-0.013239707204615965,0.013239707204615965,"[[1,1,0,0,0,1,0,1,1,1],[1,1,1,0,1,0,1,0,1,1]]"
1,748,-0.015871017999161883,0.015871017999161883,"[[1,1,0,0,0,1,0,1,1,1],[1,1,1,0,1,0,1,1,0,0]]"
1,749,-0.015769306850121508,0.015769306850121508,"[[1,1,0,0,0,1,0,1,1,1],[1,1,1,0,1,0,1,1,0,1]]"
1,750,-0.016309082270426687,0.016309082270426687,"[[1,1,0,0,0,1,0,1,1,1],[1,1,1,0,1,0,1,1,1,0]]"
1,751,-0.01621103079301588,0.01621103079301588,"[[1,1,0,0,0,1,0,1,1,1],[1,1,1,0,1,0,1,1,1,1]]"
1,752,-0.013180267206114564,0.013180267206114564,"[[1,1,0,0,0,1,0,1,1,1],[1,1,1,0,1,1,0,0,0,0]]"
1,753,-0.013094611704808176,0.013094611704808176,"[[1,1,0,0,0,1,0,1,1,1],[1,1,1,0,1,1,0,0,0,1]]"
1,754,-0.013687965650100336,0.013687965650100336,"[[1,1,0,0,0,1,0,1,1,1],[1,1,1,0,1,1,0,0,1,0]]"
1,755,-0.013597997883816517,0.013597997883816517,"[[1,1,0,0,0,1,0,1,1,1],[1,1,1,0,1,1,0,0,1,1]]"
1,756,-0.015718244652855342,0.015718244652855342,"[[1,1,0,0,0,1,0,1,1,1],[1,1,1,0,1,1,0,1,0,0]]"
1,757,-0.015628458687687866,0.015628458687687866,"[[1,1,0,0,0,1,0,1,1,1],[1,1,1,0,1,1,0,1,0,1]]"
1,758,-0.01619788545462951,0.01619788545462951,"[[1,1,0,0,0,1,0,1,1,1],[1,1,1,0,1,1,0,1,1,0]]"
1,759,-0.016111552177962243,0.016111552177962243,"[[1,1,0,0,0,1,0,1,1,1],[1,1,1,0,1,1,0,1,1,1]]"
1,760,-0.019702709770248288,0.019702709770248288,"[[1,1,0,0,0,1,0,1,1,1],[1,1,1,0,1,1,1,0,0,0]]"
1,761,-0.019540296369713942,0.019540296369713942,"[[1,1,0,0,0,1,0,1,1,1],[1,1,1,0,1,1,1,0,0,1]]"
1,762,-0.020126161750076393,0.020126161750076393,"[[1,1,0,0,0,1,0,1,1,1],[1,1,1,0,1,1,1,0,1,0]]"
1,763,-0.019963555143887923,0.019963555143887923,"[[1,1,0,0,0,1,0,1,1,1],[1,1,1,0,1,1,1,0,1,1]]"
1,764,-0.022788325780317652,0.022788325780317652,"[[1,1,0,0,0,1,0,1,1,1],[1,1,1,0,1,1,1,1,0,0]]"
1,765,-0.022616888089983734,0.022616888089983734,"[[1,1,0,0,0,1,0,1,1,1],[1,1,1,0,1,1,1,1,0,1]]"
1,766,-0.023185622494838434,0.023185622494838434,"[[1,1,0,0,0,1,0,1,1,1],[1,1,1,0,1,1,1,1,1,0]]"
1,767,-0.02309598968766473,0.02309598968766473,"[[1,1,0,0,0,1,0,1,1,1],[1,1,1,0,1,1,1,1,1,1]]"
1,768,-0.005855341434797256,0.005855341434797256,"[[1,1,0,0,0,1,1,0,0,0],[1,1,1,0,1,0,0,0,0,0]]"
1,769,-0.005769095365145395,0.005769095365145395,"[[1,1,0,0,0,1,1,0,0,0],[1,1,1,0,1,0,0,0,0,1]]"
1,770,-0.006168872375593293,0.006168872375593293,"[[1,1,0,0,0,1,1,0,0,0],[1,1,1,0,1,0,0,0,1,0]]"
1,771,-0.006096424380488486,0.006096424380488486,"[[1,1,0,0,0,1,1,0,0,0],[1,1,1,0,1,0,0,0,1,1]]"
1,772,-0.008156718988002836,0.008156718988002836,"[[1,1,0,0,0,1,1,0,0,0],[1,1,1,0,1,0,0,1,0,0]]"
1,773,-0.00805999741033227,0.00805999741033227,"[[1,1,0,0,0,1,1,0,0,0],[1,1,1,0,1,0,0,1,0,1]]"
1,774,-0.008375609822138488,0.008375609822138488,"[[1,1,0,0,0,1,1,0,0,0],[1,1,1,0,1,0,0,1,1,0]]"
1,775,-0.00829437548878619,0.00829437548878619,"[[1,1,0,0,0,1,1,0,0,0],[1,1,1,0,1,0,0,1,1,1]]"
1,776,-0.010689369058804566,0.010689369058804566,"[[1,1,0,0,0,1,1,0,0,0],[1,1,1,0,1,0,1,0,0,0]]"
1,777,-0.010601476192442023,0.010601476192442023,"[[1,1,0,0,0,1,1,0,0,0],[1,1,1,0,1,0,1,0,0,1]]"
1,778,-0.01106518308310898,0.01106518308310898,"[[1,1,0,0,0,1,1,0,0,0],[1,1,1,0,1,0,1,0,1,0]]"
1,779,-0.010982003182012095,0.010982003182012095,"[[1,1,0,0,0,1,1,0,0,0],[1,1,1,0,1,0,1,0,1,1]]"
1,780,-0.013656035488783453,0.013656035488783453,"[[1,1,0,0,0,1,1,0,0,0],[1,1,1,0,1,0,1,1,0,0]]"
1,781,-0.013549805480970954,0.013549805480970954,"[[1,1,0,0,0,1,1,0,0,0],[1,1,1,0,1,0,1,1,0,1]]"
1,782,-0.013947379704431584,0.013947379704431584,"[[1,1,0,0,0,1,1,0,0,0],[1,1,1,0,1,0,1,1,1,0]]"
1,783,-0.013858704897898555,0.013858704897898555,"[[1,1,0,0,0,1,1,0,0,0],[1,1,1,0,1,0,1,1,1,1]]"
1,784,-0.011185582758794643,0.011185582758794643,"[[1,1,0,0,0,1,1,0,0,0],[1,1,1,0,1,1,0,0,0,0]]"
1,785,-0.01107272202800793,0.01107272202800793,"[[1,1,0,0,0,1,1,0,0,0],[1,1,1,0,1,1,0,0,0,1]]"
1,786,-0.011492904824626296,0.011492904824626296,"[[1,1,0,0,0,1,1,0,0,0],[1,1,1,0,1,1,0,0,1,0]]"
1,787,-0.011387539252406204,0.011387539252406204,"[[1,1,0,0,0,1,1,0,0,0],[1,1,1,0,1,1,0,0,1,1]]"
1,788,-0.01413429221212751,0.01413429221212751,"[[1,1,0,0,0,1,1,0,0,0],[1,1,1,0,1,1,0,1,0,0]]"
1,789,-0.014012406682437946,0.014012406682437946,"[[1,1,0,0,0,1,1,0,0,0],[1,1,1,0,1,1,0,1,0,1]]"
1,790,-0.01437731981470589,0.01437731981470589,"[[1,1,0,0,0,1,1,0,0,0],[1,1,1,0,1,1,0,1,1,0]]"
1,791,-0.01428559607264368,0.01428559607264368,"[[1,1,0,0,0,1,1,0,0,0],[1,1,1,0,1,1,0,1,1,1]]"
1,792,-0.01767675689894863,0.01767675689894863,"[[1,1,0,0,0,1,1,0,0,0],[1,1,1,0,1,1,1,0,0,0]]"
1,793,-0.01754031723412991,0.01754031723412991,"[[1,1,0,0,0,1,1,0,0,0],[1,1,1,0,1,1,1,0,0,1]]"
1,794,-0.017898437959539312,0.017898437959539312,"[[1,1,0,0,0,1,1,0,0,0],[1,1,1,0,1,1,1,0,1,0]]"
1,795,-0.017811532561207186,0.017811532561207186,"[[1,1,0,0,0,1,1,0,0,0],[1,1,1,0,1,1,1,0,1,1]]"
1,796,-0.020703555862917236,0.020703555862917236,"[[1,1,0,0,0,1,1,0,0,0],[1,1,1,0,1,1,1,1,0,0]]"
1,797,-0.020553980596621328,0.020553980596621328,"[[1,1,0,0,0,1,1,0,0,0],[1,1,1,0,1,1,1,1,0,1]]"
1,798,-0.020972676868874034,0.020972676868874034,"[[1,1,0,0,0,1,1,0,0,0],[1,1,1,0,1,1,1,1,1,0]]"
1,799,-0.02090597845026493,0.02090597845026493,"[[1,1,0,0,0,1,1,0,0,0],[1,1,1,0,1,1,1,1,1,1]]"
1,800,-0.0058897723959623095,0.0058897723959623095,"[[1,1,0,0,0,1,1,0,0,1],[1,1,1,0,1,0,0,0,0,0]]"
1,801,-0.005805040514056873,0.005805040514056873,"[[1,1,0,0,0,1,1,0,0,1],[1,1,1,0,1,0,0,0,0,1]]"
1,802,-0.006197641743679567,0.006197641743679567,"[[1,1,0,0,0,1,1,0,0,1],[1,1,1,0,1,0,0,0,1,0]]"
1,803,-0.006135674535632438,0.006135674535632438,"[[1,1,0,0,0,1,1,0,0,1],[1,1,1,0,1,0,0,0,1,1]]"
1,804,-0.008190856332853134,0.008190856332853134,"[[1,1,0,0,0,1,1,0,0,1],[1,1,1,0,1,0,0,1,0,0]]"
1,805,-0.008094153917546065,0.008094153917546065,"[[1,1,0,0,0,1,1,0,0,1],[1,1,1,0,1,0,0,1,0,1]]"
1,806,-0.00841588455646581,0.00841588455646581,"[[1,1,0,0,0,1,1,0,0,1],[1,1,1,0,1,0,0,1,1,0]]"
1,807,-0.008334956819284915,0.008334956819284915,"[[1,1,0,0,0,1,1,0,0,1],[1,1,1,0,1,0,0,1,1,1]]"
1,808,-0.01074829304742742,0.01074829304742742,"[[1,1,0,0,0,1,1,0,0,1],[1,1,1,0,1,0,1,0,0,0]]"
1,809,-0.010652993619249047,0.010652993619249047,"[[1,1,0,0,0,1,1,0,0,1],[1,1,1,0,1,0,1,0,0,1]]"
1,810,-0.011121386434788492,0.011121386434788492,"[[1,1,0,0,0,1,1,0,0,1],[1,1,1,0,1,0,1,0,1,0]]"
1,811,-0.011038920311185928,0.011038920311185928,"[[1,1,0,0,0,1,1,0,0,1],[1,1,1,0,1,0,1,0,1,1]]"
1,812,-0.013714971757684151,0.013714971757684151,"[[1,1,0,0,0,1,1,0,0,1],[1,1,1,0,1,0,1,1,0,0]]"
1,813,-0.013609099986927786,0.013609099986927786,"[[1,1,0,0,0,1,1,0,0,1],[1,1,1,0,1,0,1,1,0,1]]"
1,814,-0.01401154036919766,0.01401154036919766,"[[1,1,0,0,0,1,1,0,0,1],[1,1,1,0,1,0,1,1,1,0]]"
1,815,-0.013919999439616883,0.013919999439616883,"[[1,1,0,0,0,1,1,0,0,1],[1,1,1,0,1,0,1,1,1,1]]"
1,816,-0.011234505010932134,0.011234505010932134,"[[1,1,0,0,0,1,1,0,0,1],[1,1,1,0,1,1,0,0,0,0]]"
1,817,-0.011115730387492697,0.011115730387492697,"[[1,1,0,0,0,1,1,0,0,1],[1,1,1,0,1,1,0,0,0,1]]"
1,818,-0.011541918995079533,0.011541918995079533,"[[1,1,0,0,0,1,1,0,0,1],[1,1,1,0,1,1,0,0,1,0]]"
1,819,-0.011435878269246892,0.011435878269246892,"[[1,1,0,0,0,1,1,0,0,1],[1,1,1,0,1,1,0,0,1,1]]"
1,820,-0.014189041677610332,0.014189041677610332,"[[1,1,0,0,0,1,1,0,0,1],[1,1,1,0,1,1,0,1,0,0]]"
1,821,-0.014066293875935849,0.014066293875935849,"[[1,1,0,0,0,1,1,0,0,1],[1,1,1,0,1,1,0,1,0,1]]"
1,822,-0.014437646557925694,0.014437646557925694,"[[1,1,0,0,0,1,1,0,0,1],[1,1,1,0,1,1,0,1,1,0]]"
1,823,-0.014337897704008291,0.014337897704008291,"[[1,1,0,0,0,1,1,0,0,1],[1,1,1,0,1,1,0,1,1,1]]"
1,824,-0.017735705752644097,0.017735705752644097,"[[1,1,0,0,0,1,1,0,0,1],[1,1,1,0,1,1,1,0,0,0]]"
1,825,-0.01759838663769008,0.01759838663769008,"[[1,1,0,0,0,1,1,0,0,1],[1,1,1,0,1,1,1,0,0,1]]"
1,826,-0.017959556972291915,0.017959556972291915,"[[1,1,0,0,0,1,1,0,0,1],[1,1,1,0,1,1,1,0,1,0]]"
1,827,-0.017863216111519507,0.017863216111519507,"[[1,1,0,0,0,1,1,0,0,1],[1,1,1,0,1,1,1,0,1,1]]"
1,828,-0.020764119589160416,0.020764119589160416,"[[1,1,0,0,0,1,1,0,0,1],[1,1,1,0,1,1,1,1,0,0]]"
1,829,-0.020608402547485114,0.020608402547485114,"[[1,1,0,0,0,1,1,0,0,1],[1,1,1,0,1,1,1,1,0,1]]"
1,830,-0.021027980778349026,0.021027980778349026,"[[1,1,0,0,0,1,1,0,0,1],[1,1,1,0,1,1,1,1,1,0]]"
1,831,-0.020960035328994323,0.020960035328994323,"[[1,1,0,0,0,1,1,0,0,1],[1,1,1,0,1,1,1,1,1,1]]"
1,832,-0.005317983489661618,0.005317983489661618,"[[1,1,0,0,0,1,1,0,1,0],[1,1,1,0,1,0,0,0,0,0]]"
1,833,-0.005269002246090981,0.005269002246090981,"[[1,1,0,0,0,1,1,0,1,0],[1,1,1,0,1,0,0,0,0,1]]"
1,834,-0.0057449984231678,0.0057449984231678,"[[1,1,0,0,0,1,1,0,1,0],[1,1,1,0,1,0,0,0,1,0]]"
1,835,-0.005702303616642407,0.005702303616642407,"[[1,1,0,0,0,1,1,0,1,0],[1,1,1,0,1,0,0,0,1,1]]"
1,836,-0.0074957415412721775,0.0074957415412721775,"[[1,1,0,0,0,1,1,0,1,0],[1,1,1,0,1,0,0,1,0,0]]"
1,837,-0.007423407752579896,0.007423407752579896,"[[1,1,0,0,0,1,1,0,1,0],[1,1,1,0,1,0,0,1,0,1]]"
1,838,-0.007850753895128066,0.007850753895128066,"[[1,1,0,0,0,1,1,0,1,0],[1,1,1,0,1,0,0,1,1,0]]"
1,839,-0.007808840978574392,0.007808840978574392,"[[1,1,0,0,0,1,1,0,1,0],[1,1,1,0,1,0,0,1,1,1]]"
1,840,-0.009995901433385204,0.009995901433385204,"[[1,1,0,0,0,1,1,0,1,0],[1,1,1,0,1,0,1,0,0,0]]"
1,841,-0.009915813679587384,0.009915813679587384,"[[1,1,0,0,0,1,1,0,1,0],[1,1,1,0,1,0,1,0,0,1]]"
1,842,-0.010476874853907449,0.010476874853907449,"[[1,1,0,0,0,1,1,0,1,0],[1,1,1,0,1,0,1,0,1,0]]"
1,843,-0.010405529886877329,0.010405529886877329,"[[1,1,0,0,0,1,1,0,1,0],[1,1,1,0,1,0,1,0,1,1]]"
1,844,-0.012860235466369458,0.012860235466369458,"[[1,1,0,0,0,1,1,0,1,0],[1,1,1,0,1,0,1,1,0,0]]"
1,845,-0.01277793985677956,0.01277793985677956,"[[1,1,0,0,0,1,1,0,1,0],[1,1,1,0,1,0,1,1,0,1]]"
1,846,-0.013319397872725396,0.013319397872725396,"[[1,1,0,0,0,1,1,0,1,0],[1,1,1,0,1,0,1,1,1,0]]"
1,847,-0.01326171099578146,0.01326171099578146,"[[1,1,0,0,0,1,1,0,1,0],[1,1,1,0,1,0,1,1,1,1]]"
1,848,-0.010418045096780286,0.010418045096780286,"[[1,1,0,0,0,1,1,0,1,0],[1,1,1,0,1,1,0,0,0,0]]"
1,849,-0.010315540755117598,0.010315540755117598,"[[1,1,0,0,0,1,1,0,1,0],[1,1,1,0,1,1,0,0,0,1]]"
1,850,-0.010845069562887076,0.010845069562887076,"[[1,1,0,0,0,1,1,0,1,0],[1,1,1,0,1,1,0,0,1,0]]"
1,851,-0.010784893947024135,0.010784893947024135,"[[1,1,0,0,0,1,1,0,1,0],[1,1,1,0,1,1,0,0,1,1]]"
1,852,-0.013268813555464784,0.013268813555464784,"[[1,1,0,0,0,1,1,0,1,0],[1,1,1,0,1,1,0,1,0,0]]"
1,853,-0.013171468088444726,0.013171468088444726,"[[1,1,0,0,0,1,1,0,1,0],[1,1,1,0,1,1,0,1,0,1]]"
1,854,-0.013705582629402347,0.013705582629402347,"[[1,1,0,0,0,1,1,0,1,0],[1,1,1,0,1,1,0,1,1,0]]"
1,855,-0.01365436287376835,0.01365436287376835,"[[1,1,0,0,0,1,1,0,1,0],[1,1,1,0,1,1,0,1,1,1]]"
1,856,-0.016715955475587123,0.016715955475587123,"[[1,1,0,0,0,1,1,0,1,0],[1,1,1,0,1,1,1,0,0,0]]"
1,857,-0.01659391342295042,0.01659391342295042,"[[1,1,0,0,0,1,1,0,1,0],[1,1,1,0,1,1,1,0,0,1]]"
1,858,-0.01710310366490794,0.01710310366490794,"[[1,1,0,0,0,1,1,0,1,0],[1,1,1,0,1,1,1,0,1,0]]"
1,859,-0.017045473202977227,0.017045473202977227,"[[1,1,0,0,0,1,1,0,1,0],[1,1,1,0,1,1,1,0,1,1]]"
1,860,-0.019630253346847294,0.019630253346847294,"[[1,1,0,0,0,1,1,0,1,0],[1,1,1,0,1,1,1,1,0,0]]"
1,861,-0.019523631137955764,0.019523631137955764,"[[1,1,0,0,0,1,1,0,1,0],[1,1,1,0,1,1,1,1,0,1]]"
1,862,-0.020131854815862608,0.020131854815862608,"[[1,1,0,0,0,1,1,0,1,0],[1,1,1,0,1,1,1,1,1,0]]"
1,863,-0.020075670728583576,0.020075670728583576,"[[1,1,0,0,0,1,1,0,1,0],[1,1,1,0,1,1,1,1,1,1]]"
1,864,-0.0053590273215219615,0.0053590273215219615,"[[1,1,0,0,0,1,1,0,1,1],[1,1,1,0,1,0,0,0,0,0]]"
1,865,-0.005317183013499204,0.005317183013499204,"[[1,1,0,0,0,1,1,0,1,1],[1,1,1,0,1,0,0,0,0,1]]"
1,866,-0.0057835047170300335,0.0057835047170300335,"[[1,1,0,0,0,1,1,0,1,1],[1,1,1,0,1,0,0,0,1,0]]"
1,867,-0.005740243066639696,0.005740243066639696,"[[1,1,0,0,0,1,1,0,1,1],[1,1,1,0,1,0,0,0,1,1]]"
1,868,-0.0075358987503321125,0.0075358987503321125,"[[1,1,0,0,0,1,1,0,1,1],[1,1,1,0,1,0,0,1,0,0]]"
1,869,-0.0074703998204389945,0.0074703998204389945,"[[1,1,0,0,0,1,1,0,1,1],[1,1,1,0,1,0,0,1,0,1]]"
1,870,-0.007902625633729026,0.007902625633729026,"[[1,1,0,0,0,1,1,0,1,1],[1,1,1,0,1,0,0,1,1,0]]"
1,871,-0.00786029339076315,0.00786029339076315,"[[1,1,0,0,0,1,1,0,1,1],[1,1,1,0,1,0,0,1,1,1]]"
1,872,-0.010050146818811154,0.010050146818811154,"[[1,1,0,0,0,1,1,0,1,1],[1,1,1,0,1,0,1,0,0,0]]"
1,873,-0.009968776681511155,0.009968776681511155,"[[1,1,0,0,0,1,1,0,1,1],[1,1,1,0,1,0,1,0,0,1]]"
1,874,-0.010533164600266104,0.010533164600266104,"[[1,1,0,0,0,1,1,0,1,1],[1,1,1,0,1,0,1,0,1,0]]"
1,875,-0.010462898219144073,0.010462898219144073,"[[1,1,0,0,0,1,1,0,1,1],[1,1,1,0,1,0,1,0,1,1]]"
1,876,-0.012924905736591465,0.012924905736591465,"[[1,1,0,0,0,1,1,0,1,1],[1,1,1,0,1,0,1,1,0,0]]"
1,877,-0.01284358151773477,0.01284358151773477,"[[1,1,0,0,0,1,1,0,1,1],[1,1,1,0,1,0,1,1,0,1]]"
1,878,-0.013387270050926096,0.013387270050926096,"[[1,1,0,0,0,1,1,0,1,1],[1,1,1,0,1,0,1,1,1,0]]"
1,879,-0.013325694496748454,0.013325694496748454,"[[1,1,0,0,0,1,1,0,1,1],[1,1,1,0,1,0,1,1,1,1]]"
1,880,-0.010463866681416235,0.010463866681416235,"[[1,1,0,0,0,1,1,0,1,1],[1,1,1,0,1,1,0,0,0,0]]"
1,881,-0.010371137913646172,0.010371137913646172,"[[1,1,0,0,0,1,1,0,1,1],[1,1,1,0,1,1,0,0,0,1]]"
1,882,-0.010907269870099238,0.010907269870099238,"[[1,1,0,0,0,1,1,0,1,1],[1,1,1,0,1,1,0,0,1,0]]"
1,883,-0.010845695667177736,0.010845695667177736,"[[1,1,0,0,0,1,1,0,1,1],[1,1,1,0,1,1,0,0,1,1]]"
1,884,-0.01332987650450974,0.01332987650450974,"[[1,1,0,0,0,1,1,0,1,1],[1,1,1,0,1,1,0,1,0,0]]"
1,885,-0.013232468431401348,0.013232468431401348,"[[1,1,0,0,0,1,1,0,1,1],[1,1,1,0,1,1,0,1,0,1]]"
1,886,-0.013770463939372144,0.013770463939372144,"[[1,1,0,0,0,1,1,0,1,1],[1,1,1,0,1,1,0,1,1,0]]"
1,887,-0.013721500024528113,0.013721500024528113,"[[1,1,0,0,0,1,1,0,1,1],[1,1,1,0,1,1,0,1,1,1]]"
1,888,-0.016776148962861684,0.016776148962861684,"[[1,1,0,0,0,1,1,0,1,1],[1,1,1,0,1,1,1,0,0,0]]"
1,889,-0.016653616111630916,0.016653616111630916,"[[1,1,0,0,0,1,1,0,1,1],[1,1,1,0,1,1,1,0,0,1]]"
1,890,-0.017165591138370642,0.017165591138370642,"[[1,1,0,0,0,1,1,0,1,1],[1,1,1,0,1,1,1,0,1,0]]"
1,891,-0.017099639533372415,0.017099639533372415,"[[1,1,0,0,0,1,1,0,1,1],[1,1,1,0,1,1,1,0,1,1]]"
1,892,-0.019696296311225336,0.019696296311225336,"[[1,1,0,0,0,1,1,0,1,1],[1,1,1,0,1,1,1,1,0,0]]"
1,893,-0.019580610784045483,0.019580610784045483,"[[1,1,0,0,0,1,1,0,1,1],[1,1,1,0,1,1,1,1,0,1]]"
1,894,-0.020191947434196986,0.020191947434196986,"[[1,1,0,0,0,1,1,0,1,1],[1,1,1,0,1,1,1,1,1,0]]"
1,895,-0.020134926173034414,0.020134926173034414,"[[1,1,0,0,0,1,1,0,1,1],[1,1,1,0,1,1,1,1,1,1]]"
1,896,-0.003756020111705227,0.003756020111705227,"[[1,1,0,0,0,1,1,1,0,0],[1,1,1,0,1,0,0,0,0,0]]"
1,897,-0.00370453432608018,0.00370453432608018,"[[1,1,0,0,0,1,1,1,0,0],[1,1,1,0,1,0,0,0,0,1]]"
1,898,-0.004007878693325963,0.004007878693325963,"[[1,1,0,0,0,1,1,1,0,0],[1,1,1,0,1,0,0,0,1,0]]"
1,899,-0.003970920905190799,0.003970920905190799,"[[1,1,0,0,0,1,1,1,0,0],[1,1,1,0,1,0,0,0,1,1]]"
1,900,-0.005679916868641389,0.005679916868641389,"[[1,1,0,0,0,1,1,1,0,0],[1,1,1,0,1,0,0,1,0,0]]"
1,901,-0.005628683971007989,0.005628683971007989,"[[1,1,0,0,0,1,1,1,0,0],[1,1,1,0,1,0,0,1,0,1]]"
1,902,-0.005946204059373918,0.005946204059373918,"[[1,1,0,0,0,1,1,1,0,0],[1,1,1,0,1,0,0,1,1,0]]"
1,903,-0.0059084878919044735,0.0059084878919044735,"[[1,1,0,0,0,1,1,1,0,0],[1,1,1,0,1,0,0,1,1,1]]"
1,904,-0.007595816135245091,0.007595816135245091,"[[1,1,0,0,0,1,1,1,0,0],[1,1,1,0,1,0,1,0,0,0]]"
1,905,-0.007530653635347685,0.007530653635347685,"[[1,1,0,0,0,1,1,1,0,0],[1,1,1,0,1,0,1,0,0,1]]"
1,906,-0.008067859047047784,0.008067859047047784,"[[1,1,0,0,0,1,1,1,0,0],[1,1,1,0,1,0,1,0,1,0]]"
1,907,-0.007999686161425101,0.007999686161425101,"[[1,1,0,0,0,1,1,1,0,0],[1,1,1,0,1,0,1,0,1,1]]"
1,908,-0.01049586872454608,0.01049586872454608,"[[1,1,0,0,0,1,1,1,0,0],[1,1,1,0,1,0,1,1,0,0]]"
1,909,-0.01042158011314549,0.01042158011314549,"[[1,1,0,0,0,1,1,1,0,0],[1,1,1,0,1,0,1,1,0,1]]"
1,910,-0.010766541191066101,0.010766541191066101,"[[1,1,0,0,0,1,1,1,0,0],[1,1,1,0,1,0,1,1,1,0]]"
1,911,-0.010701980352950464,0.010701980352950464,"[[1,1,0,0,0,1,1,1,0,0],[1,1,1,0,1,0,1,1,1,1]]"
1,912,-0.008097295104108086,0.008097295104108086,"[[1,1,0,0,0,1,1,1,0,0],[1,1,1,0,1,1,0,0,0,0]]"
1,913,-0.008013500253328906,0.008013500253328906,"[[1,1,0,0,0,1,1,1,0,0],[1,1,1,0,1,1,0,0,0,1]]"
1,914,-0.008490814978813507,0.008490814978813507,"[[1,1,0,0,0,1,1,1,0,0],[1,1,1,0,1,1,0,0,1,0]]"
1,915,-0.00842859947532565,0.00842859947532565,"[[1,1,0,0,0,1,1,1,0,0],[1,1,1,0,1,1,0,0,1,1]]"
1,916,-0.010871271299103305,0.010871271299103305,"[[1,1,0,0,0,1,1,1,0,0],[1,1,1,0,1,1,0,1,0,0]]"
1,917,-0.010774652403235791,0.010774652403235791,"[[1,1,0,0,0,1,1,1,0,0],[1,1,1,0,1,1,0,1,0,1]]"
1,918,-0.011100141934574443,0.011100141934574443,"[[1,1,0,0,0,1,1,1,0,0],[1,1,1,0,1,1,0,1,1,0]]"
1,919,-0.011043608352593519,0.011043608352593519,"[[1,1,0,0,0,1,1,1,0,0],[1,1,1,0,1,1,0,1,1,1]]"
1,920,-0.013854670278140295,0.013854670278140295,"[[1,1,0,0,0,1,1,1,0,0],[1,1,1,0,1,1,1,0,0,0]]"
1,921,-0.013739600757169606,0.013739600757169606,"[[1,1,0,0,0,1,1,1,0,0],[1,1,1,0,1,1,1,0,0,1]]"
1,922,-0.014138747379988445,0.014138747379988445,"[[1,1,0,0,0,1,1,1,0,0],[1,1,1,0,1,1,1,0,1,0]]"
1,923,-0.014034283752718788,0.014034283752718788,"[[1,1,0,0,0,1,1,1,0,0],[1,1,1,0,1,1,1,0,1,1]]"
1,924,-0.016709819133076106,0.016709819133076106,"[[1,1,0,0,0,1,1,1,0,0],[1,1,1,0,1,1,1,1,0,0]]"
1,925,-0.01658265404735455,0.01658265404735455,"[[1,1,0,0,0,1,1,1,0,0],[1,1,1,0,1,1,1,1,0,1]]"
1,926,-0.016928161078474026,0.016928161078474026,"[[1,1,0,0,0,1,1,1,0,0],[1,1,1,0,1,1,1,1,1,0]]"
1,927,-0.016860263963595013,0.016860263963595013,"[[1,1,0,0,0,1,1,1,0,0],[1,1,1,0,1,1,1,1,1,1]]"
1,928,-0.003785849847277104,0.003785849847277104,"[[1,1,0,0,0,1,1,1,0,1],[1,1,1,0,1,0,0,0,0,0]]"
1,929,-0.0037342471086546127,0.0037342471086546127,"[[1,1,0,0,0,1,1,1,0,1],[1,1,1,0,1,0,0,0,0,1]]"
1,930,-0.0040497413656711894,0.0040497413656711894,"[[1,1,0,0,0,1,1,1,0,1],[1,1,1,0,1,0,0,0,1,0]]"
1,931,-0.004013047255711792,0.004013047255711792,"[[1,1,0,0,0,1,1,1,0,1],[1,1,1,0,1,0,0,0,1,1]]"
1,932,-0.005714780610455608,0.005714780610455608,"[[1,1,0,0,0,1,1,1,0,1],[1,1,1,0,1,0,0,1,0,0]]"
1,933,-0.005668750492434233,0.005668750492434233,"[[1,1,0,0,0,1,1,1,0,1],[1,1,1,0,1,0,0,1,0,1]]"
1,934,-0.005990395058972701,0.005990395058972701,"[[1,1,0,0,0,1,1,1,0,1],[1,1,1,0,1,0,0,1,1,0]]"
1,935,-0.0059522801081269,0.0059522801081269,"[[1,1,0,0,0,1,1,1,0,1],[1,1,1,0,1,0,0,1,1,1]]"
1,936,-0.007665876411594722,0.007665876411594722,"[[1,1,0,0,0,1,1,1,0,1],[1,1,1,0,1,0,1,0,0,0]]"
1,937,-0.007602910807801016,0.007602910807801016,"[[1,1,0,0,0,1,1,1,0,1],[1,1,1,0,1,0,1,0,0,1]]"
1,938,-0.008117877335048594,0.008117877335048594,"[[1,1,0,0,0,1,1,1,0,1],[1,1,1,0,1,0,1,0,1,0]]"
1,939,-0.008050588717984452,0.008050588717984452,"[[1,1,0,0,0,1,1,1,0,1],[1,1,1,0,1,0,1,0,1,1]]"
1,940,-0.010554686466589538,0.010554686466589538,"[[1,1,0,0,0,1,1,1,0,1],[1,1,1,0,1,0,1,1,0,0]]"
1,941,-0.01048145743570137,0.01048145743570137,"[[1,1,0,0,0,1,1,1,0,1],[1,1,1,0,1,0,1,1,0,1]]"
1,942,-0.010828609839413942,0.010828609839413942,"[[1,1,0,0,0,1,1,1,0,1],[1,1,1,0,1,0,1,1,1,0]]"
1,943,-0.010765244513628654,0.010765244513628654,"[[1,1,0,0,0,1,1,1,0,1],[1,1,1,0,1,0,1,1,1,1]]"
1,944,-0.008155509747320733,0.008155509747320733,"[[1,1,0,0,0,1,1,1,0,1],[1,1,1,0,1,1,0,0,0,0]]"
1,945,-0.008084256600468367,0.008084256600468367,"[[1,1,0,0,0,1,1,1,0,1],[1,1,1,0,1,1,0,0,0,1]]"
1,946,-0.008544515718862316,0.008544515718862316,"[[1,1,0,0,0,1,1,1,0,1],[1,1,1,0,1,1,0,0,1,0]]"
1,947,-0.008480610789566112,0.008480610789566112,"[[1,1,0,0,0,1,1,1,0,1],[1,1,1,0,1,1,0,0,1,1]]"
1,948,-0.010922810481079192,0.010922810481079192,"[[1,1,0,0,0,1,1,1,0,1],[1,1,1,0,1,1,0,1,0,0]]"
1,949,-0.01083491201569782,0.01083491201569782,"[[1,1,0,0,0,1,1,1,0,1],[1,1,1,0,1,1,0,1,0,1]]"
1,950,-0.011166853761974736,0.011166853761974736,"[[1,1,0,0,0,1,1,1,0,1],[1,1,1,0,1,1,0,1,1,0]]"
1,951,-0.011109014833986543,0.011109014833986543,"[[1,1,0,0,0,1,1,1,0,1],[1,1,1,0,1,1,0,1,1,1]]"
1,952,-0.013916285361038732,0.013916285361038732,"[[1,1,0,0,0,1,1,1,0,1],[1,1,1,0,1,1,1,0,0,0]]"
1,953,-0.01380075630835791,0.01380075630835791,"[[1,1,0,0,0,1,1,1,0,1],[1,1,1,0,1,1,1,0,0,1]]"
1,954,-0.01420420266444901,0.01420420266444901,"[[1,1,0,0,0,1,1,1,0,1],[1,1,1,0,1,1,1,0,1,0]]"
1,955,-0.014099441226778742,0.014099441226778742,"[[1,1,0,0,0,1,1,1,0,1],[1,1,1,0,1,1,1,0,1,1]]"
1,956,-0.01676846232735523,0.01676846232735523,"[[1,1,0,0,0,1,1,1,0,1],[1,1,1,0,1,1,1,1,0,0]]"
1,957,-0.016640571138191586,0.016640571138191586,"[[1,1,0,0,0,1,1,1,0,1],[1,1,1,0,1,1,1,1,0,1]]"
1,958,-0.016990192514873798,0.016990192514873798,"[[1,1,0,0,0,1,1,1,0,1],[1,1,1,0,1,1,1,1,1,0]]"
1,959,-0.01691366181381621,0.01691366181381621,"[[1,1,0,0,0,1,1,1,0,1],[1,1,1,0,1,1,1,1,1,1]]"
1,960,-0.0034586902059500486,0.0034586902059500486,"[[1,1,0,0,0,1,1,1,1,0],[1,1,1,0,1,0,0,0,0,0]]"
1,961,-0.0034106617562482612,0.0034106617562482612,"[[1,1,0,0,0,1,1,1,1,0],[1,1,1,0,1,0,0,0,0,1]]"
1,962,-0.003809307762153634,0.003809307762153634,"[[1,1,0,0,0,1,1,1,1,0],[1,1,1,0,1,0,0,0,1,0]]"
1,963,-0.00377129996372319,0.00377129996372319,"[[1,1,0,0,0,1,1,1,1,0],[1,1,1,0,1,0,0,0,1,1]]"
1,964,-0.005255922415476335,0.005255922415476335,"[[1,1,0,0,0,1,1,1,1,0],[1,1,1,0,1,0,0,1,0,0]]"
1,965,-0.0052194046468604085,0.0052194046468604085,"[[1,1,0,0,0,1,1,1,1,0],[1,1,1,0,1,0,0,1,0,1]]"
1,966,-0.005649074313563017,0.005649074313563017,"[[1,1,0,0,0,1,1,1,1,0],[1,1,1,0,1,0,0,1,1,0]]"
1,967,-0.005617324766201559,0.005617324766201559,"[[1,1,0,0,0,1,1,1,1,0],[1,1,1,0,1,0,0,1,1,1]]"
1,968,-0.007026085227800219,0.007026085227800219,"[[1,1,0,0,0,1,1,1,1,0],[1,1,1,0,1,0,1,0,0,0]]"
1,969,-0.006975334790501764,0.006975334790501764,"[[1,1,0,0,0,1,1,1,1,0],[1,1,1,0,1,0,1,0,0,1]]"
1,970,-0.007597464929657321,0.007597464929657321,"[[1,1,0,0,0,1,1,1,1,0],[1,1,1,0,1,0,1,0,1,0]]"
1,971,-0.007539906919014612,0.007539906919014612,"[[1,1,0,0,0,1,1,1,1,0],[1,1,1,0,1,0,1,0,1,1]]"
1,972,-0.009863365411690486,0.009863365411690486,"[[1,1,0,0,0,1,1,1,1,0],[1,1,1,0,1,0,1,1,0,0]]"
1,973,-0.009807855589826346,0.009807855589826346,"[[1,1,0,0,0,1,1,1,1,0],[1,1,1,0,1,0,1,1,0,1]]"
1,974,-0.010285620675835556,0.010285620675835556,"[[1,1,0,0,0,1,1,1,1,0],[1,1,1,0,1,0,1,1,1,0]]"
1,975,-0.010240917814549517,0.010240917814549517,"[[1,1,0,0,0,1,1,1,1,0],[1,1,1,0,1,0,1,1,1,1]]"
1,976,-0.007513970850858399,0.007513970850858399,"[[1,1,0,0,0,1,1,1,1,0],[1,1,1,0,1,1,0,0,0,0]]"
1,977,-0.007463915917960996,0.007463915917960996,"[[1,1,0,0,0,1,1,1,1,0],[1,1,1,0,1,1,0,0,0,1]]"
1,978,-0.00811872029328667,0.00811872029328667,"[[1,1,0,0,0,1,1,1,1,0],[1,1,1,0,1,1,0,0,1,0]]"
1,979,-0.008056688022328127,0.008056688022328127,"[[1,1,0,0,0,1,1,1,1,0],[1,1,1,0,1,1,0,0,1,1]]"
1,980,-0.01017969160438597,0.01017969160438597,"[[1,1,0,0,0,1,1,1,1,0],[1,1,1,0,1,1,0,1,0,0]]"
1,981,-0.010126677660338892,0.010126677660338892,"[[1,1,0,0,0,1,1,1,1,0],[1,1,1,0,1,1,0,1,0,1]]"
1,982,-0.010656844358447775,0.010656844358447775,"[[1,1,0,0,0,1,1,1,1,0],[1,1,1,0,1,1,0,1,1,0]]"
1,983,-0.010606861058449445,0.010606861058449445,"[[1,1,0,0,0,1,1,1,1,0],[1,1,1,0,1,1,0,1,1,1]]"
1,984,-0.013044204962922516,0.013044204962922516,"[[1,1,0,0,0,1,1,1,1,0],[1,1,1,0,1,1,1,0,0,0]]"
1,985,-0.012942694620055458,0.012942694620055458,"[[1,1,0,0,0,1,1,1,1,0],[1,1,1,0,1,1,1,0,0,1]]"
1,986,-0.013461963428407274,0.013461963428407274,"[[1,1,0,0,0,1,1,1,1,0],[1,1,1,0,1,1,1,0,1,0]]"
1,987,-0.013367358423056284,0.013367358423056284,"[[1,1,0,0,0,1,1,1,1,0],[1,1,1,0,1,1,1,0,1,1]]"
1,988,-0.015802381826623534,0.015802381826623534,"[[1,1,0,0,0,1,1,1,1,0],[1,1,1,0,1,1,1,1,0,0]]"
1,989,-0.01569732282829318,0.01569732282829318,"[[1,1,0,0,0,1,1,1,1,0],[1,1,1,0,1,1,1,1,0,1]]"
1,990,-0.01620741208661644,0.01620741208661644,"[[1,1,0,0,0,1,1,1,1,0],[1,1,1,0,1,1,1,1,1,0]]"
1,991,-0.016167586615963493,0.016167586615963493,"[[1,1,0,0,0,1,1,1,1,0],[1,1,1,0,1,1,1,1,1,1]]"
1,992,-0.003486033610989965,0.003486033610989965,"[[1,1,0,0,0,1,1,1,1,1],[1,1,1,0,1,0,0,0,0,0]]"
1,993,-0.003438142873341148,0.003438142873341148,"[[1,1,0,0,0,1,1,1,1,1],[1,1,1,0,1,0,0,0,0,1]]"
1,994,-0.003846211906032816,0.003846211906032816,"[[1,1,0,0,0,1,1,1,1,1],[1,1,1,0,1,0,0,0,1,0]]"
1,995,-0.003806669375531935,0.003806669375531935,"[[1,1,0,0,0,1,1,1,1,1],[1,1,1,0,1,0,0,0,1,1]]"
1,996,-0.005297033398710723,0.005297033398710723,"[[1,1,0,0,0,1,1,1,1,1],[1,1,1,0,1,0,0,1,0,0]]"
1,997,-0.005260362567166305,0.005260362567166305,"[[1,1,0,0,0,1,1,1,1,1],[1,1,1,0,1,0,0,1,0,1]]"
1,998,-0.005692507389027498,0.005692507389027498,"[[1,1,0,0,0,1,1,1,1,1],[1,1,1,0,1,0,0,1,1,0]]"
1,999,-0.005660752615032483,0.005660752615032483,"[[1,1,0,0,0,1,1,1,1,1],[1,1,1,0,1,0,0,1,1,1]]"
1,1000,-0.007098287476745802,0.007098287476745802,"[[1,1,0,0,0,1,1,1,1,1],[1,1,1,0,1,0,1,0,0,0]]"
1,1001,-0.0070501150731257425,0.0070501150731257425,"[[1,1,0,0,0,1,1,1,1,1],[1,1,1,0,1,0,1,0,0,1]]"
1,1002,-0.007646806395021046,0.007646806395021046,"[[1,1,0,0,0,1,1,1,1,1],[1,1,1,0,1,0,1,0,1,0]]"
1,1003,-0.0075964680374886314,0.0075964680374886314,"[[1,1,0,0,0,1,1,1,1,1],[1,1,1,0,1,0,1,0,1,1]]"
1,1004,-0.009925576826434475,0.009925576826434475,"[[1,1,0,0,0,1,1,1,1,1],[1,1,1,0,1,0,1,1,0,0]]"
1,1005,-0.009871608717824573,0.009871608717824573,"[[1,1,0,0,0,1,1,1,1,1],[1,1,1,0,1,0,1,1,0,1]]"
1,1006,-0.010351428265600076,0.010351428265600076,"[[1,1,0,0,0,1,1,1,1,1],[1,1,1,0,1,0,1,1,1,0]]"
1,1007,-0.01031010479174435,0.01031010479174435,"[[1,1,0,0,0,1,1,1,1,1],[1,1,1,0,1,0,1,1,1,1]]"
1,1008,-0.007584122513209723,0.007584122513209723,"[[1,1,0,0,0,1,1,1,1,1],[1,1,1,0,1,1,0,0,0,0]]"
1,1009,-0.007533582616222327,0.007533582616222327,"[[1,1,0,0,0,1,1,1,1,1],[1,1,1,0,1,1,0,0,0,1]]"
1,1010,-0.008168569161374171,0.008168569161374171,"[[1,1,0,0,0,1,1,1,1,1],[1,1,1,0,1,1,0,0,1,0]]"
1,1011,-0.008105015981617843,0.008105015981617843,"[[1,1,0,0,0,1,1,1,1,1],[1,1,1,0,1,1,0,0,1,1]]"
1,1012,-0.010244677464952334,0.010244677464952334,"[[1,1,0,0,0,1,1,1,1,1],[1,1,1,0,1,1,0,1,0,0]]"
1,1013,-0.01019071493843159,0.01019071493843159,"[[1,1,0,0,0,1,1,1,1,1],[1,1,1,0,1,1,0,1,0,1]]"
1,1014,-0.010722892197947132,0.010722892197947132,"[[1,1,0,0,0,1,1,1,1,1],[1,1,1,0,1,1,0,1,1,0]]"
1,1015,-0.01067229738537502,0.01067229738537502,"[[1,1,0,0,0,1,1,1,1,1],[1,1,1,0,1,1,0,1,1,1]]"
1,1016,-0.013106893007450073,0.013106893007450073,"[[1,1,0,0,0,1,1,1,1,1],[1,1,1,0,1,1,1,0,0,0]]"
1,1017,-0.013005298349090522,0.013005298349090522,"[[1,1,0,0,0,1,1,1,1,1],[1,1,1,0,1,1,1,0,0,1]]"
1,1018,-0.013526599187145298,0.013526599187145298,"[[1,1,0,0,0,1,1,1,1,1],[1,1,1,0,1,1,1,0,1,0]]"
1,1019,-0.013432025805961405,0.013432025805961405,"[[1,1,0,0,0,1,1,1,1,1],[1,1,1,0,1,1,1,0,1,1]]"
1,1020,-0.01586548173207752,0.01586548173207752,"[[1,1,0,0,0,1,1,1,1,1],[1,1,1,0,1,1,1,1,0,0]]"
1,1021,-0.0157602704422275,0.0157602704422275,"[[1,1,0,0,0,1,1,1,1,1],[1,1,1,0,1,1,1,1,0,1]]"
1,1022,-0.0162714687096491,0.0162714687096491,"[[1,1,0,0,0,1,1,1,1,1],[1,1,1,0,1,1,1,1,1,0]]"
1,1023,-0.016225806646168687,0.016225806646168687,"[[1,1,0,0,0,1,1,1,1,1],[1,1,1,0,1,1,1,1,1,1]]"
2,0,-0.02049156790387248,0.02049156790387248,"[[1,1,0,0,0,0,0,0,0,0],[1,1,1,0,1,0,0,0,0,0]]"
2,1,-0.02044060958410835,0.02044060958410835,"[[1,1,0,0,0,0,0,0,0,0],[1,1,1,0,1,0,0,0,0,1]]"
2,2,-0.021176507084161644,0.021176507084161644,"[[1,1,0,0,0,0,0,0,0,0],[1,1,1,0,1,0,0,0,1,0]]"
2,3,-0.02112662054198365,0.02112662054198365,"[[1,1,0,0,0,0,0,0,0,0],[1,1,1,0,1,0,0,0,1,1]]"
2,4,-0.02431721078953733,0.02431721078953733,"[[1,1,0,0,0,0,0,0,0,0],[1,1,1,0,1,0,0,1,0,0]]"
2,5,-0.024253816602770775,0.024253816602770775,"[[1,1,0,0,0,0,0,0,0,0],[1,1,1,0,1,0,0,1,0,1]]"
2,6,-0.02507765323940179,0.02507765323940179,"[[1,1,0,0,0,0,0,0,0,0],[1,1,1,0,1,0,0,1,1,0]]"
2,7,-0.025015414669369497,0.025015414669369497,"[[1,1,0,0,0,0,0,0,0,0],[1,1,1,0,1,0,0,1,1,1]]"
2,8,-0.030011012181250893,0.030011012181250893,"[[1,1,0,0,0,0,0,0,0,0],[1,1,1,0,1,0,1,0,0,0]]"
2,9,-0.02993223141370336,0.02993223141370336,"[[1,1,0,0,0,0,0,0,0,0],[1,1,1,0,1,0,1,0,0,1]]"
2,10,-0.030872617032431483,0.030872617032431483,"[[1,1,0,0,0,0,0,0,0,0],[1,1,1,0,1,0,1,0,1,0]]"
2,11,-0.030794910023222807,0.030794910023222807,"[[1,1,0,0,0,0,0,0,0,0],[1,1,1,0,1,0,1,0,1,1]]"
2,12,-0.03476753649010935,0.03476753649010935,"[[1,1,0,0,0,0,0,0,0,0],[1,1,1,0,1,0,1,1,0,0]]"
2,13,-0.03468584851413483,0.03468584851413483,"[[1,1,0,0,0,0,0,0,0,0],[1,1,1,0,1,0,1,1,0,1]]"
2,14,-0.03571594300059023,0.03571594300059023,"[[1,1,0,0,0,0,0,0,0,0],[1,1,1,0,1,0,1,1,1,0]]"
2,15,-0.03563532703583378,0.03563532703583378,"[[1,1,0,0,0,0,0,0,0,0],[1,1,1,0,1,0,1,1,1,1]]"
2,16,-0.03340268091317307,0.03340268091317307,"[[1,1,0,0,0,0,0,0,0,0],[1,1,1,0,1,1,0,0,0,0]]"
2,17,-0.033273233748953024,0.033273233748953024,"[[1,1,0,0,0,0,0,0,0,0],[1,1,1,0,1,1,0,0,0,1]]"
2,18,-0.03435757719937868,0.03435757719937868,"[[1,1,0,0,0,0,0,0,0,0],[1,1,1,0,1,1,0,0,1,0]]"
2,19,-0.034228758507170866,0.034228758507170866,"[[1,1,0,0,0,0,0,0,0,0],[1,1,1,0,1,1,0,0,1,1]]"
2,20,-0.038695829488238756,0.038695829488238756,"[[1,1,0,0,0,0,0,0,0,0],[1,1,1,0,1,1,0,1,0,0]]"
2,21,-0.03855236038045344,0.03855236038045344,"[[1,1,0,0,0,0,0,0,0,0],[1,1,1,0,1,1,0,1,0,1]]"
2,22,-0.0397312539419625,0.0397312539419625,"[[1,1,0,0,0,0,0,0,0,0],[1,1,1,0,1,1,0,1,1,0]]"
2,23,-0.039588322255940785,0.039588322255940785,"[[1,1,0,0,0,0,0,0,0,0],[1,1,1,0,1,1,0,1,1,1]]"
2,24,-0.046283678576553,0.046283678576553,"[[1,1,0,0,0,0,0,0,0,0],[1,1,1,0,1,1,1,0,0,0]]"
2,25,-0.04612879069963634,0.04612879069963634,"[[1,1,0,0,0,0,0,0,0,0],[1,1,1,0,1,1,1,0,0,1]]"
2,26,-0.04743564026308606,0.04743564026308606,"[[1,1,0,0,0,0,0,0,0,0],[1,1,1,0,1,1,1,0,1,0]]"
2,27,-0.047281197850414534,0.047281197850414534,"[[1,1,0,0,0,0,0,0,0,0],[1,1,1,0,1,1,1,0,1,1]]"
2,28,-0.05259237755477945,0.05259237755477945,"[[1,1,0,0,0,0,0,0,0,0],[1,1,1,0,1,1,1,1,0,0]]"
2,29,-0.05244379737071302,0.05244379737071302,"[[1,1,0,0,0,0,0,0,0,0],[1,1,1,0,1,1,1,1,0,1]]"
2,30,-0.053825412121846127,0.053825412121846127,"[[1,1,0,0,0,0,0,0,0,0],[1,1,1,0,1,1,1,1,1,0]]"
2,31,-0.05368435103419758,0.05368435103419758,"[[1,1,0,0,0,0,0,0,0,0],[1,1,1,0,1,1,1,1,1,1]]"
2,32,-0.020480091221001185,0.020480091221001185,"[[1,1,0,0,0,0,0,0,0,1],[1,1,1,0,1,0,0,0,0,0]]"
2,33,-0.020419207531808373,0.020419207531808373,"[[1,1,0,0,0,0,0,0,0,1],[1,1,1,0,1,0,0,0,0,1]]"
2,34,-0.02116281832836266,0.02116281832836266,"[[1,1,0,0,0,0,0,0,0,1],[1,1,1,0,1,0,0,0,1,0]]"
2,35,-0.021102877226121367,0.021102877226121367,"[[1,1,0,0,0,0,0,0,0,1],[1,1,1,0,1,0,0,0,1,1]]"
2,36,-0.024313231079163708,0.024313231079163708,"[[1,1,0,0,0,0,0,0,0,1],[1,1,1,0,1,0,0,1,0,0]]"
2,37,-0.02424747700925064,0.02424747700925064,"[[1,1,0,0,0,0,0,0,0,1],[1,1,1,0,1,0,0,1,0,1]]"
2,38,-0.025073179606347865,0.025073179606347865,"[[1,1,0,0,0,0,0,0,0,1],[1,1,1,0,1,0,0,1,1,0]]"
2,39,-0.025008448863998726,0.025008448863998726,"[[1,1,0,0,0,0,0,0,0,1],[1,1,1,0,1,0,0,1,1,1]]"
2,40,-0.029975060919797684,0.029975060919797684,"[[1,1,0,0,0,0,0,0,0,1],[1,1,1,0,1,0,1,0,0,0]]"
2,41,-0.029893249470383708,0.029893249470383708,"[[1,1,0,0,0,0,0,0,0,1],[1,1,1,0,1,0,1,0,0,1]]"
2,42,-0.030836150517423402,0.030836150517423402,"[[1,1,0,0,0,0,0,0,0,1],[1,1,1,0,1,0,1,0,1,0]]"
2,43,-0.030755278426676934,0.030755278426676934,"[[1,1,0,0,0,0,0,0,0,1],[1,1,1,0,1,0,1,0,1,1]]"
2,44,-0.034755605277630275,0.034755605277630275,"[[1,1,0,0,0,0,0,0,0,1],[1,1,1,0,1,0,1,1,0,0]]"
2,45,-0.03467031170090346,0.03467031170090346,"[[1,1,0,0,0,0,0,0,0,1],[1,1,1,0,1,0,1,1,0,1]]"
2,46,-0.03570347834666018,0.03570347834666018,"[[1,1,0,0,0,0,0,0,0,1],[1,1,1,0,1,0,1,1,1,0]]"
2,47,-0.035617901422951195,0.035617901422951195,"[[1,1,0,0,0,0,0,0,0,1],[1,1,1,0,1,0,1,1,1,1]]"
2,48,-0.033397863822983716,0.033397863822983716,"[[1,1,0,0,0,0,0,0,0,1],[1,1,1,0,1,1,0,0,0,0]]"
2,49,-0.033263815238804215,0.033263815238804215,"[[1,1,0,0,0,0,0,0,0,1],[1,1,1,0,1,1,0,0,0,1]]"
2,50,-0.03435206917267795,0.03435206917267795,"[[1,1,0,0,0,0,0,0,0,1],[1,1,1,0,1,1,0,0,1,0]]"
2,51,-0.03421829586937839,0.03421829586937839,"[[1,1,0,0,0,0,0,0,0,1],[1,1,1,0,1,1,0,0,1,1]]"
2,52,-0.038683191226628263,0.038683191226628263,"[[1,1,0,0,0,0,0,0,0,1],[1,1,1,0,1,1,0,1,0,0]]"
2,53,-0.03853395886797647,0.03853395886797647,"[[1,1,0,0,0,0,0,0,0,1],[1,1,1,0,1,1,0,1,0,1]]"
2,54,-0.039718468337897245,0.039718468337897245,"[[1,1,0,0,0,0,0,0,0,1],[1,1,1,0,1,1,0,1,1,0]]"
2,55,-0.03956963598269116,0.03956963598269116,"[[1,1,0,0,0,0,0,0,0,1],[1,1,1,0,1,1,0,1,1,1]]"
2,56,-0.046239692863908714,0.046239692863908714,"[[1,1,0,0,0,0,0,0,0,1],[1,1,1,0,1,1,1,0,0,0]]"
2,57,-0.04608341509649555,0.04608341509649555,"[[1,1,0,0,0,0,0,0,0,1],[1,1,1,0,1,1,1,0,0,1]]"
2,58,-0.0473816732666487,0.0473816732666487,"[[1,1,0,0,0,0,0,0,0,1],[1,1,1,0,1,1,1,0,1,0]]"
2,59,-0.04723324669584665,0.04723324669584665,"[[1,1,0,0,0,0,0,0,0,1],[1,1,1,0,1,1,1,0,1,1]]"
2,60,-0.05254319378444948,0.05254319378444948,"[[1,1,0,0,0,0,0,0,0,1],[1,1,1,0,1,1,1,1,0,0]]"
2,61,-0.052394068027394075,0.052394068027394075,"[[1,1,0,0,0,0,0,0,0,1],[1,1,1,0,1,1,1,1,0,1]]"
2,62,-0.05377566668131355,0.05377566668131355,"[[1,1,0,0,0,0,0,0,0,1],[1,1,1,0,1,1,1,1,1,0]]"
2,63,-0.05362730741355804,0.05362730741355804,"[[1,1,0,0,0,0,0,0,0,1],[1,1,1,0,1,1,1,1,1,1]]"
2,64,-0.01953081886308038,0.01953081886308038,"[[1,1,0,0,0,0,0,0,1,0],[1,1,1,0,1,0,0,0,0,0]]"
2,65,-0.019469522338798912,0.019469522338798912,"[[1,1,0,0,0,0,0,0,1,0],[1,1,1,0,1,0,0,0,0,1]]"
2,66,-0.020397291396571933,0.020397291396571933,"[[1,1,0,0,0,0,0,0,1,0],[1,1,1,0,1,0,0,0,1,0]]"
2,67,-0.02033430650978925,0.02033430650978925,"[[1,1,0,0,0,0,0,0,1,0],[1,1,1,0,1,0,0,0,1,1]]"
2,68,-0.023277434378484046,0.023277434378484046,"[[1,1,0,0,0,0,0,0,1,0],[1,1,1,0,1,0,0,1,0,0]]"
2,69,-0.023200485445416894,0.023200485445416894,"[[1,1,0,0,0,0,0,0,1,0],[1,1,1,0,1,0,0,1,0,1]]"
2,70,-0.02422787435358313,0.02422787435358313,"[[1,1,0,0,0,0,0,0,1,0],[1,1,1,0,1,0,0,1,1,0]]"
2,71,-0.024149927733037223,0.024149927733037223,"[[1,1,0,0,0,0,0,0,1,0],[1,1,1,0,1,0,0,1,1,1]]"
2,72,-0.028828928559913876,0.028828928559913876,"[[1,1,0,0,0,0,0,0,1,0],[1,1,1,0,1,0,1,0,0,0]]"
2,73,-0.028745530665967745,0.028745530665967745,"[[1,1,0,0,0,0,0,0,1,0],[1,1,1,0,1,0,1,0,0,1]]"
2,74,-0.02991804643404772,0.02991804643404772,"[[1,1,0,0,0,0,0,0,1,0],[1,1,1,0,1,0,1,0,1,0]]"
2,75,-0.02983295935335394,0.02983295935335394,"[[1,1,0,0,0,0,0,0,1,0],[1,1,1,0,1,0,1,0,1,1]]"
2,76,-0.03346556315526894,0.03346556315526894,"[[1,1,0,0,0,0,0,0,1,0],[1,1,1,0,1,0,1,1,0,0]]"
2,77,-0.033366525909529765,0.033366525909529765,"[[1,1,0,0,0,0,0,0,1,0],[1,1,1,0,1,0,1,1,0,1]]"
2,78,-0.03466098732077128,0.03466098732077128,"[[1,1,0,0,0,0,0,0,1,0],[1,1,1,0,1,0,1,1,1,0]]"
2,79,-0.034560253227832426,0.034560253227832426,"[[1,1,0,0,0,0,0,0,1,0],[1,1,1,0,1,0,1,1,1,1]]"
2,80,-0.0319625904354869,0.0319625904354869,"[[1,1,0,0,0,0,0,0,1,0],[1,1,1,0,1,1,0,0,0,0]]"
2,81,-0.031839494984223914,0.031839494984223914,"[[1,1,0,0,0,0,0,0,1,0],[1,1,1,0,1,1,0,0,0,1]]"
2,82,-0.03315463234371697,0.03315463234371697,"[[1,1,0,0,0,0,0,0,1,0],[1,1,1,0,1,1,0,0,1,0]]"
2,83,-0.03302970527423141,0.03302970527423141,"[[1,1,0,0,0,0,0,0,1,0],[1,1,1,0,1,1,0,0,1,1]]"
2,84,-0.03703973486536478,0.03703973486536478,"[[1,1,0,0,0,0,0,0,1,0],[1,1,1,0,1,1,0,1,0,0]]"
2,85,-0.036903538999218784,0.036903538999218784,"[[1,1,0,0,0,0,0,0,1,0],[1,1,1,0,1,1,0,1,0,1]]"
2,86,-0.03816580913419347,0.03816580913419347,"[[1,1,0,0,0,0,0,0,1,0],[1,1,1,0,1,1,0,1,1,0]]"
2,87,-0.038030012559215634,0.038030012559215634,"[[1,1,0,0,0,0,0,0,1,0],[1,1,1,0,1,1,0,1,1,1]]"
2,88,-0.04455648922054932,0.04455648922054932,"[[1,1,0,0,0,0,0,0,1,0],[1,1,1,0,1,1,1,0,0,0]]"
2,89,-0.04440778761185764,0.04440778761185764,"[[1,1,0,0,0,0,0,0,1,0],[1,1,1,0,1,1,1,0,0,1]]"
2,90,-0.045990962034360795,0.045990962034360795,"[[1,1,0,0,0,0,0,0,1,0],[1,1,1,0,1,1,1,0,1,0]]"
2,91,-0.04584056305257915,0.04584056305257915,"[[1,1,0,0,0,0,0,0,1,0],[1,1,1,0,1,1,1,0,1,1]]"
2,92,-0.0506757188216619,0.0506757188216619,"[[1,1,0,0,0,0,0,0,1,0],[1,1,1,0,1,1,1,1,0,0]]"
2,93,-0.05051062076941996,0.05051062076941996,"[[1,1,0,0,0,0,0,0,1,0],[1,1,1,0,1,1,1,1,0,1]]"
2,94,-0.052002814097324095,0.052002814097324095,"[[1,1,0,0,0,0,0,0,1,0],[1,1,1,0,1,1,1,1,1,0]]"
2,95,-0.051832196518040344,0.051832196518040344,"[[1,1,0,0,0,0,0,0,1,0],[1,1,1,0,1,1,1,1,1,1]]"
2,96,-0.019551910482166833,0.019551910482166833,"[[1,1,0,0,0,0,0,0,1,1],[1,1,1,0,1,0,0,0,0,0]]"
2,97,-0.01948922624567144,0.01948922624567144,"[[1,1,0,0,0,0,0,0,1,1],[1,1,1,0,1,0,0,0,0,1]]"
2,98,-0.02041637909137079,0.02041637909137079,"[[1,1,0,0,0,0,0,0,1,1],[1,1,1,0,1,0,0,0,1,0]]"
2,99,-0.02035181253162483,0.02035181253162483,"[[1,1,0,0,0,0,0,0,1,1],[1,1,1,0,1,0,0,0,1,1]]"
2,100,-0.023293012819718236,0.023293012819718236,"[[1,1,0,0,0,0,0,0,1,1],[1,1,1,0,1,0,0,1,0,0]]"
2,101,-0.02321382113306785,0.02321382113306785,"[[1,1,0,0,0,0,0,0,1,1],[1,1,1,0,1,0,0,1,0,1]]"
2,102,-0.024240225605322865,0.024240225605322865,"[[1,1,0,0,0,0,0,0,1,1],[1,1,1,0,1,0,0,1,1,0]]"
2,103,-0.024161721572205884,0.024161721572205884,"[[1,1,0,0,0,0,0,0,1,1],[1,1,1,0,1,0,0,1,1,1]]"
2,104,-0.028831810643414776,0.028831810643414776,"[[1,1,0,0,0,0,0,0,1,1],[1,1,1,0,1,0,1,0,0,0]]"
2,105,-0.028736034185657785,0.028736034185657785,"[[1,1,0,0,0,0,0,0,1,1],[1,1,1,0,1,0,1,0,0,1]]"
2,106,-0.02991661557048072,0.02991661557048072,"[[1,1,0,0,0,0,0,0,1,1],[1,1,1,0,1,0,1,0,1,0]]"
2,107,-0.029818746576575586,0.029818746576575586,"[[1,1,0,0,0,0,0,0,1,1],[1,1,1,0,1,0,1,0,1,1]]"
2,108,-0.03347665099893364,0.03347665099893364,"[[1,1,0,0,0,0,0,0,1,1],[1,1,1,0,1,0,1,1,0,0]]"
2,109,-0.033374142755451724,0.033374142755451724,"[[1,1,0,0,0,0,0,0,1,1],[1,1,1,0,1,0,1,1,0,1]]"
2,110,-0.034665747634416454,0.034665747634416454,"[[1,1,0,0,0,0,0,0,1,1],[1,1,1,0,1,0,1,1,1,0]]"
2,111,-0.03456567587257497,0.03456567587257497,"[[1,1,0,0,0,0,0,0,1,1],[1,1,1,0,1,0,1,1,1,1]]"
2,112,-0.0319598001045202,0.0319598001045202,"[[1,1,0,0,0,0,0,0,1,1],[1,1,1,0,1,1,0,0,0,0]]"
2,113,-0.03183221448655969,0.03183221448655969,"[[1,1,0,0,0,0,0,0,1,1],[1,1,1,0,1,1,0,0,0,1]]"
2,114,-0.03314990435542765,0.03314990435542765,"[[1,1,0,0,0,0,0,0,1,1],[1,1,1,0,1,1,0,0,1,0]]"
2,115,-0.033020300967851676,0.033020300967851676,"[[1,1,0,0,0,0,0,0,1,1],[1,1,1,0,1,1,0,0,1,1]]"
2,116,-0.03703119474341694,0.03703119474341694,"[[1,1,0,0,0,0,0,0,1,1],[1,1,1,0,1,1,0,1,0,0]]"
2,117,-0.036889637033588066,0.036889637033588066,"[[1,1,0,0,0,0,0,0,1,1],[1,1,1,0,1,1,0,1,0,1]]"
2,118,-0.03815711376124629,0.03815711376124629,"[[1,1,0,0,0,0,0,0,1,1],[1,1,1,0,1,1,0,1,1,0]]"
2,119,-0.038015882199657756,0.038015882199657756,"[[1,1,0,0,0,0,0,0,1,1],[1,1,1,0,1,1,0,1,1,1]]"
2,120,-0.04454475626100568,0.04454475626100568,"[[1,1,0,0,0,0,0,0,1,1],[1,1,1,0,1,1,1,0,0,0]]"
2,121,-0.04439000939186001,0.04439000939186001,"[[1,1,0,0,0,0,0,0,1,1],[1,1,1,0,1,1,1,0,0,1]]"
2,122,-0.04597722097181525,0.04597722097181525,"[[1,1,0,0,0,0,0,0,1,1],[1,1,1,0,1,1,1,0,1,0]]"
2,123,-0.04582060595999268,0.04582060595999268,"[[1,1,0,0,0,0,0,0,1,1],[1,1,1,0,1,1,1,0,1,1]]"
2,124,-0.05065848889705169,0.05065848889705169,"[[1,1,0,0,0,0,0,0,1,1],[1,1,1,0,1,1,1,1,0,0]]"
2,125,-0.050486459717142586,0.050486459717142586,"[[1,1,0,0,0,0,0,0,1,1],[1,1,1,0,1,1,1,1,0,1]]"
2,126,-0.05198541772227255,0.05198541772227255,"[[1,1,0,0,0,0,0,0,1,1],[1,1,1,0,1,1,1,1,1,0]]"
2,127,-0.05180683153376007,0.05180683153376007,"[[1,1,0,0,0,0,0,0,1,1],[1,1,1,0,1,1,1,1,1,1]]"
2,128,-0.01610775887202579,0.01610775887202579,"[[1,1,0,0,0,0,0,1,0,0],[1,1,1,0,1,0,0,0,0,0]]"
2,129,-0.015975501905144712,0.015975501905144712,"[[1,1,0,0,0,0,0,1,0,0],[1,1,1,0,1,0,0,0,0,1]]"
2,130,-0.016399123962829196,0.016399123962829196,"[[1,1,0,0,0,0,0,1,0,0],[1,1,1,0,1,0,0,0,1,0]]"
2,131,-0.016333210310547696,0.016333210310547696,"[[1,1,0,0,0,0,0,1,0,0],[1,1,1,0,1,0,0,0,1,1]]"
2,132,-0.019578039886735996,0.019578039886735996,"[[1,1,0,0,0,0,0,1,0,0],[1,1,1,0,1,0,0,1,0,0]]"
2,133,-0.019513563910824615,0.019513563910824615,"[[1,1,0,0,0,0,0,1,0,0],[1,1,1,0,1,0,0,1,0,1]]"
2,134,-0.020259324242996347,0.020259324242996347,"[[1,1,0,0,0,0,0,1,0,0],[1,1,1,0,1,0,0,1,1,0]]"
2,135,-0.020195296308202323,0.020195296308202323,"[[1,1,0,0,0,0,0,1,0,0],[1,1,1,0,1,0,0,1,1,1]]"
2,136,-0.0244305278719589,0.0244305278719589,"[[1,1,0,0,0,0,0,1,0,0],[1,1,1,0,1,0,1,0,0,0]]"
2,137,-0.0242680653676747,0.0242680653676747,"[[1,1,0,0,0,0,0,1,0,0],[1,1,1,0,1,0,1,0,0,1]]"
2,138,-0.024810166737691843,0.024810166737691843,"[[1,1,0,0,0,0,0,1,0,0],[1,1,1,0,1,0,1,0,1,0]]"
2,139,-0.024713037652856516,0.024713037652856516,"[[1,1,0,0,0,0,0,1,0,0],[1,1,1,0,1,0,1,0,1,1]]"
2,140,-0.02894853379529899,0.02894853379529899,"[[1,1,0,0,0,0,0,1,0,0],[1,1,1,0,1,0,1,1,0,0]]"
2,141,-0.028858468380672804,0.028858468380672804,"[[1,1,0,0,0,0,0,1,0,0],[1,1,1,0,1,0,1,1,0,1]]"
2,142,-0.02981287447380689,0.02981287447380689,"[[1,1,0,0,0,0,0,1,0,0],[1,1,1,0,1,0,1,1,1,0]]"
2,143,-0.029721254132131968,0.029721254132131968,"[[1,1,0,0,0,0,0,1,0,0],[1,1,1,0,1,0,1,1,1,1]]"
2,144,-0.027484119556318135,0.027484119556318135,"[[1,1,0,0,0,0,0,1,0,0],[1,1,1,0,1,1,0,0,0,0]]"
2,145,-0.027240868750307165,0.027240868750307165,"[[1,1,0,0,0,0,0,1,0,0],[1,1,1,0,1,1,0,0,0,1]]"
2,146,-0.027746152354561744,0.027746152354561744,"[[1,1,0,0,0,0,0,1,0,0],[1,1,1,0,1,1,0,0,1,0]]"
2,147,-0.027609748387233048,0.027609748387233048,"[[1,1,0,0,0,0,0,1,0,0],[1,1,1,0,1,1,0,0,1,1]]"
2,148,-0.03205700780724268,0.03205700780724268,"[[1,1,0,0,0,0,0,1,0,0],[1,1,1,0,1,1,0,1,0,0]]"
2,149,-0.031933646389075566,0.031933646389075566,"[[1,1,0,0,0,0,0,1,0,0],[1,1,1,0,1,1,0,1,0,1]]"
2,150,-0.03299808958319116,0.03299808958319116,"[[1,1,0,0,0,0,0,1,0,0],[1,1,1,0,1,1,0,1,1,0]]"
2,151,-0.03287518313561214,0.03287518313561214,"[[1,1,0,0,0,0,0,1,0,0],[1,1,1,0,1,1,0,1,1,1]]"
2,152,-0.03890639407765853,0.03890639407765853,"[[1,1,0,0,0,0,0,1,0,0],[1,1,1,0,1,1,1,0,0,0]]"
2,153,-0.038645515069500036,0.038645515069500036,"[[1,1,0,0,0,0,0,1,0,0],[1,1,1,0,1,1,1,0,0,1]]"
2,154,-0.03927243986828049,0.03927243986828049,"[[1,1,0,0,0,0,0,1,0,0],[1,1,1,0,1,1,1,0,1,0]]"
2,155,-0.039102324005134276,0.039102324005134276,"[[1,1,0,0,0,0,0,1,0,0],[1,1,1,0,1,1,1,0,1,1]]"
2,156,-0.044676125203513405,0.044676125203513405,"[[1,1,0,0,0,0,0,1,0,0],[1,1,1,0,1,1,1,1,0,0]]"
2,157,-0.044524944834861684,0.044524944834861684,"[[1,1,0,0,0,0,0,1,0,0],[1,1,1,0,1,1,1,1,0,1]]"
2,158,-0.04580938488055647,0.04580938488055647,"[[1,1,0,0,0,0,0,1,0,0],[1,1,1,0,1,1,1,1,1,0]]"
2,159,-0.04565865725501784,0.04565865725501784,"[[1,1,0,0,0,0,0,1,0,0],[1,1,1,0,1,1,1,1,1,1]]"
2,160,-0.016127829372413485,0.016127829372413485,"[[1,1,0,0,0,0,0,1,0,1],[1,1,1,0,1,0,0,0,0,0]]"
2,161,-0.01598163940089577,0.01598163940089577,"[[1,1,0,0,0,0,0,1,0,1],[1,1,1,0,1,0,0,0,0,1]]"
2,162,-0.01641131829587631,0.01641131829587631,"[[1,1,0,0,0,0,0,1,0,1],[1,1,1,0,1,0,0,0,1,0]]"
2,163,-0.01634189679427015,0.01634189679427015,"[[1,1,0,0,0,0,0,1,0,1],[1,1,1,0,1,0,0,0,1,1]]"
2,164,-0.019597564627495373,0.019597564627495373,"[[1,1,0,0,0,0,0,1,0,1],[1,1,1,0,1,0,0,1,0,0]]"
2,165,-0.019526736139852275,0.019526736139852275,"[[1,1,0,0,0,0,0,1,0,1],[1,1,1,0,1,0,0,1,0,1]]"
2,166,-0.02027868684927904,0.02027868684927904,"[[1,1,0,0,0,0,0,1,0,1],[1,1,1,0,1,0,0,1,1,0]]"
2,167,-0.020206485349413616,0.020206485349413616,"[[1,1,0,0,0,0,0,1,0,1],[1,1,1,0,1,0,0,1,1,1]]"
2,168,-0.02444244569587964,0.02444244569587964,"[[1,1,0,0,0,0,0,1,0,1],[1,1,1,0,1,0,1,0,0,0]]"
2,169,-0.02426522204561198,0.02426522204561198,"[[1,1,0,0,0,0,0,1,0,1],[1,1,1,0,1,0,1,0,0,1]]"
2,170,-0.02481204728807424,0.02481204728807424,"[[1,1,0,0,0,0,0,1,0,1],[1,1,1,0,1,0,1,0,1,0]]"
2,171,-0.024705570464910242,0.024705570464910242,"[[1,1,0,0,0,0,0,1,0,1],[1,1,1,0,1,0,1,0,1,1]]"
2,172,-0.028938904162876002,0.028938904162876002,"[[1,1,0,0,0,0,0,1,0,1],[1,1,1,0,1,0,1,1,0,0]]"
2,173,-0.028838706406648804,0.028838706406648804,"[[1,1,0,0,0,0,0,1,0,1],[1,1,1,0,1,0,1,1,0,1]]"
2,174,-0.029801086225263732,0.029801086225263732,"[[1,1,0,0,0,0,0,1,0,1],[1,1,1,0,1,0,1,1,1,0]]"
2,175,-0.029701198009159668,0.029701198009159668,"[[1,1,0,0,0,0,0,1,0,1],[1,1,1,0,1,0,1,1,1,1]]"
2,176,-0.027505788453473574,0.027505788453473574,"[[1,1,0,0,0,0,0,1,0,1],[1,1,1,0,1,1,0,0,0,0]]"
2,177,-0.027242206006276515,0.027242206006276515,"[[1,1,0,0,0,0,0,1,0,1],[1,1,1,0,1,1,0,0,0,1]]"
2,178,-0.027748213289573706,0.027748213289573706,"[[1,1,0,0,0,0,0,1,0,1],[1,1,1,0,1,1,0,0,1,0]]"
2,179,-0.027604941723640804,0.027604941723640804,"[[1,1,0,0,0,0,0,1,0,1],[1,1,1,0,1,1,0,0,1,1]]"
2,180,-0.03205177227745502,0.03205177227745502,"[[1,1,0,0,0,0,0,1,0,1],[1,1,1,0,1,1,0,1,0,0]]"
2,181,-0.031923665251469675,0.031923665251469675,"[[1,1,0,0,0,0,0,1,0,1],[1,1,1,0,1,1,0,1,0,1]]"
2,182,-0.032992695207548065,0.032992695207548065,"[[1,1,0,0,0,0,0,1,0,1],[1,1,1,0,1,1,0,1,1,0]]"
2,183,-0.032864898214811394,0.032864898214811394,"[[1,1,0,0,0,0,0,1,0,1],[1,1,1,0,1,1,0,1,1,1]]"
2,184,-0.03890544250026606,0.03890544250026606,"[[1,1,0,0,0,0,0,1,0,1],[1,1,1,0,1,1,1,0,0,0]]"
2,185,-0.038609139810800594,0.038609139810800594,"[[1,1,0,0,0,0,0,1,0,1],[1,1,1,0,1,1,1,0,0,1]]"
2,186,-0.03924515324782405,0.03924515324782405,"[[1,1,0,0,0,0,0,1,0,1],[1,1,1,0,1,1,1,0,1,0]]"
2,187,-0.03905922172947427,0.03905922172947427,"[[1,1,0,0,0,0,0,1,0,1],[1,1,1,0,1,1,1,0,1,1]]"
2,188,-0.04466313309479628,0.04466313309479628,"[[1,1,0,0,0,0,0,1,0,1],[1,1,1,0,1,1,1,1,0,0]]"
2,189,-0.044505687482821986,0.044505687482821986,"[[1,1,0,0,0,0,0,1,0,1],[1,1,1,0,1,1,1,1,0,1]]"
2,190,-0.045796228620789546,0.045796228620789546,"[[1,1,0,0,0,0,0,1,0,1],[1,1,1,0,1,1,1,1,1,0]]"
2,191,-0.045637651085072235,0.045637651085072235,"[[1,1,0,0,0,0,0,1,0,1],[1,1,1,0,1,1,1,1,1,1]]"
2,192,-0.015150123005627054,0.015150123005627054,"[[1,1,0,0,0,0,0,1,1,0],[1,1,1,0,1,0,0,0,0,0]]"
2,193,-0.015053021653161936,0.015053021653161936,"[[1,1,0,0,0,0,0,1,1,0],[1,1,1,0,1,0,0,0,0,1]]"
2,194,-0.01563150710939761,0.01563150710939761,"[[1,1,0,0,0,0,0,1,1,0],[1,1,1,0,1,0,0,0,1,0]]"
2,195,-0.015575767027298501,0.015575767027298501,"[[1,1,0,0,0,0,0,1,1,0],[1,1,1,0,1,0,0,0,1,1]]"
2,196,-0.0185712505892175,0.0185712505892175,"[[1,1,0,0,0,0,0,1,1,0],[1,1,1,0,1,0,0,1,0,0]]"
2,197,-0.018512962270473124,0.018512962270473124,"[[1,1,0,0,0,0,0,1,1,0],[1,1,1,0,1,0,0,1,0,1]]"
2,198,-0.019415600161390458,0.019415600161390458,"[[1,1,0,0,0,0,0,1,1,0],[1,1,1,0,1,0,0,1,1,0]]"
2,199,-0.01935562820648297,0.01935562820648297,"[[1,1,0,0,0,0,0,1,1,0],[1,1,1,0,1,0,0,1,1,1]]"
2,200,-0.023205734184096785,0.023205734184096785,"[[1,1,0,0,0,0,0,1,1,0],[1,1,1,0,1,0,1,0,0,0]]"
2,201,-0.023091008271191794,0.023091008271191794,"[[1,1,0,0,0,0,0,1,1,0],[1,1,1,0,1,0,1,0,0,1]]"
2,202,-0.02386878534432246,0.02386878534432246,"[[1,1,0,0,0,0,0,1,1,0],[1,1,1,0,1,0,1,0,1,0]]"
2,203,-0.0237844120517393,0.0237844120517393,"[[1,1,0,0,0,0,0,1,1,0],[1,1,1,0,1,0,1,0,1,1]]"
2,204,-0.027672789476057467,0.027672789476057467,"[[1,1,0,0,0,0,0,1,1,0],[1,1,1,0,1,0,1,1,0,0]]"
2,205,-0.02759167770548679,0.02759167770548679,"[[1,1,0,0,0,0,0,1,1,0],[1,1,1,0,1,0,1,1,0,1]]"
2,206,-0.028742260374338368,0.028742260374338368,"[[1,1,0,0,0,0,0,1,1,0],[1,1,1,0,1,0,1,1,1,0]]"
2,207,-0.0286594573252895,0.0286594573252895,"[[1,1,0,0,0,0,0,1,1,0],[1,1,1,0,1,0,1,1,1,1]]"
2,208,-0.026073459833439703,0.026073459833439703,"[[1,1,0,0,0,0,0,1,1,0],[1,1,1,0,1,1,0,0,0,0]]"
2,209,-0.025876841006775435,0.025876841006775435,"[[1,1,0,0,0,0,0,1,1,0],[1,1,1,0,1,1,0,0,0,1]]"
2,210,-0.026618591632424873,0.026618591632424873,"[[1,1,0,0,0,0,0,1,1,0],[1,1,1,0,1,1,0,0,1,0]]"
2,211,-0.02648722747772179,0.02648722747772179,"[[1,1,0,0,0,0,0,1,1,0],[1,1,1,0,1,1,0,0,1,1]]"
2,212,-0.030653969968498455,0.030653969968498455,"[[1,1,0,0,0,0,0,1,1,0],[1,1,1,0,1,1,0,1,0,0]]"
2,213,-0.030536817533886138,0.030536817533886138,"[[1,1,0,0,0,0,0,1,1,0],[1,1,1,0,1,1,0,1,0,1]]"
2,214,-0.03171508413235302,0.03171508413235302,"[[1,1,0,0,0,0,0,1,1,0],[1,1,1,0,1,1,0,1,1,0]]"
2,215,-0.03159770994355186,0.03159770994355186,"[[1,1,0,0,0,0,0,1,1,0],[1,1,1,0,1,1,0,1,1,1]]"
2,216,-0.03718507773996837,0.03718507773996837,"[[1,1,0,0,0,0,0,1,1,0],[1,1,1,0,1,1,1,0,0,0]]"
2,217,-0.03697850925647738,0.03697850925647738,"[[1,1,0,0,0,0,0,1,1,0],[1,1,1,0,1,1,1,0,0,1]]"
2,218,-0.03795475862817829,0.03795475862817829,"[[1,1,0,0,0,0,0,1,1,0],[1,1,1,0,1,1,1,0,1,0]]"
2,219,-0.037789604533879036,0.037789604533879036,"[[1,1,0,0,0,0,0,1,1,0],[1,1,1,0,1,1,1,0,1,1]]"
2,220,-0.04298584814358257,0.04298584814358257,"[[1,1,0,0,0,0,0,1,1,0],[1,1,1,0,1,1,1,1,0,0]]"
2,221,-0.042840871517589287,0.042840871517589287,"[[1,1,0,0,0,0,0,1,1,0],[1,1,1,0,1,1,1,1,0,1]]"
2,222,-0.044357952692121325,0.044357952692121325,"[[1,1,0,0,0,0,0,1,1,0],[1,1,1,0,1,1,1,1,1,0]]"
2,223,-0.044211678331087995,0.044211678331087995,"[[1,1,0,0,0,0,0,1,1,0],[1,1,1,0,1,1,1,1,1,1]]"
2,224,-0.015191889314098237,0.015191889314098237,"[[1,1,0,0,0,0,0,1,1,1],[1,1,1,0,1,0,0,0,0,0]]"
2,225,-0.015084300498268345,0.015084300498268345,"[[1,1,0,0,0,0,0,1,1,1],[1,1,1,0,1,0,0,0,0,1]]"
2,226,-0.01566529974951606,0.01566529974951606,"[[1,1,0,0,0,0,0,1,1,1],[1,1,1,0,1,0,0,0,1,0]]"
2,227,-0.01561799375483305,0.01561799375483305,"[[1,1,0,0,0,0,0,1,1,1],[1,1,1,0,1,0,0,0,1,1]]"
2,228,-0.018592417442901073,0.018592417442901073,"[[1,1,0,0,0,0,0,1,1,1],[1,1,1,0,1,0,0,1,0,0]]"
2,229,-0.018532824569224154,0.018532824569224154,"[[1,1,0,0,0,0,0,1,1,1],[1,1,1,0,1,0,0,1,0,1]]"
2,230,-0.019434771385210943,0.019434771385210943,"[[1,1,0,0,0,0,0,1,1,1],[1,1,1,0,1,0,0,1,1,0]]"
2,231,-0.019377787564672948,0.019377787564672948,"[[1,1,0,0,0,0,0,1,1,1],[1,1,1,0,1,0,0,1,1,1]]"
2,232,-0.02322980837265371,0.02322980837265371,"[[1,1,0,0,0,0,0,1,1,1],[1,1,1,0,1,0,1,0,0,0]]"
2,233,-0.02309236437475315,0.02309236437475315,"[[1,1,0,0,0,0,0,1,1,1],[1,1,1,0,1,0,1,0,0,1]]"
2,234,-0.02387686931775239,0.02387686931775239,"[[1,1,0,0,0,0,0,1,1,1],[1,1,1,0,1,0,1,0,1,0]]"
2,235,-0.023775588948360956,0.023775588948360956,"[[1,1,0,0,0,0,0,1,1,1],[1,1,1,0,1,0,1,0,1,1]]"
2,236,-0.0276891376052042,0.0276891376052042,"[[1,1,0,0,0,0,0,1,1,1],[1,1,1,0,1,0,1,1,0,0]]"
2,237,-0.02760503070390006,0.02760503070390006,"[[1,1,0,0,0,0,0,1,1,1],[1,1,1,0,1,0,1,1,0,1]]"
2,238,-0.028756597003920623,0.028756597003920623,"[[1,1,0,0,0,0,0,1,1,1],[1,1,1,0,1,0,1,1,1,0]]"
2,239,-0.02866858152183896,0.02866858152183896,"[[1,1,0,0,0,0,0,1,1,1],[1,1,1,0,1,0,1,1,1,1]]"
2,240,-0.026096550766837492,0.026096550766837492,"[[1,1,0,0,0,0,0,1,1,1],[1,1,1,0,1,1,0,0,0,0]]"
2,241,-0.025881465449233643,0.025881465449233643,"[[1,1,0,0,0,0,0,1,1,1],[1,1,1,0,1,1,0,0,0,1]]"
2,242,-0.026620569251663527,0.026620569251663527,"[[1,1,0,0,0,0,0,1,1,1],[1,1,1,0,1,1,0,0,1,0]]"
2,243,-0.026485477727912054,0.026485477727912054,"[[1,1,0,0,0,0,0,1,1,1],[1,1,1,0,1,1,0,0,1,1]]"
2,244,-0.030650387910886354,0.030650387910886354,"[[1,1,0,0,0,0,0,1,1,1],[1,1,1,0,1,1,0,1,0,0]]"
2,245,-0.030528817602374074,0.030528817602374074,"[[1,1,0,0,0,0,0,1,1,1],[1,1,1,0,1,1,0,1,0,1]]"
2,246,-0.031710793963491704,0.031710793963491704,"[[1,1,0,0,0,0,0,1,1,1],[1,1,1,0,1,1,0,1,1,0]]"
2,247,-0.03158889624117795,0.03158889624117795,"[[1,1,0,0,0,0,0,1,1,1],[1,1,1,0,1,1,0,1,1,1]]"
2,248,-0.03720670399218134,0.03720670399218134,"[[1,1,0,0,0,0,0,1,1,1],[1,1,1,0,1,1,1,0,0,0]]"
2,249,-0.036976225688275195,0.036976225688275195,"[[1,1,0,0,0,0,0,1,1,1],[1,1,1,0,1,1,1,0,0,1]]"
2,250,-0.037950363767213724,0.037950363767213724,"[[1,1,0,0,0,0,0,1,1,1],[1,1,1,0,1,1,1,0,1,0]]"
2,251,-0.0377800326578521,0.0377800326578521,"[[1,1,0,0,0,0,0,1,1,1],[1,1,1,0,1,1,1,0,1,1]]"
2,252,-0.0429745087405525,0.0429745087405525,"[[1,1,0,0,0,0,0,1,1,1],[1,1,1,0,1,1,1,1,0,0]]"
2,253,-0.042823599976424355,0.042823599976424355,"[[1,1,0,0,0,0,0,1,1,1],[1,1,1,0,1,1,1,1,0,1]]"
2,254,-0.0443449613662956,0.0443449613662956,"[[1,1,0,0,0,0,0,1,1,1],[1,1,1,0,1,1,1,1,1,0]]"
2,255,-0.04419260269595733,0.04419260269595733,"[[1,1,0,0,0,0,0,1,1,1],[1,1,1,0,1,1,1,1,1,1]]"
2,256,-0.01314792472189164,0.01314792472189164,"[[1,1,0,0,0,0,1,0,0,0],[1,1,1,0,1,0,0,0,0,0]]"
2,257,-0.013094431500661457,0.013094431500661457,"[[1,1,0,0,0,0,1,0,0,0],[1,1,1,0,1,0,0,0,0,1]]"
2,258,-0.013939571429224315,0.013939571429224315,"[[1,1,0,0,0,0,1,0,0,0],[1,1,1,0,1,0,0,0,1,0]]"
2,259,-0.013872167766438546,0.013872167766438546,"[[1,1,0,0,0,0,1,0,0,0],[1,1,1,0,1,0,0,0,1,1]]"
2,260,-0.017121750215079997,0.017121750215079997,"[[1,1,0,0,0,0,1,0,0,0],[1,1,1,0,1,0,0,1,0,0]]"
2,261,-0.01704869678949806,0.01704869678949806,"[[1,1,0,0,0,0,1,0,0,0],[1,1,1,0,1,0,0,1,0,1]]"
2,262,-0.017837499914869832,0.017837499914869832,"[[1,1,0,0,0,0,1,0,0,0],[1,1,1,0,1,0,0,1,1,0]]"
2,263,-0.017764202305936526,0.017764202305936526,"[[1,1,0,0,0,0,1,0,0,0],[1,1,1,0,1,0,0,1,1,1]]"
2,264,-0.02149462102668779,0.02149462102668779,"[[1,1,0,0,0,0,1,0,0,0],[1,1,1,0,1,0,1,0,0,0]]"
2,265,-0.02141375164487339,0.02141375164487339,"[[1,1,0,0,0,0,1,0,0,0],[1,1,1,0,1,0,1,0,0,1]]"
2,266,-0.022291184496629445,0.022291184496629445,"[[1,1,0,0,0,0,1,0,0,0],[1,1,1,0,1,0,1,0,1,0]]"
2,267,-0.022211532689169047,0.022211532689169047,"[[1,1,0,0,0,0,1,0,0,0],[1,1,1,0,1,0,1,0,1,1]]"
2,268,-0.026069592675200925,0.026069592675200925,"[[1,1,0,0,0,0,1,0,0,0],[1,1,1,0,1,0,1,1,0,0]]"
2,269,-0.025968322534723393,0.025968322534723393,"[[1,1,0,0,0,0,1,0,0,0],[1,1,1,0,1,0,1,1,0,1]]"
2,270,-0.02690997566370047,0.02690997566370047,"[[1,1,0,0,0,0,1,0,0,0],[1,1,1,0,1,0,1,1,1,0]]"
2,271,-0.026809285532711037,0.026809285532711037,"[[1,1,0,0,0,0,1,0,0,0],[1,1,1,0,1,0,1,1,1,1]]"
2,272,-0.024730260525356117,0.024730260525356117,"[[1,1,0,0,0,0,1,0,0,0],[1,1,1,0,1,1,0,0,0,0]]"
2,273,-0.02460493259970855,0.02460493259970855,"[[1,1,0,0,0,0,1,0,0,0],[1,1,1,0,1,1,0,0,0,1]]"
2,274,-0.025643816992455114,0.025643816992455114,"[[1,1,0,0,0,0,1,0,0,0],[1,1,1,0,1,1,0,0,1,0]]"
2,275,-0.02552103186165614,0.02552103186165614,"[[1,1,0,0,0,0,1,0,0,0],[1,1,1,0,1,1,0,0,1,1]]"
2,276,-0.029715255147934452,0.029715255147934452,"[[1,1,0,0,0,0,1,0,0,0],[1,1,1,0,1,1,0,1,0,0]]"
2,277,-0.029587605884190654,0.029587605884190654,"[[1,1,0,0,0,0,1,0,0,0],[1,1,1,0,1,1,0,1,0,1]]"
2,278,-0.030572255065897634,0.030572255065897634,"[[1,1,0,0,0,0,1,0,0,0],[1,1,1,0,1,1,0,1,1,0]]"
2,279,-0.030447228671281114,0.030447228671281114,"[[1,1,0,0,0,0,1,0,0,0],[1,1,1,0,1,1,0,1,1,1]]"
2,280,-0.03529421621653015,0.03529421621653015,"[[1,1,0,0,0,0,1,0,0,0],[1,1,1,0,1,1,1,0,0,0]]"
2,281,-0.03515189502707495,0.03515189502707495,"[[1,1,0,0,0,0,1,0,0,0],[1,1,1,0,1,1,1,0,0,1]]"
2,282,-0.03628585705385999,0.03628585705385999,"[[1,1,0,0,0,0,1,0,0,0],[1,1,1,0,1,1,1,0,1,0]]"
2,283,-0.036143978365640844,0.036143978365640844,"[[1,1,0,0,0,0,1,0,0,0],[1,1,1,0,1,1,1,0,1,1]]"
2,284,-0.04088533997956679,0.04088533997956679,"[[1,1,0,0,0,0,1,0,0,0],[1,1,1,0,1,1,1,1,0,0]]"
2,285,-0.04073621640929234,0.04073621640929234,"[[1,1,0,0,0,0,1,0,0,0],[1,1,1,0,1,1,1,1,0,1]]"
2,286,-0.04195747906544132,0.04195747906544132,"[[1,1,0,0,0,0,1,0,0,0],[1,1,1,0,1,1,1,1,1,0]]"
2,287,-0.0418089760244014,0.0418089760244014,"[[1,1,0,0,0,0,1,0,0,0],[1,1,1,0,1,1,1,1,1,1]]"
2,288,-0.013161516681696094,0.013161516681696094,"[[1,1,0,0,0,0,1,0,0,1],[1,1,1,0,1,0,0,0,0,0]]"
2,289,-0.013095077647067289,0.013095077647067289,"[[1,1,0,0,0,0,1,0,0,1],[1,1,1,0,1,0,0,0,0,1]]"
2,290,-0.013930407681232573,0.013930407681232573,"[[1,1,0,0,0,0,1,0,0,1],[1,1,1,0,1,0,0,0,1,0]]"
2,291,-0.01386087116170264,0.01386087116170264,"[[1,1,0,0,0,0,1,0,0,1],[1,1,1,0,1,0,0,0,1,1]]"
2,292,-0.017115177707433045,0.017115177707433045,"[[1,1,0,0,0,0,1,0,0,1],[1,1,1,0,1,0,0,1,0,0]]"
2,293,-0.017033458780888786,0.017033458780888786,"[[1,1,0,0,0,0,1,0,0,1],[1,1,1,0,1,0,0,1,0,1]]"
2,294,-0.017829874839880973,0.017829874839880973,"[[1,1,0,0,0,0,1,0,0,1],[1,1,1,0,1,0,0,1,1,0]]"
2,295,-0.017749284997484606,0.017749284997484606,"[[1,1,0,0,0,0,1,0,0,1],[1,1,1,0,1,0,0,1,1,1]]"
2,296,-0.021489383566015024,0.021489383566015024,"[[1,1,0,0,0,0,1,0,0,1],[1,1,1,0,1,0,1,0,0,0]]"
2,297,-0.021405992458684277,0.021405992458684277,"[[1,1,0,0,0,0,1,0,0,1],[1,1,1,0,1,0,1,0,0,1]]"
2,298,-0.02228637556366697,0.02228637556366697,"[[1,1,0,0,0,0,1,0,0,1],[1,1,1,0,1,0,1,0,1,0]]"
2,299,-0.02220410017717204,0.02220410017717204,"[[1,1,0,0,0,0,1,0,0,1],[1,1,1,0,1,0,1,0,1,1]]"
2,300,-0.026049654592650982,0.026049654592650982,"[[1,1,0,0,0,0,1,0,0,1],[1,1,1,0,1,0,1,1,0,0]]"
2,301,-0.025945014096744302,0.025945014096744302,"[[1,1,0,0,0,0,1,0,0,1],[1,1,1,0,1,0,1,1,0,1]]"
2,302,-0.0268900056584324,0.0268900056584324,"[[1,1,0,0,0,0,1,0,0,1],[1,1,1,0,1,0,1,1,1,0]]"
2,303,-0.026785815150917748,0.026785815150917748,"[[1,1,0,0,0,0,1,0,0,1],[1,1,1,0,1,0,1,1,1,1]]"
2,304,-0.024693342718919733,0.024693342718919733,"[[1,1,0,0,0,0,1,0,0,1],[1,1,1,0,1,1,0,0,0,0]]"
2,305,-0.024563167473547556,0.024563167473547556,"[[1,1,0,0,0,0,1,0,0,1],[1,1,1,0,1,1,0,0,0,1]]"
2,306,-0.025608325073215595,0.025608325073215595,"[[1,1,0,0,0,0,1,0,0,1],[1,1,1,0,1,1,0,0,1,0]]"
2,307,-0.025480667458327985,0.025480667458327985,"[[1,1,0,0,0,0,1,0,0,1],[1,1,1,0,1,1,0,0,1,1]]"
2,308,-0.0297033443247576,0.0297033443247576,"[[1,1,0,0,0,0,1,0,0,1],[1,1,1,0,1,1,0,1,0,0]]"
2,309,-0.02957064661418078,0.02957064661418078,"[[1,1,0,0,0,0,1,0,0,1],[1,1,1,0,1,1,0,1,0,1]]"
2,310,-0.03056215780257957,0.03056215780257957,"[[1,1,0,0,0,0,1,0,0,1],[1,1,1,0,1,1,0,1,1,0]]"
2,311,-0.030432034586056003,0.030432034586056003,"[[1,1,0,0,0,0,1,0,0,1],[1,1,1,0,1,1,0,1,1,1]]"
2,312,-0.03525483376879931,0.03525483376879931,"[[1,1,0,0,0,0,1,0,0,1],[1,1,1,0,1,1,1,0,0,0]]"
2,313,-0.035107015900101415,0.035107015900101415,"[[1,1,0,0,0,0,1,0,0,1],[1,1,1,0,1,1,1,0,0,1]]"
2,314,-0.03624635532129963,0.03624635532129963,"[[1,1,0,0,0,0,1,0,0,1],[1,1,1,0,1,1,1,0,1,0]]"
2,315,-0.03609882987780364,0.03609882987780364,"[[1,1,0,0,0,0,1,0,0,1],[1,1,1,0,1,1,1,0,1,1]]"
2,316,-0.040854070403142186,0.040854070403142186,"[[1,1,0,0,0,0,1,0,0,1],[1,1,1,0,1,1,1,1,0,0]]"
2,317,-0.04068784078594554,0.04068784078594554,"[[1,1,0,0,0,0,1,0,0,1],[1,1,1,0,1,1,1,1,0,1]]"
2,318,-0.04192396912630999,0.04192396912630999,"[[1,1,0,0,0,0,1,0,0,1],[1,1,1,0,1,1,1,1,1,0]]"
2,319,-0.04175822329524265,0.04175822329524265,"[[1,1,0,0,0,0,1,0,0,1],[1,1,1,0,1,1,1,1,1,1]]"
2,320,-0.012354097045784057,0.012354097045784057,"[[1,1,0,0,0,0,1,0,1,0],[1,1,1,0,1,0,0,0,0,0]]"
2,321,-0.012308272603251139,0.012308272603251139,"[[1,1,0,0,0,0,1,0,1,0],[1,1,1,0,1,0,0,0,0,1]]"
2,322,-0.013274755697335274,0.013274755697335274,"[[1,1,0,0,0,0,1,0,1,0],[1,1,1,0,1,0,0,0,1,0]]"
2,323,-0.013211813267560525,0.013211813267560525,"[[1,1,0,0,0,0,1,0,1,0],[1,1,1,0,1,0,0,0,1,1]]"
2,324,-0.01610629128522515,0.01610629128522515,"[[1,1,0,0,0,0,1,0,1,0],[1,1,1,0,1,0,0,1,0,0]]"
2,325,-0.016041668245616383,0.016041668245616383,"[[1,1,0,0,0,0,1,0,1,0],[1,1,1,0,1,0,0,1,0,1]]"
2,326,-0.016909955029992974,0.016909955029992974,"[[1,1,0,0,0,0,1,0,1,0],[1,1,1,0,1,0,0,1,1,0]]"
2,327,-0.016846725284647347,0.016846725284647347,"[[1,1,0,0,0,0,1,0,1,0],[1,1,1,0,1,0,0,1,1,1]]"
2,328,-0.02049581602941584,0.02049581602941584,"[[1,1,0,0,0,0,1,0,1,0],[1,1,1,0,1,0,1,0,0,0]]"
2,329,-0.020421858679198678,0.020421858679198678,"[[1,1,0,0,0,0,1,0,1,0],[1,1,1,0,1,0,1,0,0,1]]"
2,330,-0.0214767409794973,0.0214767409794973,"[[1,1,0,0,0,0,1,0,1,0],[1,1,1,0,1,0,1,0,1,0]]"
2,331,-0.021401632937189753,0.021401632937189753,"[[1,1,0,0,0,0,1,0,1,0],[1,1,1,0,1,0,1,0,1,1]]"
2,332,-0.024854579022886444,0.024854579022886444,"[[1,1,0,0,0,0,1,0,1,0],[1,1,1,0,1,0,1,1,0,0]]"
2,333,-0.024769025969534248,0.024769025969534248,"[[1,1,0,0,0,0,1,0,1,0],[1,1,1,0,1,0,1,1,0,1]]"
2,334,-0.025822284134522103,0.025822284134522103,"[[1,1,0,0,0,0,1,0,1,0],[1,1,1,0,1,0,1,1,1,0]]"
2,335,-0.025737190903702075,0.025737190903702075,"[[1,1,0,0,0,0,1,0,1,0],[1,1,1,0,1,0,1,1,1,1]]"
2,336,-0.023508526749255316,0.023508526749255316,"[[1,1,0,0,0,0,1,0,1,0],[1,1,1,0,1,1,0,0,0,0]]"
2,337,-0.02339741628916909,0.02339741628916909,"[[1,1,0,0,0,0,1,0,1,0],[1,1,1,0,1,1,0,0,0,1]]"
2,338,-0.024606900629361855,0.024606900629361855,"[[1,1,0,0,0,0,1,0,1,0],[1,1,1,0,1,1,0,0,1,0]]"
2,339,-0.02449625650911383,0.02449625650911383,"[[1,1,0,0,0,0,1,0,1,0],[1,1,1,0,1,1,0,0,1,1]]"
2,340,-0.02801988700144014,0.02801988700144014,"[[1,1,0,0,0,0,1,0,1,0],[1,1,1,0,1,1,0,1,0,0]]"
2,341,-0.027903048736219772,0.027903048736219772,"[[1,1,0,0,0,0,1,0,1,0],[1,1,1,0,1,1,0,1,0,1]]"
2,342,-0.02903350418300505,0.02903350418300505,"[[1,1,0,0,0,0,1,0,1,0],[1,1,1,0,1,1,0,1,1,0]]"
2,343,-0.02892041950147342,0.02892041950147342,"[[1,1,0,0,0,0,1,0,1,0],[1,1,1,0,1,1,0,1,1,1]]"
2,344,-0.03386092484213899,0.03386092484213899,"[[1,1,0,0,0,0,1,0,1,0],[1,1,1,0,1,1,1,0,0,0]]"
2,345,-0.03372528491038511,0.03372528491038511,"[[1,1,0,0,0,0,1,0,1,0],[1,1,1,0,1,1,1,0,0,1]]"
2,346,-0.03510555820093698,0.03510555820093698,"[[1,1,0,0,0,0,1,0,1,0],[1,1,1,0,1,1,1,0,1,0]]"
2,347,-0.03496801649514555,0.03496801649514555,"[[1,1,0,0,0,0,1,0,1,0],[1,1,1,0,1,1,1,0,1,1]]"
2,348,-0.03898840249092759,0.03898840249092759,"[[1,1,0,0,0,0,1,0,1,0],[1,1,1,0,1,1,1,1,0,0]]"
2,349,-0.0388486016496939,0.0388486016496939,"[[1,1,0,0,0,0,1,0,1,0],[1,1,1,0,1,1,1,1,0,1]]"
2,350,-0.040157626871779754,0.040157626871779754,"[[1,1,0,0,0,0,1,0,1,0],[1,1,1,0,1,1,1,1,1,0]]"
2,351,-0.04001823105942345,0.04001823105942345,"[[1,1,0,0,0,0,1,0,1,0],[1,1,1,0,1,1,1,1,1,1]]"
2,352,-0.012371576885484728,0.012371576885484728,"[[1,1,0,0,0,0,1,0,1,1],[1,1,1,0,1,0,0,0,0,0]]"
2,353,-0.012308148913291708,0.012308148913291708,"[[1,1,0,0,0,0,1,0,1,1],[1,1,1,0,1,0,0,0,0,1]]"
2,354,-0.013265939396364864,0.013265939396364864,"[[1,1,0,0,0,0,1,0,1,1],[1,1,1,0,1,0,0,0,1,0]]"
2,355,-0.013201188746473658,0.013201188746473658,"[[1,1,0,0,0,0,1,0,1,1],[1,1,1,0,1,0,0,0,1,1]]"
2,356,-0.01611966688580632,0.01611966688580632,"[[1,1,0,0,0,0,1,0,1,1],[1,1,1,0,1,0,0,1,0,0]]"
2,357,-0.01605322455758706,0.01605322455758706,"[[1,1,0,0,0,0,1,0,1,1],[1,1,1,0,1,0,0,1,0,1]]"
2,358,-0.01692411676262911,0.01692411676262911,"[[1,1,0,0,0,0,1,0,1,1],[1,1,1,0,1,0,0,1,1,0]]"
2,359,-0.01685816053826618,0.01685816053826618,"[[1,1,0,0,0,0,1,0,1,1],[1,1,1,0,1,0,0,1,1,1]]"
2,360,-0.020493406099365393,0.020493406099365393,"[[1,1,0,0,0,0,1,0,1,1],[1,1,1,0,1,0,1,0,0,0]]"
2,361,-0.020417303106046118,0.020417303106046118,"[[1,1,0,0,0,0,1,0,1,1],[1,1,1,0,1,0,1,0,0,1]]"
2,362,-0.021472219264500447,0.021472219264500447,"[[1,1,0,0,0,0,1,0,1,1],[1,1,1,0,1,0,1,0,1,0]]"
2,363,-0.021394813065952988,0.021394813065952988,"[[1,1,0,0,0,0,1,0,1,1],[1,1,1,0,1,0,1,0,1,1]]"
2,364,-0.024850060307948833,0.024850060307948833,"[[1,1,0,0,0,0,1,0,1,1],[1,1,1,0,1,0,1,1,0,0]]"
2,365,-0.024752447582989966,0.024752447582989966,"[[1,1,0,0,0,0,1,0,1,1],[1,1,1,0,1,0,1,1,0,1]]"
2,366,-0.02581526953667842,0.02581526953667842,"[[1,1,0,0,0,0,1,0,1,1],[1,1,1,0,1,0,1,1,1,0]]"
2,367,-0.025717764670983845,0.025717764670983845,"[[1,1,0,0,0,0,1,0,1,1],[1,1,1,0,1,0,1,1,1,1]]"
2,368,-0.023488656389590617,0.023488656389590617,"[[1,1,0,0,0,0,1,0,1,1],[1,1,1,0,1,1,0,0,0,0]]"
2,369,-0.023365780529900255,0.023365780529900255,"[[1,1,0,0,0,0,1,0,1,1],[1,1,1,0,1,1,0,0,0,1]]"
2,370,-0.024584927782186256,0.024584927782186256,"[[1,1,0,0,0,0,1,0,1,1],[1,1,1,0,1,1,0,0,1,0]]"
2,371,-0.02446209901731996,0.02446209901731996,"[[1,1,0,0,0,0,1,0,1,1],[1,1,1,0,1,1,0,0,1,1]]"
2,372,-0.028013902725839,0.028013902725839,"[[1,1,0,0,0,0,1,0,1,1],[1,1,1,0,1,1,0,1,0,0]]"
2,373,-0.027892565117873108,0.027892565117873108,"[[1,1,0,0,0,0,1,0,1,1],[1,1,1,0,1,1,0,1,0,1]]"
2,374,-0.029030238251484528,0.029030238251484528,"[[1,1,0,0,0,0,1,0,1,1],[1,1,1,0,1,1,0,1,1,0]]"
2,375,-0.028910662161171333,0.028910662161171333,"[[1,1,0,0,0,0,1,0,1,1],[1,1,1,0,1,1,0,1,1,1]]"
2,376,-0.03382435161457327,0.03382435161457327,"[[1,1,0,0,0,0,1,0,1,1],[1,1,1,0,1,1,1,0,0,0]]"
2,377,-0.03368356938982306,0.03368356938982306,"[[1,1,0,0,0,0,1,0,1,1],[1,1,1,0,1,1,1,0,0,1]]"
2,378,-0.03506632982582349,0.03506632982582349,"[[1,1,0,0,0,0,1,0,1,1],[1,1,1,0,1,1,1,0,1,0]]"
2,379,-0.03492346359271147,0.03492346359271147,"[[1,1,0,0,0,0,1,0,1,1],[1,1,1,0,1,1,1,0,1,1]]"
2,380,-0.03898001788978998,0.03898001788978998,"[[1,1,0,0,0,0,1,0,1,1],[1,1,1,0,1,1,1,1,0,0]]"
2,381,-0.03883461273929425,0.03883461273929425,"[[1,1,0,0,0,0,1,0,1,1],[1,1,1,0,1,1,1,1,0,1]]"
2,382,-0.04014909491006617,0.04014909491006617,"[[1,1,0,0,0,0,1,0,1,1],[1,1,1,0,1,1,1,1,1,0]]"
2,383,-0.0400040018128496,0.0400040018128496,"[[1,1,0,0,0,0,1,0,1,1],[1,1,1,0,1,1,1,1,1,1]]"
2,384,-0.009380411513600972,0.009380411513600972,"[[1,1,0,0,0,0,1,1,0,0],[1,1,1,0,1,0,0,0,0,0]]"
2,385,-0.009260855099047671,0.009260855099047671,"[[1,1,0,0,0,0,1,1,0,0],[1,1,1,0,1,0,0,0,0,1]]"
2,386,-0.00978807071253593,0.00978807071253593,"[[1,1,0,0,0,0,1,1,0,0],[1,1,1,0,1,0,0,0,1,0]]"
2,387,-0.009720413345934896,0.009720413345934896,"[[1,1,0,0,0,0,1,1,0,0],[1,1,1,0,1,0,0,0,1,1]]"
2,388,-0.012884004358242282,0.012884004358242282,"[[1,1,0,0,0,0,1,1,0,0],[1,1,1,0,1,0,0,1,0,0]]"
2,389,-0.012825360087785597,0.012825360087785597,"[[1,1,0,0,0,0,1,1,0,0],[1,1,1,0,1,0,0,1,0,1]]"
2,390,-0.013489805994783097,0.013489805994783097,"[[1,1,0,0,0,0,1,1,0,0],[1,1,1,0,1,0,0,1,1,0]]"
2,391,-0.013432394712357796,0.013432394712357796,"[[1,1,0,0,0,0,1,1,0,0],[1,1,1,0,1,0,0,1,1,1]]"
2,392,-0.01641415525169839,0.01641415525169839,"[[1,1,0,0,0,0,1,1,0,0],[1,1,1,0,1,0,1,0,0,0]]"
2,393,-0.01628158354591509,0.01628158354591509,"[[1,1,0,0,0,0,1,1,0,0],[1,1,1,0,1,0,1,0,0,1]]"
2,394,-0.016839499213472088,0.016839499213472088,"[[1,1,0,0,0,0,1,1,0,0],[1,1,1,0,1,0,1,0,1,0]]"
2,395,-0.01675737995092222,0.01675737995092222,"[[1,1,0,0,0,0,1,1,0,0],[1,1,1,0,1,0,1,0,1,1]]"
2,396,-0.020763203701101705,0.020763203701101705,"[[1,1,0,0,0,0,1,1,0,0],[1,1,1,0,1,0,1,1,0,0]]"
2,397,-0.020686795979235093,0.020686795979235093,"[[1,1,0,0,0,0,1,1,0,0],[1,1,1,0,1,0,1,1,0,1]]"
2,398,-0.021500536510067315,0.021500536510067315,"[[1,1,0,0,0,0,1,1,0,0],[1,1,1,0,1,0,1,1,1,0]]"
2,399,-0.021421222196147238,0.021421222196147238,"[[1,1,0,0,0,0,1,1,0,0],[1,1,1,0,1,0,1,1,1,1]]"
2,400,-0.019524010802646853,0.019524010802646853,"[[1,1,0,0,0,0,1,1,0,0],[1,1,1,0,1,1,0,0,0,0]]"
2,401,-0.019296459292720638,0.019296459292720638,"[[1,1,0,0,0,0,1,1,0,0],[1,1,1,0,1,1,0,0,0,1]]"
2,402,-0.019832721978842227,0.019832721978842227,"[[1,1,0,0,0,0,1,1,0,0],[1,1,1,0,1,1,0,0,1,0]]"
2,403,-0.019700654907874746,0.019700654907874746,"[[1,1,0,0,0,0,1,1,0,0],[1,1,1,0,1,1,0,0,1,1]]"
2,404,-0.02385776503983237,0.02385776503983237,"[[1,1,0,0,0,0,1,1,0,0],[1,1,1,0,1,1,0,1,0,0]]"
2,405,-0.023749508014046718,0.023749508014046718,"[[1,1,0,0,0,0,1,1,0,0],[1,1,1,0,1,1,0,1,0,1]]"
2,406,-0.024709760876813723,0.024709760876813723,"[[1,1,0,0,0,0,1,1,0,0],[1,1,1,0,1,1,0,1,1,0]]"
2,407,-0.02460110286622559,0.02460110286622559,"[[1,1,0,0,0,0,1,1,0,0],[1,1,1,0,1,1,0,1,1,1]]"
2,408,-0.02882270326682784,0.02882270326682784,"[[1,1,0,0,0,0,1,1,0,0],[1,1,1,0,1,1,1,0,0,0]]"
2,409,-0.028592590702667127,0.028592590702667127,"[[1,1,0,0,0,0,1,1,0,0],[1,1,1,0,1,1,1,0,0,1]]"
2,410,-0.029148364372263865,0.029148364372263865,"[[1,1,0,0,0,0,1,1,0,0],[1,1,1,0,1,1,1,0,1,0]]"
2,411,-0.02900005961269301,0.02900005961269301,"[[1,1,0,0,0,0,1,1,0,0],[1,1,1,0,1,1,1,0,1,1]]"
2,412,-0.03394672142837165,0.03394672142837165,"[[1,1,0,0,0,0,1,1,0,0],[1,1,1,0,1,1,1,1,0,0]]"
2,413,-0.033808358661789197,0.033808358661789197,"[[1,1,0,0,0,0,1,1,0,0],[1,1,1,0,1,1,1,1,0,1]]"
2,414,-0.034924677652320824,0.034924677652320824,"[[1,1,0,0,0,0,1,1,0,0],[1,1,1,0,1,1,1,1,1,0]]"
2,415,-0.03478677987990065,0.03478677987990065,"[[1,1,0,0,0,0,1,1,0,0],[1,1,1,0,1,1,1,1,1,1]]"
2,416,-0.009398635316751927,0.009398635316751927,"[[1,1,0,0,0,0,1,1,0,1],[1,1,1,0,1,0,0,0,0,0]]"
2,417,-0.00927096187609035,0.00927096187609035,"[[1,1,0,0,0,0,1,1,0,1],[1,1,1,0,1,0,0,0,0,1]]"
2,418,-0.009784373872768646,0.009784373872768646,"[[1,1,0,0,0,0,1,1,0,1],[1,1,1,0,1,0,0,0,1,0]]"
2,419,-0.009715332249382947,0.009715332249382947,"[[1,1,0,0,0,0,1,1,0,1],[1,1,1,0,1,0,0,0,1,1]]"
2,420,-0.012879566326990827,0.012879566326990827,"[[1,1,0,0,0,0,1,1,0,1],[1,1,1,0,1,0,0,1,0,0]]"
2,421,-0.012819362542742576,0.012819362542742576,"[[1,1,0,0,0,0,1,1,0,1],[1,1,1,0,1,0,0,1,0,1]]"
2,422,-0.013485791052388996,0.013485791052388996,"[[1,1,0,0,0,0,1,1,0,1],[1,1,1,0,1,0,0,1,1,0]]"
2,423,-0.013426713449325436,0.013426713449325436,"[[1,1,0,0,0,0,1,1,0,1],[1,1,1,0,1,0,0,1,1,1]]"
2,424,-0.016429296466197448,0.016429296466197448,"[[1,1,0,0,0,0,1,1,0,1],[1,1,1,0,1,0,1,0,0,0]]"
2,425,-0.016279016658465015,0.016279016658465015,"[[1,1,0,0,0,0,1,1,0,1],[1,1,1,0,1,0,1,0,0,1]]"
2,426,-0.016842482532151405,0.016842482532151405,"[[1,1,0,0,0,0,1,1,0,1],[1,1,1,0,1,0,1,0,1,0]]"
2,427,-0.016758638985508046,0.016758638985508046,"[[1,1,0,0,0,0,1,1,0,1],[1,1,1,0,1,0,1,0,1,1]]"
2,428,-0.020755781988357987,0.020755781988357987,"[[1,1,0,0,0,0,1,1,0,1],[1,1,1,0,1,0,1,1,0,0]]"
2,429,-0.020673456581087494,0.020673456581087494,"[[1,1,0,0,0,0,1,1,0,1],[1,1,1,0,1,0,1,1,0,1]]"
2,430,-0.021489612400152614,0.021489612400152614,"[[1,1,0,0,0,0,1,1,0,1],[1,1,1,0,1,0,1,1,1,0]]"
2,431,-0.021407789928391447,0.021407789928391447,"[[1,1,0,0,0,0,1,1,0,1],[1,1,1,0,1,0,1,1,1,1]]"
2,432,-0.019519327330166803,0.019519327330166803,"[[1,1,0,0,0,0,1,1,0,1],[1,1,1,0,1,1,0,0,0,0]]"
2,433,-0.019274844456695975,0.019274844456695975,"[[1,1,0,0,0,0,1,1,0,1],[1,1,1,0,1,1,0,0,0,1]]"
2,434,-0.01980490930245712,0.01980490930245712,"[[1,1,0,0,0,0,1,1,0,1],[1,1,1,0,1,1,0,0,1,0]]"
2,435,-0.019668787343560725,0.019668787343560725,"[[1,1,0,0,0,0,1,1,0,1],[1,1,1,0,1,1,0,0,1,1]]"
2,436,-0.0238331375648251,0.0238331375648251,"[[1,1,0,0,0,0,1,1,0,1],[1,1,1,0,1,1,0,1,0,0]]"
2,437,-0.02371384850037518,0.02371384850037518,"[[1,1,0,0,0,0,1,1,0,1],[1,1,1,0,1,1,0,1,0,1]]"
2,438,-0.024683920508095897,0.024683920508095897,"[[1,1,0,0,0,0,1,1,0,1],[1,1,1,0,1,1,0,1,1,0]]"
2,439,-0.02456576083029947,0.02456576083029947,"[[1,1,0,0,0,0,1,1,0,1],[1,1,1,0,1,1,0,1,1,1]]"
2,440,-0.028813988934138765,0.028813988934138765,"[[1,1,0,0,0,0,1,1,0,1],[1,1,1,0,1,1,1,0,0,0]]"
2,441,-0.028562722218001494,0.028562722218001494,"[[1,1,0,0,0,0,1,1,0,1],[1,1,1,0,1,1,1,0,0,1]]"
2,442,-0.02912554317198733,0.02912554317198733,"[[1,1,0,0,0,0,1,1,0,1],[1,1,1,0,1,1,1,0,1,0]]"
2,443,-0.028972754082485837,0.028972754082485837,"[[1,1,0,0,0,0,1,1,0,1],[1,1,1,0,1,1,1,0,1,1]]"
2,444,-0.03390819358354669,0.03390819358354669,"[[1,1,0,0,0,0,1,1,0,1],[1,1,1,0,1,1,1,1,0,0]]"
2,445,-0.03376446641607818,0.03376446641607818,"[[1,1,0,0,0,0,1,1,0,1],[1,1,1,0,1,1,1,1,0,1]]"
2,446,-0.03488601734339624,0.03488601734339624,"[[1,1,0,0,0,0,1,1,0,1],[1,1,1,0,1,1,1,1,1,0]]"
2,447,-0.03474259958615829,0.03474259958615829,"[[1,1,0,0,0,0,1,1,0,1],[1,1,1,0,1,1,1,1,1,1]]"
2,448,-0.008673195948774715,0.008673195948774715,"[[1,1,0,0,0,0,1,1,1,0],[1,1,1,0,1,0,0,0,0,0]]"
2,449,-0.008584766990803839,0.008584766990803839,"[[1,1,0,0,0,0,1,1,1,0],[1,1,1,0,1,0,0,0,0,1]]"
2,450,-0.009242391839587975,0.009242391839587975,"[[1,1,0,0,0,0,1,1,1,0],[1,1,1,0,1,0,0,0,1,0]]"
2,451,-0.009191359432750802,0.009191359432750802,"[[1,1,0,0,0,0,1,1,1,0],[1,1,1,0,1,0,0,0,1,1]]"
2,452,-0.012093839499777053,0.012093839499777053,"[[1,1,0,0,0,0,1,1,1,0],[1,1,1,0,1,0,0,1,0,0]]"
2,453,-0.012046240100654084,0.012046240100654084,"[[1,1,0,0,0,0,1,1,1,0],[1,1,1,0,1,0,0,1,0,1]]"
2,454,-0.012815106663291616,0.012815106663291616,"[[1,1,0,0,0,0,1,1,1,0],[1,1,1,0,1,0,0,1,1,0]]"
2,455,-0.012767836636105758,0.012767836636105758,"[[1,1,0,0,0,0,1,1,1,0],[1,1,1,0,1,0,0,1,1,1]]"
2,456,-0.01550177399609444,0.01550177399609444,"[[1,1,0,0,0,0,1,1,1,0],[1,1,1,0,1,0,1,0,0,0]]"
2,457,-0.015397983004942002,0.015397983004942002,"[[1,1,0,0,0,0,1,1,1,0],[1,1,1,0,1,0,1,0,0,1]]"
2,458,-0.016148741598598196,0.016148741598598196,"[[1,1,0,0,0,0,1,1,1,0],[1,1,1,0,1,0,1,0,1,0]]"
2,459,-0.016071809105367374,0.016071809105367374,"[[1,1,0,0,0,0,1,1,1,0],[1,1,1,0,1,0,1,0,1,1]]"
2,460,-0.019777474762260525,0.019777474762260525,"[[1,1,0,0,0,0,1,1,1,0],[1,1,1,0,1,0,1,1,0,0]]"
2,461,-0.019706113940889582,0.019706113940889582,"[[1,1,0,0,0,0,1,1,1,0],[1,1,1,0,1,0,1,1,0,1]]"
2,462,-0.02069489631074479,0.02069489631074479,"[[1,1,0,0,0,0,1,1,1,0],[1,1,1,0,1,0,1,1,1,0]]"
2,463,-0.02061996746930649,0.02061996746930649,"[[1,1,0,0,0,0,1,1,1,0],[1,1,1,0,1,0,1,1,1,1]]"
2,464,-0.01834236463734949,0.01834236463734949,"[[1,1,0,0,0,0,1,1,1,0],[1,1,1,0,1,1,0,0,0,0]]"
2,465,-0.018166283211214898,0.018166283211214898,"[[1,1,0,0,0,0,1,1,1,0],[1,1,1,0,1,1,0,0,0,1]]"
2,466,-0.018895863292629322,0.018895863292629322,"[[1,1,0,0,0,0,1,1,1,0],[1,1,1,0,1,1,0,0,1,0]]"
2,467,-0.018775808795065588,0.018775808795065588,"[[1,1,0,0,0,0,1,1,1,0],[1,1,1,0,1,1,0,0,1,1]]"
2,468,-0.02254103844010586,0.02254103844010586,"[[1,1,0,0,0,0,1,1,1,0],[1,1,1,0,1,1,0,1,0,0]]"
2,469,-0.022442315703430627,0.022442315703430627,"[[1,1,0,0,0,0,1,1,1,0],[1,1,1,0,1,1,0,1,0,1]]"
2,470,-0.0234459134971872,0.0234459134971872,"[[1,1,0,0,0,0,1,1,1,0],[1,1,1,0,1,1,0,1,1,0]]"
2,471,-0.023348580372780585,0.023348580372780585,"[[1,1,0,0,0,0,1,1,1,0],[1,1,1,0,1,1,0,1,1,1]]"
2,472,-0.027438748618028273,0.027438748618028273,"[[1,1,0,0,0,0,1,1,1,0],[1,1,1,0,1,1,1,0,0,0]]"
2,473,-0.027257130582398936,0.027257130582398936,"[[1,1,0,0,0,0,1,1,1,0],[1,1,1,0,1,1,1,0,0,1]]"
2,474,-0.0281097042187705,0.0281097042187705,"[[1,1,0,0,0,0,1,1,1,0],[1,1,1,0,1,1,1,0,1,0]]"
2,475,-0.027966515711316538,0.027966515711316538,"[[1,1,0,0,0,0,1,1,1,0],[1,1,1,0,1,1,1,0,1,1]]"
2,476,-0.032461256124442374,0.032461256124442374,"[[1,1,0,0,0,0,1,1,1,0],[1,1,1,0,1,1,1,1,0,0]]"
2,477,-0.032339880065191465,0.032339880065191465,"[[1,1,0,0,0,0,1,1,1,0],[1,1,1,0,1,1,1,1,0,1]]"
2,478,-0.03352176038495482,0.03352176038495482,"[[1,1,0,0,0,0,1,1,1,0],[1,1,1,0,1,1,1,1,1,0]]"
2,479,-0.03340079404346422,0.03340079404346422,"[[1,1,0,0,0,0,1,1,1,0],[1,1,1,0,1,1,1,1,1,1]]"
2,480,-0.008695356999451976,0.008695356999451976,"[[1,1,0,0,0,0,1,1,1,1],[1,1,1,0,1,0,0,0,0,0]]"
2,481,-0.008599666104152887,0.008599666104152887,"[[1,1,0,0,0,0,1,1,1,1],[1,1,1,0,1,0,0,0,0,1]]"
2,482,-0.009239336908158306,0.009239336908158306,"[[1,1,0,0,0,0,1,1,1,1],[1,1,1,0,1,0,0,0,1,0]]"
2,483,-0.009199863683104933,0.009199863683104933,"[[1,1,0,0,0,0,1,1,1,1],[1,1,1,0,1,0,0,0,1,1]]"
2,484,-0.012096658038921288,0.012096658038921288,"[[1,1,0,0,0,0,1,1,1,1],[1,1,1,0,1,0,0,1,0,0]]"
2,485,-0.012043562929026592,0.012043562929026592,"[[1,1,0,0,0,0,1,1,1,1],[1,1,1,0,1,0,0,1,0,1]]"
2,486,-0.01281532803622453,0.01281532803622453,"[[1,1,0,0,0,0,1,1,1,1],[1,1,1,0,1,0,0,1,1,0]]"
2,487,-0.012778177122235976,0.012778177122235976,"[[1,1,0,0,0,0,1,1,1,1],[1,1,1,0,1,0,0,1,1,1]]"
2,488,-0.015514148425721512,0.015514148425721512,"[[1,1,0,0,0,0,1,1,1,1],[1,1,1,0,1,0,1,0,0,0]]"
2,489,-0.015399070558519325,0.015399070558519325,"[[1,1,0,0,0,0,1,1,1,1],[1,1,1,0,1,0,1,0,0,1]]"
2,490,-0.016152011290394026,0.016152011290394026,"[[1,1,0,0,0,0,1,1,1,1],[1,1,1,0,1,0,1,0,1,0]]"
2,491,-0.016073693726614154,0.016073693726614154,"[[1,1,0,0,0,0,1,1,1,1],[1,1,1,0,1,0,1,0,1,1]]"
2,492,-0.019771104118876157,0.019771104118876157,"[[1,1,0,0,0,0,1,1,1,1],[1,1,1,0,1,0,1,1,0,0]]"
2,493,-0.01969589272659439,0.01969589272659439,"[[1,1,0,0,0,0,1,1,1,1],[1,1,1,0,1,0,1,1,0,1]]"
2,494,-0.02068419020386603,0.02068419020386603,"[[1,1,0,0,0,0,1,1,1,1],[1,1,1,0,1,0,1,1,1,0]]"
2,495,-0.020607080351599572,0.020607080351599572,"[[1,1,0,0,0,0,1,1,1,1],[1,1,1,0,1,0,1,1,1,1]]"
2,496,-0.01834913558134712,0.01834913558134712,"[[1,1,0,0,0,0,1,1,1,1],[1,1,1,0,1,1,0,0,0,0]]"
2,497,-0.018148525224950512,0.018148525224950512,"[[1,1,0,0,0,0,1,1,1,1],[1,1,1,0,1,1,0,0,0,1]]"
2,498,-0.018875293625595382,0.018875293625595382,"[[1,1,0,0,0,0,1,1,1,1],[1,1,1,0,1,1,0,0,1,0]]"
2,499,-0.018744878129358794,0.018744878129358794,"[[1,1,0,0,0,0,1,1,1,1],[1,1,1,0,1,1,0,0,1,1]]"
2,500,-0.022539123111583192,0.022539123111583192,"[[1,1,0,0,0,0,1,1,1,1],[1,1,1,0,1,1,0,1,0,0]]"
2,501,-0.0224367775781755,0.0224367775781755,"[[1,1,0,0,0,0,1,1,1,1],[1,1,1,0,1,1,0,1,0,1]]"
2,502,-0.02344478318454223,0.02344478318454223,"[[1,1,0,0,0,0,1,1,1,1],[1,1,1,0,1,1,0,1,1,0]]"
2,503,-0.023342689344371923,0.023342689344371923,"[[1,1,0,0,0,0,1,1,1,1],[1,1,1,0,1,1,0,1,1,1]]"
2,504,-0.0274328249601712,0.0274328249601712,"[[1,1,0,0,0,0,1,1,1,1],[1,1,1,0,1,1,1,0,0,0]]"
2,505,-0.02723095836874404,0.02723095836874404,"[[1,1,0,0,0,0,1,1,1,1],[1,1,1,0,1,1,1,0,0,1]]"
2,506,-0.028087224546255545,0.028087224546255545,"[[1,1,0,0,0,0,1,1,1,1],[1,1,1,0,1,1,1,0,1,0]]"
2,507,-0.027939893841258306,0.027939893841258306,"[[1,1,0,0,0,0,1,1,1,1],[1,1,1,0,1,1,1,0,1,1]]"
2,508,-0.03243935761925862,0.03243935761925862,"[[1,1,0,0,0,0,1,1,1,1],[1,1,1,0,1,1,1,1,0,0]]"
2,509,-0.03230335782919454,0.03230335782919454,"[[1,1,0,0,0,0,1,1,1,1],[1,1,1,0,1,1,1,1,0,1]]"
2,510,-0.03349718742811434,0.03349718742811434,"[[1,1,0,0,0,0,1,1,1,1],[1,1,1,0,1,1,1,1,1,0]]"
2,511,-0.033361249722968,0.033361249722968,"[[1,1,0,0,0,0,1,1,1,1],[1,1,1,0,1,1,1,1,1,1]]"
2,512,-0.011276107801444784,0.011276107801444784,"[[1,1,0,0,0,1,0,0,0,0],[1,1,1,0,1,0,0,0,0,0]]"
2,513,-0.01118435114622849,0.01118435114622849,"[[1,1,0,0,0,1,0,0,0,0],[1,1,1,0,1,0,0,0,0,1]]"
2,514,-0.01153134949536182,0.01153134949536182,"[[1,1,0,0,0,1,0,0,0,0],[1,1,1,0,1,0,0,0,1,0]]"
2,515,-0.011449321495994955,0.011449321495994955,"[[1,1,0,0,0,1,0,0,0,0],[1,1,1,0,1,0,0,0,1,1]]"
2,516,-0.01391196946275331,0.01391196946275331,"[[1,1,0,0,0,1,0,0,0,0],[1,1,1,0,1,0,0,1,0,0]]"
2,517,-0.013801718576907518,0.013801718576907518,"[[1,1,0,0,0,1,0,0,0,0],[1,1,1,0,1,0,0,1,0,1]]"
2,518,-0.014192169242065077,0.014192169242065077,"[[1,1,0,0,0,1,0,0,0,0],[1,1,1,0,1,0,0,1,1,0]]"
2,519,-0.014093155330924529,0.014093155330924529,"[[1,1,0,0,0,1,0,0,0,0],[1,1,1,0,1,0,0,1,1,1]]"
2,520,-0.01753136641709642,0.01753136641709642,"[[1,1,0,0,0,1,0,0,0,0],[1,1,1,0,1,0,1,0,0,0]]"
2,521,-0.017403887346662986,0.017403887346662986,"[[1,1,0,0,0,1,0,0,0,0],[1,1,1,0,1,0,1,0,0,1]]"
2,522,-0.017842402640772026,0.017842402640772026,"[[1,1,0,0,0,1,0,0,0,0],[1,1,1,0,1,0,1,0,1,0]]"
2,523,-0.01772464378249968,0.01772464378249968,"[[1,1,0,0,0,1,0,0,0,0],[1,1,1,0,1,0,1,0,1,1]]"
2,524,-0.020741062125006805,0.020741062125006805,"[[1,1,0,0,0,1,0,0,0,0],[1,1,1,0,1,0,1,1,0,0]]"
2,525,-0.02059366142979671,0.02059366142979671,"[[1,1,0,0,0,1,0,0,0,0],[1,1,1,0,1,0,1,1,0,1]]"
2,526,-0.021042496219787633,0.021042496219787633,"[[1,1,0,0,0,1,0,0,0,0],[1,1,1,0,1,0,1,1,1,0]]"
2,527,-0.020898502647698446,0.020898502647698446,"[[1,1,0,0,0,1,0,0,0,0],[1,1,1,0,1,0,1,1,1,1]]"
2,528,-0.01762804324120971,0.01762804324120971,"[[1,1,0,0,0,1,0,0,0,0],[1,1,1,0,1,1,0,0,0,0]]"
2,529,-0.01747014325360543,0.01747014325360543,"[[1,1,0,0,0,1,0,0,0,0],[1,1,1,0,1,1,0,0,0,1]]"
2,530,-0.01782689262688792,0.01782689262688792,"[[1,1,0,0,0,1,0,0,0,0],[1,1,1,0,1,1,0,0,1,0]]"
2,531,-0.017677096667744384,0.017677096667744384,"[[1,1,0,0,0,1,0,0,0,0],[1,1,1,0,1,1,0,0,1,1]]"
2,532,-0.020672388683880157,0.020672388683880157,"[[1,1,0,0,0,1,0,0,0,0],[1,1,1,0,1,1,0,1,0,0]]"
2,533,-0.02049697181285218,0.02049697181285218,"[[1,1,0,0,0,1,0,0,0,0],[1,1,1,0,1,1,0,1,0,1]]"
2,534,-0.02084158273181267,0.02084158273181267,"[[1,1,0,0,0,1,0,0,0,0],[1,1,1,0,1,1,0,1,1,0]]"
2,535,-0.02069583426097604,0.02069583426097604,"[[1,1,0,0,0,1,0,0,0,0],[1,1,1,0,1,1,0,1,1,1]]"
2,536,-0.02520561189054197,0.02520561189054197,"[[1,1,0,0,0,1,0,0,0,0],[1,1,1,0,1,1,1,0,0,0]]"
2,537,-0.02500669822095668,0.02500669822095668,"[[1,1,0,0,0,1,0,0,0,0],[1,1,1,0,1,1,1,0,0,1]]"
2,538,-0.025441219778693798,0.025441219778693798,"[[1,1,0,0,0,1,0,0,0,0],[1,1,1,0,1,1,1,0,1,0]]"
2,539,-0.02530366995387662,0.02530366995387662,"[[1,1,0,0,0,1,0,0,0,0],[1,1,1,0,1,1,1,0,1,1]]"
2,540,-0.028887561978644685,0.028887561978644685,"[[1,1,0,0,0,1,0,0,0,0],[1,1,1,0,1,1,1,1,0,0]]"
2,541,-0.02866813582002264,0.02866813582002264,"[[1,1,0,0,0,1,0,0,0,0],[1,1,1,0,1,1,1,1,0,1]]"
2,542,-0.029123196469042125,0.029123196469042125,"[[1,1,0,0,0,1,0,0,0,0],[1,1,1,0,1,1,1,1,1,0]]"
2,543,-0.029019958319022002,0.029019958319022002,"[[1,1,0,0,0,1,0,0,0,0],[1,1,1,0,1,1,1,1,1,1]]"
2,544,-0.01133232293165501,0.01133232293165501,"[[1,1,0,0,0,1,0,0,0,1],[1,1,1,0,1,0,0,0,0,0]]"
2,545,-0.011241060681891527,0.011241060681891527,"[[1,1,0,0,0,1,0,0,0,1],[1,1,1,0,1,0,0,0,0,1]]"
2,546,-0.011590814852144058,0.011590814852144058,"[[1,1,0,0,0,1,0,0,0,1],[1,1,1,0,1,0,0,0,1,0]]"
2,547,-0.011516273120566998,0.011516273120566998,"[[1,1,0,0,0,1,0,0,0,1],[1,1,1,0,1,0,0,0,1,1]]"
2,548,-0.013970713044743238,0.013970713044743238,"[[1,1,0,0,0,1,0,0,0,1],[1,1,1,0,1,0,0,1,0,0]]"
2,549,-0.01386057068777372,0.01386057068777372,"[[1,1,0,0,0,1,0,0,0,1],[1,1,1,0,1,0,0,1,0,1]]"
2,550,-0.014252826349711468,0.014252826349711468,"[[1,1,0,0,0,1,0,0,0,1],[1,1,1,0,1,0,0,1,1,0]]"
2,551,-0.014147921576495413,0.014147921576495413,"[[1,1,0,0,0,1,0,0,0,1],[1,1,1,0,1,0,0,1,1,1]]"
2,552,-0.017596704977457783,0.017596704977457783,"[[1,1,0,0,0,1,0,0,0,1],[1,1,1,0,1,0,1,0,0,0]]"
2,553,-0.017469180054122284,0.017469180054122284,"[[1,1,0,0,0,1,0,0,0,1],[1,1,1,0,1,0,1,0,0,1]]"
2,554,-0.017910979113917584,0.017910979113917584,"[[1,1,0,0,0,1,0,0,0,1],[1,1,1,0,1,0,1,0,1,0]]"
2,555,-0.017793327127708904,0.017793327127708904,"[[1,1,0,0,0,1,0,0,0,1],[1,1,1,0,1,0,1,0,1,1]]"
2,556,-0.020807978987586392,0.020807978987586392,"[[1,1,0,0,0,1,0,0,0,1],[1,1,1,0,1,0,1,1,0,0]]"
2,557,-0.02065479426943377,0.02065479426943377,"[[1,1,0,0,0,1,0,0,0,1],[1,1,1,0,1,0,1,1,0,1]]"
2,558,-0.02110274022077135,0.02110274022077135,"[[1,1,0,0,0,1,0,0,0,1],[1,1,1,0,1,0,1,1,1,0]]"
2,559,-0.020956902558991485,0.020956902558991485,"[[1,1,0,0,0,1,0,0,0,1],[1,1,1,0,1,0,1,1,1,1]]"
2,560,-0.017678436108666037,0.017678436108666037,"[[1,1,0,0,0,1,0,0,0,1],[1,1,1,0,1,1,0,0,0,0]]"
2,561,-0.017519878910215905,0.017519878910215905,"[[1,1,0,0,0,1,0,0,0,1],[1,1,1,0,1,1,0,0,0,1]]"
2,562,-0.017879480740757594,0.017879480740757594,"[[1,1,0,0,0,1,0,0,0,1],[1,1,1,0,1,1,0,0,1,0]]"
2,563,-0.01772914321722742,0.01772914321722742,"[[1,1,0,0,0,1,0,0,0,1],[1,1,1,0,1,1,0,0,1,1]]"
2,564,-0.020723795673233812,0.020723795673233812,"[[1,1,0,0,0,1,0,0,0,1],[1,1,1,0,1,1,0,1,0,0]]"
2,565,-0.020546298201226797,0.020546298201226797,"[[1,1,0,0,0,1,0,0,0,1],[1,1,1,0,1,1,0,1,0,1]]"
2,566,-0.0208970146237869,0.0208970146237869,"[[1,1,0,0,0,1,0,0,0,1],[1,1,1,0,1,1,0,1,1,0]]"
2,567,-0.020739223733557664,0.020739223733557664,"[[1,1,0,0,0,1,0,0,0,1],[1,1,1,0,1,1,0,1,1,1]]"
2,568,-0.025260279951674534,0.025260279951674534,"[[1,1,0,0,0,1,0,0,0,1],[1,1,1,0,1,1,1,0,0,0]]"
2,569,-0.02505899694308454,0.02505899694308454,"[[1,1,0,0,0,1,0,0,0,1],[1,1,1,0,1,1,1,0,0,1]]"
2,570,-0.02549804818701692,0.02549804818701692,"[[1,1,0,0,0,1,0,0,0,1],[1,1,1,0,1,1,1,0,1,0]]"
2,571,-0.02534616075865627,0.02534616075865627,"[[1,1,0,0,0,1,0,0,0,1],[1,1,1,0,1,1,1,0,1,1]]"
2,572,-0.028942223283706613,0.028942223283706613,"[[1,1,0,0,0,1,0,0,0,1],[1,1,1,0,1,1,1,1,0,0]]"
2,573,-0.028718730789005876,0.028718730789005876,"[[1,1,0,0,0,1,0,0,0,1],[1,1,1,0,1,1,1,1,0,1]]"
2,574,-0.029168707745308317,0.029168707745308317,"[[1,1,0,0,0,1,0,0,0,1],[1,1,1,0,1,1,1,1,1,0]]"
2,575,-0.029062638978942408,0.029062638978942408,"[[1,1,0,0,0,1,0,0,0,1],[1,1,1,0,1,1,1,1,1,1]]"
2,576,-0.010556645321570473,0.010556645321570473,"[[1,1,0,0,0,1,0,0,1,0],[1,1,1,0,1,0,0,0,0,0]]"
2,577,-0.010489620215841591,0.010489620215841591,"[[1,1,0,0,0,1,0,0,1,0],[1,1,1,0,1,0,0,0,0,1]]"
2,578,-0.010950655078200353,0.010950655078200353,"[[1,1,0,0,0,1,0,0,1,0],[1,1,1,0,1,0,0,0,1,0]]"
2,579,-0.010901293699373616,0.010901293699373616,"[[1,1,0,0,0,1,0,0,1,0],[1,1,1,0,1,0,0,0,1,1]]"
2,580,-0.01308154937894467,0.01308154937894467,"[[1,1,0,0,0,1,0,0,1,0],[1,1,1,0,1,0,0,1,0,0]]"
2,581,-0.012992393764124966,0.012992393764124966,"[[1,1,0,0,0,1,0,0,1,0],[1,1,1,0,1,0,0,1,0,1]]"
2,582,-0.013520341119663746,0.013520341119663746,"[[1,1,0,0,0,1,0,0,1,0],[1,1,1,0,1,0,0,1,1,0]]"
2,583,-0.013460690022314658,0.013460690022314658,"[[1,1,0,0,0,1,0,0,1,0],[1,1,1,0,1,0,0,1,1,1]]"
2,584,-0.01658742383673857,0.01658742383673857,"[[1,1,0,0,0,1,0,0,1,0],[1,1,1,0,1,0,1,0,0,0]]"
2,585,-0.01647321368793482,0.01647321368793482,"[[1,1,0,0,0,1,0,0,1,0],[1,1,1,0,1,0,1,0,0,1]]"
2,586,-0.0170628810708885,0.0170628810708885,"[[1,1,0,0,0,1,0,0,1,0],[1,1,1,0,1,0,1,0,1,0]]"
2,587,-0.016952694665026476,0.016952694665026476,"[[1,1,0,0,0,1,0,0,1,0],[1,1,1,0,1,0,1,0,1,1]]"
2,588,-0.01966865102021997,0.01966865102021997,"[[1,1,0,0,0,1,0,0,1,0],[1,1,1,0,1,0,1,1,0,0]]"
2,589,-0.01954006104343605,0.01954006104343605,"[[1,1,0,0,0,1,0,0,1,0],[1,1,1,0,1,0,1,1,0,1]]"
2,590,-0.020134006071912333,0.020134006071912333,"[[1,1,0,0,0,1,0,0,1,0],[1,1,1,0,1,0,1,1,1,0]]"
2,591,-0.0200280618369559,0.0200280618369559,"[[1,1,0,0,0,1,0,0,1,0],[1,1,1,0,1,0,1,1,1,1]]"
2,592,-0.016628747025993915,0.016628747025993915,"[[1,1,0,0,0,1,0,0,1,0],[1,1,1,0,1,1,0,0,0,0]]"
2,593,-0.016484791270881215,0.016484791270881215,"[[1,1,0,0,0,1,0,0,1,0],[1,1,1,0,1,1,0,0,0,1]]"
2,594,-0.01696233553845857,0.01696233553845857,"[[1,1,0,0,0,1,0,0,1,0],[1,1,1,0,1,1,0,0,1,0]]"
2,595,-0.016864364257848707,0.016864364257848707,"[[1,1,0,0,0,1,0,0,1,0],[1,1,1,0,1,1,0,0,1,1]]"
2,596,-0.019471154596729462,0.019471154596729462,"[[1,1,0,0,0,1,0,0,1,0],[1,1,1,0,1,1,0,1,0,0]]"
2,597,-0.0193210561489025,0.0193210561489025,"[[1,1,0,0,0,1,0,0,1,0],[1,1,1,0,1,1,0,1,0,1]]"
2,598,-0.019852491413653677,0.019852491413653677,"[[1,1,0,0,0,1,0,0,1,0],[1,1,1,0,1,1,0,1,1,0]]"
2,599,-0.01974846952407408,0.01974846952407408,"[[1,1,0,0,0,1,0,0,1,0],[1,1,1,0,1,1,0,1,1,1]]"
2,600,-0.02398168858319437,0.02398168858319437,"[[1,1,0,0,0,1,0,0,1,0],[1,1,1,0,1,1,1,0,0,0]]"
2,601,-0.023795880550791244,0.023795880550791244,"[[1,1,0,0,0,1,0,0,1,0],[1,1,1,0,1,1,1,0,0,1]]"
2,602,-0.024372116741469097,0.024372116741469097,"[[1,1,0,0,0,1,0,0,1,0],[1,1,1,0,1,1,1,0,1,0]]"
2,603,-0.024270632272371057,0.024270632272371057,"[[1,1,0,0,0,1,0,0,1,0],[1,1,1,0,1,1,1,0,1,1]]"
2,604,-0.027402881117079385,0.027402881117079385,"[[1,1,0,0,0,1,0,0,1,0],[1,1,1,0,1,1,1,1,0,0]]"
2,605,-0.02723468090866894,0.02723468090866894,"[[1,1,0,0,0,1,0,0,1,0],[1,1,1,0,1,1,1,1,0,1]]"
2,606,-0.027902167017700742,0.027902167017700742,"[[1,1,0,0,0,1,0,0,1,0],[1,1,1,0,1,1,1,1,1,0]]"
2,607,-0.027812660850215266,0.027812660850215266,"[[1,1,0,0,0,1,0,0,1,0],[1,1,1,0,1,1,1,1,1,1]]"
2,608,-0.01061374399548514,0.01061374399548514,"[[1,1,0,0,0,1,0,0,1,1],[1,1,1,0,1,0,0,0,0,0]]"
2,609,-0.010556171474278852,0.010556171474278852,"[[1,1,0,0,0,1,0,0,1,1],[1,1,1,0,1,0,0,0,0,1]]"
2,610,-0.011018227689485604,0.011018227689485604,"[[1,1,0,0,0,1,0,0,1,1],[1,1,1,0,1,0,0,0,1,0]]"
2,611,-0.010968618630911316,0.010968618630911316,"[[1,1,0,0,0,1,0,0,1,1],[1,1,1,0,1,0,0,0,1,1]]"
2,612,-0.013144737625068667,0.013144737625068667,"[[1,1,0,0,0,1,0,0,1,1],[1,1,1,0,1,0,0,1,0,0]]"
2,613,-0.013056238628808756,0.013056238628808756,"[[1,1,0,0,0,1,0,0,1,1],[1,1,1,0,1,0,0,1,0,1]]"
2,614,-0.013588254891148142,0.013588254891148142,"[[1,1,0,0,0,1,0,0,1,1],[1,1,1,0,1,0,0,1,1,0]]"
2,615,-0.013527402067872878,0.013527402067872878,"[[1,1,0,0,0,1,0,0,1,1],[1,1,1,0,1,0,0,1,1,1]]"
2,616,-0.016653641590107758,0.016653641590107758,"[[1,1,0,0,0,1,0,0,1,1],[1,1,1,0,1,0,1,0,0,0]]"
2,617,-0.016539752938981803,0.016539752938981803,"[[1,1,0,0,0,1,0,0,1,1],[1,1,1,0,1,0,1,0,0,1]]"
2,618,-0.017131304853878954,0.017131304853878954,"[[1,1,0,0,0,1,0,0,1,1],[1,1,1,0,1,0,1,0,1,0]]"
2,619,-0.01702088548182206,0.01702088548182206,"[[1,1,0,0,0,1,0,0,1,1],[1,1,1,0,1,0,1,0,1,1]]"
2,620,-0.019738532462335808,0.019738532462335808,"[[1,1,0,0,0,1,0,0,1,1],[1,1,1,0,1,0,1,1,0,0]]"
2,621,-0.019602814893314315,0.019602814893314315,"[[1,1,0,0,0,1,0,0,1,1],[1,1,1,0,1,0,1,1,0,1]]"
2,622,-0.020197302564295014,0.020197302564295014,"[[1,1,0,0,0,1,0,0,1,1],[1,1,1,0,1,0,1,1,1,0]]"
2,623,-0.020083004416396162,0.020083004416396162,"[[1,1,0,0,0,1,0,0,1,1],[1,1,1,0,1,0,1,1,1,1]]"
2,624,-0.01668023838554273,0.01668023838554273,"[[1,1,0,0,0,1,0,0,1,1],[1,1,1,0,1,1,0,0,0,0]]"
2,625,-0.016535945452516042,0.016535945452516042,"[[1,1,0,0,0,1,0,0,1,1],[1,1,1,0,1,1,0,0,0,1]]"
2,626,-0.017026588284293417,0.017026588284293417,"[[1,1,0,0,0,1,0,0,1,1],[1,1,1,0,1,1,0,0,1,0]]"
2,627,-0.01693295362838253,0.01693295362838253,"[[1,1,0,0,0,1,0,0,1,1],[1,1,1,0,1,1,0,0,1,1]]"
2,628,-0.01952841191031615,0.01952841191031615,"[[1,1,0,0,0,1,0,0,1,1],[1,1,1,0,1,1,0,1,0,0]]"
2,629,-0.0193764549169997,0.0193764549169997,"[[1,1,0,0,0,1,0,0,1,1],[1,1,1,0,1,1,0,1,0,1]]"
2,630,-0.019912241643029818,0.019912241643029818,"[[1,1,0,0,0,1,0,0,1,1],[1,1,1,0,1,1,0,1,1,0]]"
2,631,-0.019813308044027467,0.019813308044027467,"[[1,1,0,0,0,1,0,0,1,1],[1,1,1,0,1,1,0,1,1,1]]"
2,632,-0.024037052079727776,0.024037052079727776,"[[1,1,0,0,0,1,0,0,1,1],[1,1,1,0,1,1,1,0,0,0]]"
2,633,-0.02384924429608646,0.02384924429608646,"[[1,1,0,0,0,1,0,0,1,1],[1,1,1,0,1,1,1,0,0,1]]"
2,634,-0.024429451490366346,0.024429451490366346,"[[1,1,0,0,0,1,0,0,1,1],[1,1,1,0,1,1,1,0,1,0]]"
2,635,-0.02431458591285395,0.02431458591285395,"[[1,1,0,0,0,1,0,0,1,1],[1,1,1,0,1,1,1,0,1,1]]"
2,636,-0.02746257874553205,0.02746257874553205,"[[1,1,0,0,0,1,0,0,1,1],[1,1,1,0,1,1,1,1,0,0]]"
2,637,-0.02727988496753854,0.02727988496753854,"[[1,1,0,0,0,1,0,0,1,1],[1,1,1,0,1,1,1,1,0,1]]"
2,638,-0.0279525628654222,0.0279525628654222,"[[1,1,0,0,0,1,0,0,1,1],[1,1,1,0,1,1,1,1,1,0]]"
2,639,-0.02786035628394276,0.02786035628394276,"[[1,1,0,0,0,1,0,0,1,1],[1,1,1,0,1,1,1,1,1,1]]"
2,640,-0.008189165099590966,0.008189165099590966,"[[1,1,0,0,0,1,0,1,0,0],[1,1,1,0,1,0,0,0,0,0]]"
2,641,-0.00812703838984224,0.00812703838984224,"[[1,1,0,0,0,1,0,1,0,0],[1,1,1,0,1,0,0,0,0,1]]"
2,642,-0.008516729493908514,0.008516729493908514,"[[1,1,0,0,0,1,0,1,0,0],[1,1,1,0,1,0,0,0,1,0]]"
2,643,-0.008468764085318808,0.008468764085318808,"[[1,1,0,0,0,1,0,1,0,0],[1,1,1,0,1,0,0,0,1,1]]"
2,644,-0.010708734263309497,0.010708734263309497,"[[1,1,0,0,0,1,0,1,0,0],[1,1,1,0,1,0,0,1,0,0]]"
2,645,-0.01064147209610994,0.01064147209610994,"[[1,1,0,0,0,1,0,1,0,0],[1,1,1,0,1,0,0,1,0,1]]"
2,646,-0.010989118435093578,0.010989118435093578,"[[1,1,0,0,0,1,0,1,0,0],[1,1,1,0,1,0,0,1,1,0]]"
2,647,-0.010942190446808199,0.010942190446808199,"[[1,1,0,0,0,1,0,1,0,0],[1,1,1,0,1,0,0,1,1,1]]"
2,648,-0.0136265565427726,0.0136265565427726,"[[1,1,0,0,0,1,0,1,0,0],[1,1,1,0,1,0,1,0,0,0]]"
2,649,-0.013512907624258214,0.013512907624258214,"[[1,1,0,0,0,1,0,1,0,0],[1,1,1,0,1,0,1,0,0,1]]"
2,650,-0.013951240994700471,0.013951240994700471,"[[1,1,0,0,0,1,0,1,0,0],[1,1,1,0,1,0,1,0,1,0]]"
2,651,-0.013848701230210292,0.013848701230210292,"[[1,1,0,0,0,1,0,1,0,0],[1,1,1,0,1,0,1,0,1,1]]"
2,652,-0.016701982709894606,0.016701982709894606,"[[1,1,0,0,0,1,0,1,0,0],[1,1,1,0,1,0,1,1,0,0]]"
2,653,-0.016586535874101093,0.016586535874101093,"[[1,1,0,0,0,1,0,1,0,0],[1,1,1,0,1,0,1,1,0,1]]"
2,654,-0.016995864949151746,0.016995864949151746,"[[1,1,0,0,0,1,0,1,0,0],[1,1,1,0,1,0,1,1,1,0]]"
2,655,-0.016882882178541996,0.016882882178541996,"[[1,1,0,0,0,1,0,1,0,0],[1,1,1,0,1,0,1,1,1,1]]"
2,656,-0.013941278975458257,0.013941278975458257,"[[1,1,0,0,0,1,0,1,0,0],[1,1,1,0,1,1,0,0,0,0]]"
2,657,-0.0138087344035157,0.0138087344035157,"[[1,1,0,0,0,1,0,1,0,0],[1,1,1,0,1,1,0,0,0,1]]"
2,658,-0.01415883320378367,0.01415883320378367,"[[1,1,0,0,0,1,0,1,0,0],[1,1,1,0,1,1,0,0,1,0]]"
2,659,-0.01407076287018123,0.01407076287018123,"[[1,1,0,0,0,1,0,1,0,0],[1,1,1,0,1,1,0,0,1,1]]"
2,660,-0.016638375152715087,0.016638375152715087,"[[1,1,0,0,0,1,0,1,0,0],[1,1,1,0,1,1,0,1,0,0]]"
2,661,-0.016491409470981613,0.016491409470981613,"[[1,1,0,0,0,1,0,1,0,0],[1,1,1,0,1,1,0,1,0,1]]"
2,662,-0.016816173752997196,0.016816173752997196,"[[1,1,0,0,0,1,0,1,0,0],[1,1,1,0,1,1,0,1,1,0]]"
2,663,-0.016717862758896362,0.016717862758896362,"[[1,1,0,0,0,1,0,1,0,0],[1,1,1,0,1,1,0,1,1,1]]"
2,664,-0.020729874274638394,0.020729874274638394,"[[1,1,0,0,0,1,0,1,0,0],[1,1,1,0,1,1,1,0,0,0]]"
2,665,-0.02055565369206212,0.02055565369206212,"[[1,1,0,0,0,1,0,1,0,0],[1,1,1,0,1,1,1,0,0,1]]"
2,666,-0.020981304162840175,0.020981304162840175,"[[1,1,0,0,0,1,0,1,0,0],[1,1,1,0,1,1,1,0,1,0]]"
2,667,-0.020810577433452958,0.020810577433452958,"[[1,1,0,0,0,1,0,1,0,0],[1,1,1,0,1,1,1,0,1,1]]"
2,668,-0.023990740994198845,0.023990740994198845,"[[1,1,0,0,0,1,0,1,0,0],[1,1,1,0,1,1,1,1,0,0]]"
2,669,-0.023800973635637362,0.023800973635637362,"[[1,1,0,0,0,1,0,1,0,0],[1,1,1,0,1,1,1,1,0,1]]"
2,670,-0.024214723487391055,0.024214723487391055,"[[1,1,0,0,0,1,0,1,0,0],[1,1,1,0,1,1,1,1,1,0]]"
2,671,-0.02409914903147178,0.02409914903147178,"[[1,1,0,0,0,1,0,1,0,0],[1,1,1,0,1,1,1,1,1,1]]"
2,672,-0.00823980382761235,0.00823980382761235,"[[1,1,0,0,0,1,0,1,0,1],[1,1,1,0,1,0,0,0,0,0]]"
2,673,-0.008184204556606019,0.008184204556606019,"[[1,1,0,0,0,1,0,1,0,1],[1,1,1,0,1,0,0,0,0,1]]"
2,674,-0.00857768442051243,0.00857768442051243,"[[1,1,0,0,0,1,0,1,0,1],[1,1,1,0,1,0,0,0,1,0]]"
2,675,-0.00852930478545741,0.00852930478545741,"[[1,1,0,0,0,1,0,1,0,1],[1,1,1,0,1,0,0,0,1,1]]"
2,676,-0.010767370532786062,0.010767370532786062,"[[1,1,0,0,0,1,0,1,0,1],[1,1,1,0,1,0,0,1,0,0]]"
2,677,-0.01070939772039447,0.01070939772039447,"[[1,1,0,0,0,1,0,1,0,1],[1,1,1,0,1,0,0,1,0,1]]"
2,678,-0.011059497856670127,0.011059497856670127,"[[1,1,0,0,0,1,0,1,0,1],[1,1,1,0,1,0,0,1,1,0]]"
2,679,-0.011010288233222443,0.011010288233222443,"[[1,1,0,0,0,1,0,1,0,1],[1,1,1,0,1,0,0,1,1,1]]"
2,680,-0.013684929131371116,0.013684929131371116,"[[1,1,0,0,0,1,0,1,0,1],[1,1,1,0,1,0,1,0,0,0]]"
2,681,-0.013571364794249967,0.013571364794249967,"[[1,1,0,0,0,1,0,1,0,1],[1,1,1,0,1,0,1,0,0,1]]"
2,682,-0.014013778495998084,0.014013778495998084,"[[1,1,0,0,0,1,0,1,0,1],[1,1,1,0,1,0,1,0,1,0]]"
2,683,-0.013911515236785361,0.013911515236785361,"[[1,1,0,0,0,1,0,1,0,1],[1,1,1,0,1,0,1,0,1,1]]"
2,684,-0.016768792022463622,0.016768792022463622,"[[1,1,0,0,0,1,0,1,0,1],[1,1,1,0,1,0,1,1,0,0]]"
2,685,-0.01665355223328853,0.01665355223328853,"[[1,1,0,0,0,1,0,1,0,1],[1,1,1,0,1,0,1,1,0,1]]"
2,686,-0.017056271671957005,0.017056271671957005,"[[1,1,0,0,0,1,0,1,0,1],[1,1,1,0,1,0,1,1,1,0]]"
2,687,-0.016943379919875132,0.016943379919875132,"[[1,1,0,0,0,1,0,1,0,1],[1,1,1,0,1,0,1,1,1,1]]"
2,688,-0.013995007876011281,0.013995007876011281,"[[1,1,0,0,0,1,0,1,0,1],[1,1,1,0,1,1,0,0,0,0]]"
2,689,-0.013871721589347172,0.013871721589347172,"[[1,1,0,0,0,1,0,1,0,1],[1,1,1,0,1,1,0,0,0,1]]"
2,690,-0.014224068949750628,0.014224068949750628,"[[1,1,0,0,0,1,0,1,0,1],[1,1,1,0,1,1,0,0,1,0]]"
2,691,-0.014133033292476789,0.014133033292476789,"[[1,1,0,0,0,1,0,1,0,1],[1,1,1,0,1,1,0,0,1,1]]"
2,692,-0.016688372745697348,0.016688372745697348,"[[1,1,0,0,0,1,0,1,0,1],[1,1,1,0,1,1,0,1,0,0]]"
2,693,-0.01653991662938211,0.01653991662938211,"[[1,1,0,0,0,1,0,1,0,1],[1,1,1,0,1,1,0,1,0,1]]"
2,694,-0.016879609680564317,0.016879609680564317,"[[1,1,0,0,0,1,0,1,0,1],[1,1,1,0,1,1,0,1,1,0]]"
2,695,-0.016785340699149155,0.016785340699149155,"[[1,1,0,0,0,1,0,1,0,1],[1,1,1,0,1,1,0,1,1,1]]"
2,696,-0.020789143851745434,0.020789143851745434,"[[1,1,0,0,0,1,0,1,0,1],[1,1,1,0,1,1,1,0,0,0]]"
2,697,-0.020613097171391353,0.020613097171391353,"[[1,1,0,0,0,1,0,1,0,1],[1,1,1,0,1,1,1,0,0,1]]"
2,698,-0.021035374866594438,0.021035374866594438,"[[1,1,0,0,0,1,0,1,0,1],[1,1,1,0,1,1,1,0,1,0]]"
2,699,-0.020862714391564265,0.020862714391564265,"[[1,1,0,0,0,1,0,1,0,1],[1,1,1,0,1,1,1,0,1,1]]"
2,700,-0.024045017122908786,0.024045017122908786,"[[1,1,0,0,0,1,0,1,0,1],[1,1,1,0,1,1,1,1,0,0]]"
2,701,-0.02385302734822171,0.02385302734822171,"[[1,1,0,0,0,1,0,1,0,1],[1,1,1,0,1,1,1,1,0,1]]"
2,702,-0.024271523495419514,0.024271523495419514,"[[1,1,0,0,0,1,0,1,0,1],[1,1,1,0,1,1,1,1,1,0]]"
2,703,-0.024142235787844232,0.024142235787844232,"[[1,1,0,0,0,1,0,1,0,1],[1,1,1,0,1,1,1,1,1,1]]"
2,704,-0.007682036672812326,0.007682036672812326,"[[1,1,0,0,0,1,0,1,1,0],[1,1,1,0,1,0,0,0,0,0]]"
2,705,-0.007631358424640362,0.007631358424640362,"[[1,1,0,0,0,1,0,1,1,0],[1,1,1,0,1,0,0,0,0,1]]"
2,706,-0.008153791242427225,0.008153791242427225,"[[1,1,0,0,0,1,0,1,1,0],[1,1,1,0,1,0,0,0,1,0]]"
2,707,-0.008105288891046466,0.008105288891046466,"[[1,1,0,0,0,1,0,1,1,0],[1,1,1,0,1,0,0,0,1,1]]"
2,708,-0.01009578455343421,0.01009578455343421,"[[1,1,0,0,0,1,0,1,1,0],[1,1,1,0,1,0,0,1,0,0]]"
2,709,-0.010049114556507784,0.010049114556507784,"[[1,1,0,0,0,1,0,1,1,0],[1,1,1,0,1,0,0,1,0,1]]"
2,710,-0.010578062746078372,0.010578062746078372,"[[1,1,0,0,0,1,0,1,1,0],[1,1,1,0,1,0,0,1,1,0]]"
2,711,-0.010535033628167345,0.010535033628167345,"[[1,1,0,0,0,1,0,1,1,0],[1,1,1,0,1,0,0,1,1,1]]"
2,712,-0.012826109595215187,0.012826109595215187,"[[1,1,0,0,0,1,0,1,1,0],[1,1,1,0,1,0,1,0,0,0]]"
2,713,-0.012726020673163162,0.012726020673163162,"[[1,1,0,0,0,1,0,1,1,0],[1,1,1,0,1,0,1,0,0,1]]"
2,714,-0.013270065966077596,0.013270065966077596,"[[1,1,0,0,0,1,0,1,1,0],[1,1,1,0,1,0,1,0,1,0]]"
2,715,-0.01317738765996807,0.01317738765996807,"[[1,1,0,0,0,1,0,1,1,0],[1,1,1,0,1,0,1,0,1,1]]"
2,716,-0.01580317011681863,0.01580317011681863,"[[1,1,0,0,0,1,0,1,1,0],[1,1,1,0,1,0,1,1,0,0]]"
2,717,-0.015701354884737163,0.015701354884737163,"[[1,1,0,0,0,1,0,1,1,0],[1,1,1,0,1,0,1,1,0,1]]"
2,718,-0.01624767391539054,0.01624767391539054,"[[1,1,0,0,0,1,0,1,1,0],[1,1,1,0,1,0,1,1,1,0]]"
2,719,-0.0161491051158052,0.0161491051158052,"[[1,1,0,0,0,1,0,1,1,0],[1,1,1,0,1,0,1,1,1,1]]"
2,720,-0.013112066550910899,0.013112066550910899,"[[1,1,0,0,0,1,0,1,1,0],[1,1,1,0,1,1,0,0,0,0]]"
2,721,-0.013028347060397792,0.013028347060397792,"[[1,1,0,0,0,1,0,1,1,0],[1,1,1,0,1,1,0,0,0,1]]"
2,722,-0.013626940366104543,0.013626940366104543,"[[1,1,0,0,0,1,0,1,1,0],[1,1,1,0,1,1,0,0,1,0]]"
2,723,-0.013539093249497102,0.013539093249497102,"[[1,1,0,0,0,1,0,1,1,0],[1,1,1,0,1,1,0,0,1,1]]"
2,724,-0.015649674145363602,0.015649674145363602,"[[1,1,0,0,0,1,0,1,1,0],[1,1,1,0,1,1,0,1,0,0]]"
2,725,-0.015561913124215144,0.015561913124215144,"[[1,1,0,0,0,1,0,1,1,0],[1,1,1,0,1,1,0,1,0,1]]"
2,726,-0.016128491121174777,0.016128491121174777,"[[1,1,0,0,0,1,0,1,1,0],[1,1,1,0,1,1,0,1,1,0]]"
2,727,-0.016044298945411872,0.016044298945411872,"[[1,1,0,0,0,1,0,1,1,0],[1,1,1,0,1,1,0,1,1,1]]"
2,728,-0.01964256115129234,0.01964256115129234,"[[1,1,0,0,0,1,0,1,1,0],[1,1,1,0,1,1,1,0,0,0]]"
2,729,-0.01948160931750116,0.01948160931750116,"[[1,1,0,0,0,1,0,1,1,0],[1,1,1,0,1,1,1,0,0,1]]"
2,730,-0.020073040113671888,0.020073040113671888,"[[1,1,0,0,0,1,0,1,1,0],[1,1,1,0,1,1,1,0,1,0]]"
2,731,-0.019912057185014986,0.019912057185014986,"[[1,1,0,0,0,1,0,1,1,0],[1,1,1,0,1,1,1,0,1,1]]"
2,732,-0.022730468375176192,0.022730468375176192,"[[1,1,0,0,0,1,0,1,1,0],[1,1,1,0,1,1,1,1,0,0]]"
2,733,-0.02256072169950854,0.02256072169950854,"[[1,1,0,0,0,1,0,1,1,0],[1,1,1,0,1,1,1,1,0,1]]"
2,734,-0.023125466710958175,0.023125466710958175,"[[1,1,0,0,0,1,0,1,1,0],[1,1,1,0,1,1,1,1,1,0]]"
2,735,-0.02304807375945507,0.02304807375945507,"[[1,1,0,0,0,1,0,1,1,0],[1,1,1,0,1,1,1,1,1,1]]"
2,736,-0.007737860471804137,0.007737860471804137,"[[1,1,0,0,0,1,0,1,1,1],[1,1,1,0,1,0,0,0,0,0]]"
2,737,-0.007686863250608876,0.007686863250608876,"[[1,1,0,0,0,1,0,1,1,1],[1,1,1,0,1,0,0,0,0,1]]"
2,738,-0.008210644881347262,0.008210644881347262,"[[1,1,0,0,0,1,0,1,1,1],[1,1,1,0,1,0,0,0,1,0]]"
2,739,-0.0081618751318363,0.0081618751318363,"[[1,1,0,0,0,1,0,1,1,1],[1,1,1,0,1,0,0,0,1,1]]"
2,740,-0.010162989074912145,0.010162989074912145,"[[1,1,0,0,0,1,0,1,1,1],[1,1,1,0,1,0,0,1,0,0]]"
2,741,-0.010116287613416075,0.010116287613416075,"[[1,1,0,0,0,1,0,1,1,1],[1,1,1,0,1,0,0,1,0,1]]"
2,742,-0.010646588891738761,0.010646588891738761,"[[1,1,0,0,0,1,0,1,1,1],[1,1,1,0,1,0,0,1,1,0]]"
2,743,-0.010599873624904858,0.010599873624904858,"[[1,1,0,0,0,1,0,1,1,1],[1,1,1,0,1,0,0,1,1,1]]"
2,744,-0.01288555566592398,0.01288555566592398,"[[1,1,0,0,0,1,0,1,1,1],[1,1,1,0,1,0,1,0,0,0]]"
2,745,-0.012785919203132323,0.012785919203132323,"[[1,1,0,0,0,1,0,1,1,1],[1,1,1,0,1,0,1,0,0,1]]"
2,746,-0.013331789619227773,0.013331789619227773,"[[1,1,0,0,0,1,0,1,1,1],[1,1,1,0,1,0,1,0,1,0]]"
2,747,-0.013239707204615965,0.013239707204615965,"[[1,1,0,0,0,1,0,1,1,1],[1,1,1,0,1,0,1,0,1,1]]"
2,748,-0.015871017999161883,0.015871017999161883,"[[1,1,0,0,0,1,0,1,1,1],[1,1,1,0,1,0,1,1,0,0]]"
2,749,-0.015769306850121508,0.015769306850121508,"[[1,1,0,0,0,1,0,1,1,1],[1,1,1,0,1,0,1,1,0,1]]"
2,750,-0.016309082270426687,0.016309082270426687,"[[1,1,0,0,0,1,0,1,1,1],[1,1,1,0,1,0,1,1,1,0]]"
2,751,-0.01621103079301588,0.01621103079301588,"[[1,1,0,0,0,1,0,1,1,1],[1,1,1,0,1,0,1,1,1,1]]"
2,752,-0.013180267206114564,0.013180267206114564,"[[1,1,0,0,0,1,0,1,1,1],[1,1,1,0,1,1,0,0,0,0]]"
2,753,-0.013094611704808176,0.013094611704808176,"[[1,1,0,0,0,1,0,1,1,1],[1,1,1,0,1,1,0,0,0,1]]"
2,754,-0.013687965650100336,0.013687965650100336,"[[1,1,0,0,0,1,0,1,1,1],[1,1,1,0,1,1,0,0,1,0]]"
2,755,-0.013597997883816517,0.013597997883816517,"[[1,1,0,0,0,1,0,1,1,1],[1,1,1,0,1,1,0,0,1,1]]"
2,756,-0.015718244652855342,0.015718244652855342,"[[1,1,0,0,0,1,0,1,1,1],[1,1,1,0,1,1,0,1,0,0]]"
2,757,-0.015628458687687866,0.015628458687687866,"[[1,1,0,0,0,1,0,1,1,1],[1,1,1,0,1,1,0,1,0,1]]"
2,758,-0.01619788545462951,0.01619788545462951,"[[1,1,0,0,0,1,0,1,1,1],[1,1,1,0,1,1,0,1,1,0]]"
2,759,-0.016111552177962243,0.016111552177962243,"[[1,1,0,0,0,1,0,1,1,1],[1,1,1,0,1,1,0,1,1,1]]"
2,760,-0.019702709770248288,0.019702709770248288,"[[1,1,0,0,0,1,0,1,1,1],[1,1,1,0,1,1,1,0,0,0]]"
2,761,-0.019540296369713942,0.019540296369713942,"[[1,1,0,0,0,1,0,1,1,1],[1,1,1,0,1,1,1,0,0,1]]"
2,762,-0.020126161750076393,0.020126161750076393,"[[1,1,0,0,0,1,0,1,1,1],[1,1,1,0,1,1,1,0,1,0]]"
2,763,-0.019963555143887923,0.019963555143887923,"[[1,1,0,0,0,1,0,1,1,1],[1,1,1,0,1,1,1,0,1,1]]"
2,764,-0.022788325780317652,0.022788325780317652,"[[1,1,0,0,0,1,0,1,1,1],[1,1,1,0,1,1,1,1,0,0]]"
2,765,-0.022616888089983734,0.022616888089983734,"[[1,1,0,0,0,1,0,1,1,1],[1,1,1,0,1,1,1,1,0,1]]"
2,766,-0.023185622494838434,0.023185622494838434,"[[1,1,0,0,0,1,0,1,1,1],[1,1,1,0,1,1,1,1,1,0]]"
2,767,-0.02309598968766473,0.02309598968766473,"[[1,1,0,0,0,1,0,1,1,1],[1,1,1,0,1,1,1,1,1,1]]"
2,768,-0.005855341434797256,0.005855341434797256,"[[1,1,0,0,0,1,1,0,0,0],[1,1,1,0,1,0,0,0,0,0]]"
2,769,-0.005769095365145395,0.005769095365145395,"[[1,1,0,0,0,1,1,0,0,0],[1,1,1,0,1,0,0,0,0,1]]"
2,770,-0.006168872375593293,0.006168872375593293,"[[1,1,0,0,0,1,1,0,0,0],[1,1,1,0,1,0,0,0,1,0]]"
2,771,-0.006096424380488486,0.006096424380488486,"[[1,1,0,0,0,1,1,0,0,0],[1,1,1,0,1,0,0,0,1,1]]"
2,772,-0.008156718988002836,0.008156718988002836,"[[1,1,0,0,0,1,1,0,0,0],[1,1,1,0,1,0,0,1,0,0]]"
2,773,-0.00805999741033227,0.00805999741033227,"[[1,1,0,0,0,1,1,0,0,0],[1,1,1,0,1,0,0,1,0,1]]"
2,774,-0.008375609822138488,0.008375609822138488,"[[1,1,0,0,0,1,1,0,0,0],[1,1,1,0,1,0,0,1,1,0]]"
2,775,-0.00829437548878619,0.00829437548878619,"[[1,1,0,0,0,1,1,0,0,0],[1,1,1,0,1,0,0,1,1,1]]"
2,776,-0.010689369058804566,0.010689369058804566,"[[1,1,0,0,0,1,1,0,0,0],[1,1,1,0,1,0,1,0,0,0]]"
2,777,-0.010601476192442023,0.010601476192442023,"[[1,1,0,0,0,1,1,0,0,0],[1,1,1,0,1,0,1,0,0,1]]"
2,778,-0.01106518308310898,0.01106518308310898,"[[1,1,0,0,0,1,1,0,0,0],[1,1,1,0,1,0,1,0,1,0]]"
2,779,-0.010982003182012095,0.010982003182012095,"[[1,1,0,0,0,1,1,0,0,0],[1,1,1,0,1,0,1,0,1,1]]"
2,780,-0.013656035488783453,0.013656035488783453,"[[1,1,0,0,0,1,1,0,0,0],[1,1,1,0,1,0,1,1,0,0]]"
2,781,-0.013549805480970954,0.013549805480970954,"[[1,1,0,0,0,1,1,0,0,0],[1,1,1,0,1,0,1,1,0,1]]"
2,782,-0.013947379704431584,0.013947379704431584,"[[1,1,0,0,0,1,1,0,0,0],[1,1,1,0,1,0,1,1,1,0]]"
2,783,-0.013858704897898555,0.013858704897898555,"[[1,1,0,0,0,1,1,0,0,0],[1,1,1,0,1,0,1,1,1,1]]"
2,784,-0.011185582758794643,0.011185582758794643,"[[1,1,0,0,0,1,1,0,0,0],[1,1,1,0,1,1,0,0,0,0]]"
2,785,-0.01107272202800793,0.01107272202800793,"[[1,1,0,0,0,1,1,0,0,0],[1,1,1,0,1,1,0,0,0,1]]"
2,786,-0.011492904824626296,0.011492904824626296,"[[1,1,0,0,0,1,1,0,0,0],[1,1,1,0,1,1,0,0,1,0]]"
2,787,-0.011387539252406204,0.011387539252406204,"[[1,1,0,0,0,1,1,0,0,0],[1,1,1,0,1,1,0,0,1,1]]"
2,788,-0.01413429221212751,0.01413429221212751,"[[1,1,0,0,0,1,1,0,0,0],[1,1,1,0,1,1,0,1,0,0]]"
2,789,-0.014012406682437946,0.014012406682437946,"[[1,1,0,0,0,1,1,0,0,0],[1,1,1,0,1,1,0,1,0,1]]"
2,790,-0.01437731981470589,0.01437731981470589,"[[1,1,0,0,0,1,1,0,0,0],[1,1,1,0,1,1,0,1,1,0]]"
2,791,-0.01428559607264368,0.01428559607264368,"[[1,1,0,0,0,1,1,0,0,0],[1,1,1,0,1,1,0,1,1,1]]"
2,792,-0.01767675689894863,0.01767675689894863,"[[1,1,0,0,0,1,1,0,0,0],[1,1,1,0,1,1,1,0,0,0]]"
2,793,-0.01754031723412991,0.01754031723412991,"[[1,1,0,0,0,1,1,0,0,0],[1,1,1,0,1,1,1,0,0,1]]"
2,794,-0.017898437959539312,0.017898437959539312,"[[1,1,0,0,0,1,1,0,0,0],[1,1,1,0,1,1,1,0,1,0]]"
2,795,-0.017811532561207186,0.017811532561207186,"[[1,1,0,0,0,1,1,0,0,0],[1,1,1,0,1,1,1,0,1,1]]"
2,796,-0.020703555862917236,0.020703555862917236,"[[1,1,0,0,0,1,1,0,0,0],[1,1,1,0,1,1,1,1,0,0]]"
2,797,-0.020553980596621328,0.020553980596621328,"[[1,1,0,0,0,1,1,0,0,0],[1,1,1,0,1,1,1,1,0,1]]"
2,798,-0.020972676868874034,0.020972676868874034,"[[1,1,0,0,0,1,1,0,0,0],[1,1,1,0,1,1,1,1,1,0]]"
2,799,-0.02090597845026493,0.02090597845026493,"[[1,1,0,0,0,1,1,0,0,0],[1,1,1,0,1,1,1,1,1,1]]"
2,800,-0.0058897723959623095,0.0058897723959623095,"[[1,1,0,0,0,1,1,0,0,1],[1,1,1,0,1,0,0,0,0,0]]"
2,801,-0.005805040514056873,0.005805040514056873,"[[1,1,0,0,0,1,1,0,0,1],[1,1,1,0,1,0,0,0,0,1]]"
2,802,-0.006197641743679567,0.006197641743679567,"[[1,1,0,0,0,1,1,0,0,1],[1,1,1,0,1,0,0,0,1,0]]"
2,803,-0.006135674535632438,0.006135674535632438,"[[1,1,0,0,0,1,1,0,0,1],[1,1,1,0,1,0,0,0,1,1]]"
2,804,-0.008190856332853134,0.008190856332853134,"[[1,1,0,0,0,1,1,0,0,1],[1,1,1,0,1,0,0,1,0,0]]"
2,805,-0.008094153917546065,0.008094153917546065,"[[1,1,0,0,0,1,1,0,0,1],[1,1,1,0,1,0,0,1,0,1]]"
2,806,-0.00841588455646581,0.00841588455646581,"[[1,1,0,0,0,1,1,0,0,1],[1,1,1,0,1,0,0,1,1,0]]"
2,807,-0.008334956819284915,0.008334956819284915,"[[1,1,0,0,0,1,1,0,0,1],[1,1,1,0,1,0,0,1,1,1]]"
2,808,-0.01074829304742742,0.01074829304742742,"[[1,1,0,0,0,1,1,0,0,1],[1,1,1,0,1,0,1,0,0,0]]"
2,809,-0.010652993619249047,0.010652993619249047,"[[1,1,0,0,0,1,1,0,0,1],[1,1,1,0,1,0,1,0,0,1]]"
2,810,-0.011121386434788492,0.011121386434788492,"[[1,1,0,0,0,1,1,0,0,1],[1,1,1,0,1,0,1,0,1,0]]"
2,811,-0.011038920311185928,0.011038920311185928,"[[1,1,0,0,0,1,1,0,0,1],[1,1,1,0,1,0,1,0,1,1]]"
2,812,-0.013714971757684151,0.013714971757684151,"[[1,1,0,0,0,1,1,0,0,1],[1,1,1,0,1,0,1,1,0,0]]"
2,813,-0.013609099986927786,0.013609099986927786,"[[1,1,0,0,0,1,1,0,0,1],[1,1,1,0,1,0,1,1,0,1]]"
2,814,-0.01401154036919766,0.01401154036919766,"[[1,1,0,0,0,1,1,0,0,1],[1,1,1,0,1,0,1,1,1,0]]"
2,815,-0.013919999439616883,0.013919999439616883,"[[1,1,0,0,0,1,1,0,0,1],[1,1,1,0,1,0,1,1,1,1]]"
2,816,-0.011234505010932134,0.011234505010932134,"[[1,1,0,0,0,1,1,0,0,1],[1,1,1,0,1,1,0,0,0,0]]"
2,817,-0.011115730387492697,0.011115730387492697,"[[1,1,0,0,0,1,1,0,0,1],[1,1,1,0,1,1,0,0,0,1]]"
2,818,-0.011541918995079533,0.011541918995079533,"[[1,1,0,0,0,1,1,0,0,1],[1,1,1,0,1,1,0,0,1,0]]"
2,819,-0.011435878269246892,0.011435878269246892,"[[1,1,0,0,0,1,1,0,0,1],[1,1,1,0,1,1,0,0,1,1]]"
2,820,-0.014189041677610332,0.014189041677610332,"[[1,1,0,0,0,1,1,0,0,1],[1,1,1,0,1,1,0,1,0,0]]"
2,821,-0.014066293875935849,0.014066293875935849,"[[1,1,0,0,0,1,1,0,0,1],[1,1,1,0,1,1,0,1,0,1]]"
2,822,-0.014437646557925694,0.014437646557925694,"[[1,1,0,0,0,1,1,0,0,1],[1,1,1,0,1,1,0,1,1,0]]"
2,823,-0.014337897704008291,0.014337897704008291,"[[1,1,0,0,0,1,1,0,0,1],[1,1,1,0,1,1,0,1,1,1]]"
2,824,-0.017735705752644097,0.017735705752644097,"[[1,1,0,0,0,1,1,0,0,1],[1,1,1,0,1,1,1,0,0,0]]"
2,825,-0.01759838663769008,0.01759838663769008,"[[1,1,0,0,0,1,1,0,0,1],[1,1,1,0,1,1,1,0,0,1]]"
2,826,-0.017959556972291915,0.017959556972291915,"[[1,1,0,0,0,1,1,0,0,1],[1,1,1,0,1,1,1,0,1,0]]"
2,827,-0.017863216111519507,0.017863216111519507,"[[1,1,0,0,0,1,1,0,0,1],[1,1,1,0,1,1,1,0,1,1]]"
2,828,-0.020764119589160416,0.020764119589160416,"[[1,1,0,0,0,1,1,0,0,1],[1,1,1,0,1,1,1,1,0,0]]"
2,829,-0.020608402547485114,0.020608402547485114,"[[1,1,0,0,0,1,1,0,0,1],[1,1,1,0,1,1,1,1,0,1]]"
2,830,-0.021027980778349026,0.021027980778349026,"[[1,1,0,0,0,1,1,0,0,1],[1,1,1,0,1,1,1,1,1,0]]"
2,831,-0.020960035328994323,0.020960035328994323,"[[1,1,0,0,0,1,1,0,0,1],[1,1,1,0,1,1,1,1,1,1]]"
2,832,-0.005317983489661618,0.005317983489661618,"[[1,1,0,0,0,1,1,0,1,0],[1,1,1,0,1,0,0,0,0,0]]"
2,833,-0.005269002246090981,0.005269002246090981,"[[1,1,0,0,0,1,1,0,1,0],[1,1,1,0,1,0,0,0,0,1]]"
2,834,-0.0057449984231678,0.0057449984231678,"[[1,1,0,0,0,1,1,0,1,0],[1,1,1,0,1,0,0,0,1,0]]"
2,835,-0.005702303616642407,0.005702303616642407,"[[1,1,0,0,0,1,1,0,1,0],[1,1,1,0,1,0,0,0,1,1]]"
2,836,-0.0074957415412721775,0.0074957415412721775,"[[1,1,0,0,0,1,1,0,1,0],[1,1,1,0,1,0,0,1,0,0]]"
2,837,-0.007423407752579896,0.007423407752579896,"[[1,1,0,0,0,1,1,0,1,0],[1,1,1,0,1,0,0,1,0,1]]"
2,838,-0.007850753895128066,0.007850753895128066,"[[1,1,0,0,0,1,1,0,1,0],[1,1,1,0,1,0,0,1,1,0]]"
2,839,-0.007808840978574392,0.007808840978574392,"[[1,1,0,0,0,1,1,0,1,0],[1,1,1,0,1,0,0,1,1,1]]"
2,840,-0.009995901433385204,0.009995901433385204,"[[1,1,0,0,0,1,1,0,1,0],[1,1,1,0,1,0,1,0,0,0]]"
2,841,-0.009915813679587384,0.009915813679587384,"[[1,1,0,0,0,1,1,0,1,0],[1,1,1,0,1,0,1,0,0,1]]"
2,842,-0.010476874853907449,0.010476874853907449,"[[1,1,0,0,0,1,1,0,1,0],[1,1,1,0,1,0,1,0,1,0]]"
2,843,-0.010405529886877329,0.010405529886877329,"[[1,1,0,0,0,1,1,0,1,0],[1,1,1,0,1,0,1,0,1,1]]"
2,844,-0.012860235466369458,0.012860235466369458,"[[1,1,0,0,0,1,1,0,1,0],[1,1,1,0,1,0,1,1,0,0]]"
2,845,-0.01277793985677956,0.01277793985677956,"[[1,1,0,0,0,1,1,0,1,0],[1,1,1,0,1,0,1,1,0,1]]"
2,846,-0.013319397872725396,0.013319397872725396,"[[1,1,0,0,0,1,1,0,1,0],[1,1,1,0,1,0,1,1,1,0]]"
2,847,-0.01326171099578146,0.01326171099578146,"[[1,1,0,0,0,1,1,0,1,0],[1,1,1,0,1,0,1,1,1,1]]"
2,848,-0.010418045096780286,0.010418045096780286,"[[1,1,0,0,0,1,1,0,1,0],[1,1,1,0,1,1,0,0,0,0]]"
2,849,-0.010315540755117598,0.010315540755117598,"[[1,1,0,0,0,1,1,0,1,0],[1,1,1,0,1,1,0,0,0,1]]"
2,850,-0.010845069562887076,0.010845069562887076,"[[1,1,0,0,0,1,1,0,1,0],[1,1,1,0,1,1,0,0,1,0]]"
2,851,-0.010784893947024135,0.010784893947024135,"[[1,1,0,0,0,1,1,0,1,0],[1,1,1,0,1,1,0,0,1,1]]"
2,852,-0.013268813555464784,0.013268813555464784,"[[1,1,0,0,0,1,1,0,1,0],[1,1,1,0,1,1,0,1,0,0]]"
2,853,-0.013171468088444726,0.013171468088444726,"[[1,1,0,0,0,1,1,0,1,0],[1,1,1,0,1,1,0,1,0,1]]"
2,854,-0.013705582629402347,0.013705582629402347,"[[1,1,0,0,0,1,1,0,1,0],[1,1,1,0,1,1,0,1,1,0]]"
2,855,-0.01365436287376835,0.01365436287376835,"[[1,1,0,0,0,1,1,0,1,0],[1,1,1,0,1,1,0,1,1,1]]"
2,856,-0.016715955475587123,0.016715955475587123,"[[1,1,0,0,0,1,1,0,1,0],[1,1,1,0,1,1,1,0,0,0]]"
2,857,-0.01659391342295042,0.01659391342295042,"[[1,1,0,0,0,1,1,0,1,0],[1,1,1,0,1,1,1,0,0,1]]"
2,858,-0.01710310366490794,0.01710310366490794,"[[1,1,0,0,0,1,1,0,1,0],[1,1,1,0,1,1,1,0,1,0]]"
2,859,-0.017045473202977227,0.017045473202977227,"[[1,1,0,0,0,1,1,0,1,0],[1,1,1,0,1,1,1,0,1,1]]"
2,860,-0.019630253346847294,0.019630253346847294,"[[1,1,0,0,0,1,1,0,1,0],[1,1,1,0,1,1,1,1,0,0]]"
2,861,-0.019523631137955764,0.019523631137955764,"[[1,1,0,0,0,1,1,0,1,0],[1,1,1,0,1,1,1,1,0,1]]"
2,862,-0.020131854815862608,0.020131854815862608,"[[1,1,0,0,0,1,1,0,1,0],[1,1,1,0,1,1,1,1,1,0]]"
2,863,-0.020075670728583576,0.020075670728583576,"[[1,1,0,0,0,1,1,0,1,0],[1,1,1,0,1,1,1,1,1,1]]"
2,864,-0.0053590273215219615,0.0053590273215219615,"[[1,1,0,0,0,1,1,0,1,1],[1,1,1,0,1,0,0,0,0,0]]"
2,865,-0.005317183013499204,0.005317183013499204,"[[1,1,0,0,0,1,1,0,1,1],[1,1,1,0,1,0,0,0,0,1]]"
2,866,-0.0057835047170300335,0.0057835047170300335,"[[1,1,0,0,0,1,1,0,1,1],[1,1,1,0,1,0,0,0,1,0]]"
2,867,-0.005740243066639696,0.005740243066639696,"[[1,1,0,0,0,1,1,0,1,1],[1,1,1,0,1,0,0,0,1,1]]"
2,868,-0.0075358987503321125,0.0075358987503321125,"[[1,1,0,0,0,1,1,0,1,1],[1,1,1,0,1,0,0,1,0,0]]"
2,869,-0.0074703998204389945,0.0074703998204389945,"[[1,1,0,0,0,1,1,0,1,1],[1,1,1,0,1,0,0,1,0,1]]"
2,870,-0.007902625633729026,0.007902625633729026,"[[1,1,0,0,0,1,1,0,1,1],[1,1,1,0,1,0,0,1,1,0]]"
2,871,-0.00786029339076315,0.00786029339076315,"[[1,1,0,0,0,1,1,0,1,1],[1,1,1,0,1,0,0,1,1,1]]"
2,872,-0.010050146818811154,0.010050146818811154,"[[1,1,0,0,0,1,1,0,1,1],[1,1,1,0,1,0,1,0,0,0]]"
2,873,-0.009968776681511155,0.009968776681511155,"[[1,1,0,0,0,1,1,0,1,1],[1,1,1,0,1,0,1,0,0,1]]"
2,874,-0.010533164600266104,0.010533164600266104,"[[1,1,0,0,0,1,1,0,1,1],[1,1,1,0,1,0,1,0,1,0]]"
2,875,-0.010462898219144073,0.010462898219144073,"[[1,1,0,0,0,1,1,0,1,1],[1,1,1,0,1,0,1,0,1,1]]"
2,876,-0.012924905736591465,0.012924905736591465,"[[1,1,0,0,0,1,1,0,1,1],[1,1,1,0,1,0,1,1,0,0]]"
2,877,-0.01284358151773477,0.01284358151773477,"[[1,1,0,0,0,1,1,0,1,1],[1,1,1,0,1,0,1,1,0,1]]"
2,878,-0.013387270050926096,0.013387270050926096,"[[1,1,0,0,0,1,1,0,1,1],[1,1,1,0,1,0,1,1,1,0]]"
2,879,-0.013325694496748454,0.013325694496748454,"[[1,1,0,0,0,1,1,0,1,1],[1,1,1,0,1,0,1,1,1,1]]"
2,880,-0.010463866681416235,0.010463866681416235,"[[1,1,0,0,0,1,1,0,1,1],[1,1,1,0,1,1,0,0,0,0]]"
2,881,-0.010371137913646172,0.010371137913646172,"[[1,1,0,0,0,1,1,0,1,1],[1,1,1,0,1,1,0,0,0,1]]"
2,882,-0.010907269870099238,0.010907269870099238,"[[1,1,0,0,0,1,1,0,1,1],[1,1,1,0,1,1,0,0,1,0]]"
2,883,-0.010845695667177736,0.010845695667177736,"[[1,1,0,0,0,1,1,0,1,1],[1,1,1,0,1,1,0,0,1,1]]"
2,884,-0.01332987650450974,0.01332987650450974,"[[1,1,0,0,0,1,1,0,1,1],[1,1,1,0,1,1,0,1,0,0]]"
2,885,-0.013232468431401348,0.013232468431401348,"[[1,1,0,0,0,1,1,0,1,1],[1,1,1,0,1,1,0,1,0,1]]"
2,886,-0.013770463939372144,0.013770463939372144,"[[1,1,0,0,0,1,1,0,1,1],[1,1,1,0,1,1,0,1,1,0]]"
2,887,-0.013721500024528113,0.013721500024528113,"[[1,1,0,0,0,1,1,0,1,1],[1,1,1,0,1,1,0,1,1,1]]"
2,888,-0.016776148962861684,0.016776148962861684,"[[1,1,0,0,0,1,1,0,1,1],[1,1,1,0,1,1,1,0,0,0]]"
2,889,-0.016653616111630916,0.016653616111630916,"[[1,1,0,0,0,1,1,0,1,1],[1,1,1,0,1,1,1,0,0,1]]"
2,890,-0.017165591138370642,0.017165591138370642,"[[1,1,0,0,0,1,1,0,1,1],[1,1,1,0,1,1,1,0,1,0]]"
2,891,-0.017099639533372415,0.017099639533372415,"[[1,1,0,0,0,1,1,0,1,1],[1,1,1,0,1,1,1,0,1,1]]"
2,892,-0.019696296311225336,0.019696296311225336,"[[1,1,0,0,0,1,1,0,1,1],[1,1,1,0,1,1,1,1,0,0]]"
2,893,-0.019580610784045483,0.019580610784045483,"[[1,1,0,0,0,1,1,0,1,1],[1,1,1,0,1,1,1,1,0,1]]"
2,894,-0.020191947434196986,0.020191947434196986,"[[1,1,0,0,0,1,1,0,1,1],[1,1,1,0,1,1,1,1,1,0]]"
2,895,-0.020134926173034414,0.020134926173034414,"[[1,1,0,0,0,1,1,0,1,1],[1,1,1,0,1,1,1,1,1,1]]"
2,896,-0.003756020111705227,0.003756020111705227,"[[1,1,0,0,0,1,1,1,0,0],[1,1,1,0,1,0,0,0,0,0]]"
2,897,-0.00370453432608018,0.00370453432608018,"[[1,1,0,0,0,1,1,1,0,0],[1,1,1,0,1,0,0,0,0,1]]"
2,898,-0.004007878693325963,0.004007878693325963,"[[1,1,0,0,0,1,1,1,0,0],[1,1,1,0,1,0,0,0,1,0]]"
2,899,-0.003970920905190799,0.003970920905190799,"[[1,1,0,0,0,1,1,1,0,0],[1,1,1,0,1,0,0,0,1,1]]"
2,900,-0.005679916868641389,0.005679916868641389,"[[1,1,0,0,0,1,1,1,0,0],[1,1,1,0,1,0,0,1,0,0]]"
2,901,-0.005628683971007989,0.005628683971007989,"[[1,1,0,0,0,1,1,1,0,0],[1,1,1,0,1,0,0,1,0,1]]"
2,902,-0.005946204059373918,0.005946204059373918,"[[1,1,0,0,0,1,1,1,0,0],[1,1,1,0,1,0,0,1,1,0]]"
2,903,-0.0059084878919044735,0.0059084878919044735,"[[1,1,0,0,0,1,1,1,0,0],[1,1,1,0,1,0,0,1,1,1]]"
2,904,-0.007595816135245091,0.007595816135245091,"[[1,1,0,0,0,1,1,1,0,0],[1,1,1,0,1,0,1,0,0,0]]"
2,905,-0.007530653635347685,0.007530653635347685,"[[1,1,0,0,0,1,1,1,0,0],[1,1,1,0,1,0,1,0,0,1]]"
2,906,-0.008067859047047784,0.008067859047047784,"[[1,1,0,0,0,1,1,1,0,0],[1,1,1,0,1,0,1,0,1,0]]"
2,907,-0.007999686161425101,0.007999686161425101,"[[1,1,0,0,0,1,1,1,0,0],[1,1,1,0,1,0,1,0,1,1]]"
2,908,-0.01049586872454608,0.01049586872454608,"[[1,1,0,0,0,1,1,1,0,0],[1,1,1,0,1,0,1,1,0,0]]"
2,909,-0.01042158011314549,0.01042158011314549,"[[1,1,0,0,0,1,1,1,0,0],[1,1,1,0,1,0,1,1,0,1]]"
2,910,-0.010766541191066101,0.010766541191066101,"[[1,1,0,0,0,1,1,1,0,0],[1,1,1,0,1,0,1,1,1,0]]"
2,911,-0.010701980352950464,0.010701980352950464,"[[1,1,0,0,0,1,1,1,0,0],[1,1,1,0,1,0,1,1,1,1]]"
2,912,-0.008097295104108086,0.008097295104108086,"[[1,1,0,0,0,1,1,1,0,0],[1,1,1,0,1,1,0,0,0,0]]"
2,913,-0.008013500253328906,0.008013500253328906,"[[1,1,0,0,0,1,1,1,0,0],[1,1,1,0,1,1,0,0,0,1]]"
2,914,-0.008490814978813507,0.008490814978813507,"[[1,1,0,0,0,1,1,1,0,0],[1,1,1,0,1,1,0,0,1,0]]"
2,915,-0.00842859947532565,0.00842859947532565,"[[1,1,0,0,0,1,1,1,0,0],[1,1,1,0,1,1,0,0,1,1]]"
2,916,-0.010871271299103305,0.010871271299103305,"[[1,1,0,0,0,1,1,1,0,0],[1,1,1,0,1,1,0,1,0,0]]"
2,917,-0.010774652403235791,0.010774652403235791,"[[1,1,0,0,0,1,1,1,0,0],[1,1,1,0,1,1,0,1,0,1]]"
2,918,-0.011100141934574443,0.011100141934574443,"[[1,1,0,0,0,1,1,1,0,0],[1,1,1,0,1,1,0,1,1,0]]"
2,919,-0.011043608352593519,0.011043608352593519,"[[1,1,0,0,0,1,1,1,0,0],[1,1,1,0,1,1,0,1,1,1]]"
2,920,-0.013854670278140295,0.013854670278140295,"[[1,1,0,0,0,1,1,1,0,0],[1,1,1,0,1,1,1,0,0,0]]"
2,921,-0.013739600757169606,0.013739600757169606,"[[1,1,0,0,0,1,1,1,0,0],[1,1,1,0,1,1,1,0,0,1]]"
2,922,-0.014138747379988445,0.014138747379988445,"[[1,1,0,0,0,1,1,1,0,0],[1,1,1,0,1,1,1,0,1,0]]"
2,923,-0.014034283752718788,0.014034283752718788,"[[1,1,0,0,0,1,1,1,0,0],[1,1,1,0,1,1,1,0,1,1]]"
2,924,-0.016709819133076106,0.016709819133076106,"[[1,1,0,0,0,1,1,1,0,0],[1,1,1,0,1,1,1,1,0,0]]"
2,925,-0.01658265404735455,0.01658265404735455,"[[1,1,0,0,0,1,1,1,0,0],[1,1,1,0,1,1,1,1,0,1]]"
2,926,-0.016928161078474026,0.016928161078474026,"[[1,1,0,0,0,1,1,1,0,0],[1,1,1,0,1,1,1,1,1,0]]"
2,927,-0.016860263963595013,0.016860263963595013,"[[1,1,0,0,0,1,1,1,0,0],[1,1,1,0,1,1,1,1,1,1]]"
2,928,-0.003785849847277104,0.003785849847277104,"[[1,1,0,0,0,1,1,1,0,1],[1,1,1,0,1,0,0,0,0,0]]"
2,929,-0.0037342471086546127,0.0037342471086546127,"[[1,1,0,0,0,1,1,1,0,1],[1,1,1,0,1,0,0,0,0,1]]"
2,930,-0.0040497413656711894,0.0040497413656711894,"[[1,1,0,0,0,1,1,1,0,1],[1,1,1,0,1,0,0,0,1,0]]"
2,931,-0.004013047255711792,0.004013047255711792,"[[1,1,0,0,0,1,1,1,0,1],[1,1,1,0,1,0,0,0,1,1]]"
2,932,-0.005714780610455608,0.005714780610455608,"[[1,1,0,0,0,1,1,1,0,1],[1,1,1,0,1,0,0,1,0,0]]"
2,933,-0.005668750492434233,0.005668750492434233,"[[1,1,0,0,0,1,1,1,0,1],[1,1,1,0,1,0,0,1,0,1]]"
2,934,-0.005990395058972701,0.005990395058972701,"[[1,1,0,0,0,1,1,1,0,1],[1,1,1,0,1,0,0,1,1,0]]"
2,935,-0.0059522801081269,0.0059522801081269,"[[1,1,0,0,0,1,1,1,0,1],[1,1,1,0,1,0,0,1,1,1]]"
2,936,-0.007665876411594722,0.007665876411594722,"[[1,1,0,0,0,1,1,1,0,1],[1,1,1,0,1,0,1,0,0,0]]"
2,937,-0.007602910807801016,0.007602910807801016,"[[1,1,0,0,0,1,1,1,0,1],[1,1,1,0,1,0,1,0,0,1]]"
2,938,-0.008117877335048594,0.008117877335048594,"[[1,1,0,0,0,1,1,1,0,1],[1,1,1,0,1,0,1,0,1,0]]"
2,939,-0.008050588717984452,0.008050588717984452,"[[1,1,0,0,0,1,1,1,0,1],[1,1,1,0,1,0,1,0,1,1]]"
2,940,-0.010554686466589538,0.010554686466589538,"[[1,1,0,0,0,1,1,1,0,1],[1,1,1,0,1,0,1,1,0,0]]"
2,941,-0.01048145743570137,0.01048145743570137,"[[1,1,0,0,0,1,1,1,0,1],[1,1,1,0,1,0,1,1,0,1]]"
2,942,-0.010828609839413942,0.010828609839413942,"[[1,1,0,0,0,1,1,1,0,1],[1,1,1,0,1,0,1,1,1,0]]"
2,943,-0.010765244513628654,0.010765244513628654,"[[1,1,0,0,0,1,1,1,0,1],[1,1,1,0,1,0,1,1,1,1]]"
2,944,-0.008155509747320733,0.008155509747320733,"[[1,1,0,0,0,1,1,1,0,1],[1,1,1,0,1,1,0,0,0,0]]"
2,945,-0.008084256600468367,0.008084256600468367,"[[1,1,0,0,0,1,1,1,0,1],[1,1,1,0,1,1,0,0,0,1]]"
2,946,-0.008544515718862316,0.008544515718862316,"[[1,1,0,0,0,1,1,1,0,1],[1,1,1,0,1,1,0,0,1,0]]"
2,947,-0.008480610789566112,0.008480610789566112,"[[1,1,0,0,0,1,1,1,0,1],[1,1,1,0,1,1,0,0,1,1]]"
2,948,-0.010922810481079192,0.010922810481079192,"[[1,1,0,0,0,1,1,1,0,1],[1,1,1,0,1,1,0,1,0,0]]"
2,949,-0.01083491201569782,0.01083491201569782,"[[1,1,0,0,0,1,1,1,0,1],[1,1,1,0,1,1,0,1,0,1]]"
2,950,-0.011166853761974736,0.011166853761974736,"[[1,1,0,0,0,1,1,1,0,1],[1,1,1,0,1,1,0,1,1,0]]"
2,951,-0.011109014833986543,0.011109014833986543,"[[1,1,0,0,0,1,1,1,0,1],[1,1,1,0,1,1,0,1,1,1]]"
2,952,-0.013916285361038732,0.013916285361038732,"[[1,1,0,0,0,1,1,1,0,1],[1,1,1,0,1,1,1,0,0,0]]"
2,953,-0.01380075630835791,0.01380075630835791,"[[1,1,0,0,0,1,1,1,0,1],[1,1,1,0,1,1,1,0,0,1]]"
2,954,-0.01420420266444901,0.01420420266444901,"[[1,1,0,0,0,1,1,1,0,1],[1,1,1,0,1,1,1,0,1,0]]"
2,955,-0.014099441226778742,0.014099441226778742,"[[1,1,0,0,0,1,1,1,0,1],[1,1,1,0,1,1,1,0,1,1]]"
2,956,-0.01676846232735523,0.01676846232735523,"[[1,1,0,0,0,1,1,1,0,1],[1,1,1,0,1,1,1,1,0,0]]"
2,957,-0.016640571138191586,0.016640571138191586,"[[1,1,0,0,0,1,1,1,0,1],[1,1,1,0,1,1,1,1,0,1]]"
2,958,-0.016990192514873798,0.016990192514873798,"[[1,1,0,0,0,1,1,1,0,1],[1,1,1,0,1,1,1,1,1,0]]"
2,959,-0.01691366181381621,0.01691366181381621,"[[1,1,0,0,0,1,1,1,0,1],[1,1,1,0,1,1,1,1,1,1]]"
2,960,-0.0034586902059500486,0.0034586902059500486,"[[1,1,0,0,0,1,1,1,1,0],[1,1,1,0,1,0,0,0,0,0]]"
2,961,-0.0034106617562482612,0.0034106617562482612,"[[1,1,0,0,0,1,1,1,1,0],[1,1,1,0,1,0,0,0,0,1]]"
2,962,-0.003809307762153634,0.003809307762153634,"[[1,1,0,0,0,1,1,1,1,0],[1,1,1,0,1,0,0,0,1,0]]"
2,963,-0.00377129996372319,0.00377129996372319,"[[1,1,0,0,0,1,1,1,1,0],[1,1,1,0,1,0,0,0,1,1]]"
2,964,-0.005255922415476335,0.005255922415476335,"[[1,1,0,0,0,1,1,1,1,0],[1,1,1,0,1,0,0,1,0,0]]"
2,965,-0.0052194046468604085,0.0052194046468604085,"[[1,1,0,0,0,1,1,1,1,0],[1,1,1,0,1,0,0,1,0,1]]"
2,966,-0.005649074313563017,0.005649074313563017,"[[1,1,0,0,0,1,1,1,1,0],[1,1,1,0,1,0,0,1,1,0]]"
2,967,-0.005617324766201559,0.005617324766201559,"[[1,1,0,0,0,1,1,1,1,0],[1,1,1,0,1,0,0,1,1,1]]"
2,968,-0.007026085227800219,0.007026085227800219,"[[1,1,0,0,0,1,1,1,1,0],[1,1,1,0,1,0,1,0,0,0]]"
2,969,-0.006975334790501764,0.006975334790501764,"[[1,1,0,0,0,1,1,1,1,0],[1,1,1,0,1,0,1,0,0,1]]"
2,970,-0.007597464929657321,0.007597464929657321,"[[1,1,0,0,0,1,1,1,1,0],[1,1,1,0,1,0,1,0,1,0]]"
2,971,-0.007539906919014612,0.007539906919014612,"[[1,1,0,0,0,1,1,1,1,0],[1,1,1,0,1,0,1,0,1,1]]"
2,972,-0.009863365411690486,0.009863365411690486,"[[1,1,0,0,0,1,1,1,1,0],[1,1,1,0,1,0,1,1,0,0]]"
2,973,-0.009807855589826346,0.009807855589826346,"[[1,1,0,0,0,1,1,1,1,0],[1,1,1,0,1,0,1,1,0,1]]"
2,974,-0.010285620675835556,0.010285620675835556,"[[1,1,0,0,0,1,1,1,1,0],[1,1,1,0,1,0,1,1,1,0]]"
2,975,-0.010240917814549517,0.010240917814549517,"[[1,1,0,0,0,1,1,1,1,0],[1,1,1,0,1,0,1,1,1,1]]"
2,976,-0.007513970850858399,0.007513970850858399,"[[1,1,0,0,0,1,1,1,1,0],[1,1,1,0,1,1,0,0,0,0]]"
2,977,-0.007463915917960996,0.007463915917960996,"[[1,1,0,0,0,1,1,1,1,0],[1,1,1,0,1,1,0,0,0,1]]"
2,978,-0.00811872029328667,0.00811872029328667,"[[1,1,0,0,0,1,1,1,1,0],[1,1,1,0,1,1,0,0,1,0]]"
2,979,-0.008056688022328127,0.008056688022328127,"[[1,1,0,0,0,1,1,1,1,0],[1,1,1,0,1,1,0,0,1,1]]"
2,980,-0.01017969160438597,0.01017969160438597,"[[1,1,0,0,0,1,1,1,1,0],[1,1,1,0,1,1,0,1,0,0]]"
2,981,-0.010126677660338892,0.010126677660338892,"[[1,1,0,0,0,1,1,1,1,0],[1,1,1,0,1,1,0,1,0,1]]"
2,982,-0.010656844358447775,0.010656844358447775,"[[1,1,0,0,0,1,1,1,1,0],[1,1,1,0,1,1,0,1,1,0]]"
2,983,-0.010606861058449445,0.010606861058449445,"[[1,1,0,0,0,1,1,1,1,0],[1,1,1,0,1,1,0,1,1,1]]"
2,984,-0.013044204962922516,0.013044204962922516,"[[1,1,0,0,0,1,1,1,1,0],[1,1,1,0,1,1,1,0,0,0]]"
2,985,-0.012942694620055458,0.012942694620055458,"[[1,1,0,0,0,1,1,1,1,0],[1,1,1,0,1,1,1,0,0,1]]"
2,986,-0.013461963428407274,0.013461963428407274,"[[1,1,0,0,0,1,1,1,1,0],[1,1,1,0,1,1,1,0,1,0]]"
2,987,-0.013367358423056284,0.013367358423056284,"[[1,1,0,0,0,1,1,1,1,0],[1,1,1,0,1,1,1,0,1,1]]"
2,988,-0.015802381826623534,0.015802381826623534,"[[1,1,0,0,0,1,1,1,1,0],[1,1,1,0,1,1,1,1,0,0]]"
2,989,-0.01569732282829318,0.01569732282829318,"[[1,1,0,0,0,1,1,1,1,0],[1,1,1,0,1,1,1,1,0,1]]"
2,990,-0.01620741208661644,0.01620741208661644,"[[1,1,0,0,0,1,1,1,1,0],[1,1,1,0,1,1,1,1,1,0]]"
2,991,-0.016167586615963493,0.016167586615963493,"[[1,1,0,0,0,1,1,1,1,0],[1,1,1,0,1,1,1,1,1,1]]"
2,992,-0.003486033610989965,0.003486033610989965,"[[1,1,0,0,0,1,1,1,1,1],[1,1,1,0,1,0,0,0,0,0]]"
2,993,-0.003438142873341148,0.003438142873341148,"[[1,1,0,0,0,1,1,1,1,1],[1,1,1,0,1,0,0,0,0,1]]"
2,994,-0.003846211906032816,0.003846211906032816,"[[1,1,0,0,0,1,1,1,1,1],[1,1,1,0,1,0,0,0,1,0]]"
2,995,-0.003806669375531935,0.003806669375531935,"[[1,1,0,0,0,1,1,1,1,1],[1,1,1,0,1,0,0,0,1,1]]"
2,996,-0.005297033398710723,0.005297033398710723,"[[1,1,0,0,0,1,1,1,1,1],[1,1,1,0,1,0,0,1,0,0]]"
2,997,-0.005260362567166305,0.005260362567166305,"[[1,1,0,0,0,1,1,1,1,1],[1,1,1,0,1,0,0,1,0,1]]"
2,998,-0.005692507389027498,0.005692507389027498,"[[1,1,0,0,0,1,1,1,1,1],[1,1,1,0,1,0,0,1,1,0]]"
2,999,-0.005660752615032483,0.005660752615032483,"[[1,1,0,0,0,1,1,1,1,1],[1,1,1,0,1,0,0,1,1,1]]"
2,1000,-0.007098287476745802,0.007098287476745802,"[[1,1,0,0,0,1,1,1,1,1],[1,1,1,0,1,0,1,0,0,0]]"
2,1001,-0.0070501150731257425,0.0070501150731257425,"[[1,1,0,0,0,1,1,1,1,1],[1,1,1,0,1,0,1,0,0,1]]"
2,1002,-0.007646806395021046,0.007646806395021046,"[[1,1,0,0,0,1,1,1,1,1],[1,1,1,0,1,0,1,0,1,0]]"
2,1003,-0.0075964680374886314,0.0075964680374886314,"[[1,1,0,0,0,1,1,1,1,1],[1,1,1,0,1,0,1,0,1,1]]"
2,1004,-0.009925576826434475,0.009925576826434475,"[[1,1,0,0,0,1,1,1,1,1],[1,1,1,0,1,0,1,1,0,0]]"
2,1005,-0.009871608717824573,0.009871608717824573,"[[1,1,0,0,0,1,1,1,1,1],[1,1,1,0,1,0,1,1,0,1]]"
2,1006,-0.010351428265600076,0.010351428265600076,"[[1,1,0,0,0,1,1,1,1,1],[1,1,1,0,1,0,1,1,1,0]]"
2,1007,-0.01031010479174435,0.01031010479174435,"[[1,1,0,0,0,1,1,1,1,1],[1,1,1,0,1,0,1,1,1,1]]"
2,1008,-0.007584122513209723,0.007584122513209723,"[[1,1,0,0,0,1,1,1,1,1],[1,1,1,0,1,1,0,0,0,0]]"
2,1009,-0.007533582616222327,0.007533582616222327,"[[1,1,0,0,0,1,1,1,1,1],[1,1,1,0,1,1,0,0,0,1]]"
2,1010,-0.008168569161374171,0.008168569161374171,"[[1,1,0,0,0,1,1,1,1,1],[1,1,1,0,1,1,0,0,1,0]]"
2,1011,-0.008105015981617843,0.008105015981617843,"[[1,1,0,0,0,1,1,1,1,1],[1,1,1,0,1,1,0,0,1,1]]"
2,1012,-0.010244677464952334,0.010244677464952334,"[[1,1,0,0,0,1,1,1,1,1],[1,1,1,0,1,1,0,1,0,0]]"
2,1013,-0.01019071493843159,0.01019071493843159,"[[1,1,0,0,0,1,1,1,1,1],[1,1,1,0,1,1,0,1,0,1]]"
2,1014,-0.010722892197947132,0.010722892197947132,"[[1,1,0,0,0,1,1,1,1,1],[1,1,1,0,1,1,0,1,1,0]]"
2,1015,-0.01067229738537502,0.01067229738537502,"[[1,1,0,0,0,1,1,1,1,1],[1,1,1,0,1,1,0,1,1,1]]"
2,1016,-0.013106893007450073,0.013106893007450073,"[[1,1,0,0,0,1,1,1,1,1],[1,1,1,0,1,1,1,0,0,0]]"
2,1017,-0.013005298349090522,0.013005298349090522,"[[1,1,0,0,0,1,1,1,1,1],[1,1,1,0,1,1,1,0,0,1]]"
2,1018,-0.013526599187145298,0.013526599187145298,"[[1,1,0,0,0,1,1,1,1,1],[1,1,1,0,1,1,1,0,1,0]]"
2,1019,-0.013432025805961405,0.013432025805961405,"[[1,1,0,0,0,1,1,1,1,1],[1,1,1,0,1,1,1,0,1,1]]"
2,1020,-0.01586548173207752,0.01586548173207752,"[[1,1,0,0,0,1,1,1,1,1],[1,1,1,0,1,1,1,1,0,0]]"
2,1021,-0.0157602704422275,0.0157602704422275,"[[1,1,0,0,0,1,1,1,1,1],[1,1,1,0,1,1,1,1,0,1]]"
2,1022,-0.0162714687096491,0.0162714687096491,"[[1,1,0,0,0,1,1,1,1,1],[1,1,1,0,1,1,1,1,1,0]]"
2,1023,-0.016225806646168687,0.016225806646168687,"[[1,1,0,0,0,1,1,1,1,1],[1,1,1,0,1,1,1,1,1,1]]"
3,0,-0.02049156790387248,0.02049156790387248,"[[1,1,0,0,0,0,0,0,0,0],[1,1,1,0,1,0,0,0,0,0]]"
3,1,-0.02044060958410835,0.02044060958410835,"[[1,1,0,0,0,0,0,0,0,0],[1,1,1,0,1,0,0,0,0,1]]"
3,2,-0.021176507084161644,0.021176507084161644,"[[1,1,0,0,0,0,0,0,0,0],[1,1,1,0,1,0,0,0,1,0]]"
3,3,-0.02112662054198365,0.02112662054198365,"[[1,1,0,0,0,0,0,0,0,0],[1,1,1,0,1,0,0,0,1,1]]"
3,4,-0.02431721078953733,0.02431721078953733,"[[1,1,0,0,0,0,0,0,0,0],[1,1,1,0,1,0,0,1,0,0]]"
3,5,-0.024253816602770775,0.024253816602770775,"[[1,1,0,0,0,0,0,0,0,0],[1,1,1,0,1,0,0,1,0,1]]"
3,6,-0.02507765323940179,0.02507765323940179,"[[1,1,0,0,0,0,0,0,0,0],[1,1,1,0,1,0,0,1,1,0]]"
3,7,-0.025015414669369497,0.025015414669369497,"[[1,1,0,0,0,0,0,0,0,0],[1,1,1,0,1,0,0,1,1,1]]"
3,8,-0.030011012181250893,0.030011012181250893,"[[1,1,0,0,0,0,0,0,0,0],[1,1,1,0,1,0,1,0,0,0]]"
3,9,-0.02993223141370336,0.02993223141370336,"[[1,1,0,0,0,0,0,0,0,0],[1,1,1,0,1,0,1,0,0,1]]"
3,10,-0.030872617032431483,0.030872617032431483,"[[1,1,0,0,0,0,0,0,0,0],[1,1,1,0,1,0,1,0,1,0]]"
3,11,-0.030794910023222807,0.030794910023222807,"[[1,1,0,0,0,0,0,0,0,0],[1,1,1,0,1,0,1,0,1,1]]"
3,12,-0.03476753649010935,0.03476753649010935,"[[1,1,0,0,0,0,0,0,0,0],[1,1,1,0,1,0,1,1,0,0]]"
3,13,-0.03468584851413483,0.03468584851413483,"[[1,1,0,0,0,0,0,0,0,0],[1,1,1,0,1,0,1,1,0,1]]"
3,14,-0.03571594300059023,0.03571594300059023,"[[1,1,0,0,0,0,0,0,0,0],[1,1,1,0,1,0,1,1,1,0]]"
3,15,-0.03563532703583378,0.03563532703583378,"[[1,1,0,0,0,0,0,0,0,0],[1,1,1,0,1,0,1,1,1,1]]"
3,16,-0.03340268091317307,0.03340268091317307,"[[1,1,0,0,0,0,0,0,0,0],[1,1,1,0,1,1,0,0,0,0]]"
3,17,-0.033273233748953024,0.033273233748953024,"[[1,1,0,0,0,0,0,0,0,0],[1,1,1,0,1,1,0,0,0,1]]"
3,18,-0.03435757719937868,0.03435757719937868,"[[1,1,0,0,0,0,0,0,0,0],[1,1,1,0,1,1,0,0,1,0]]"
3,19,-0.034228758507170866,0.034228758507170866,"[[1,1,0,0,0,0,0,0,0,0],[1,1,1,0,1,1,0,0,1,1]]"
3,20,-0.038695829488238756,0.038695829488238756,"[[1,1,0,0,0,0,0,0,0,0],[1,1,1,0,1,1,0,1,0,0]]"
3,21,-0.03855236038045344,0.03855236038045344,"[[1,1,0,0,0,0,0,0,0,0],[1,1,1,0,1,1,0,1,0,1]]"
3,22,-0.0397312539419625,0.0397312539419625,"[[1,1,0,0,0,0,0,0,0,0],[1,1,1,0,1,1,0,1,1,0]]"
3,23,-0.039588322255940785,0.039588322255940785,"[[1,1,0,0,0,0,0,0,0,0],[1,1,1,0,1,1,0,1,1,1]]"
3,24,-0.046283678576553,0.046283678576553,"[[1,1,0,0,0,0,0,0,0,0],[1,1,1,0,1,1,1,0,0,0]]"
3,25,-0.04612879069963634,0.04612879069963634,"[[1,1,0,0,0,0,0,0,0,0],[1,1,1,0,1,1,1,0,0,1]]"
3,26,-0.04743564026308606,0.04743564026308606,"[[1,1,0,0,0,0,0,0,0,0],[1,1,1,0,1,1,1,0,1,0]]"
3,27,-0.047281197850414534,0.047281197850414534,"[[1,1,0,0,0,0,0,0,0,0],[1,1,1,0,1,1,1,0,1,1]]"
3,28,-0.05259237755477945,0.05259237755477945,"[[1,1,0,0,0,0,0,0,0,0],[1,1,1,0,1,1,1,1,0,0]]"
3,29,-0.05244379737071302,0.05244379737071302,"[[1,1,0,0,0,0,0,0,0,0],[1,1,1,0,1,1,1,1,0,1]]"
3,30,-0.053825412121846127,0.053825412121846127,"[[1,1,0,0,0,0,0,0,0,0],[1,1,1,0,1,1,1,1,1,0]]"
3,31,-0.05368435103419758,0.05368435103419758,"[[1,1,0,0,0,0,0,0,0,0],[1,1,1,0,1,1,1,1,1,1]]"
3,32,-0.020480091221001185,0.020480091221001185,"[[1,1,0,0,0,0,0,0,0,1],[1,1,1,0,1,0,0,0,0,0]]"
3,33,-0.020419207531808373,0.020419207531808373,"[[1,1,0,0,0,0,0,0,0,1],[1,1,1,0,1,0,0,0,0,1]]"
3,34,-0.02116281832836266,0.02116281832836266,"[[1,1,0,0,0,0,0,0,0,1],[1,1,1,0,1,0,0,0,1,0]]"
3,35,-0.021102877226121367,0.021102877226121367,"[[1,1,0,0,0,0,0,0,0,1],[1,1,1,0,1,0,0,0,1,1]]"
3,36,-0.024313231079163708,0.024313231079163708,"[[1,1,0,0,0,0,0,0,0,1],[1,1,1,0,1,0,0,1,0,0]]"
3,37,-0.02424747700925064,0.02424747700925064,"[[1,1,0,0,0,0,0,0,0,1],[1,1,1,0,1,0,0,1,0,1]]"
3,38,-0.025073179606347865,0.025073179606347865,"[[1,1,0,0,0,0,0,0,0,1],[1,1,1,0,1,0,0,1,1,0]]"
3,39,-0.025008448863998726,0.025008448863998726,"[[1,1,0,0,0,0,0,0,0,1],[1,1,1,0,1,0,0,1,1,1]]"
3,40,-0.029975060919797684,0.029975060919797684,"[[1,1,0,0,0,0,0,0,0,1],[1,1,1,0,1,0,1,0,0,0]]"
3,41,-0.029893249470383708,0.029893249470383708,"[[1,1,0,0,0,0,0,0,0,1],[1,1,1,0,1,0,1,0,0,1]]"
3,42,-0.030836150517423402,0.030836150517423402,"[[1,1,0,0,0,0,0,0,0,1],[1,1,1,0,1,0,1,0,1,0]]"
3,43,-0.030755278426676934,0.030755278426676934,"[[1,1,0,0,0,0,0,0,0,1],[1,1,1,0,1,0,1,0,1,1]]"
3,44,-0.034755605277630275,0.034755605277630275,"[[1,1,0,0,0,0,0,0,0,1],[1,1,1,0,1,0,1,1,0,0]]"
3,45,-0.03467031170090346,0.03467031170090346,"[[1,1,0,0,0,0,0,0,0,1],[1,1,1,0,1,0,1,1,0,1]]"
3,46,-0.03570347834666018,0.03570347834666018,"[[1,1,0,0,0,0,0,0,0,1],[1,1,1,0,1,0,1,1,1,0]]"
3,47,-0.035617901422951195,0.035617901422951195,"[[1,1,0,0,0,0,0,0,0,1],[1,1,1,0,1,0,1,1,1,1]]"
3,48,-0.033397863822983716,0.033397863822983716,"[[1,1,0,0,0,0,0,0,0,1],[1,1,1,0,1,1,0,0,0,0]]"
3,49,-0.033263815238804215,0.033263815238804215,"[[1,1,0,0,0,0,0,0,0,1],[1,1,1,0,1,1,0,0,0,1]]"
3,50,-0.03435206917267795,0.03435206917267795,"[[1,1,0,0,0,0,0,0,0,1],[1,1,1,0,1,1,0,0,1,0]]"
3,51,-0.03421829586937839,0.03421829586937839,"[[1,1,0,0,0,0,0,0,0,1],[1,1,1,0,1,1,0,0,1,1]]"
3,52,-0.038683191226628263,0.038683191226628263,"[[1,1,0,0,0,0,0,0,0,1],[1,1,1,0,1,1,0,1,0,0]]"
3,53,-0.03853395886797647,0.03853395886797647,"[[1,1,0,0,0,0,0,0,0,1],[1,1,1,0,1,1,0,1,0,1]]"
3,54,-0.039718468337897245,0.039718468337897245,"[[1,1,0,0,0,0,0,0,0,1],[1,1,1,0,1,1,0,1,1,0]]"
3,55,-0.03956963598269116,0.03956963598269116,"[[1,1,0,0,0,0,0,0,0,1],[1,1,1,0,1,1,0,1,1,1]]"
3,56,-0.046239692863908714,0.046239692863908714,"[[1,1,0,0,0,0,0,0,0,1],[1,1,1,0,1,1,1,0,0,0]]"
3,57,-0.04608341509649555,0.04608341509649555,"[[1,1,0,0,0,0,0,0,0,1],[1,1,1,0,1,1,1,0,0,1]]"
3,58,-0.0473816732666487,0.0473816732666487,"[[1,1,0,0,0,0,0,0,0,1],[1,1,1,0,1,1,1,0,1,0]]"
3,59,-0.04723324669584665,0.04723324669584665,"[[1,1,0,0,0,0,0,0,0,1],[1,1,1,0,1,1,1,0,1,1]]"
3,60,-0.05254319378444948,0.05254319378444948,"[[1,1,0,0,0,0,0,0,0,1],[1,1,1,0,1,1,1,1,0,0]]"
3,61,-0.052394068027394075,0.052394068027394075,"[[1,1,0,0,0,0,0,0,0,1],[1,1,1,0,1,1,1,1,0,1]]"
3,62,-0.05377566668131355,0.05377566668131355,"[[1,1,0,0,0,0,0,0,0,1],[1,1,1,0,1,1,1,1,1,0]]"
3,63,-0.05362730741355804,0.05362730741355804,"[[1,1,0,0,0,0,0,0,0,1],[1,1,1,0,1,1,1,1,1,1]]"
3,64,-0.01953081886308038,0.01953081886308038,"[[1,1,0,0,0,0,0,0,1,0],[1,1,1,0,1,0,0,0,0,0]]"
3,65,-0.019469522338798912,0.019469522338798912,"[[1,1,0,0,0,0,0,0,1,0],[1,1,1,0,1,0,0,0,0,1]]"
3,66,-0.020397291396571933,0.020397291396571933,"[[1,1,0,0,0,0,0,0,1,0],[1,1,1,0,1,0,0,0,1,0]]"
3,67,-0.02033430650978925,0.02033430650978925,"[[1,1,0,0,0,0,0,0,1,0],[1,1,1,0,1,0,0,0,1,1]]"
3,68,-0.023277434378484046,0.023277434378484046,"[[1,1,0,0,0,0,0,0,1,0],[1,1,1,0,1,0,0,1,0,0]]"
3,69,-0.023200485445416894,0.023200485445416894,"[[1,1,0,0,0,0,0,0,1,0],[1,1,1,0,1,0,0,1,0,1]]"
3,70,-0.02422787435358313,0.02422787435358313,"[[1,1,0,0,0,0,0,0,1,0],[1,1,1,0,1,0,0,1,1,0]]"
3,71,-0.024149927733037223,0.024149927733037223,"[[1,1,0,0,0,0,0,0,1,0],[1,1,1,0,1,0,0,1,1,1]]"
3,72,-0.028828928559913876,0.028828928559913876,"[[1,1,0,0,0,0,0,0,1,0],[1,1,1,0,1,0,1,0,0,0]]"
3,73,-0.028745530665967745,0.028745530665967745,"[[1,1,0,0,0,0,0,0,1,0],[1,1,1,0,1,0,1,0,0,1]]"
3,74,-0.02991804643404772,0.02991804643404772,"[[1,1,0,0,0,0,0,0,1,0],[1,1,1,0,1,0,1,0,1,0]]"
3,75,-0.02983295935335394,0.02983295935335394,"[[1,1,0,0,0,0,0,0,1,0],[1,1,1,0,1,0,1,0,1,1]]"
3,76,-0.03346556315526894,0.03346556315526894,"[[1,1,0,0,0,0,0,0,1,0],[1,1,1,0,1,0,1,1,0,0]]"
3,77,-0.033366525909529765,0.033366525909529765,"[[1,1,0,0,0,0,0,0,1,0],[1,1,1,0,1,0,1,1,0,1]]"
3,78,-0.03466098732077128,0.03466098732077128,"[[1,1,0,0,0,0,0,0,1,0],[1,1,1,0,1,0,1,1,1,0]]"
3,79,-0.034560253227832426,0.034560253227832426,"[[1,1,0,0,0,0,0,0,1,0],[1,1,1,0,1,0,1,1,1,1]]"
3,80,-0.0319625904354869,0.0319625904354869,"[[1,1,0,0,0,0,0,0,1,0],[1,1,1,0,1,1,0,0,0,0]]"
3,81,-0.031839494984223914,0.031839494984223914,"[[1,1,0,0,0,0,0,0,1,0],[1,1,1,0,1,1,0,0,0,1]]"
3,82,-0.03315463234371697,0.03315463234371697,"[[1,1,0,0,0,0,0,0,1,0],[1,1,1,0,1,1,0,0,1,0]]"
3,83,-0.03302970527423141,0.03302970527423141,"[[1,1,0,0,0,0,0,0,1,0],[1,1,1,0,1,1,0,0,1,1]]"
3,84,-0.03703973486536478,0.03703973486536478,"[[1,1,0,0,0,0,0,0,1,0],[1,1,1,0,1,1,0,1,0,0]]"
3,85,-0.036903538999218784,0.036903538999218784,"[[1,1,0,0,0,0,0,0,1,0],[1,1,1,0,1,1,0,1,0,1]]"
3,86,-0.03816580913419347,0.03816580913419347,"[[1,1,0,0,0,0,0,0,1,0],[1,1,1,0,1,1,0,1,1,0]]"
3,87,-0.038030012559215634,0.038030012559215634,"[[1,1,0,0,0,0,0,0,1,0],[1,1,1,0,1,1,0,1,1,1]]"
3,88,-0.04455648922054932,0.04455648922054932,"[[1,1,0,0,0,0,0,0,1,0],[1,1,1,0,1,1,1,0,0,0]]"
3,89,-0.04440778761185764,0.04440778761185764,"[[1,1,0,0,0,0,0,0,1,0],[1,1,1,0,1,1,1,0,0,1]]"
3,90,-0.045990962034360795,0.045990962034360795,"[[1,1,0,0,0,0,0,0,1,0],[1,1,1,0,1,1,1,0,1,0]]"
3,91,-0.04584056305257915,0.04584056305257915,"[[1,1,0,0,0,0,0,0,1,0],[1,1,1,0,1,1,1,0,1,1]]"
3,92,-0.0506757188216619,0.0506757188216619,"[[1,1,0,0,0,0,0,0,1,0],[1,1,1,0,1,1,1,1,0,0]]"
3,93,-0.05051062076941996,0.05051062076941996,"[[1,1,0,0,0,0,0,0,1,0],[1,1,1,0,1,1,1,1,0,1]]"
3,94,-0.052002814097324095,0.052002814097324095,"[[1,1,0,0,0,0,0,0,1,0],[1,1,1,0,1,1,1,1,1,0]]"
3,95,-0.051832196518040344,0.051832196518040344,"[[1,1,0,0,0,0,0,0,1,0],[1,1,1,0,1,1,1,1,1,1]]"
3,96,-0.019551910482166833,0.019551910482166833,"[[1,1,0,0,0,0,0,0,1,1],[1,1,1,0,1,0,0,0,0,0]]"
3,97,-0.01948922624567144,0.01948922624567144,"[[1,1,0,0,0,0,0,0,1,1],[1,1,1,0,1,0,0,0,0,1]]"
3,98,-0.02041637909137079,0.02041637909137079,"[[1,1,0,0,0,0,0,0,1,1],[1,1,1,0,1,0,0,0,1,0]]"
3,99,-0.02035181253162483,0.02035181253162483,"[[1,1,0,0,0,0,0,0,1,1],[1,1,1,0,1,0,0,0,1,1]]"
3,100,-0.023293012819718236,0.023293012819718236,"[[1,1,0,0,0,0,0,0,1,1],[1,1,1,0,1,0,0,1,0,0]]"
3,101,-0.02321382113306785,0.02321382113306785,"[[1,1,0,0,0,0,0,0,1,1],[1,1,1,0,1,0,0,1,0,1]]"
3,102,-0.024240225605322865,0.024240225605322865,"[[1,1,0,0,0,0,0,0,1,1],[1,1,1,0,1,0,0,1,1,0]]"
3,103,-0.024161721572205884,0.024161721572205884,"[[1,1,0,0,0,0,0,0,1,1],[1,1,1,0,1,0,0,1,1,1]]"
3,104,-0.028831810643414776,0.028831810643414776,"[[1,1,0,0,0,0,0,0,1,1],[1,1,1,0,1,0,1,0,0,0]]"
3,105,-0.028736034185657785,0.028736034185657785,"[[1,1,0,0,0,0,0,0,1,1],[1,1,1,0,1,0,1,0,0,1]]"
3,106,-0.02991661557048072,0.02991661557048072,"[[1,1,0,0,0,0,0,0,1,1],[1,1,1,0,1,0,1,0,1,0]]"
3,107,-0.029818746576575586,0.029818746576575586,"[[1,1,0,0,0,0,0,0,1,1],[1,1,1,0,1,0,1,0,1,1]]"
3,108,-0.03347665099893364,0.03347665099893364,"[[1,1,0,0,0,0,0,0,1,1],[1,1,1,0,1,0,1,1,0,0]]"
3,109,-0.033374142755451724,0.033374142755451724,"[[1,1,0,0,0,0,0,0,1,1],[1,1,1,0,1,0,1,1,0,1]]"
3,110,-0.034665747634416454,0.034665747634416454,"[[1,1,0,0,0,0,0,0,1,1],[1,1,1,0,1,0,1,1,1,0]]"
3,111,-0.03456567587257497,0.03456567587257497,"[[1,1,0,0,0,0,0,0,1,1],[1,1,1,0,1,0,1,1,1,1]]"
3,112,-0.0319598001045202,0.0319598001045202,"[[1,1,0,0,0,0,0,0,1,1],[1,1,1,0,1,1,0,0,0,0]]"
3,113,-0.03183221448655969,0.03183221448655969,"[[1,1,0,0,0,0,0,0,1,1],[1,1,1,0,1,1,0,0,0,1]]"
3,114,-0.03314990435542765,0.03314990435542765,"[[1,1,0,0,0,0,0,0,1,1],[1,1,1,0,1,1,0,0,1,0]]"
3,115,-0.033020300967851676,0.033020300967851676,"[[1,1,0,0,0,0,0,0,1,1],[1,1,1,0,1,1,0,0,1,1]]"
3,116,-0.03703119474341694,0.03703119474341694,"[[1,1,0,0,0,0,0,0,1,1],[1,1,1,0,1,1,0,1,0,0]]"
3,117,-0.036889637033588066,0.036889637033588066,"[[1,1,0,0,0,0,0,0,1,1],[1,1,1,0,1,1,0,1,0,1]]"
3,118,-0.03815711376124629,0.03815711376124629,"[[1,1,0,0,0,0,0,0,1,1],[1,1,1,0,1,1,0,1,1,0]]"
3,119,-0.038015882199657756,0.038015882199657756,"[[1,1,0,0,0,0,0,0,1,1],[1,1,1,0,1,1,0,1,1,1]]"
3,120,-0.04454475626100568,0.04454475626100568,"[[1,1,0,0,0,0,0,0,1,1],[1,1,1,0,1,1,1,0,0,0]]"
3,121,-0.04439000939186001,0.04439000939186001,"[[1,1,0,0,0,0,0,0,1,1],[1,1,1,0,1,1,1,0,0,1]]"
3,122,-0.04597722097181525,0.04597722097181525,"[[1,1,0,0,0,0,0,0,1,1],[1,1,1,0,1,1,1,0,1,0]]"
3,123,-0.04582060595999268,0.04582060595999268,"[[1,1,0,0,0,0,0,0,1,1],[1,1,1,0,1,1,1,0,1,1]]"
3,124,-0.05065848889705169,0.05065848889705169,"[[1,1,0,0,0,0,0,0,1,1],[1,1,1,0,1,1,1,1,0,0]]"
3,125,-0.050486459717142586,0.050486459717142586,"[[1,1,0,0,0,0,0,0,1,1],[1,1,1,0,1,1,1,1,0,1]]"
3,126,-0.05198541772227255,0.05198541772227255,"[[1,1,0,0,0,0,0,0,1,1],[1,1,1,0,1,1,1,1,1,0]]"
3,127,-0.05180683153376007,0.05180683153376007,"[[1,1,0,0,0,0,0,0,1,1],[1,1,1,0,1,1,1,1,1,1]]"
3,128,-0.01610775887202579,0.01610775887202579,"[[1,1,0,0,0,0,0,1,0,0],[1,1,1,0,1,0,0,0,0,0]]"
3,129,-0.015975501905144712,0.015975501905144712,"[[1,1,0,0,0,0,0,1,0,0],[1,1,1,0,1,0,0,0,0,1]]"
3,130,-0.016399123962829196,0.016399123962829196,"[[1,1,0,0,0,0,0,1,0,0],[1,1,1,0,1,0,0,0,1,0]]"
3,131,-0.016333210310547696,0.016333210310547696,"[[1,1,0,0,0,0,0,1,0,0],[1,1,1,0,1,0,0,0,1,1]]"
3,132,-0.019578039886735996,0.019578039886735996,"[[1,1,0,0,0,0,0,1,0,0],[1,1,1,0,1,0,0,1,0,0]]"
3,133,-0.019513563910824615,0.019513563910824615,"[[1,1,0,0,0,0,0,1,0,0],[1,1,1,0,1,0,0,1,0,1]]"
3,134,-0.020259324242996347,0.020259324242996347,"[[1,1,0,0,0,0,0,1,0,0],[1,1,1,0,1,0,0,1,1,0]]"
3,135,-0.020195296308202323,0.020195296308202323,"[[1,1,0,0,0,0,0,1,0,0],[1,1,1,0,1,0,0,1,1,1]]"
3,136,-0.0244305278719589,0.0244305278719589,"[[1,1,0,0,0,0,0,1,0,0],[1,1,1,0,1,0,1,0,0,0]]"
3,137,-0.0242680653676747,0.0242680653676747,"[[1,1,0,0,0,0,0,1,0,0],[1,1,1,0,1,0,1,0,0,1]]"
3,138,-0.024810166737691843,0.024810166737691843,"[[1,1,0,0,0,0,0,1,0,0],[1,1,1,0,1,0,1,0,1,0]]"
3,139,-0.024713037652856516,0.024713037652856516,"[[1,1,0,0,0,0,0,1,0,0],[1,1,1,0,1,0,1,0,1,1]]"
3,140,-0.02894853379529899,0.02894853379529899,"[[1,1,0,0,0,0,0,1,0,0],[1,1,1,0,1,0,1,1,0,0]]"
3,141,-0.028858468380672804,0.028858468380672804,"[[1,1,0,0,0,0,0,1,0,0],[1,1,1,0,1,0,1,1,0,1]]"
3,142,-0.02981287447380689,0.02981287447380689,"[[1,1,0,0,0,0,0,1,0,0],[1,1,1,0,1,0,1,1,1,0]]"
3,143,-0.029721254132131968,0.029721254132131968,"[[1,1,0,0,0,0,0,1,0,0],[1,1,1,0,1,0,1,1,1,1]]"
3,144,-0.027484119556318135,0.027484119556318135,"[[1,1,0,0,0,0,0,1,0,0],[1,1,1,0,1,1,0,0,0,0]]"
3,145,-0.027240868750307165,0.027240868750307165,"[[1,1,0,0,0,0,0,1,0,0],[1,1,1,0,1,1,0,0,0,1]]"
3,146,-0.027746152354561744,0.027746152354561744,"[[1,1,0,0,0,0,0,1,0,0],[1,1,1,0,1,1,0,0,1,0]]"
3,147,-0.027609748387233048,0.027609748387233048,"[[1,1,0,0,0,0,0,1,0,0],[1,1,1,0,1,1,0,0,1,1]]"
3,148,-0.03205700780724268,0.03205700780724268,"[[1,1,0,0,0,0,0,1,0,0],[1,1,1,0,1,1,0,1,0,0]]"
3,149,-0.031933646389075566,0.031933646389075566,"[[1,1,0,0,0,0,0,1,0,0],[1,1,1,0,1,1,0,1,0,1]]"
3,150,-0.03299808958319116,0.03299808958319116,"[[1,1,0,0,0,0,0,1,0,0],[1,1,1,0,1,1,0,1,1,0]]"
3,151,-0.03287518313561214,0.03287518313561214,"[[1,1,0,0,0,0,0,1,0,0],[1,1,1,0,1,1,0,1,1,1]]"
3,152,-0.03890639407765853,0.03890639407765853,"[[1,1,0,0,0,0,0,1,0,0],[1,1,1,0,1,1,1,0,0,0]]"
3,153,-0.038645515069500036,0.038645515069500036,"[[1,1,0,0,0,0,0,1,0,0],[1,1,1,0,1,1,1,0,0,1]]"
3,154,-0.03927243986828049,0.03927243986828049,"[[1,1,0,0,0,0,0,1,0,0],[1,1,1,0,1,1,1,0,1,0]]"
3,155,-0.039102324005134276,0.039102324005134276,"[[1,1,0,0,0,0,0,1,0,0],[1,1,1,0,1,1,1,0,1,1]]"
3,156,-0.044676125203513405,0.044676125203513405,"[[1,1,0,0,0,0,0,1,0,0],[1,1,1,0,1,1,1,1,0,0]]"
3,157,-0.044524944834861684,0.044524944834861684,"[[1,1,0,0,0,0,0,1,0,0],[1,1,1,0,1,1,1,1,0,1]]"
3,158,-0.04580938488055647,0.04580938488055647,"[[1,1,0,0,0,0,0,1,0,0],[1,1,1,0,1,1,1,1,1,0]]"
3,159,-0.04565865725501784,0.04565865725501784,"[[1,1,0,0,0,0,0,1,0,0],[1,1,1,0,1,1,1,1,1,1]]"
3,160,-0.016127829372413485,0.016127829372413485,"[[1,1,0,0,0,0,0,1,0,1],[1,1,1,0,1,0,0,0,0,0]]"
3,161,-0.01598163940089577,0.01598163940089577,"[[1,1,0,0,0,0,0,1,0,1],[1,1,1,0,1,0,0,0,0,1]]"
3,162,-0.01641131829587631,0.01641131829587631,"[[1,1,0,0,0,0,0,1,0,1],[1,1,1,0,1,0,0,0,1,0]]"
3,163,-0.01634189679427015,0.01634189679427015,"[[1,1,0,0,0,0,0,1,0,1],[1,1,1,0,1,0,0,0,1,1]]"
3,164,-0.019597564627495373,0.019597564627495373,"[[1,1,0,0,0,0,0,1,0,1],[1,1,1,0,1,0,0,1,0,0]]"
3,165,-0.019526736139852275,0.019526736139852275,"[[1,1,0,0,0,0,0,1,0,1],[1,1,1,0,1,0,0,1,0,1]]"
3,166,-0.02027868684927904,0.02027868684927904,"[[1,1,0,0,0,0,0,1,0,1],[1,1,1,0,1,0,0,1,1,0]]"
3,167,-0.020206485349413616,0.020206485349413616,"[[1,1,0,0,0,0,0,1,0,1],[1,1,1,0,1,0,0,1,1,1]]"
3,168,-0.02444244569587964,0.02444244569587964,"[[1,1,0,0,0,0,0,1,0,1],[1,1,1,0,1,0,1,0,0,0]]"
3,169,-0.02426522204561198,0.02426522204561198,"[[1,1,0,0,0,0,0,1,0,1],[1,1,1,0,1,0,1,0,0,1]]"
3,170,-0.02481204728807424,0.02481204728807424,"[[1,1,0,0,0,0,0,1,0,1],[1,1,1,0,1,0,1,0,1,0]]"
3,171,-0.024705570464910242,0.024705570464910242,"[[1,1,0,0,0,0,0,1,0,1],[1,1,1,0,1,0,1,0,1,1]]"
3,172,-0.028938904162876002,0.028938904162876002,"[[1,1,0,0,0,0,0,1,0,1],[1,1,1,0,1,0,1,1,0,0]]"
3,173,-0.028838706406648804,0.028838706406648804,"[[1,1,0,0,0,0,0,1,0,1],[1,1,1,0,1,0,1,1,0,1]]"
3,174,-0.029801086225263732,0.029801086225263732,"[[1,1,0,0,0,0,0,1,0,1],[1,1,1,0,1,0,1,1,1,0]]"
3,175,-0.029701198009159668,0.029701198009159668,"[[1,1,0,0,0,0,0,1,0,1],[1,1,1,0,1,0,1,1,1,1]]"
3,176,-0.027505788453473574,0.027505788453473574,"[[1,1,0,0,0,0,0,1,0,1],[1,1,1,0,1,1,0,0,0,0]]"
3,177,-0.027242206006276515,0.027242206006276515,"[[1,1,0,0,0,0,0,1,0,1],[1,1,1,0,1,1,0,0,0,1]]"
3,178,-0.027748213289573706,0.027748213289573706,"[[1,1,0,0,0,0,0,1,0,1],[1,1,1,0,1,1,0,0,1,0]]"
3,179,-0.027604941723640804,0.027604941723640804,"[[1,1,0,0,0,0,0,1,0,1],[1,1,1,0,1,1,0,0,1,1]]"
3,180,-0.03205177227745502,0.03205177227745502,"[[1,1,0,0,0,0,0,1,0,1],[1,1,1,0,1,1,0,1,0,0]]"
3,181,-0.031923665251469675,0.031923665251469675,"[[1,1,0,0,0,0,0,1,0,1],[1,1,1,0,1,1,0,1,0,1]]"
3,182,-0.032992695207548065,0.032992695207548065,"[[1,1,0,0,0,0,0,1,0,1],[1,1,1,0,1,1,0,1,1,0]]"
3,183,-0.032864898214811394,0.032864898214811394,"[[1,1,0,0,0,0,0,1,0,1],[1,1,1,0,1,1,0,1,1,1]]"
3,184,-0.03890544250026606,0.03890544250026606,"[[1,1,0,0,0,0,0,1,0,1],[1,1,1,0,1,1,1,0,0,0]]"
3,185,-0.038609139810800594,0.038609139810800594,"[[1,1,0,0,0,0,0,1,0,1],[1,1,1,0,1,1,1,0,0,1]]"
3,186,-0.03924515324782405,0.03924515324782405,"[[1,1,0,0,0,0,0,1,0,1],[1,1,1,0,1,1,1,0,1,0]]"
3,187,-0.03905922172947427,0.03905922172947427,"[[1,1,0,0,0,0,0,1,0,1],[1,1,1,0,1,1,1,0,1,1]]"
3,188,-0.04466313309479628,0.04466313309479628,"[[1,1,0,0,0,0,0,1,0,1],[1,1,1,0,1,1,1,1,0,0]]"
3,189,-0.044505687482821986,0.044505687482821986,"[[1,1,0,0,0,0,0,1,0,1],[1,1,1,0,1,1,1,1,0,1]]"
3,190,-0.045796228620789546,0.045796228620789546,"[[1,1,0,0,0,0,0,1,0,1],[1,1,1,0,1,1,1,1,1,0]]"
3,191,-0.045637651085072235,0.045637651085072235,"[[1,1,0,0,0,0,0,1,0,1],[1,1,1,0,1,1,1,1,1,1]]"
3,192,-0.015150123005627054,0.015150123005627054,"[[1,1,0,0,0,0,0,1,1,0],[1,1,1,0,1,0,0,0,0,0]]"
3,193,-0.015053021653161936,0.015053021653161936,"[[1,1,0,0,0,0,0,1,1,0],[1,1,1,0,1,0,0,0,0,1]]"
3,194,-0.01563150710939761,0.01563150710939761,"[[1,1,0,0,0,0,0,1,1,0],[1,1,1,0,1,0,0,0,1,0]]"
3,195,-0.015575767027298501,0.015575767027298501,"[[1,1,0,0,0,0,0,1,1,0],[1,1,1,0,1,0,0,0,1,1]]"
3,196,-0.0185712505892175,0.0185712505892175,"[[1,1,0,0,0,0,0,1,1,0],[1,1,1,0,1,0,0,1,0,0]]"
3,197,-0.018512962270473124,0.018512962270473124,"[[1,1,0,0,0,0,0,1,1,0],[1,1,1,0,1,0,0,1,0,1]]"
3,198,-0.019415600161390458,0.019415600161390458,"[[1,1,0,0,0,0,0,1,1,0],[1,1,1,0,1,0,0,1,1,0]]"
3,199,-0.01935562820648297,0.01935562820648297,"[[1,1,0,0,0,0,0,1,1,0],[1,1,1,0,1,0,0,1,1,1]]"
3,200,-0.023205734184096785,0.023205734184096785,"[[1,1,0,0,0,0,0,1,1,0],[1,1,1,0,1,0,1,0,0,0]]"
3,201,-0.023091008271191794,0.023091008271191794,"[[1,1,0,0,0,0,0,1,1,0],[1,1,1,0,1,0,1,0,0,1]]"
3,202,-0.02386878534432246,0.02386878534432246,"[[1,1,0,0,0,0,0,1,1,0],[1,1,1,0,1,0,1,0,1,0]]"
3,203,-0.0237844120517393,0.0237844120517393,"[[1,1,0,0,0,0,0,1,1,0],[1,1,1,0,1,0,1,0,1,1]]"
3,204,-0.027672789476057467,0.027672789476057467,"[[1,1,0,0,0,0,0,1,1,0],[1,1,1,0,1,0,1,1,0,0]]"
3,205,-0.02759167770548679,0.02759167770548679,"[[1,1,0,0,0,0,0,1,1,0],[1,1,1,0,1,0,1,1,0,1]]"
3,206,-0.028742260374338368,0.028742260374338368,"[[1,1,0,0,0,0,0,1,1,0],[1,1,1,0,1,0,1,1,1,0]]"
3,207,-0.0286594573252895,0.0286594573252895,"[[1,1,0,0,0,0,0,1,1,0],[1,1,1,0,1,0,1,1,1,1]]"
3,208,-0.026073459833439703,0.026073459833439703,"[[1,1,0,0,0,0,0,1,1,0],[1,1,1,0,1,1,0,0,0,0]]"
3,209,-0.025876841006775435,0.025876841006775435,"[[1,1,0,0,0,0,0,1,1,0],[1,1,1,0,1,1,0,0,0,1]]"
3,210,-0.026618591632424873,0.026618591632424873,"[[1,1,0,0,0,0,0,1,1,0],[1,1,1,0,1,1,0,0,1,0]]"
3,211,-0.02648722747772179,0.02648722747772179,"[[1,1,0,0,0,0,0,1,1,0],[1,1,1,0,1,1,0,0,1,1]]"
3,212,-0.030653969968498455,0.030653969968498455,"[[1,1,0,0,0,0,0,1,1,0],[1,1,1,0,1,1,0,1,0,0]]"
3,213,-0.030536817533886138,0.030536817533886138,"[[1,1,0,0,0,0,0,1,1,0],[1,1,1,0,1,1,0,1,0,1]]"
3,214,-0.03171508413235302,0.03171508413235302,"[[1,1,0,0,0,0,0,1,1,0],[1,1,1,0,1,1,0,1,1,0]]"
3,215,-0.03159770994355186,0.03159770994355186,"[[1,1,0,0,0,0,0,1,1,0],[1,1,1,0,1,1,0,1,1,1]]"
3,216,-0.03718507773996837,0.03718507773996837,"[[1,1,0,0,0,0,0,1,1,0],[1,1,1,0,1,1,1,0,0,0]]"
3,217,-0.03697850925647738,0.03697850925647738,"[[1,1,0,0,0,0,0,1,1,0],[1,1,1,0,1,1,1,0,0,1]]"
3,218,-0.03795475862817829,0.03795475862817829,"[[1,1,0,0,0,0,0,1,1,0],[1,1,1,0,1,1,1,0,1,0]]"
3,219,-0.037789604533879036,0.037789604533879036,"[[1,1,0,0,0,0,0,1,1,0],[1,1,1,0,1,1,1,0,1,1]]"
3,220,-0.04298584814358257,0.04298584814358257,"[[1,1,0,0,0,0,0,1,1,0],[1,1,1,0,1,1,1,1,0,0]]"
3,221,-0.042840871517589287,0.042840871517589287,"[[1,1,0,0,0,0,0,1,1,0],[1,1,1,0,1,1,1,1,0,1]]"
3,222,-0.044357952692121325,0.044357952692121325,"[[1,1,0,0,0,0,0,1,1,0],[1,1,1,0,1,1,1,1,1,0]]"
3,223,-0.044211678331087995,0.044211678331087995,"[[1,1,0,0,0,0,0,1,1,0],[1,1,1,0,1,1,1,1,1,1]]"
3,224,-0.015191889314098237,0.015191889314098237,"[[1,1,0,0,0,0,0,1,1,1],[1,1,1,0,1,0,0,0,0,0]]"
3,225,-0.015084300498268345,0.015084300498268345,"[[1,1,0,0,0,0,0,1,1,1],[1,1,1,0,1,0,0,0,0,1]]"
3,226,-0.01566529974951606,0.01566529974951606,"[[1,1,0,0,0,0,0,1,1,1],[1,1,1,0,1,0,0,0,1,0]]"
3,227,-0.01561799375483305,0.01561799375483305,"[[1,1,0,0,0,0,0,1,1,1],[1,1,1,0,1,0,0,0,1,1]]"
3,228,-0.018592417442901073,0.018592417442901073,"[[1,1,0,0,0,0,0,1,1,1],[1,1,1,0,1,0,0,1,0,0]]"
3,229,-0.018532824569224154,0.018532824569224154,"[[1,1,0,0,0,0,0,1,1,1],[1,1,1,0,1,0,0,1,0,1]]"
3,230,-0.019434771385210943,0.019434771385210943,"[[1,1,0,0,0,0,0,1,1,1],[1,1,1,0,1,0,0,1,1,0]]"
3,231,-0.019377787564672948,0.019377787564672948,"[[1,1,0,0,0,0,0,1,1,1],[1,1,1,0,1,0,0,1,1,1]]"
3,232,-0.02322980837265371,0.02322980837265371,"[[1,1,0,0,0,0,0,1,1,1],[1,1,1,0,1,0,1,0,0,0]]"
3,233,-0.02309236437475315,0.02309236437475315,"[[1,1,0,0,0,0,0,1,1,1],[1,1,1,0,1,0,1,0,0,1]]"
3,234,-0.02387686931775239,0.02387686931775239,"[[1,1,0,0,0,0,0,1,1,1],[1,1,1,0,1,0,1,0,1,0]]"
3,235,-0.023775588948360956,0.023775588948360956,"[[1,1,0,0,0,0,0,1,1,1],[1,1,1,0,1,0,1,0,1,1]]"
3,236,-0.0276891376052042,0.0276891376052042,"[[1,1,0,0,0,0,0,1,1,1],[1,1,1,0,1,0,1,1,0,0]]"
3,237,-0.02760503070390006,0.02760503070390006,"[[1,1,0,0,0,0,0,1,1,1],[1,1,1,0,1,0,1,1,0,1]]"
3,238,-0.028756597003920623,0.028756597003920623,"[[1,1,0,0,0,0,0,1,1,1],[1,1,1,0,1,0,1,1,1,0]]"
3,239,-0.02866858152183896,0.02866858152183896,"[[1,1,0,0,0,0,0,1,1,1],[1,1,1,0,1,0,1,1,1,1]]"
3,240,-0.026096550766837492,0.026096550766837492,"[[1,1,0,0,0,0,0,1,1,1],[1,1,1,0,1,1,0,0,0,0]]"
3,241,-0.025881465449233643,0.025881465449233643,"[[1,1,0,0,0,0,0,1,1,1],[1,1,1,0,1,1,0,0,0,1]]"
3,242,-0.026620569251663527,0.026620569251663527,"[[1,1,0,0,0,0,0,1,1,1],[1,1,1,0,1,1,0,0,1,0]]"
3,243,-0.026485477727912054,0.026485477727912054,"[[1,1,0,0,0,0,0,1,1,1],[1,1,1,0,1,1,0,0,1,1]]"
3,244,-0.030650387910886354,0.030650387910886354,"[[1,1,0,0,0,0,0,1,1,1],[1,1,1,0,1,1,0,1,0,0]]"
3,245,-0.030528817602374074,0.030528817602374074,"[[1,1,0,0,0,0,0,1,1,1],[1,1,1,0,1,1,0,1,0,1]]"
3,246,-0.031710793963491704,0.031710793963491704,"[[1,1,0,0,0,0,0,1,1,1],[1,1,1,0,1,1,0,1,1,0]]"
3,247,-0.03158889624117795,0.03158889624117795,"[[1,1,0,0,0,0,0,1,1,1],[1,1,1,0,1,1,0,1,1,1]]"
3,248,-0.03720670399218134,0.03720670399218134,"[[1,1,0,0,0,0,0,1,1,1],[1,1,1,0,1,1,1,0,0,0]]"
3,249,-0.036976225688275195,0.036976225688275195,"[[1,1,0,0,0,0,0,1,1,1],[1,1,1,0,1,1,1,0,0,1]]"
3,250,-0.037950363767213724,0.037950363767213724,"[[1,1,0,0,0,0,0,1,1,1],[1,1,1,0,1,1,1,0,1,0]]"
3,251,-0.0377800326578521,0.0377800326578521,"[[1,1,0,0,0,0,0,1,1,1],[1,1,1,0,1,1,1,0,1,1]]"
3,252,-0.0429745087405525,0.0429745087405525,"[[1,1,0,0,0,0,0,1,1,1],[1,1,1,0,1,1,1,1,0,0]]"
3,253,-0.042823599976424355,0.042823599976424355,"[[1,1,0,0,0,0,0,1,1,1],[1,1,1,0,1,1,1,1,0,1]]"
3,254,-0.0443449613662956,0.0443449613662956,"[[1,1,0,0,0,0,0,1,1,1],[1,1,1,0,1,1,1,1,1,0]]"
3,255,-0.04419260269595733,0.04419260269595733,"[[1,1,0,0,0,0,0,1,1,1],[1,1,1,0,1,1,1,1,1,1]]"
3,256,-0.01314792472189164,0.01314792472189164,"[[1,1,0,0,0,0,1,0,0,0],[1,1,1,0,1,0,0,0,0,0]]"
3,257,-0.013094431500661457,0.013094431500661457,"[[1,1,0,0,0,0,1,0,0,0],[1,1,1,0,1,0,0,0,0,1]]"
3,258,-0.013939571429224315,0.013939571429224315,"[[1,1,0,0,0,0,1,0,0,0],[1,1,1,0,1,0,0,0,1,0]]"
3,259,-0.013872167766438546,0.013872167766438546,"[[1,1,0,0,0,0,1,0,0,0],[1,1,1,0,1,0,0,0,1,1]]"
3,260,-0.017121750215079997,0.017121750215079997,"[[1,1,0,0,0,0,1,0,0,0],[1,1,1,0,1,0,0,1,0,0]]"
3,261,-0.01704869678949806,0.01704869678949806,"[[1,1,0,0,0,0,1,0,0,0],[1,1,1,0,1,0,0,1,0,1]]"
3,262,-0.017837499914869832,0.017837499914869832,"[[1,1,0,0,0,0,1,0,0,0],[1,1,1,0,1,0,0,1,1,0]]"
3,263,-0.017764202305936526,0.017764202305936526,"[[1,1,0,0,0,0,1,0,0,0],[1,1,1,0,1,0,0,1,1,1]]"
3,264,-0.02149462102668779,0.02149462102668779,"[[1,1,0,0,0,0,1,0,0,0],[1,1,1,0,1,0,1,0,0,0]]"
3,265,-0.02141375164487339,0.02141375164487339,"[[1,1,0,0,0,0,1,0,0,0],[1,1,1,0,1,0,1,0,0,1]]"
3,266,-0.022291184496629445,0.022291184496629445,"[[1,1,0,0,0,0,1,0,0,0],[1,1,1,0,1,0,1,0,1,0]]"
3,267,-0.022211532689169047,0.022211532689169047,"[[1,1,0,0,0,0,1,0,0,0],[1,1,1,0,1,0,1,0,1,1]]"
3,268,-0.026069592675200925,0.026069592675200925,"[[1,1,0,0,0,0,1,0,0,0],[1,1,1,0,1,0,1,1,0,0]]"
3,269,-0.025968322534723393,0.025968322534723393,"[[1,1,0,0,0,0,1,0,0,0],[1,1,1,0,1,0,1,1,0,1]]"
3,270,-0.02690997566370047,0.02690997566370047,"[[1,1,0,0,0,0,1,0,0,0],[1,1,1,0,1,0,1,1,1,0]]"
3,271,-0.026809285532711037,0.026809285532711037,"[[1,1,0,0,0,0,1,0,0,0],[1,1,1,0,1,0,1,1,1,1]]"
3,272,-0.024730260525356117,0.024730260525356117,"[[1,1,0,0,0,0,1,0,0,0],[1,1,1,0,1,1,0,0,0,0]]"
3,273,-0.02460493259970855,0.02460493259970855,"[[1,1,0,0,0,0,1,0,0,0],[1,1,1,0,1,1,0,0,0,1]]"
3,274,-0.025643816992455114,0.025643816992455114,"[[1,1,0,0,0,0,1,0,0,0],[1,1,1,0,1,1,0,0,1,0]]"
3,275,-0.02552103186165614,0.02552103186165614,"[[1,1,0,0,0,0,1,0,0,0],[1,1,1,0,1,1,0,0,1,1]]"
3,276,-0.029715255147934452,0.029715255147934452,"[[1,1,0,0,0,0,1,0,0,0],[1,1,1,0,1,1,0,1,0,0]]"
3,277,-0.029587605884190654,0.029587605884190654,"[[1,1,0,0,0,0,1,0,0,0],[1,1,1,0,1,1,0,1,0,1]]"
3,278,-0.030572255065897634,0.030572255065897634,"[[1,1,0,0,0,0,1,0,0,0],[1,1,1,0,1,1,0,1,1,0]]"
3,279,-0.030447228671281114,0.030447228671281114,"[[1,1,0,0,0,0,1,0,0,0],[1,1,1,0,1,1,0,1,1,1]]"
3,280,-0.03529421621653015,0.03529421621653015,"[[1,1,0,0,0,0,1,0,0,0],[1,1,1,0,1,1,1,0,0,0]]"
3,281,-0.03515189502707495,0.03515189502707495,"[[1,1,0,0,0,0,1,0,0,0],[1,1,1,0,1,1,1,0,0,1]]"
3,282,-0.03628585705385999,0.03628585705385999,"[[1,1,0,0,0,0,1,0,0,0],[1,1,1,0,1,1,1,0,1,0]]"
3,283,-0.036143978365640844,0.036143978365640844,"[[1,1,0,0,0,0,1,0,0,0],[1,1,1,0,1,1,1,0,1,1]]"
3,284,-0.04088533997956679,0.04088533997956679,"[[1,1,0,0,0,0,1,0,0,0],[1,1,1,0,1,1,1,1,0,0]]"
3,285,-0.04073621640929234,0.04073621640929234,"[[1,1,0,0,0,0,1,0,0,0],[1,1,1,0,1,1,1,1,0,1]]"
3,286,-0.04195747906544132,0.04195747906544132,"[[1,1,0,0,0,0,1,0,0,0],[1,1,1,0,1,1,1,1,1,0]]"
3,287,-0.0418089760244014,0.0418089760244014,"[[1,1,0,0,0,0,1,0,0,0],[1,1,1,0,1,1,1,1,1,1]]"
3,288,-0.013161516681696094,0.013161516681696094,"[[1,1,0,0,0,0,1,0,0,1],[1,1,1,0,1,0,0,0,0,0]]"
3,289,-0.013095077647067289,0.013095077647067289,"[[1,1,0,0,0,0,1,0,0,1],[1,1,1,0,1,0,0,0,0,1]]"
3,290,-0.013930407681232573,0.013930407681232573,"[[1,1,0,0,0,0,1,0,0,1],[1,1,1,0,1,0,0,0,1,0]]"
3,291,-0.01386087116170264,0.01386087116170264,"[[1,1,0,0,0,0,1,0,0,1],[1,1,1,0,1,0,0,0,1,1]]"
3,292,-0.017115177707433045,0.017115177707433045,"[[1,1,0,0,0,0,1,0,0,1],[1,1,1,0,1,0,0,1,0,0]]"
3,293,-0.017033458780888786,0.017033458780888786,"[[1,1,0,0,0,0,1,0,0,1],[1,1,1,0,1,0,0,1,0,1]]"
3,294,-0.017829874839880973,0.017829874839880973,"[[1,1,0,0,0,0,1,0,0,1],[1,1,1,0,1,0,0,1,1,0]]"
3,295,-0.017749284997484606,0.017749284997484606,"[[1,1,0,0,0,0,1,0,0,1],[1,1,1,0,1,0,0,1,1,1]]"
3,296,-0.021489383566015024,0.021489383566015024,"[[1,1,0,0,0,0,1,0,0,1],[1,1,1,0,1,0,1,0,0,0]]"
3,297,-0.021405992458684277,0.021405992458684277,"[[1,1,0,0,0,0,1,0,0,1],[1,1,1,0,1,0,1,0,0,1]]"
3,298,-0.02228637556366697,0.02228637556366697,"[[1,1,0,0,0,0,1,0,0,1],[1,1,1,0,1,0,1,0,1,0]]"
3,299,-0.02220410017717204,0.02220410017717204,"[[1,1,0,0,0,0,1,0,0,1],[1,1,1,0,1,0,1,0,1,1]]"
3,300,-0.026049654592650982,0.026049654592650982,"[[1,1,0,0,0,0,1,0,0,1],[1,1,1,0,1,0,1,1,0,0]]"
3,301,-0.025945014096744302,0.025945014096744302,"[[1,1,0,0,0,0,1,0,0,1],[1,1,1,0,1,0,1,1,0,1]]"
3,302,-0.0268900056584324,0.0268900056584324,"[[1,1,0,0,0,0,1,0,0,1],[1,1,1,0,1,0,1,1,1,0]]"
3,303,-0.026785815150917748,0.026785815150917748,"[[1,1,0,0,0,0,1,0,0,1],[1,1,1,0,1,0,1,1,1,1]]"
3,304,-0.024693342718919733,0.024693342718919733,"[[1,1,0,0,0,0,1,0,0,1],[1,1,1,0,1,1,0,0,0,0]]"
3,305,-0.024563167473547556,0.024563167473547556,"[[1,1,0,0,0,0,1,0,0,1],[1,1,1,0,1,1,0,0,0,1]]"
3,306,-0.025608325073215595,0.025608325073215595,"[[1,1,0,0,0,0,1,0,0,1],[1,1,1,0,1,1,0,0,1,0]]"
3,307,-0.025480667458327985,0.025480667458327985,"[[1,1,0,0,0,0,1,0,0,1],[1,1,1,0,1,1,0,0,1,1]]"
3,308,-0.0297033443247576,0.0297033443247576,"[[1,1,0,0,0,0,1,0,0,1],[1,1,1,0,1,1,0,1,0,0]]"
3,309,-0.02957064661418078,0.02957064661418078,"[[1,1,0,0,0,0,1,0,0,1],[1,1,1,0,1,1,0,1,0,1]]"
3,310,-0.03056215780257957,0.03056215780257957,"[[1,1,0,0,0,0,1,0,0,1],[1,1,1,0,1,1,0,1,1,0]]"
3,311,-0.030432034586056003,0.030432034586056003,"[[1,1,0,0,0,0,1,0,0,1],[1,1,1,0,1,1,0,1,1,1]]"
3,312,-0.03525483376879931,0.03525483376879931,"[[1,1,0,0,0,0,1,0,0,1],[1,1,1,0,1,1,1,0,0,0]]"
3,313,-0.035107015900101415,0.035107015900101415,"[[1,1,0,0,0,0,1,0,0,1],[1,1,1,0,1,1,1,0,0,1]]"
3,314,-0.03624635532129963,0.03624635532129963,"[[1,1,0,0,0,0,1,0,0,1],[1,1,1,0,1,1,1,0,1,0]]"
3,315,-0.03609882987780364,0.03609882987780364,"[[1,1,0,0,0,0,1,0,0,1],[1,1,1,0,1,1,1,0,1,1]]"
3,316,-0.040854070403142186,0.040854070403142186,"[[1,1,0,0,0,0,1,0,0,1],[1,1,1,0,1,1,1,1,0,0]]"
3,317,-0.04068784078594554,0.04068784078594554,"[[1,1,0,0,0,0,1,0,0,1],[1,1,1,0,1,1,1,1,0,1]]"
3,318,-0.04192396912630999,0.04192396912630999,"[[1,1,0,0,0,0,1,0,0,1],[1,1,1,0,1,1,1,1,1,0]]"
3,319,-0.04175822329524265,0.04175822329524265,"[[1,1,0,0,0,0,1,0,0,1],[1,1,1,0,1,1,1,1,1,1]]"
3,320,-0.012354097045784057,0.012354097045784057,"[[1,1,0,0,0,0,1,0,1,0],[1,1,1,0,1,0,0,0,0,0]]"
3,321,-0.012308272603251139,0.012308272603251139,"[[1,1,0,0,0,0,1,0,1,0],[1,1,1,0,1,0,0,0,0,1]]"
3,322,-0.013274755697335274,0.013274755697335274,"[[1,1,0,0,0,0,1,0,1,0],[1,1,1,0,1,0,0,0,1,0]]"
3,323,-0.013211813267560525,0.013211813267560525,"[[1,1,0,0,0,0,1,0,1,0],[1,1,1,0,1,0,0,0,1,1]]"
3,324,-0.01610629128522515,0.01610629128522515,"[[1,1,0,0,0,0,1,0,1,0],[1,1,1,0,1,0,0,1,0,0]]"
3,325,-0.016041668245616383,0.016041668245616383,"[[1,1,0,0,0,0,1,0,1,0],[1,1,1,0,1,0,0,1,0,1]]"
3,326,-0.016909955029992974,0.016909955029992974,"[[1,1,0,0,0,0,1,0,1,0],[1,1,1,0,1,0,0,1,1,0]]"
3,327,-0.016846725284647347,0.016846725284647347,"[[1,1,0,0,0,0,1,0,1,0],[1,1,1,0,1,0,0,1,1,1]]"
3,328,-0.02049581602941584,0.02049581602941584,"[[1,1,0,0,0,0,1,0,1,0],[1,1,1,0,1,0,1,0,0,0]]"
3,329,-0.020421858679198678,0.020421858679198678,"[[1,1,0,0,0,0,1,0,1,0],[1,1,1,0,1,0,1,0,0,1]]"
3,330,-0.0214767409794973,0.0214767409794973,"[[1,1,0,0,0,0,1,0,1,0],[1,1,1,0,1,0,1,0,1,0]]"
3,331,-0.021401632937189753,0.021401632937189753,"[[1,1,0,0,0,0,1,0,1,0],[1,1,1,0,1,0,1,0,1,1]]"
3,332,-0.024854579022886444,0.024854579022886444,"[[1,1,0,0,0,0,1,0,1,0],[1,1,1,0,1,0,1,1,0,0]]"
3,333,-0.024769025969534248,0.024769025969534248,"[[1,1,0,0,0,0,1,0,1,0],[1,1,1,0,1,0,1,1,0,1]]"
3,334,-0.025822284134522103,0.025822284134522103,"[[1,1,0,0,0,0,1,0,1,0],[1,1,1,0,1,0,1,1,1,0]]"
3,335,-0.025737190903702075,0.025737190903702075,"[[1,1,0,0,0,0,1,0,1,0],[1,1,1,0,1,0,1,1,1,1]]"
3,336,-0.023508526749255316,0.023508526749255316,"[[1,1,0,0,0,0,1,0,1,0],[1,1,1,0,1,1,0,0,0,0]]"
3,337,-0.02339741628916909,0.02339741628916909,"[[1,1,0,0,0,0,1,0,1,0],[1,1,1,0,1,1,0,0,0,1]]"
3,338,-0.024606900629361855,0.024606900629361855,"[[1,1,0,0,0,0,1,0,1,0],[1,1,1,0,1,1,0,0,1,0]]"
3,339,-0.02449625650911383,0.02449625650911383,"[[1,1,0,0,0,0,1,0,1,0],[1,1,1,0,1,1,0,0,1,1]]"
3,340,-0.02801988700144014,0.02801988700144014,"[[1,1,0,0,0,0,1,0,1,0],[1,1,1,0,1,1,0,1,0,0]]"
3,341,-0.027903048736219772,0.027903048736219772,"[[1,1,0,0,0,0,1,0,1,0],[1,1,1,0,1,1,0,1,0,1]]"
3,342,-0.02903350418300505,0.02903350418300505,"[[1,1,0,0,0,0,1,0,1,0],[1,1,1,0,1,1,0,1,1,0]]"
3,343,-0.02892041950147342,0.02892041950147342,"[[1,1,0,0,0,0,1,0,1,0],[1,1,1,0,1,1,0,1,1,1]]"
3,344,-0.03386092484213899,0.03386092484213899,"[[1,1,0,0,0,0,1,0,1,0],[1,1,1,0,1,1,1,0,0,0]]"
3,345,-0.03372528491038511,0.03372528491038511,"[[1,1,0,0,0,0,1,0,1,0],[1,1,1,0,1,1,1,0,0,1]]"
3,346,-0.03510555820093698,0.03510555820093698,"[[1,1,0,0,0,0,1,0,1,0],[1,1,1,0,1,1,1,0,1,0]]"
3,347,-0.03496801649514555,0.03496801649514555,"[[1,1,0,0,0,0,1,0,1,0],[1,1,1,0,1,1,1,0,1,1]]"
3,348,-0.03898840249092759,0.03898840249092759,"[[1,1,0,0,0,0,1,0,1,0],[1,1,1,0,1,1,1,1,0,0]]"
3,349,-0.0388486016496939,0.0388486016496939,"[[1,1,0,0,0,0,1,0,1,0],[1,1,1,0,1,1,1,1,0,1]]"
3,350,-0.040157626871779754,0.040157626871779754,"[[1,1,0,0,0,0,1,0,1,0],[1,1,1,0,1,1,1,1,1,0]]"
3,351,-0.04001823105942345,0.04001823105942345,"[[1,1,0,0,0,0,1,0,1,0],[1,1,1,0,1,1,1,1,1,1]]"
3,352,-0.012371576885484728,0.012371576885484728,"[[1,1,0,0,0,0,1,0,1,1],[1,1,1,0,1,0,0,0,0,0]]"
3,353,-0.012308148913291708,0.012308148913291708,"[[1,1,0,0,0,0,1,0,1,1],[1,1,1,0,1,0,0,0,0,1]]"
3,354,-0.013265939396364864,0.013265939396364864,"[[1,1,0,0,0,0,1,0,1,1],[1,1,1,0,1,0,0,0,1,0]]"
3,355,-0.013201188746473658,0.013201188746473658,"[[1,1,0,0,0,0,1,0,1,1],[1,1,1,0,1,0,0,0,1,1]]"
3,356,-0.01611966688580632,0.01611966688580632,"[[1,1,0,0,0,0,1,0,1,1],[1,1,1,0,1,0,0,1,0,0]]"
3,357,-0.01605322455758706,0.01605322455758706,"[[1,1,0,0,0,0,1,0,1,1],[1,1,1,0,1,0,0,1,0,1]]"
3,358,-0.01692411676262911,0.01692411676262911,"[[1,1,0,0,0,0,1,0,1,1],[1,1,1,0,1,0,0,1,1,0]]"
3,359,-0.01685816053826618,0.01685816053826618,"[[1,1,0,0,0,0,1,0,1,1],[1,1,1,0,1,0,0,1,1,1]]"
3,360,-0.020493406099365393,0.020493406099365393,"[[1,1,0,0,0,0,1,0,1,1],[1,1,1,0,1,0,1,0,0,0]]"
3,361,-0.020417303106046118,0.020417303106046118,"[[1,1,0,0,0,0,1,0,1,1],[1,1,1,0,1,0,1,0,0,1]]"
3,362,-0.021472219264500447,0.021472219264500447,"[[1,1,0,0,0,0,1,0,1,1],[1,1,1,0,1,0,1,0,1,0]]"
3,363,-0.021394813065952988,0.021394813065952988,"[[1,1,0,0,0,0,1,0,1,1],[1,1,1,0,1,0,1,0,1,1]]"
3,364,-0.024850060307948833,0.024850060307948833,"[[1,1,0,0,0,0,1,0,1,1],[1,1,1,0,1,0,1,1,0,0]]"
3,365,-0.024752447582989966,0.024752447582989966,"[[1,1,0,0,0,0,1,0,1,1],[1,1,1,0,1,0,1,1,0,1]]"
3,366,-0.02581526953667842,0.02581526953667842,"[[1,1,0,0,0,0,1,0,1,1],[1,1,1,0,1,0,1,1,1,0]]"
3,367,-0.025717764670983845,0.025717764670983845,"[[1,1,0,0,0,0,1,0,1,1],[1,1,1,0,1,0,1,1,1,1]]"
3,368,-0.023488656389590617,0.023488656389590617,"[[1,1,0,0,0,0,1,0,1,1],[1,1,1,0,1,1,0,0,0,0]]"
3,369,-0.023365780529900255,0.023365780529900255,"[[1,1,0,0,0,0,1,0,1,1],[1,1,1,0,1,1,0,0,0,1]]"
3,370,-0.024584927782186256,0.024584927782186256,"[[1,1,0,0,0,0,1,0,1,1],[1,1,1,0,1,1,0,0,1,0]]"
3,371,-0.02446209901731996,0.02446209901731996,"[[1,1,0,0,0,0,1,0,1,1],[1,1,1,0,1,1,0,0,1,1]]"
3,372,-0.028013902725839,0.028013902725839,"[[1,1,0,0,0,0,1,0,1,1],[1,1,1,0,1,1,0,1,0,0]]"
3,373,-0.027892565117873108,0.027892565117873108,"[[1,1,0,0,0,0,1,0,1,1],[1,1,1,0,1,1,0,1,0,1]]"
3,374,-0.029030238251484528,0.029030238251484528,"[[1,1,0,0,0,0,1,0,1,1],[1,1,1,0,1,1,0,1,1,0]]"
3,375,-0.028910662161171333,0.028910662161171333,"[[1,1,0,0,0,0,1,0,1,1],[1,1,1,0,1,1,0,1,1,1]]"
3,376,-0.03382435161457327,0.03382435161457327,"[[1,1,0,0,0,0,1,0,1,1],[1,1,1,0,1,1,1,0,0,0]]"
3,377,-0.03368356938982306,0.03368356938982306,"[[1,1,0,0,0,0,1,0,1,1],[1,1,1,0,1,1,1,0,0,1]]"
3,378,-0.03506632982582349,0.03506632982582349,"[[1,1,0,0,0,0,1,0,1,1],[1,1,1,0,1,1,1,0,1,0]]"
3,379,-0.03492346359271147,0.03492346359271147,"[[1,1,0,0,0,0,1,0,1,1],[1,1,1,0,1,1,1,0,1,1]]"
3,380,-0.03898001788978998,0.03898001788978998,"[[1,1,0,0,0,0,1,0,1,1],[1,1,1,0,1,1,1,1,0,0]]"
3,381,-0.03883461273929425,0.03883461273929425,"[[1,1,0,0,0,0,1,0,1,1],[1,1,1,0,1,1,1,1,0,1]]"
3,382,-0.04014909491006617,0.04014909491006617,"[[1,1,0,0,0,0,1,0,1,1],[1,1,1,0,1,1,1,1,1,0]]"
3,383,-0.0400040018128496,0.0400040018128496,"[[1,1,0,0,0,0,1,0,1,1],[1,1,1,0,1,1,1,1,1,1]]"
3,384,-0.009380411513600972,0.009380411513600972,"[[1,1,0,0,0,0,1,1,0,0],[1,1,1,0,1,0,0,0,0,0]]"
3,385,-0.009260855099047671,0.009260855099047671,"[[1,1,0,0,0,0,1,1,0,0],[1,1,1,0,1,0,0,0,0,1]]"
3,386,-0.00978807071253593,0.00978807071253593,"[[1,1,0,0,0,0,1,1,0,0],[1,1,1,0,1,0,0,0,1,0]]"
3,387,-0.009720413345934896,0.009720413345934896,"[[1,1,0,0,0,0,1,1,0,0],[1,1,1,0,1,0,0,0,1,1]]"
3,388,-0.012884004358242282,0.012884004358242282,"[[1,1,0,0,0,0,1,1,0,0],[1,1,1,0,1,0,0,1,0,0]]"
3,389,-0.012825360087785597,0.012825360087785597,"[[1,1,0,0,0,0,1,1,0,0],[1,1,1,0,1,0,0,1,0,1]]"
3,390,-0.013489805994783097,0.013489805994783097,"[[1,1,0,0,0,0,1,1,0,0],[1,1,1,0,1,0,0,1,1,0]]"
3,391,-0.013432394712357796,0.013432394712357796,"[[1,1,0,0,0,0,1,1,0,0],[1,1,1,0,1,0,0,1,1,1]]"
3,392,-0.01641415525169839,0.01641415525169839,"[[1,1,0,0,0,0,1,1,0,0],[1,1,1,0,1,0,1,0,0,0]]"
3,393,-0.01628158354591509,0.01628158354591509,"[[1,1,0,0,0,0,1,1,0,0],[1,1,1,0,1,0,1,0,0,1]]"
3,394,-0.016839499213472088,0.016839499213472088,"[[1,1,0,0,0,0,1,1,0,0],[1,1,1,0,1,0,1,0,1,0]]"
3,395,-0.01675737995092222,0.01675737995092222,"[[1,1,0,0,0,0,1,1,0,0],[1,1,1,0,1,0,1,0,1,1]]"
3,396,-0.020763203701101705,0.020763203701101705,"[[1,1,0,0,0,0,1,1,0,0],[1,1,1,0,1,0,1,1,0,0]]"
3,397,-0.020686795979235093,0.020686795979235093,"[[1,1,0,0,0,0,1,1,0,0],[1,1,1,0,1,0,1,1,0,1]]"
3,398,-0.021500536510067315,0.021500536510067315,"[[1,1,0,0,0,0,1,1,0,0],[1,1,1,0,1,0,1,1,1,0]]"
3,399,-0.021421222196147238,0.021421222196147238,"[[1,1,0,0,0,0,1,1,0,0],[1,1,1,0,1,0,1,1,1,1]]"
3,400,-0.019524010802646853,0.019524010802646853,"[[1,1,0,0,0,0,1,1,0,0],[1,1,1,0,1,1,0,0,0,0]]"
3,401,-0.019296459292720638,0.019296459292720638,"[[1,1,0,0,0,0,1,1,0,0],[1,1,1,0,1,1,0,0,0,1]]"
3,402,-0.019832721978842227,0.019832721978842227,"[[1,1,0,0,0,0,1,1,0,0],[1,1,1,0,1,1,0,0,1,0]]"
3,403,-0.019700654907874746,0.019700654907874746,"[[1,1,0,0,0,0,1,1,0,0],[1,1,1,0,1,1,0,0,1,1]]"
3,404,-0.02385776503983237,0.02385776503983237,"[[1,1,0,0,0,0,1,1,0,0],[1,1,1,0,1,1,0,1,0,0]]"
3,405,-0.023749508014046718,0.023749508014046718,"[[1,1,0,0,0,0,1,1,0,0],[1,1,1,0,1,1,0,1,0,1]]"
3,406,-0.024709760876813723,0.024709760876813723,"[[1,1,0,0,0,0,1,1,0,0],[1,1,1,0,1,1,0,1,1,0]]"
3,407,-0.02460110286622559,0.02460110286622559,"[[1,1,0,0,0,0,1,1,0,0],[1,1,1,0,1,1,0,1,1,1]]"
3,408,-0.02882270326682784,0.02882270326682784,"[[1,1,0,0,0,0,1,1,0,0],[1,1,1,0,1,1,1,0,0,0]]"
3,409,-0.028592590702667127,0.028592590702667127,"[[1,1,0,0,0,0,1,1,0,0],[1,1,1,0,1,1,1,0,0,1]]"
3,410,-0.029148364372263865,0.029148364372263865,"[[1,1,0,0,0,0,1,1,0,0],[1,1,1,0,1,1,1,0,1,0]]"
3,411,-0.02900005961269301,0.02900005961269301,"[[1,1,0,0,0,0,1,1,0,0],[1,1,1,0,1,1,1,0,1,1]]"
3,412,-0.03394672142837165,0.03394672142837165,"[[1,1,0,0,0,0,1,1,0,0],[1,1,1,0,1,1,1,1,0,0]]"
3,413,-0.033808358661789197,0.033808358661789197,"[[1,1,0,0,0,0,1,1,0,0],[1,1,1,0,1,1,1,1,0,1]]"
3,414,-0.034924677652320824,0.034924677652320824,"[[1,1,0,0,0,0,1,1,0,0],[1,1,1,0,1,1,1,1,1,0]]"
3,415,-0.03478677987990065,0.03478677987990065,"[[1,1,0,0,0,0,1,1,0,0],[1,1,1,0,1,1,1,1,1,1]]"
3,416,-0.009398635316751927,0.009398635316751927,"[[1,1,0,0,0,0,1,1,0,1],[1,1,1,0,1,0,0,0,0,0]]"
3,417,-0.00927096187609035,0.00927096187609035,"[[1,1,0,0,0,0,1,1,0,1],[1,1,1,0,1,0,0,0,0,1]]"
3,418,-0.009784373872768646,0.009784373872768646,"[[1,1,0,0,0,0,1,1,0,1],[1,1,1,0,1,0,0,0,1,0]]"
3,419,-0.009715332249382947,0.009715332249382947,"[[1,1,0,0,0,0,1,1,0,1],[1,1,1,0,1,0,0,0,1,1]]"
3,420,-0.012879566326990827,0.012879566326990827,"[[1,1,0,0,0,0,1,1,0,1],[1,1,1,0,1,0,0,1,0,0]]"
3,421,-0.012819362542742576,0.012819362542742576,"[[1,1,0,0,0,0,1,1,0,1],[1,1,1,0,1,0,0,1,0,1]]"
3,422,-0.013485791052388996,0.013485791052388996,"[[1,1,0,0,0,0,1,1,0,1],[1,1,1,0,1,0,0,1,1,0]]"
3,423,-0.013426713449325436,0.013426713449325436,"[[1,1,0,0,0,0,1,1,0,1],[1,1,1,0,1,0,0,1,1,1]]"
3,424,-0.016429296466197448,0.016429296466197448,"[[1,1,0,0,0,0,1,1,0,1],[1,1,1,0,1,0,1,0,0,0]]"
3,425,-0.016279016658465015,0.016279016658465015,"[[1,1,0,0,0,0,1,1,0,1],[1,1,1,0,1,0,1,0,0,1]]"
3,426,-0.016842482532151405,0.016842482532151405,"[[1,1,0,0,0,0,1,1,0,1],[1,1,1,0,1,0,1,0,1,0]]"
3,427,-0.016758638985508046,0.016758638985508046,"[[1,1,0,0,0,0,1,1,0,1],[1,1,1,0,1,0,1,0,1,1]]"
3,428,-0.020755781988357987,0.020755781988357987,"[[1,1,0,0,0,0,1,1,0,1],[1,1,1,0,1,0,1,1,0,0]]"
3,429,-0.020673456581087494,0.020673456581087494,"[[1,1,0,0,0,0,1,1,0,1],[1,1,1,0,1,0,1,1,0,1]]"
3,430,-0.021489612400152614,0.021489612400152614,"[[1,1,0,0,0,0,1,1,0,1],[1,1,1,0,1,0,1,1,1,0]]"
3,431,-0.021407789928391447,0.021407789928391447,"[[1,1,0,0,0,0,1,1,0,1],[1,1,1,0,1,0,1,1,1,1]]"
3,432,-0.019519327330166803,0.019519327330166803,"[[1,1,0,0,0,0,1,1,0,1],[1,1,1,0,1,1,0,0,0,0]]"
3,433,-0.019274844456695975,0.019274844456695975,"[[1,1,0,0,0,0,1,1,0,1],[1,1,1,0,1,1,0,0,0,1]]"
3,434,-0.01980490930245712,0.01980490930245712,"[[1,1,0,0,0,0,1,1,0,1],[1,1,1,0,1,1,0,0,1,0]]"
3,435,-0.019668787343560725,0.019668787343560725,"[[1,1,0,0,0,0,1,1,0,1],[1,1,1,0,1,1,0,0,1,1]]"
3,436,-0.0238331375648251,0.0238331375648251,"[[1,1,0,0,0,0,1,1,0,1],[1,1,1,0,1,1,0,1,0,0]]"
3,437,-0.02371384850037518,0.02371384850037518,"[[1,1,0,0,0,0,1,1,0,1],[1,1,1,0,1,1,0,1,0,1]]"
3,438,-0.024683920508095897,0.024683920508095897,"[[1,1,0,0,0,0,1,1,0,1],[1,1,1,0,1,1,0,1,1,0]]"
3,439,-0.02456576083029947,0.02456576083029947,"[[1,1,0,0,0,0,1,1,0,1],[1,1,1,0,1,1,0,1,1,1]]"
3,440,-0.028813988934138765,0.028813988934138765,"[[1,1,0,0,0,0,1,1,0,1],[1,1,1,0,1,1,1,0,0,0]]"
3,441,-0.028562722218001494,0.028562722218001494,"[[1,1,0,0,0,0,1,1,0,1],[1,1,1,0,1,1,1,0,0,1]]"
3,442,-0.02912554317198733,0.02912554317198733,"[[1,1,0,0,0,0,1,1,0,1],[1,1,1,0,1,1,1,0,1,0]]"
3,443,-0.028972754082485837,0.028972754082485837,"[[1,1,0,0,0,0,1,1,0,1],[1,1,1,0,1,1,1,0,1,1]]"
3,444,-0.03390819358354669,0.03390819358354669,"[[1,1,0,0,0,0,1,1,0,1],[1,1,1,0,1,1,1,1,0,0]]"
3,445,-0.03376446641607818,0.03376446641607818,"[[1,1,0,0,0,0,1,1,0,1],[1,1,1,0,1,1,1,1,0,1]]"
3,446,-0.03488601734339624,0.03488601734339624,"[[1,1,0,0,0,0,1,1,0,1],[1,1,1,0,1,1,1,1,1,0]]"
3,447,-0.03474259958615829,0.03474259958615829,"[[1,1,0,0,0,0,1,1,0,1],[1,1,1,0,1,1,1,1,1,1]]"
3,448,-0.008673195948774715,0.008673195948774715,"[[1,1,0,0,0,0,1,1,1,0],[1,1,1,0,1,0,0,0,0,0]]"
3,449,-0.008584766990803839,0.008584766990803839,"[[1,1,0,0,0,0,1,1,1,0],[1,1,1,0,1,0,0,0,0,1]]"
3,450,-0.009242391839587975,0.009242391839587975,"[[1,1,0,0,0,0,1,1,1,0],[1,1,1,0,1,0,0,0,1,0]]"
3,451,-0.009191359432750802,0.009191359432750802,"[[1,1,0,0,0,0,1,1,1,0],[1,1,1,0,1,0,0,0,1,1]]"
3,452,-0.012093839499777053,0.012093839499777053,"[[1,1,0,0,0,0,1,1,1,0],[1,1,1,0,1,0,0,1,0,0]]"
3,453,-0.012046240100654084,0.012046240100654084,"[[1,1,0,0,0,0,1,1,1,0],[1,1,1,0,1,0,0,1,0,1]]"
3,454,-0.012815106663291616,0.012815106663291616,"[[1,1,0,0,0,0,1,1,1,0],[1,1,1,0,1,0,0,1,1,0]]"
3,455,-0.012767836636105758,0.012767836636105758,"[[1,1,0,0,0,0,1,1,1,0],[1,1,1,0,1,0,0,1,1,1]]"
3,456,-0.01550177399609444,0.01550177399609444,"[[1,1,0,0,0,0,1,1,1,0],[1,1,1,0,1,0,1,0,0,0]]"
3,457,-0.015397983004942002,0.015397983004942002,"[[1,1,0,0,0,0,1,1,1,0],[1,1,1,0,1,0,1,0,0,1]]"
3,458,-0.016148741598598196,0.016148741598598196,"[[1,1,0,0,0,0,1,1,1,0],[1,1,1,0,1,0,1,0,1,0]]"
3,459,-0.016071809105367374,0.016071809105367374,"[[1,1,0,0,0,0,1,1,1,0],[1,1,1,0,1,0,1,0,1,1]]"
3,460,-0.019777474762260525,0.019777474762260525,"[[1,1,0,0,0,0,1,1,1,0],[1,1,1,0,1,0,1,1,0,0]]"
3,461,-0.019706113940889582,0.019706113940889582,"[[1,1,0,0,0,0,1,1,1,0],[1,1,1,0,1,0,1,1,0,1]]"
3,462,-0.02069489631074479,0.02069489631074479,"[[1,1,0,0,0,0,1,1,1,0],[1,1,1,0,1,0,1,1,1,0]]"
3,463,-0.02061996746930649,0.02061996746930649,"[[1,1,0,0,0,0,1,1,1,0],[1,1,1,0,1,0,1,1,1,1]]"
3,464,-0.01834236463734949,0.01834236463734949,"[[1,1,0,0,0,0,1,1,1,0],[1,1,1,0,1,1,0,0,0,0]]"
3,465,-0.018166283211214898,0.018166283211214898,"[[1,1,0,0,0,0,1,1,1,0],[1,1,1,0,1,1,0,0,0,1]]"
3,466,-0.018895863292629322,0.018895863292629322,"[[1,1,0,0,0,0,1,1,1,0],[1,1,1,0,1,1,0,0,1,0]]"
3,467,-0.018775808795065588,0.018775808795065588,"[[1,1,0,0,0,0,1,1,1,0],[1,1,1,0,1,1,0,0,1,1]]"
3,468,-0.02254103844010586,0.02254103844010586,"[[1,1,0,0,0,0,1,1,1,0],[1,1,1,0,1,1,0,1,0,0]]"
3,469,-0.022442315703430627,0.022442315703430627,"[[1,1,0,0,0,0,1,1,1,0],[1,1,1,0,1,1,0,1,0,1]]"
3,470,-0.0234459134971872,0.0234459134971872,"[[1,1,0,0,0,0,1,1,1,0],[1,1,1,0,1,1,0,1,1,0]]"
3,471,-0.023348580372780585,0.023348580372780585,"[[1,1,0,0,0,0,1,1,1,0],[1,1,1,0,1,1,0,1,1,1]]"
3,472,-0.027438748618028273,0.027438748618028273,"[[1,1,0,0,0,0,1,1,1,0],[1,1,1,0,1,1,1,0,0,0]]"
3,473,-0.027257130582398936,0.027257130582398936,"[[1,1,0,0,0,0,1,1,1,0],[1,1,1,0,1,1,1,0,0,1]]"
3,474,-0.0281097042187705,0.0281097042187705,"[[1,1,0,0,0,0,1,1,1,0],[1,1,1,0,1,1,1,0,1,0]]"
3,475,-0.027966515711316538,0.027966515711316538,"[[1,1,0,0,0,0,1,1,1,0],[1,1,1,0,1,1,1,0,1,1]]"
3,476,-0.032461256124442374,0.032461256124442374,"[[1,1,0,0,0,0,1,1,1,0],[1,1,1,0,1,1,1,1,0,0]]"
3,477,-0.032339880065191465,0.032339880065191465,"[[1,1,0,0,0,0,1,1,1,0],[1,1,1,0,1,1,1,1,0,1]]"
3,478,-0.03352176038495482,0.03352176038495482,"[[1,1,0,0,0,0,1,1,1,0],[1,1,1,0,1,1,1,1,1,0]]"
3,479,-0.03340079404346422,0.03340079404346422,"[[1,1,0,0,0,0,1,1,1,0],[1,1,1,0,1,1,1,1,1,1]]"
3,480,-0.008695356999451976,0.008695356999451976,"[[1,1,0,0,0,0,1,1,1,1],[1,1,1,0,1,0,0,0,0,0]]"
3,481,-0.008599666104152887,0.008599666104152887,"[[1,1,0,0,0,0,1,1,1,1],[1,1,1,0,1,0,0,0,0,1]]"
3,482,-0.009239336908158306,0.009239336908158306,"[[1,1,0,0,0,0,1,1,1,1],[1,1,1,0,1,0,0,0,1,0]]"
3,483,-0.009199863683104933,0.009199863683104933,"[[1,1,0,0,0,0,1,1,1,1],[1,1,1,0,1,0,0,0,1,1]]"
3,484,-0.012096658038921288,0.012096658038921288,"[[1,1,0,0,0,0,1,1,1,1],[1,1,1,0,1,0,0,1,0,0]]"
3,485,-0.012043562929026592,0.012043562929026592,"[[1,1,0,0,0,0,1,1,1,1],[1,1,1,0,1,0,0,1,0,1]]"
3,486,-0.01281532803622453,0.01281532803622453,"[[1,1,0,0,0,0,1,1,1,1],[1,1,1,0,1,0,0,1,1,0]]"
3,487,-0.012778177122235976,0.012778177122235976,"[[1,1,0,0,0,0,1,1,1,1],[1,1,1,0,1,0,0,1,1,1]]"
3,488,-0.015514148425721512,0.015514148425721512,"[[1,1,0,0,0,0,1,1,1,1],[1,1,1,0,1,0,1,0,0,0]]"
3,489,-0.015399070558519325,0.015399070558519325,"[[1,1,0,0,0,0,1,1,1,1],[1,1,1,0,1,0,1,0,0,1]]"
3,490,-0.016152011290394026,0.016152011290394026,"[[1,1,0,0,0,0,1,1,1,1],[1,1,1,0,1,0,1,0,1,0]]"
3,491,-0.016073693726614154,0.016073693726614154,"[[1,1,0,0,0,0,1,1,1,1],[1,1,1,0,1,0,1,0,1,1]]"
3,492,-0.019771104118876157,0.019771104118876157,"[[1,1,0,0,0,0,1,1,1,1],[1,1,1,0,1,0,1,1,0,0]]"
3,493,-0.01969589272659439,0.01969589272659439,"[[1,1,0,0,0,0,1,1,1,1],[1,1,1,0,1,0,1,1,0,1]]"
3,494,-0.02068419020386603,0.02068419020386603,"[[1,1,0,0,0,0,1,1,1,1],[1,1,1,0,1,0,1,1,1,0]]"
3,495,-0.020607080351599572,0.020607080351599572,"[[1,1,0,0,0,0,1,1,1,1],[1,1,1,0,1,0,1,1,1,1]]"
3,496,-0.01834913558134712,0.01834913558134712,"[[1,1,0,0,0,0,1,1,1,1],[1,1,1,0,1,1,0,0,0,0]]"
3,497,-0.018148525224950512,0.018148525224950512,"[[1,1,0,0,0,0,1,1,1,1],[1,1,1,0,1,1,0,0,0,1]]"
3,498,-0.018875293625595382,0.018875293625595382,"[[1,1,0,0,0,0,1,1,1,1],[1,1,1,0,1,1,0,0,1,0]]"
3,499,-0.018744878129358794,0.018744878129358794,"[[1,1,0,0,0,0,1,1,1,1],[1,1,1,0,1,1,0,0,1,1]]"
3,500,-0.022539123111583192,0.022539123111583192,"[[1,1,0,0,0,0,1,1,1,1],[1,1,1,0,1,1,0,1,0,0]]"
3,501,-0.0224367775781755,0.0224367775781755,"[[1,1,0,0,0,0,1,1,1,1],[1,1,1,0,1,1,0,1,0,1]]"
3,502,-0.02344478318454223,0.02344478318454223,"[[1,1,0,0,0,0,1,1,1,1],[1,1,1,0,1,1,0,1,1,0]]"
3,503,-0.023342689344371923,0.023342689344371923,"[[1,1,0,0,0,0,1,1,1,1],[1,1,1,0,1,1,0,1,1,1]]"
3,504,-0.0274328249601712,0.0274328249601712,"[[1,1,0,0,0,0,1,1,1,1],[1,1,1,0,1,1,1,0,0,0]]"
3,505,-0.02723095836874404,0.02723095836874404,"[[1,1,0,0,0,0,1,1,1,1],[1,1,1,0,1,1,1,0,0,1]]"
3,506,-0.028087224546255545,0.028087224546255545,"[[1,1,0,0,0,0,1,1,1,1],[1,1,1,0,1,1,1,0,1,0]]"
3,507,-0.027939893841258306,0.027939893841258306,"[[1,1,0,0,0,0,1,1,1,1],[1,1,1,0,1,1,1,0,1,1]]"
3,508,-0.03243935761925862,0.03243935761925862,"[[1,1,0,0,0,0,1,1,1,1],[1,1,1,0,1,1,1,1,0,0]]"
3,509,-0.03230335782919454,0.03230335782919454,"[[1,1,0,0,0,0,1,1,1,1],[1,1,1,0,1,1,1,1,0,1]]"
3,510,-0.03349718742811434,0.03349718742811434,"[[1,1,0,0,0,0,1,1,1,1],[1,1,1,0,1,1,1,1,1,0]]"
3,511,-0.033361249722968,0.033361249722968,"[[1,1,0,0,0,0,1,1,1,1],[1,1,1,0,1,1,1,1,1,1]]"
3,512,-0.011276107801444784,0.011276107801444784,"[[1,1,0,0,0,1,0,0,0,0],[1,1,1,0,1,0,0,0,0,0]]"
3,513,-0.01118435114622849,0.01118435114622849,"[[1,1,0,0,0,1,0,0,0,0],[1,1,1,0,1,0,0,0,0,1]]"
3,514,-0.01153134949536182,0.01153134949536182,"[[1,1,0,0,0,1,0,0,0,0],[1,1,1,0,1,0,0,0,1,0]]"
3,515,-0.011449321495994955,0.011449321495994955,"[[1,1,0,0,0,1,0,0,0,0],[1,1,1,0,1,0,0,0,1,1]]"
3,516,-0.01391196946275331,0.01391196946275331,"[[1,1,0,0,0,1,0,0,0,0],[1,1,1,0,1,0,0,1,0,0]]"
3,517,-0.013801718576907518,0.013801718576907518,"[[1,1,0,0,0,1,0,0,0,0],[1,1,1,0,1,0,0,1,0,1]]"
3,518,-0.014192169242065077,0.014192169242065077,"[[1,1,0,0,0,1,0,0,0,0],[1,1,1,0,1,0,0,1,1,0]]"
3,519,-0.014093155330924529,0.014093155330924529,"[[1,1,0,0,0,1,0,0,0,0],[1,1,1,0,1,0,0,1,1,1]]"
3,520,-0.01753136641709642,0.01753136641709642,"[[1,1,0,0,0,1,0,0,0,0],[1,1,1,0,1,0,1,0,0,0]]"
3,521,-0.017403887346662986,0.017403887346662986,"[[1,1,0,0,0,1,0,0,0,0],[1,1,1,0,1,0,1,0,0,1]]"
3,522,-0.017842402640772026,0.017842402640772026,"[[1,1,0,0,0,1,0,0,0,0],[1,1,1,0,1,0,1,0,1,0]]"
3,523,-0.01772464378249968,0.01772464378249968,"[[1,1,0,0,0,1,0,0,0,0],[1,1,1,0,1,0,1,0,1,1]]"
3,524,-0.020741062125006805,0.020741062125006805,"[[1,1,0,0,0,1,0,0,0,0],[1,1,1,0,1,0,1,1,0,0]]"
3,525,-0.02059366142979671,0.02059366142979671,"[[1,1,0,0,0,1,0,0,0,0],[1,1,1,0,1,0,1,1,0,1]]"
3,526,-0.021042496219787633,0.021042496219787633,"[[1,1,0,0,0,1,0,0,0,0],[1,1,1,0,1,0,1,1,1,0]]"
3,527,-0.020898502647698446,0.020898502647698446,"[[1,1,0,0,0,1,0,0,0,0],[1,1,1,0,1,0,1,1,1,1]]"
3,528,-0.01762804324120971,0.01762804324120971,"[[1,1,0,0,0,1,0,0,0,0],[1,1,1,0,1,1,0,0,0,0]]"
3,529,-0.01747014325360543,0.01747014325360543,"[[1,1,0,0,0,1,0,0,0,0],[1,1,1,0,1,1,0,0,0,1]]"
3,530,-0.01782689262688792,0.01782689262688792,"[[1,1,0,0,0,1,0,0,0,0],[1,1,1,0,1,1,0,0,1,0]]"
3,531,-0.017677096667744384,0.017677096667744384,"[[1,1,0,0,0,1,0,0,0,0],[1,1,1,0,1,1,0,0,1,1]]"
3,532,-0.020672388683880157,0.020672388683880157,"[[1,1,0,0,0,1,0,0,0,0],[1,1,1,0,1,1,0,1,0,0]]"
3,533,-0.02049697181285218,0.02049697181285218,"[[1,1,0,0,0,1,0,0,0,0],[1,1,1,0,1,1,0,1,0,1]]"
3,534,-0.02084158273181267,0.02084158273181267,"[[1,1,0,0,0,1,0,0,0,0],[1,1,1,0,1,1,0,1,1,0]]"
3,535,-0.02069583426097604,0.02069583426097604,"[[1,1,0,0,0,1,0,0,0,0],[1,1,1,0,1,1,0,1,1,1]]"
3,536,-0.02520561189054197,0.02520561189054197,"[[1,1,0,0,0,1,0,0,0,0],[1,1,1,0,1,1,1,0,0,0]]"
3,537,-0.02500669822095668,0.02500669822095668,"[[1,1,0,0,0,1,0,0,0,0],[1,1,1,0,1,1,1,0,0,1]]"
3,538,-0.025441219778693798,0.025441219778693798,"[[1,1,0,0,0,1,0,0,0,0],[1,1,1,0,1,1,1,0,1,0]]"
3,539,-0.02530366995387662,0.02530366995387662,"[[1,1,0,0,0,1,0,0,0,0],[1,1,1,0,1,1,1,0,1,1]]"
3,540,-0.028887561978644685,0.028887561978644685,"[[1,1,0,0,0,1,0,0,0,0],[1,1,1,0,1,1,1,1,0,0]]"
3,541,-0.02866813582002264,0.02866813582002264,"[[1,1,0,0,0,1,0,0,0,0],[1,1,1,0,1,1,1,1,0,1]]"
3,542,-0.029123196469042125,0.029123196469042125,"[[1,1,0,0,0,1,0,0,0,0],[1,1,1,0,1,1,1,1,1,0]]"
3,543,-0.029019958319022002,0.029019958319022002,"[[1,1,0,0,0,1,0,0,0,0],[1,1,1,0,1,1,1,1,1,1]]"
3,544,-0.01133232293165501,0.01133232293165501,"[[1,1,0,0,0,1,0,0,0,1],[1,1,1,0,1,0,0,0,0,0]]"
3,545,-0.011241060681891527,0.011241060681891527,"[[1,1,0,0,0,1,0,0,0,1],[1,1,1,0,1,0,0,0,0,1]]"
3,546,-0.011590814852144058,0.011590814852144058,"[[1,1,0,0,0,1,0,0,0,1],[1,1,1,0,1,0,0,0,1,0]]"
3,547,-0.011516273120566998,0.011516273120566998,"[[1,1,0,0,0,1,0,0,0,1],[1,1,1,0,1,0,0,0,1,1]]"
3,548,-0.013970713044743238,0.013970713044743238,"[[1,1,0,0,0,1,0,0,0,1],[1,1,1,0,1,0,0,1,0,0]]"
3,549,-0.01386057068777372,0.01386057068777372,"[[1,1,0,0,0,1,0,0,0,1],[1,1,1,0,1,0,0,1,0,1]]"
3,550,-0.014252826349711468,0.014252826349711468,"[[1,1,0,0,0,1,0,0,0,1],[1,1,1,0,1,0,0,1,1,0]]"
3,551,-0.014147921576495413,0.014147921576495413,"[[1,1,0,0,0,1,0,0,0,1],[1,1,1,0,1,0,0,1,1,1]]"
3,552,-0.017596704977457783,0.017596704977457783,"[[1,1,0,0,0,1,0,0,0,1],[1,1,1,0,1,0,1,0,0,0]]"
3,553,-0.017469180054122284,0.017469180054122284,"[[1,1,0,0,0,1,0,0,0,1],[1,1,1,0,1,0,1,0,0,1]]"
3,554,-0.017910979113917584,0.017910979113917584,"[[1,1,0,0,0,1,0,0,0,1],[1,1,1,0,1,0,1,0,1,0]]"
3,555,-0.017793327127708904,0.017793327127708904,"[[1,1,0,0,0,1,0,0,0,1],[1,1,1,0,1,0,1,0,1,1]]"
3,556,-0.020807978987586392,0.020807978987586392,"[[1,1,0,0,0,1,0,0,0,1],[1,1,1,0,1,0,1,1,0,0]]"
3,557,-0.02065479426943377,0.02065479426943377,"[[1,1,0,0,0,1,0,0,0,1],[1,1,1,0,1,0,1,1,0,1]]"
3,558,-0.02110274022077135,0.02110274022077135,"[[1,1,0,0,0,1,0,0,0,1],[1,1,1,0,1,0,1,1,1,0]]"
3,559,-0.020956902558991485,0.020956902558991485,"[[1,1,0,0,0,1,0,0,0,1],[1,1,1,0,1,0,1,1,1,1]]"
3,560,-0.017678436108666037,0.017678436108666037,"[[1,1,0,0,0,1,0,0,0,1],[1,1,1,0,1,1,0,0,0,0]]"
3,561,-0.017519878910215905,0.017519878910215905,"[[1,1,0,0,0,1,0,0,0,1],[1,1,1,0,1,1,0,0,0,1]]"
3,562,-0.017879480740757594,0.017879480740757594,"[[1,1,0,0,0,1,0,0,0,1],[1,1,1,0,1,1,0,0,1,0]]"
3,563,-0.01772914321722742,0.01772914321722742,"[[1,1,0,0,0,1,0,0,0,1],[1,1,1,0,1,1,0,0,1,1]]"
3,564,-0.020723795673233812,0.020723795673233812,"[[1,1,0,0,0,1,0,0,0,1],[1,1,1,0,1,1,0,1,0,0]]"
3,565,-0.020546298201226797,0.020546298201226797,"[[1,1,0,0,0,1,0,0,0,1],[1,1,1,0,1,1,0,1,0,1]]"
3,566,-0.0208970146237869,0.0208970146237869,"[[1,1,0,0,0,1,0,0,0,1],[1,1,1,0,1,1,0,1,1,0]]"
3,567,-0.020739223733557664,0.020739223733557664,"[[1,1,0,0,0,1,0,0,0,1],[1,1,1,0,1,1,0,1,1,1]]"
3,568,-0.025260279951674534,0.025260279951674534,"[[1,1,0,0,0,1,0,0,0,1],[1,1,1,0,1,1,1,0,0,0]]"
3,569,-0.02505899694308454,0.02505899694308454,"[[1,1,0,0,0,1,0,0,0,1],[1,1,1,0,1,1,1,0,0,1]]"
3,570,-0.02549804818701692,0.02549804818701692,"[[1,1,0,0,0,1,0,0,0,1],[1,1,1,0,1,1,1,0,1,0]]"
3,571,-0.02534616075865627,0.02534616075865627,"[[1,1,0,0,0,1,0,0,0,1],[1,1,1,0,1,1,1,0,1,1]]"
3,572,-0.028942223283706613,0.028942223283706613,"[[1,1,0,0,0,1,0,0,0,1],[1,1,1,0,1,1,1,1,0,0]]"
3,573,-0.028718730789005876,0.028718730789005876,"[[1,1,0,0,0,1,0,0,0,1],[1,1,1,0,1,1,1,1,0,1]]"
3,574,-0.029168707745308317,0.029168707745308317,"[[1,1,0,0,0,1,0,0,0,1],[1,1,1,0,1,1,1,1,1,0]]"
3,575,-0.029062638978942408,0.029062638978942408,"[[1,1,0,0,0,1,0,0,0,1],[1,1,1,0,1,1,1,1,1,1]]"
3,576,-0.010556645321570473,0.010556645321570473,"[[1,1,0,0,0,1,0,0,1,0],[1,1,1,0,1,0,0,0,0,0]]"
3,577,-0.010489620215841591,0.010489620215841591,"[[1,1,0,0,0,1,0,0,1,0],[1,1,1,0,1,0,0,0,0,1]]"
3,578,-0.010950655078200353,0.010950655078200353,"[[1,1,0,0,0,1,0,0,1,0],[1,1,1,0,1,0,0,0,1,0]]"
3,579,-0.010901293699373616,0.010901293699373616,"[[1,1,0,0,0,1,0,0,1,0],[1,1,1,0,1,0,0,0,1,1]]"
3,580,-0.01308154937894467,0.01308154937894467,"[[1,1,0,0,0,1,0,0,1,0],[1,1,1,0,1,0,0,1,0,0]]"
3,581,-0.012992393764124966,0.012992393764124966,"[[1,1,0,0,0,1,0,0,1,0],[1,1,1,0,1,0,0,1,0,1]]"
3,582,-0.013520341119663746,0.013520341119663746,"[[1,1,0,0,0,1,0,0,1,0],[1,1,1,0,1,0,0,1,1,0]]"
3,583,-0.013460690022314658,0.013460690022314658,"[[1,1,0,0,0,1,0,0,1,0],[1,1,1,0,1,0,0,1,1,1]]"
3,584,-0.01658742383673857,0.01658742383673857,"[[1,1,0,0,0,1,0,0,1,0],[1,1,1,0,1,0,1,0,0,0]]"
3,585,-0.01647321368793482,0.01647321368793482,"[[1,1,0,0,0,1,0,0,1,0],[1,1,1,0,1,0,1,0,0,1]]"
3,586,-0.0170628810708885,0.0170628810708885,"[[1,1,0,0,0,1,0,0,1,0],[1,1,1,0,1,0,1,0,1,0]]"
3,587,-0.016952694665026476,0.016952694665026476,"[[1,1,0,0,0,1,0,0,1,0],[1,1,1,0,1,0,1,0,1,1]]"
3,588,-0.01966865102021997,0.01966865102021997,"[[1,1,0,0,0,1,0,0,1,0],[1,1,1,0,1,0,1,1,0,0]]"
3,589,-0.01954006104343605,0.01954006104343605,"[[1,1,0,0,0,1,0,0,1,0],[1,1,1,0,1,0,1,1,0,1]]"
3,590,-0.020134006071912333,0.020134006071912333,"[[1,1,0,0,0,1,0,0,1,0],[1,1,1,0,1,0,1,1,1,0]]"
3,591,-0.0200280618369559,0.0200280618369559,"[[1,1,0,0,0,1,0,0,1,0],[1,1,1,0,1,0,1,1,1,1]]"
3,592,-0.016628747025993915,0.016628747025993915,"[[1,1,0,0,0,1,0,0,1,0],[1,1,1,0,1,1,0,0,0,0]]"
3,593,-0.016484791270881215,0.016484791270881215,"[[1,1,0,0,0,1,0,0,1,0],[1,1,1,0,1,1,0,0,0,1]]"
3,594,-0.01696233553845857,0.01696233553845857,"[[1,1,0,0,0,1,0,0,1,0],[1,1,1,0,1,1,0,0,1,0]]"
3,595,-0.016864364257848707,0.016864364257848707,"[[1,1,0,0,0,1,0,0,1,0],[1,1,1,0,1,1,0,0,1,1]]"
3,596,-0.019471154596729462,0.019471154596729462,"[[1,1,0,0,0,1,0,0,1,0],[1,1,1,0,1,1,0,1,0,0]]"
3,597,-0.0193210561489025,0.0193210561489025,"[[1,1,0,0,0,1,0,0,1,0],[1,1,1,0,1,1,0,1,0,1]]"
3,598,-0.019852491413653677,0.019852491413653677,"[[1,1,0,0,0,1,0,0,1,0],[1,1,1,0,1,1,0,1,1,0]]"
3,599,-0.01974846952407408,0.01974846952407408,"[[1,1,0,0,0,1,0,0,1,0],[1,1,1,0,1,1,0,1,1,1]]"
3,600,-0.02398168858319437,0.02398168858319437,"[[1,1,0,0,0,1,0,0,1,0],[1,1,1,0,1,1,1,0,0,0]]"
3,601,-0.023795880550791244,0.023795880550791244,"[[1,1,0,0,0,1,0,0,1,0],[1,1,1,0,1,1,1,0,0,1]]"
3,602,-0.024372116741469097,0.024372116741469097,"[[1,1,0,0,0,1,0,0,1,0],[1,1,1,0,1,1,1,0,1,0]]"
3,603,-0.024270632272371057,0.024270632272371057,"[[1,1,0,0,0,1,0,0,1,0],[1,1,1,0,1,1,1,0,1,1]]"
3,604,-0.027402881117079385,0.027402881117079385,"[[1,1,0,0,0,1,0,0,1,0],[1,1,1,0,1,1,1,1,0,0]]"
3,605,-0.02723468090866894,0.02723468090866894,"[[1,1,0,0,0,1,0,0,1,0],[1,1,1,0,1,1,1,1,0,1]]"
3,606,-0.027902167017700742,0.027902167017700742,"[[1,1,0,0,0,1,0,0,1,0],[1,1,1,0,1,1,1,1,1,0]]"
3,607,-0.027812660850215266,0.027812660850215266,"[[1,1,0,0,0,1,0,0,1,0],[1,1,1,0,1,1,1,1,1,1]]"
3,608,-0.01061374399548514,0.01061374399548514,"[[1,1,0,0,0,1,0,0,1,1],[1,1,1,0,1,0,0,0,0,0]]"
3,609,-0.010556171474278852,0.010556171474278852,"[[1,1,0,0,0,1,0,0,1,1],[1,1,1,0,1,0,0,0,0,1]]"
3,610,-0.011018227689485604,0.011018227689485604,"[[1,1,0,0,0,1,0,0,1,1],[1,1,1,0,1,0,0,0,1,0]]"
3,611,-0.010968618630911316,0.010968618630911316,"[[1,1,0,0,0,1,0,0,1,1],[1,1,1,0,1,0,0,0,1,1]]"
3,612,-0.013144737625068667,0.013144737625068667,"[[1,1,0,0,0,1,0,0,1,1],[1,1,1,0,1,0,0,1,0,0]]"
3,613,-0.013056238628808756,0.013056238628808756,"[[1,1,0,0,0,1,0,0,1,1],[1,1,1,0,1,0,0,1,0,1]]"
3,614,-0.013588254891148142,0.013588254891148142,"[[1,1,0,0,0,1,0,0,1,1],[1,1,1,0,1,0,0,1,1,0]]"
3,615,-0.013527402067872878,0.013527402067872878,"[[1,1,0,0,0,1,0,0,1,1],[1,1,1,0,1,0,0,1,1,1]]"
3,616,-0.016653641590107758,0.016653641590107758,"[[1,1,0,0,0,1,0,0,1,1],[1,1,1,0,1,0,1,0,0,0]]"
3,617,-0.016539752938981803,0.016539752938981803,"[[1,1,0,0,0,1,0,0,1,1],[1,1,1,0,1,0,1,0,0,1]]"
3,618,-0.017131304853878954,0.017131304853878954,"[[1,1,0,0,0,1,0,0,1,1],[1,1,1,0,1,0,1,0,1,0]]"
3,619,-0.01702088548182206,0.01702088548182206,"[[1,1,0,0,0,1,0,0,1,1],[1,1,1,0,1,0,1,0,1,1]]"
3,620,-0.019738532462335808,0.019738532462335808,"[[1,1,0,0,0,1,0,0,1,1],[1,1,1,0,1,0,1,1,0,0]]"
3,621,-0.019602814893314315,0.019602814893314315,"[[1,1,0,0,0,1,0,0,1,1],[1,1,1,0,1,0,1,1,0,1]]"
3,622,-0.020197302564295014,0.020197302564295014,"[[1,1,0,0,0,1,0,0,1,1],[1,1,1,0,1,0,1,1,1,0]]"
3,623,-0.020083004416396162,0.020083004416396162,"[[1,1,0,0,0,1,0,0,1,1],[1,1,1,0,1,0,1,1,1,1]]"
3,624,-0.01668023838554273,0.01668023838554273,"[[1,1,0,0,0,1,0,0,1,1],[1,1,1,0,1,1,0,0,0,0]]"
3,625,-0.016535945452516042,0.016535945452516042,"[[1,1,0,0,0,1,0,0,1,1],[1,1,1,0,1,1,0,0,0,1]]"
3,626,-0.017026588284293417,0.017026588284293417,"[[1,1,0,0,0,1,0,0,1,1],[1,1,1,0,1,1,0,0,1,0]]"
3,627,-0.01693295362838253,0.01693295362838253,"[[1,1,0,0,0,1,0,0,1,1],[1,1,1,0,1,1,0,0,1,1]]"
3,628,-0.01952841191031615,0.01952841191031615,"[[1,1,0,0,0,1,0,0,1,1],[1,1,1,0,1,1,0,1,0,0]]"
3,629,-0.0193764549169997,0.0193764549169997,"[[1,1,0,0,0,1,0,0,1,1],[1,1,1,0,1,1,0,1,0,1]]"
3,630,-0.019912241643029818,0.019912241643029818,"[[1,1,0,0,0,1,0,0,1,1],[1,1,1,0,1,1,0,1,1,0]]"
3,631,-0.019813308044027467,0.019813308044027467,"[[1,1,0,0,0,1,0,0,1,1],[1,1,1,0,1,1,0,1,1,1]]"
3,632,-0.024037052079727776,0.024037052079727776,"[[1,1,0,0,0,1,0,0,1,1],[1,1,1,0,1,1,1,0,0,0]]"
3,633,-0.02384924429608646,0.02384924429608646,"[[1,1,0,0,0,1,0,0,1,1],[1,1,1,0,1,1,1,0,0,1]]"
3,634,-0.024429451490366346,0.024429451490366346,"[[1,1,0,0,0,1,0,0,1,1],[1,1,1,0,1,1,1,0,1,0]]"
3,635,-0.02431458591285395,0.02431458591285395,"[[1,1,0,0,0,1,0,0,1,1],[1,1,1,0,1,1,1,0,1,1]]"
3,636,-0.02746257874553205,0.02746257874553205,"[[1,1,0,0,0,1,0,0,1,1],[1,1,1,0,1,1,1,1,0,0]]"
3,637,-0.02727988496753854,0.02727988496753854,"[[1,1,0,0,0,1,0,0,1,1],[1,1,1,0,1,1,1,1,0,1]]"
3,638,-0.0279525628654222,0.0279525628654222,"[[1,1,0,0,0,1,0,0,1,1],[1,1,1,0,1,1,1,1,1,0]]"
3,639,-0.02786035628394276,0.02786035628394276,"[[1,1,0,0,0,1,0,0,1,1],[1,1,1,0,1,1,1,1,1,1]]"
3,640,-0.008189165099590966,0.008189165099590966,"[[1,1,0,0,0,1,0,1,0,0],[1,1,1,0,1,0,0,0,0,0]]"
3,641,-0.00812703838984224,0.00812703838984224,"[[1,1,0,0,0,1,0,1,0,0],[1,1,1,0,1,0,0,0,0,1]]"
3,642,-0.008516729493908514,0.008516729493908514,"[[1,1,0,0,0,1,0,1,0,0],[1,1,1,0,1,0,0,0,1,0]]"
3,643,-0.008468764085318808,0.008468764085318808,"[[1,1,0,0,0,1,0,1,0,0],[1,1,1,0,1,0,0,0,1,1]]"
3,644,-0.010708734263309497,0.010708734263309497,"[[1,1,0,0,0,1,0,1,0,0],[1,1,1,0,1,0,0,1,0,0]]"
3,645,-0.01064147209610994,0.01064147209610994,"[[1,1,0,0,0,1,0,1,0,0],[1,1,1,0,1,0,0,1,0,1]]"
3,646,-0.010989118435093578,0.010989118435093578,"[[1,1,0,0,0,1,0,1,0,0],[1,1,1,0,1,0,0,1,1,0]]"
3,647,-0.010942190446808199,0.010942190446808199,"[[1,1,0,0,0,1,0,1,0,0],[1,1,1,0,1,0,0,1,1,1]]"
3,648,-0.0136265565427726,0.0136265565427726,"[[1,1,0,0,0,1,0,1,0,0],[1,1,1,0,1,0,1,0,0,0]]"
3,649,-0.013512907624258214,0.013512907624258214,"[[1,1,0,0,0,1,0,1,0,0],[1,1,1,0,1,0,1,0,0,1]]"
3,650,-0.013951240994700471,0.013951240994700471,"[[1,1,0,0,0,1,0,1,0,0],[1,1,1,0,1,0,1,0,1,0]]"
3,651,-0.013848701230210292,0.013848701230210292,"[[1,1,0,0,0,1,0,1,0,0],[1,1,1,0,1,0,1,0,1,1]]"
3,652,-0.016701982709894606,0.016701982709894606,"[[1,1,0,0,0,1,0,1,0,0],[1,1,1,0,1,0,1,1,0,0]]"
3,653,-0.016586535874101093,0.016586535874101093,"[[1,1,0,0,0,1,0,1,0,0],[1,1,1,0,1,0,1,1,0,1]]"
3,654,-0.016995864949151746,0.016995864949151746,"[[1,1,0,0,0,1,0,1,0,0],[1,1,1,0,1,0,1,1,1,0]]"
3,655,-0.016882882178541996,0.016882882178541996,"[[1,1,0,0,0,1,0,1,0,0],[1,1,1,0,1,0,1,1,1,1]]"
3,656,-0.013941278975458257,0.013941278975458257,"[[1,1,0,0,0,1,0,1,0,0],[1,1,1,0,1,1,0,0,0,0]]"
3,657,-0.0138087344035157,0.0138087344035157,"[[1,1,0,0,0,1,0,1,0,0],[1,1,1,0,1,1,0,0,0,1]]"
3,658,-0.01415883320378367,0.01415883320378367,"[[1,1,0,0,0,1,0,1,0,0],[1,1,1,0,1,1,0,0,1,0]]"
3,659,-0.01407076287018123,0.01407076287018123,"[[1,1,0,0,0,1,0,1,0,0],[1,1,1,0,1,1,0,0,1,1]]"
3,660,-0.016638375152715087,0.016638375152715087,"[[1,1,0,0,0,1,0,1,0,0],[1,1,1,0,1,1,0,1,0,0]]"
3,661,-0.016491409470981613,0.016491409470981613,"[[1,1,0,0,0,1,0,1,0,0],[1,1,1,0,1,1,0,1,0,1]]"
3,662,-0.016816173752997196,0.016816173752997196,"[[1,1,0,0,0,1,0,1,0,0],[1,1,1,0,1,1,0,1,1,0]]"
3,663,-0.016717862758896362,0.016717862758896362,"[[1,1,0,0,0,1,0,1,0,0],[1,1,1,0,1,1,0,1,1,1]]"
3,664,-0.020729874274638394,0.020729874274638394,"[[1,1,0,0,0,1,0,1,0,0],[1,1,1,0,1,1,1,0,0,0]]"
3,665,-0.02055565369206212,0.02055565369206212,"[[1,1,0,0,0,1,0,1,0,0],[1,1,1,0,1,1,1,0,0,1]]"
3,666,-0.020981304162840175,0.020981304162840175,"[[1,1,0,0,0,1,0,1,0,0],[1,1,1,0,1,1,1,0,1,0]]"
3,667,-0.020810577433452958,0.020810577433452958,"[[1,1,0,0,0,1,0,1,0,0],[1,1,1,0,1,1,1,0,1,1]]"
3,668,-0.023990740994198845,0.023990740994198845,"[[1,1,0,0,0,1,0,1,0,0],[1,1,1,0,1,1,1,1,0,0]]"
3,669,-0.023800973635637362,0.023800973635637362,"[[1,1,0,0,0,1,0,1,0,0],[1,1,1,0,1,1,1,1,0,1]]"
3,670,-0.024214723487391055,0.024214723487391055,"[[1,1,0,0,0,1,0,1,0,0],[1,1,1,0,1,1,1,1,1,0]]"
3,671,-0.02409914903147178,0.02409914903147178,"[[1,1,0,0,0,1,0,1,0,0],[1,1,1,0,1,1,1,1,1,1]]"
3,672,-0.00823980382761235,0.00823980382761235,"[[1,1,0,0,0,1,0,1,0,1],[1,1,1,0,1,0,0,0,0,0]]"
3,673,-0.008184204556606019,0.008184204556606019,"[[1,1,0,0,0,1,0,1,0,1],[1,1,1,0,1,0,0,0,0,1]]"
3,674,-0.00857768442051243,0.00857768442051243,"[[1,1,0,0,0,1,0,1,0,1],[1,1,1,0,1,0,0,0,1,0]]"
3,675,-0.00852930478545741,0.00852930478545741,"[[1,1,0,0,0,1,0,1,0,1],[1,1,1,0,1,0,0,0,1,1]]"
3,676,-0.010767370532786062,0.010767370532786062,"[[1,1,0,0,0,1,0,1,0,1],[1,1,1,0,1,0,0,1,0,0]]"
3,677,-0.01070939772039447,0.01070939772039447,"[[1,1,0,0,0,1,0,1,0,1],[1,1,1,0,1,0,0,1,0,1]]"
3,678,-0.011059497856670127,0.011059497856670127,"[[1,1,0,0,0,1,0,1,0,1],[1,1,1,0,1,0,0,1,1,0]]"
3,679,-0.011010288233222443,0.011010288233222443,"[[1,1,0,0,0,1,0,1,0,1],[1,1,1,0,1,0,0,1,1,1]]"
3,680,-0.013684929131371116,0.013684929131371116,"[[1,1,0,0,0,1,0,1,0,1],[1,1,1,0,1,0,1,0,0,0]]"
3,681,-0.013571364794249967,0.013571364794249967,"[[1,1,0,0,0,1,0,1,0,1],[1,1,1,0,1,0,1,0,0,1]]"
3,682,-0.014013778495998084,0.014013778495998084,"[[1,1,0,0,0,1,0,1,0,1],[1,1,1,0,1,0,1,0,1,0]]"
3,683,-0.013911515236785361,0.013911515236785361,"[[1,1,0,0,0,1,0,1,0,1],[1,1,1,0,1,0,1,0,1,1]]"
3,684,-0.016768792022463622,0.016768792022463622,"[[1,1,0,0,0,1,0,1,0,1],[1,1,1,0,1,0,1,1,0,0]]"
3,685,-0.01665355223328853,0.01665355223328853,"[[1,1,0,0,0,1,0,1,0,1],[1,1,1,0,1,0,1,1,0,1]]"
3,686,-0.017056271671957005,0.017056271671957005,"[[1,1,0,0,0,1,0,1,0,1],[1,1,1,0,1,0,1,1,1,0]]"
3,687,-0.016943379919875132,0.016943379919875132,"[[1,1,0,0,0,1,0,1,0,1],[1,1,1,0,1,0,1,1,1,1]]"
3,688,-0.013995007876011281,0.013995007876011281,"[[1,1,0,0,0,1,0,1,0,1],[1,1,1,0,1,1,0,0,0,0]]"
3,689,-0.013871721589347172,0.013871721589347172,"[[1,1,0,0,0,1,0,1,0,1],[1,1,1,0,1,1,0,0,0,1]]"
3,690,-0.014224068949750628,0.014224068949750628,"[[1,1,0,0,0,1,0,1,0,1],[1,1,1,0,1,1,0,0,1,0]]"
3,691,-0.014133033292476789,0.014133033292476789,"[[1,1,0,0,0,1,0,1,0,1],[1,1,1,0,1,1,0,0,1,1]]"
3,692,-0.016688372745697348,0.016688372745697348,"[[1,1,0,0,0,1,0,1,0,1],[1,1,1,0,1,1,0,1,0,0]]"
3,693,-0.01653991662938211,0.01653991662938211,"[[1,1,0,0,0,1,0,1,0,1],[1,1,1,0,1,1,0,1,0,1]]"
3,694,-0.016879609680564317,0.016879609680564317,"[[1,1,0,0,0,1,0,1,0,1],[1,1,1,0,1,1,0,1,1,0]]"
3,695,-0.016785340699149155,0.016785340699149155,"[[1,1,0,0,0,1,0,1,0,1],[1,1,1,0,1,1,0,1,1,1]]"
3,696,-0.020789143851745434,0.020789143851745434,"[[1,1,0,0,0,1,0,1,0,1],[1,1,1,0,1,1,1,0,0,0]]"
3,697,-0.020613097171391353,0.020613097171391353,"[[1,1,0,0,0,1,0,1,0,1],[1,1,1,0,1,1,1,0,0,1]]"
3,698,-0.021035374866594438,0.021035374866594438,"[[1,1,0,0,0,1,0,1,0,1],[1,1,1,0,1,1,1,0,1,0]]"
3,699,-0.020862714391564265,0.020862714391564265,"[[1,1,0,0,0,1,0,1,0,1],[1,1,1,0,1,1,1,0,1,1]]"
3,700,-0.024045017122908786,0.024045017122908786,"[[1,1,0,0,0,1,0,1,0,1],[1,1,1,0,1,1,1,1,0,0]]"
3,701,-0.02385302734822171,0.02385302734822171,"[[1,1,0,0,0,1,0,1,0,1],[1,1,1,0,1,1,1,1,0,1]]"
3,702,-0.024271523495419514,0.024271523495419514,"[[1,1,0,0,0,1,0,1,0,1],[1,1,1,0,1,1,1,1,1,0]]"
3,703,-0.024142235787844232,0.024142235787844232,"[[1,1,0,0,0,1,0,1,0,1],[1,1,1,0,1,1,1,1,1,1]]"
3,704,-0.007682036672812326,0.007682036672812326,"[[1,1,0,0,0,1,0,1,1,0],[1,1,1,0,1,0,0,0,0,0]]"
3,705,-0.007631358424640362,0.007631358424640362,"[[1,1,0,0,0,1,0,1,1,0],[1,1,1,0,1,0,0,0,0,1]]"
3,706,-0.008153791242427225,0.008153791242427225,"[[1,1,0,0,0,1,0,1,1,0],[1,1,1,0,1,0,0,0,1,0]]"
3,707,-0.008105288891046466,0.008105288891046466,"[[1,1,0,0,0,1,0,1,1,0],[1,1,1,0,1,0,0,0,1,1]]"
3,708,-0.01009578455343421,0.01009578455343421,"[[1,1,0,0,0,1,0,1,1,0],[1,1,1,0,1,0,0,1,0,0]]"
3,709,-0.010049114556507784,0.010049114556507784,"[[1,1,0,0,0,1,0,1,1,0],[1,1,1,0,1,0,0,1,0,1]]"
3,710,-0.010578062746078372,0.010578062746078372,"[[1,1,0,0,0,1,0,1,1,0],[1,1,1,0,1,0,0,1,1,0]]"
3,711,-0.010535033628167345,0.010535033628167345,"[[1,1,0,0,0,1,0,1,1,0],[1,1,1,0,1,0,0,1,1,1]]"
3,712,-0.012826109595215187,0.012826109595215187,"[[1,1,0,0,0,1,0,1,1,0],[1,1,1,0,1,0,1,0,0,0]]"
3,713,-0.012726020673163162,0.012726020673163162,"[[1,1,0,0,0,1,0,1,1,0],[1,1,1,0,1,0,1,0,0,1]]"
3,714,-0.013270065966077596,0.013270065966077596,"[[1,1,0,0,0,1,0,1,1,0],[1,1,1,0,1,0,1,0,1,0]]"
3,715,-0.01317738765996807,0.01317738765996807,"[[1,1,0,0,0,1,0,1,1,0],[1,1,1,0,1,0,1,0,1,1]]"
3,716,-0.01580317011681863,0.01580317011681863,"[[1,1,0,0,0,1,0,1,1,0],[1,1,1,0,1,0,1,1,0,0]]"
3,717,-0.015701354884737163,0.015701354884737163,"[[1,1,0,0,0,1,0,1,1,0],[1,1,1,0,1,0,1,1,0,1]]"
3,718,-0.01624767391539054,0.01624767391539054,"[[1,1,0,0,0,1,0,1,1,0],[1,1,1,0,1,0,1,1,1,0]]"
3,719,-0.0161491051158052,0.0161491051158052,"[[1,1,0,0,0,1,0,1,1,0],[1,1,1,0,1,0,1,1,1,1]]"
3,720,-0.013112066550910899,0.013112066550910899,"[[1,1,0,0,0,1,0,1,1,0],[1,1,1,0,1,1,0,0,0,0]]"
3,721,-0.013028347060397792,0.013028347060397792,"[[1,1,0,0,0,1,0,1,1,0],[1,1,1,0,1,1,0,0,0,1]]"
3,722,-0.013626940366104543,0.013626940366104543,"[[1,1,0,0,0,1,0,1,1,0],[1,1,1,0,1,1,0,0,1,0]]"
3,723,-0.013539093249497102,0.013539093249497102,"[[1,1,0,0,0,1,0,1,1,0],[1,1,1,0,1,1,0,0,1,1]]"
3,724,-0.015649674145363602,0.015649674145363602,"[[1,1,0,0,0,1,0,1,1,0],[1,1,1,0,1,1,0,1,0,0]]"
3,725,-0.015561913124215144,0.015561913124215144,"[[1,1,0,0,0,1,0,1,1,0],[1,1,1,0,1,1,0,1,0,1]]"
3,726,-0.016128491121174777,0.016128491121174777,"[[1,1,0,0,0,1,0,1,1,0],[1,1,1,0,1,1,0,1,1,0]]"
3,727,-0.016044298945411872,0.016044298945411872,"[[1,1,0,0,0,1,0,1,1,0],[1,1,1,0,1,1,0,1,1,1]]"
3,728,-0.01964256115129234,0.01964256115129234,"[[1,1,0,0,0,1,0,1,1,0],[1,1,1,0,1,1,1,0,0,0]]"
3,729,-0.01948160931750116,0.01948160931750116,"[[1,1,0,0,0,1,0,1,1,0],[1,1,1,0,1,1,1,0,0,1]]"
3,730,-0.020073040113671888,0.020073040113671888,"[[1,1,0,0,0,1,0,1,1,0],[1,1,1,0,1,1,1,0,1,0]]"
3,731,-0.019912057185014986,0.019912057185014986,"[[1,1,0,0,0,1,0,1,1,0],[1,1,1,0,1,1,1,0,1,1]]"
3,732,-0.022730468375176192,0.022730468375176192,"[[1,1,0,0,0,1,0,1,1,0],[1,1,1,0,1,1,1,1,0,0]]"
3,733,-0.02256072169950854,0.02256072169950854,"[[1,1,0,0,0,1,0,1,1,0],[1,1,1,0,1,1,1,1,0,1]]"
3,734,-0.023125466710958175,0.023125466710958175,"[[1,1,0,0,0,1,0,1,1,0],[1,1,1,0,1,1,1,1,1,0]]"
3,735,-0.02304807375945507,0.02304807375945507,"[[1,1,0,0,0,1,0,1,1,0],[1,1,1,0,1,1,1,1,1,1]]"
3,736,-0.007737860471804137,0.007737860471804137,"[[1,1,0,0,0,1,0,1,1,1],[1,1,1,0,1,0,0,0,0,0]]"
3,737,-0.007686863250608876,0.007686863250608876,"[[1,1,0,0,0,1,0,1,1,1],[1,1,1,0,1,0,0,0,0,1]]"
3,738,-0.008210644881347262,0.008210644881347262,"[[1,1,0,0,0,1,0,1,1,1],[1,1,1,0,1,0,0,0,1,0]]"
3,739,-0.0081618751318363,0.0081618751318363,"[[1,1,0,0,0,1,0,1,1,1],[1,1,1,0,1,0,0,0,1,1]]"
3,740,-0.010162989074912145,0.010162989074912145,"[[1,1,0,0,0,1,0,1,1,1],[1,1,1,0,1,0,0,1,0,0]]"
3,741,-0.010116287613416075,0.010116287613416075,"[[1,1,0,0,0,1,0,1,1,1],[1,1,1,0,1,0,0,1,0,1]]"
3,742,-0.010646588891738761,0.010646588891738761,"[[1,1,0,0,0,1,0,1,1,1],[1,1,1,0,1,0,0,1,1,0]]"
3,743,-0.010599873624904858,0.010599873624904858,"[[1,1,0,0,0,1,0,1,1,1],[1,1,1,0,1,0,0,1,1,1]]"
3,744,-0.01288555566592398,0.01288555566592398,"[[1,1,0,0,0,1,0,1,1,1],[1,1,1,0,1,0,1,0,0,0]]"
3,745,-0.012785919203132323,0.012785919203132323,"[[1,1,0,0,0,1,0,1,1,1],[1,1,1,0,1,0,1,0,0,1]]"
3,746,-0.013331789619227773,0.013331789619227773,"[[1,1,0,0,0,1,0,1,1,1],[1,1,1,0,1,0,1,0,1,0]]"
3,747,-0.013239707204615965,0.013239707204615965,"[[1,1,0,0,0,1,0,1,1,1],[1,1,1,0,1,0,1,0,1,1]]"
3,748,-0.015871017999161883,0.015871017999161883,"[[1,1,0,0,0,1,0,1,1,1],[1,1,1,0,1,0,1,1,0,0]]"
3,749,-0.015769306850121508,0.015769306850121508,"[[1,1,0,0,0,1,0,1,1,1],[1,1,1,0,1,0,1,1,0,1]]"
3,750,-0.016309082270426687,0.016309082270426687,"[[1,1,0,0,0,1,0,1,1,1],[1,1,1,0,1,0,1,1,1,0]]"
3,751,-0.01621103079301588,0.01621103079301588,"[[1,1,0,0,0,1,0,1,1,1],[1,1,1,0,1,0,1,1,1,1]]"
3,752,-0.013180267206114564,0.013180267206114564,"[[1,1,0,0,0,1,0,1,1,1],[1,1,1,0,1,1,0,0,0,0]]"
3,753,-0.013094611704808176,0.013094611704808176,"[[1,1,0,0,0,1,0,1,1,1],[1,1,1,0,1,1,0,0,0,1]]"
3,754,-0.013687965650100336,0.013687965650100336,"[[1,1,0,0,0,1,0,1,1,1],[1,1,1,0,1,1,0,0,1,0]]"
3,755,-0.013597997883816517,0.013597997883816517,"[[1,1,0,0,0,1,0,1,1,1],[1,1,1,0,1,1,0,0,1,1]]"
3,756,-0.015718244652855342,0.015718244652855342,"[[1,1,0,0,0,1,0,1,1,1],[1,1,1,0,1,1,0,1,0,0]]"
3,757,-0.015628458687687866,0.015628458687687866,"[[1,1,0,0,0,1,0,1,1,1],[1,1,1,0,1,1,0,1,0,1]]"
3,758,-0.01619788545462951,0.01619788545462951,"[[1,1,0,0,0,1,0,1,1,1],[1,1,1,0,1,1,0,1,1,0]]"
3,759,-0.016111552177962243,0.016111552177962243,"[[1,1,0,0,0,1,0,1,1,1],[1,1,1,0,1,1,0,1,1,1]]"
3,760,-0.019702709770248288,0.019702709770248288,"[[1,1,0,0,0,1,0,1,1,1],[1,1,1,0,1,1,1,0,0,0]]"
3,761,-0.019540296369713942,0.019540296369713942,"[[1,1,0,0,0,1,0,1,1,1],[1,1,1,0,1,1,1,0,0,1]]"
3,762,-0.020126161750076393,0.020126161750076393,"[[1,1,0,0,0,1,0,1,1,1],[1,1,1,0,1,1,1,0,1,0]]"
3,763,-0.019963555143887923,0.019963555143887923,"[[1,1,0,0,0,1,0,1,1,1],[1,1,1,0,1,1,1,0,1,1]]"
3,764,-0.022788325780317652,0.022788325780317652,"[[1,1,0,0,0,1,0,1,1,1],[1,1,1,0,1,1,1,1,0,0]]"
3,765,-0.022616888089983734,0.022616888089983734,"[[1,1,0,0,0,1,0,1,1,1],[1,1,1,0,1,1,1,1,0,1]]"
3,766,-0.023185622494838434,0.023185622494838434,"[[1,1,0,0,0,1,0,1,1,1],[1,1,1,0,1,1,1,1,1,0]]"
3,767,-0.02309598968766473,0.02309598968766473,"[[1,1,0,0,0,1,0,1,1,1],[1,1,1,0,1,1,1,1,1,1]]"
3,768,-0.005855341434797256,0.005855341434797256,"[[1,1,0,0,0,1,1,0,0,0],[1,1,1,0,1,0,0,0,0,0]]"
3,769,-0.005769095365145395,0.005769095365145395,"[[1,1,0,0,0,1,1,0,0,0],[1,1,1,0,1,0,0,0,0,1]]"
3,770,-0.006168872375593293,0.006168872375593293,"[[1,1,0,0,0,1,1,0,0,0],[1,1,1,0,1,0,0,0,1,0]]"
3,771,-0.006096424380488486,0.006096424380488486,"[[1,1,0,0,0,1,1,0,0,0],[1,1,1,0,1,0,0,0,1,1]]"
3,772,-0.008156718988002836,0.008156718988002836,"[[1,1,0,0,0,1,1,0,0,0],[1,1,1,0,1,0,0,1,0,0]]"
3,773,-0.00805999741033227,0.00805999741033227,"[[1,1,0,0,0,1,1,0,0,0],[1,1,1,0,1,0,0,1,0,1]]"
3,774,-0.008375609822138488,0.008375609822138488,"[[1,1,0,0,0,1,1,0,0,0],[1,1,1,0,1,0,0,1,1,0]]"
3,775,-0.00829437548878619,0.00829437548878619,"[[1,1,0,0,0,1,1,0,0,0],[1,1,1,0,1,0,0,1,1,1]]"
3,776,-0.010689369058804566,0.010689369058804566,"[[1,1,0,0,0,1,1,0,0,0],[1,1,1,0,1,0,1,0,0,0]]"
3,777,-0.010601476192442023,0.010601476192442023,"[[1,1,0,0,0,1,1,0,0,0],[1,1,1,0,1,0,1,0,0,1]]"
3,778,-0.01106518308310898,0.01106518308310898,"[[1,1,0,0,0,1,1,0,0,0],[1,1,1,0,1,0,1,0,1,0]]"
3,779,-0.010982003182012095,0.010982003182012095,"[[1,1,0,0,0,1,1,0,0,0],[1,1,1,0,1,0,1,0,1,1]]"
3,780,-0.013656035488783453,0.013656035488783453,"[[1,1,0,0,0,1,1,0,0,0],[1,1,1,0,1,0,1,1,0,0]]"
3,781,-0.013549805480970954,0.013549805480970954,"[[1,1,0,0,0,1,1,0,0,0],[1,1,1,0,1,0,1,1,0,1]]"
3,782,-0.013947379704431584,0.013947379704431584,"[[1,1,0,0,0,1,1,0,0,0],[1,1,1,0,1,0,1,1,1,0]]"
3,783,-0.013858704897898555,0.013858704897898555,"[[1,1,0,0,0,1,1,0,0,0],[1,1,1,0,1,0,1,1,1,1]]"
3,784,-0.011185582758794643,0.011185582758794643,"[[1,1,0,0,0,1,1,0,0,0],[1,1,1,0,1,1,0,0,0,0]]"
3,785,-0.01107272202800793,0.01107272202800793,"[[1,1,0,0,0,1,1,0,0,0],[1,1,1,0,1,1,0,0,0,1]]"
3,786,-0.011492904824626296,0.011492904824626296,"[[1,1,0,0,0,1,1,0,0,0],[1,1,1,0,1,1,0,0,1,0]]"
3,787,-0.011387539252406204,0.011387539252406204,"[[1,1,0,0,0,1,1,0,0,0],[1,1,1,0,1,1,0,0,1,1]]"
3,788,-0.01413429221212751,0.01413429221212751,"[[1,1,0,0,0,1,1,0,0,0],[1,1,1,0,1,1,0,1,0,0]]"
3,789,-0.014012406682437946,0.014012406682437946,"[[1,1,0,0,0,1,1,0,0,0],[1,1,1,0,1,1,0,1,0,1]]"
3,790,-0.01437731981470589,0.01437731981470589,"[[1,1,0,0,0,1,1,0,0,0],[1,1,1,0,1,1,0,1,1,0]]"
3,791,-0.01428559607264368,0.01428559607264368,"[[1,1,0,0,0,1,1,0,0,0],[1,1,1,0,1,1,0,1,1,1]]"
3,792,-0.01767675689894863,0.01767675689894863,"[[1,1,0,0,0,1,1,0,0,0],[1,1,1,0,1,1,1,0,0,0]]"
3,793,-0.01754031723412991,0.01754031723412991,"[[1,1,0,0,0,1,1,0,0,0],[1,1,1,0,1,1,1,0,0,1]]"
3,794,-0.017898437959539312,0.017898437959539312,"[[1,1,0,0,0,1,1,0,0,0],[1,1,1,0,1,1,1,0,1,0]]"
3,795,-0.017811532561207186,0.017811532561207186,"[[1,1,0,0,0,1,1,0,0,0],[1,1,1,0,1,1,1,0,1,1]]"
3,796,-0.020703555862917236,0.020703555862917236,"[[1,1,0,0,0,1,1,0,0,0],[1,1,1,0,1,1,1,1,0,0]]"
3,797,-0.020553980596621328,0.020553980596621328,"[[1,1,0,0,0,1,1,0,0,0],[1,1,1,0,1,1,1,1,0,1]]"
3,798,-0.020972676868874034,0.020972676868874034,"[[1,1,0,0,0,1,1,0,0,0],[1,1,1,0,1,1,1,1,1,0]]"
3,799,-0.02090597845026493,0.02090597845026493,"[[1,1,0,0,0,1,1,0,0,0],[1,1,1,0,1,1,1,1,1,1]]"
3,800,-0.0058897723959623095,0.0058897723959623095,"[[1,1,0,0,0,1,1,0,0,1],[1,1,1,0,1,0,0,0,0,0]]"
3,801,-0.005805040514056873,0.005805040514056873,"[[1,1,0,0,0,1,1,0,0,1],[1,1,1,0,1,0,0,0,0,1]]"
3,802,-0.006197641743679567,0.006197641743679567,"[[1,1,0,0,0,1,1,0,0,1],[1,1,1,0,1,0,0,0,1,0]]"
3,803,-0.006135674535632438,0.006135674535632438,"[[1,1,0,0,0,1,1,0,0,1],[1,1,1,0,1,0,0,0,1,1]]"
3,804,-0.008190856332853134,0.008190856332853134,"[[1,1,0,0,0,1,1,0,0,1],[1,1,1,0,1,0,0,1,0,0]]"
3,805,-0.008094153917546065,0.008094153917546065,"[[1,1,0,0,0,1,1,0,0,1],[1,1,1,0,1,0,0,1,0,1]]"
3,806,-0.00841588455646581,0.00841588455646581,"[[1,1,0,0,0,1,1,0,0,1],[1,1,1,0,1,0,0,1,1,0]]"
3,807,-0.008334956819284915,0.008334956819284915,"[[1,1,0,0,0,1,1,0,0,1],[1,1,1,0,1,0,0,1,1,1]]"
3,808,-0.01074829304742742,0.01074829304742742,"[[1,1,0,0,0,1,1,0,0,1],[1,1,1,0,1,0,1,0,0,0]]"
3,809,-0.010652993619249047,0.010652993619249047,"[[1,1,0,0,0,1,1,0,0,1],[1,1,1,0,1,0,1,0,0,1]]"
3,810,-0.011121386434788492,0.011121386434788492,"[[1,1,0,0,0,1,1,0,0,1],[1,1,1,0,1,0,1,0,1,0]]"
3,811,-0.011038920311185928,0.011038920311185928,"[[1,1,0,0,0,1,1,0,0,1],[1,1,1,0,1,0,1,0,1,1]]"
3,812,-0.013714971757684151,0.013714971757684151,"[[1,1,0,0,0,1,1,0,0,1],[1,1,1,0,1,0,1,1,0,0]]"
3,813,-0.013609099986927786,0.013609099986927786,"[[1,1,0,0,0,1,1,0,0,1],[1,1,1,0,1,0,1,1,0,1]]"
3,814,-0.01401154036919766,0.01401154036919766,"[[1,1,0,0,0,1,1,0,0,1],[1,1,1,0,1,0,1,1,1,0]]"
3,815,-0.013919999439616883,0.013919999439616883,"[[1,1,0,0,0,1,1,0,0,1],[1,1,1,0,1,0,1,1,1,1]]"
3,816,-0.011234505010932134,0.011234505010932134,"[[1,1,0,0,0,1,1,0,0,1],[1,1,1,0,1,1,0,0,0,0]]"
3,817,-0.011115730387492697,0.011115730387492697,"[[1,1,0,0,0,1,1,0,0,1],[1,1,1,0,1,1,0,0,0,1]]"
3,818,-0.011541918995079533,0.011541918995079533,"[[1,1,0,0,0,1,1,0,0,1],[1,1,1,0,1,1,0,0,1,0]]"
3,819,-0.011435878269246892,0.011435878269246892,"[[1,1,0,0,0,1,1,0,0,1],[1,1,1,0,1,1,0,0,1,1]]"
3,820,-0.014189041677610332,0.014189041677610332,"[[1,1,0,0,0,1,1,0,0,1],[1,1,1,0,1,1,0,1,0,0]]"
3,821,-0.014066293875935849,0.014066293875935849,"[[1,1,0,0,0,1,1,0,0,1],[1,1,1,0,1,1,0,1,0,1]]"
3,822,-0.014437646557925694,0.014437646557925694,"[[1,1,0,0,0,1,1,0,0,1],[1,1,1,0,1,1,0,1,1,0]]"
3,823,-0.014337897704008291,0.014337897704008291,"[[1,1,0,0,0,1,1,0,0,1],[1,1,1,0,1,1,0,1,1,1]]"
3,824,-0.017735705752644097,0.017735705752644097,"[[1,1,0,0,0,1,1,0,0,1],[1,1,1,0,1,1,1,0,0,0]]"
3,825,-0.01759838663769008,0.01759838663769008,"[[1,1,0,0,0,1,1,0,0,1],[1,1,1,0,1,1,1,0,0,1]]"
3,826,-0.017959556972291915,0.017959556972291915,"[[1,1,0,0,0,1,1,0,0,1],[1,1,1,0,1,1,1,0,1,0]]"
3,827,-0.017863216111519507,0.017863216111519507,"[[1,1,0,0,0,1,1,0,0,1],[1,1,1,0,1,1,1,0,1,1]]"
3,828,-0.020764119589160416,0.020764119589160416,"[[1,1,0,0,0,1,1,0,0,1],[1,1,1,0,1,1,1,1,0,0]]"
3,829,-0.020608402547485114,0.020608402547485114,"[[1,1,0,0,0,1,1,0,0,1],[1,1,1,0,1,1,1,1,0,1]]"
3,830,-0.021027980778349026,0.021027980778349026,"[[1,1,0,0,0,1,1,0,0,1],[1,1,1,0,1,1,1,1,1,0]]"
3,831,-0.020960035328994323,0.020960035328994323,"[[1,1,0,0,0,1,1,0,0,1],[1,1,1,0,1,1,1,1,1,1]]"
3,832,-0.005317983489661618,0.005317983489661618,"[[1,1,0,0,0,1,1,0,1,0],[1,1,1,0,1,0,0,0,0,0]]"
3,833,-0.005269002246090981,0.005269002246090981,"[[1,1,0,0,0,1,1,0,1,0],[1,1,1,0,1,0,0,0,0,1]]"
3,834,-0.0057449984231678,0.0057449984231678,"[[1,1,0,0,0,1,1,0,1,0],[1,1,1,0,1,0,0,0,1,0]]"
3,835,-0.005702303616642407,0.005702303616642407,"[[1,1,0,0,0,1,1,0,1,0],[1,1,1,0,1,0,0,0,1,1]]"
3,836,-0.0074957415412721775,0.0074957415412721775,"[[1,1,0,0,0,1,1,0,1,0],[1,1,1,0,1,0,0,1,0,0]]"
3,837,-0.007423407752579896,0.007423407752579896,"[[1,1,0,0,0,1,1,0,1,0],[1,1,1,0,1,0,0,1,0,1]]"
3,838,-0.007850753895128066,0.007850753895128066,"[[1,1,0,0,0,1,1,0,1,0],[1,1,1,0,1,0,0,1,1,0]]"
3,839,-0.007808840978574392,0.007808840978574392,"[[1,1,0,0,0,1,1,0,1,0],[1,1,1,0,1,0,0,1,1,1]]"
3,840,-0.009995901433385204,0.009995901433385204,"[[1,1,0,0,0,1,1,0,1,0],[1,1,1,0,1,0,1,0,0,0]]"
3,841,-0.009915813679587384,0.009915813679587384,"[[1,1,0,0,0,1,1,0,1,0],[1,1,1,0,1,0,1,0,0,1]]"
3,842,-0.010476874853907449,0.010476874853907449,"[[1,1,0,0,0,1,1,0,1,0],[1,1,1,0,1,0,1,0,1,0]]"
3,843,-0.010405529886877329,0.010405529886877329,"[[1,1,0,0,0,1,1,0,1,0],[1,1,1,0,1,0,1,0,1,1]]"
3,844,-0.012860235466369458,0.012860235466369458,"[[1,1,0,0,0,1,1,0,1,0],[1,1,1,0,1,0,1,1,0,0]]"
3,845,-0.01277793985677956,0.01277793985677956,"[[1,1,0,0,0,1,1,0,1,0],[1,1,1,0,1,0,1,1,0,1]]"
3,846,-0.013319397872725396,0.013319397872725396,"[[1,1,0,0,0,1,1,0,1,0],[1,1,1,0,1,0,1,1,1,0]]"
3,847,-0.01326171099578146,0.01326171099578146,"[[1,1,0,0,0,1,1,0,1,0],[1,1,1,0,1,0,1,1,1,1]]"
3,848,-0.010418045096780286,0.010418045096780286,"[[1,1,0,0,0,1,1,0,1,0],[1,1,1,0,1,1,0,0,0,0]]"
3,849,-0.010315540755117598,0.010315540755117598,"[[1,1,0,0,0,1,1,0,1,0],[1,1,1,0,1,1,0,0,0,1]]"
3,850,-0.010845069562887076,0.010845069562887076,"[[1,1,0,0,0,1,1,0,1,0],[1,1,1,0,1,1,0,0,1,0]]"
3,851,-0.010784893947024135,0.010784893947024135,"[[1,1,0,0,0,1,1,0,1,0],[1,1,1,0,1,1,0,0,1,1]]"
3,852,-0.013268813555464784,0.013268813555464784,"[[1,1,0,0,0,1,1,0,1,0],[1,1,1,0,1,1,0,1,0,0]]"
3,853,-0.013171468088444726,0.013171468088444726,"[[1,1,0,0,0,1,1,0,1,0],[1,1,1,0,1,1,0,1,0,1]]"
3,854,-0.013705582629402347,0.013705582629402347,"[[1,1,0,0,0,1,1,0,1,0],[1,1,1,0,1,1,0,1,1,0]]"
3,855,-0.01365436287376835,0.01365436287376835,"[[1,1,0,0,0,1,1,0,1,0],[1,1,1,0,1,1,0,1,1,1]]"
3,856,-0.016715955475587123,0.016715955475587123,"[[1,1,0,0,0,1,1,0,1,0],[1,1,1,0,1,1,1,0,0,0]]"
3,857,-0.01659391342295042,0.01659391342295042,"[[1,1,0,0,0,1,1,0,1,0],[1,1,1,0,1,1,1,0,0,1]]"
3,858,-0.01710310366490794,0.01710310366490794,"[[1,1,0,0,0,1,1,0,1,0],[1,1,1,0,1,1,1,0,1,0]]"
3,859,-0.017045473202977227,0.017045473202977227,"[[1,1,0,0,0,1,1,0,1,0],[1,1,1,0,1,1,1,0,1,1]]"
3,860,-0.019630253346847294,0.019630253346847294,"[[1,1,0,0,0,1,1,0,1,0],[1,1,1,0,1,1,1,1,0,0]]"
3,861,-0.019523631137955764,0.019523631137955764,"[[1,1,0,0,0,1,1,0,1,0],[1,1,1,0,1,1,1,1,0,1]]"
3,862,-0.020131854815862608,0.020131854815862608,"[[1,1,0,0,0,1,1,0,1,0],[1,1,1,0,1,1,1,1,1,0]]"
3,863,-0.020075670728583576,0.020075670728583576,"[[1,1,0,0,0,1,1,0,1,0],[1,1,1,0,1,1,1,1,1,1]]"
3,864,-0.0053590273215219615,0.0053590273215219615,"[[1,1,0,0,0,1,1,0,1,1],[1,1,1,0,1,0,0,0,0,0]]"
3,865,-0.005317183013499204,0.005317183013499204,"[[1,1,0,0,0,1,1,0,1,1],[1,1,1,0,1,0,0,0,0,1]]"
3,866,-0.0057835047170300335,0.0057835047170300335,"[[1,1,0,0,0,1,1,0,1,1],[1,1,1,0,1,0,0,0,1,0]]"
3,867,-0.005740243066639696,0.005740243066639696,"[[1,1,0,0,0,1,1,0,1,1],[1,1,1,0,1,0,0,0,1,1]]"
3,868,-0.0075358987503321125,0.0075358987503321125,"[[1,1,0,0,0,1,1,0,1,1],[1,1,1,0,1,0,0,1,0,0]]"
3,869,-0.0074703998204389945,0.0074703998204389945,"[[1,1,0,0,0,1,1,0,1,1],[1,1,1,0,1,0,0,1,0,1]]"
3,870,-0.007902625633729026,0.007902625633729026,"[[1,1,0,0,0,1,1,0,1,1],[1,1,1,0,1,0,0,1,1,0]]"
3,871,-0.00786029339076315,0.00786029339076315,"[[1,1,0,0,0,1,1,0,1,1],[1,1,1,0,1,0,0,1,1,1]]"
3,872,-0.010050146818811154,0.010050146818811154,"[[1,1,0,0,0,1,1,0,1,1],[1,1,1,0,1,0,1,0,0,0]]"
3,873,-0.009968776681511155,0.009968776681511155,"[[1,1,0,0,0,1,1,0,1,1],[1,1,1,0,1,0,1,0,0,1]]"
3,874,-0.010533164600266104,0.010533164600266104,"[[1,1,0,0,0,1,1,0,1,1],[1,1,1,0,1,0,1,0,1,0]]"
3,875,-0.010462898219144073,0.010462898219144073,"[[1,1,0,0,0,1,1,0,1,1],[1,1,1,0,1,0,1,0,1,1]]"
3,876,-0.012924905736591465,0.012924905736591465,"[[1,1,0,0,0,1,1,0,1,1],[1,1,1,0,1,0,1,1,0,0]]"
3,877,-0.01284358151773477,0.01284358151773477,"[[1,1,0,0,0,1,1,0,1,1],[1,1,1,0,1,0,1,1,0,1]]"
3,878,-0.013387270050926096,0.013387270050926096,"[[1,1,0,0,0,1,1,0,1,1],[1,1,1,0,1,0,1,1,1,0]]"
3,879,-0.013325694496748454,0.013325694496748454,"[[1,1,0,0,0,1,1,0,1,1],[1,1,1,0,1,0,1,1,1,1]]"
3,880,-0.010463866681416235,0.010463866681416235,"[[1,1,0,0,0,1,1,0,1,1],[1,1,1,0,1,1,0,0,0,0]]"
3,881,-0.010371137913646172,0.010371137913646172,"[[1,1,0,0,0,1,1,0,1,1],[1,1,1,0,1,1,0,0,0,1]]"
3,882,-0.010907269870099238,0.010907269870099238,"[[1,1,0,0,0,1,1,0,1,1],[1,1,1,0,1,1,0,0,1,0]]"
3,883,-0.010845695667177736,0.010845695667177736,"[[1,1,0,0,0,1,1,0,1,1],[1,1,1,0,1,1,0,0,1,1]]"
3,884,-0.01332987650450974,0.01332987650450974,"[[1,1,0,0,0,1,1,0,1,1],[1,1,1,0,1,1,0,1,0,0]]"
3,885,-0.013232468431401348,0.013232468431401348,"[[1,1,0,0,0,1,1,0,1,1],[1,1,1,0,1,1,0,1,0,1]]"
3,886,-0.013770463939372144,0.013770463939372144,"[[1,1,0,0,0,1,1,0,1,1],[1,1,1,0,1,1,0,1,1,0]]"
3,887,-0.013721500024528113,0.013721500024528113,"[[1,1,0,0,0,1,1,0,1,1],[1,1,1,0,1,1,0,1,1,1]]"
3,888,-0.016776148962861684,0.016776148962861684,"[[1,1,0,0,0,1,1,0,1,1],[1,1,1,0,1,1,1,0,0,0]]"
3,889,-0.016653616111630916,0.016653616111630916,"[[1,1,0,0,0,1,1,0,1,1],[1,1,1,0,1,1,1,0,0,1]]"
3,890,-0.017165591138370642,0.017165591138370642,"[[1,1,0,0,0,1,1,0,1,1],[1,1,1,0,1,1,1,0,1,0]]"
3,891,-0.017099639533372415,0.017099639533372415,"[[1,1,0,0,0,1,1,0,1,1],[1,1,1,0,1,1,1,0,1,1]]"
3,892,-0.019696296311225336,0.019696296311225336,"[[1,1,0,0,0,1,1,0,1,1],[1,1,1,0,1,1,1,1,0,0]]"
3,893,-0.019580610784045483,0.019580610784045483,"[[1,1,0,0,0,1,1,0,1,1],[1,1,1,0,1,1,1,1,0,1]]"
3,894,-0.020191947434196986,0.020191947434196986,"[[1,1,0,0,0,1,1,0,1,1],[1,1,1,0,1,1,1,1,1,0]]"
3,895,-0.020134926173034414,0.020134926173034414,"[[1,1,0,0,0,1,1,0,1,1],[1,1,1,0,1,1,1,1,1,1]]"
3,896,-0.003756020111705227,0.003756020111705227,"[[1,1,0,0,0,1,1,1,0,0],[1,1,1,0,1,0,0,0,0,0]]"
3,897,-0.00370453432608018,0.00370453432608018,"[[1,1,0,0,0,1,1,1,0,0],[1,1,1,0,1,0,0,0,0,1]]"
3,898,-0.004007878693325963,0.004007878693325963,"[[1,1,0,0,0,1,1,1,0,0],[1,1,1,0,1,0,0,0,1,0]]"
3,899,-0.003970920905190799,0.003970920905190799,"[[1,1,0,0,0,1,1,1,0,0],[1,1,1,0,1,0,0,0,1,1]]"
3,900,-0.005679916868641389,0.005679916868641389,"[[1,1,0,0,0,1,1,1,0,0],[1,1,1,0,1,0,0,1,0,0]]"
3,901,-0.005628683971007989,0.005628683971007989,"[[1,1,0,0,0,1,1,1,0,0],[1,1,1,0,1,0,0,1,0,1]]"
3,902,-0.005946204059373918,0.005946204059373918,"[[1,1,0,0,0,1,1,1,0,0],[1,1,1,0,1,0,0,1,1,0]]"
3,903,-0.0059084878919044735,0.0059084878919044735,"[[1,1,0,0,0,1,1,1,0,0],[1,1,1,0,1,0,0,1,1,1]]"
3,904,-0.007595816135245091,0.007595816135245091,"[[1,1,0,0,0,1,1,1,0,0],[1,1,1,0,1,0,1,0,0,0]]"
3,905,-0.007530653635347685,0.007530653635347685,"[[1,1,0,0,0,1,1,1,0,0],[1,1,1,0,1,0,1,0,0,1]]"
3,906,-0.008067859047047784,0.008067859047047784,"[[1,1,0,0,0,1,1,1,0,0],[1,1,1,0,1,0,1,0,1,0]]"
3,907,-0.007999686161425101,0.007999686161425101,"[[1,1,0,0,0,1,1,1,0,0],[1,1,1,0,1,0,1,0,1,1]]"
3,908,-0.01049586872454608,0.01049586872454608,"[[1,1,0,0,0,1,1,1,0,0],[1,1,1,0,1,0,1,1,0,0]]"
3,909,-0.01042158011314549,0.01042158011314549,"[[1,1,0,0,0,1,1,1,0,0],[1,1,1,0,1,0,1,1,0,1]]"
3,910,-0.010766541191066101,0.010766541191066101,"[[1,1,0,0,0,1,1,1,0,0],[1,1,1,0,1,0,1,1,1,0]]"
3,911,-0.010701980352950464,0.010701980352950464,"[[1,1,0,0,0,1,1,1,0,0],[1,1,1,0,1,0,1,1,1,1]]"
3,912,-0.008097295104108086,0.008097295104108086,"[[1,1,0,0,0,1,1,1,0,0],[1,1,1,0,1,1,0,0,0,0]]"
3,913,-0.008013500253328906,0.008013500253328906,"[[1,1,0,0,0,1,1,1,0,0],[1,1,1,0,1,1,0,0,0,1]]"
3,914,-0.008490814978813507,0.008490814978813507,"[[1,1,0,0,0,1,1,1,0,0],[1,1,1,0,1,1,0,0,1,0]]"
3,915,-0.00842859947532565,0.00842859947532565,"[[1,1,0,0,0,1,1,1,0,0],[1,1,1,0,1,1,0,0,1,1]]"
3,916,-0.010871271299103305,0.010871271299103305,"[[1,1,0,0,0,1,1,1,0,0],[1,1,1,0,1,1,0,1,0,0]]"
3,917,-0.010774652403235791,0.010774652403235791,"[[1,1,0,0,0,1,1,1,0,0],[1,1,1,0,1,1,0,1,0,1]]"
3,918,-0.011100141934574443,0.011100141934574443,"[[1,1,0,0,0,1,1,1,0,0],[1,1,1,0,1,1,0,1,1,0]]"
3,919,-0.011043608352593519,0.011043608352593519,"[[1,1,0,0,0,1,1,1,0,0],[1,1,1,0,1,1,0,1,1,1]]"
3,920,-0.013854670278140295,0.013854670278140295,"[[1,1,0,0,0,1,1,1,0,0],[1,1,1,0,1,1,1,0,0,0]]"
3,921,-0.013739600757169606,0.013739600757169606,"[[1,1,0,0,0,1,1,1,0,0],[1,1,1,0,1,1,1,0,0,1]]"
3,922,-0.014138747379988445,0.014138747379988445,"[[1,1,0,0,0,1,1,1,0,0],[1,1,1,0,1,1,1,0,1,0]]"
3,923,-0.014034283752718788,0.014034283752718788,"[[1,1,0,0,0,1,1,1,0,0],[1,1,1,0,1,1,1,0,1,1]]"
3,924,-0.016709819133076106,0.016709819133076106,"[[1,1,0,0,0,1,1,1,0,0],[1,1,1,0,1,1,1,1,0,0]]"
3,925,-0.01658265404735455,0.01658265404735455,"[[1,1,0,0,0,1,1,1,0,0],[1,1,1,0,1,1,1,1,0,1]]"
3,926,-0.016928161078474026,0.016928161078474026,"[[1,1,0,0,0,1,1,1,0,0],[1,1,1,0,1,1,1,1,1,0]]"
3,927,-0.016860263963595013,0.016860263963595013,"[[1,1,0,0,0,1,1,1,0,0],[1,1,1,0,1,1,1,1,1,1]]"
3,928,-0.003785849847277104,0.003785849847277104,"[[1,1,0,0,0,1,1,1,0,1],[1,1,1,0,1,0,0,0,0,0]]"
3,929,-0.0037342471086546127,0.0037342471086546127,"[[1,1,0,0,0,1,1,1,0,1],[1,1,1,0,1,0,0,0,0,1]]"
3,930,-0.0040497413656711894,0.0040497413656711894,"[[1,1,0,0,0,1,1,1,0,1],[1,1,1,0,1,0,0,0,1,0]]"
3,931,-0.004013047255711792,0.004013047255711792,"[[1,1,0,0,0,1,1,1,0,1],[1,1,1,0,1,0,0,0,1,1]]"
3,932,-0.005714780610455608,0.005714780610455608,"[[1,1,0,0,0,1,1,1,0,1],[1,1,1,0,1,0,0,1,0,0]]"
3,933,-0.005668750492434233,0.005668750492434233,"[[1,1,0,0,0,1,1,1,0,1],[1,1,1,0,1,0,0,1,0,1]]"
3,934,-0.005990395058972701,0.005990395058972701,"[[1,1,0,0,0,1,1,1,0,1],[1,1,1,0,1,0,0,1,1,0]]"
3,935,-0.0059522801081269,0.0059522801081269,"[[1,1,0,0,0,1,1,1,0,1],[1,1,1,0,1,0,0,1,1,1]]"
3,936,-0.007665876411594722,0.007665876411594722,"[[1,1,0,0,0,1,1,1,0,1],[1,1,1,0,1,0,1,0,0,0]]"
3,937,-0.007602910807801016,0.007602910807801016,"[[1,1,0,0,0,1,1,1,0,1],[1,1,1,0,1,0,1,0,0,1]]"
3,938,-0.008117877335048594,0.008117877335048594,"[[1,1,0,0,0,1,1,1,0,1],[1,1,1,0,1,0,1,0,1,0]]"
3,939,-0.008050588717984452,0.008050588717984452,"[[1,1,0,0,0,1,1,1,0,1],[1,1,1,0,1,0,1,0,1,1]]"
3,940,-0.010554686466589538,0.010554686466589538,"[[1,1,0,0,0,1,1,1,0,1],[1,1,1,0,1,0,1,1,0,0]]"
3,941,-0.01048145743570137,0.01048145743570137,"[[1,1,0,0,0,1,1,1,0,1],[1,1,1,0,1,0,1,1,0,1]]"
3,942,-0.010828609839413942,0.010828609839413942,"[[1,1,0,0,0,1,1,1,0,1],[1,1,1,0,1,0,1,1,1,0]]"
3,943,-0.010765244513628654,0.010765244513628654,"[[1,1,0,0,0,1,1,1,0,1],[1,1,1,0,1,0,1,1,1,1]]"
3,944,-0.008155509747320733,0.008155509747320733,"[[1,1,0,0,0,1,1,1,0,1],[1,1,1,0,1,1,0,0,0,0]]"
3,945,-0.008084256600468367,0.008084256600468367,"[[1,1,0,0,0,1,1,1,0,1],[1,1,1,0,1,1,0,0,0,1]]"
3,946,-0.008544515718862316,0.008544515718862316,"[[1,1,0,0,0,1,1,1,0,1],[1,1,1,0,1,1,0,0,1,0]]"
3,947,-0.008480610789566112,0.008480610789566112,"[[1,1,0,0,0,1,1,1,0,1],[1,1,1,0,1,1,0,0,1,1]]"
3,948,-0.010922810481079192,0.010922810481079192,"[[1,1,0,0,0,1,1,1,0,1],[1,1,1,0,1,1,0,1,0,0]]"
3,949,-0.01083491201569782,0.01083491201569782,"[[1,1,0,0,0,1,1,1,0,1],[1,1,1,0,1,1,0,1,0,1]]"
3,950,-0.011166853761974736,0.011166853761974736,"[[1,1,0,0,0,1,1,1,0,1],[1,1,1,0,1,1,0,1,1,0]]"
3,951,-0.011109014833986543,0.011109014833986543,"[[1,1,0,0,0,1,1,1,0,1],[1,1,1,0,1,1,0,1,1,1]]"
3,952,-0.013916285361038732,0.013916285361038732,"[[1,1,0,0,0,1,1,1,0,1],[1,1,1,0,1,1,1,0,0,0]]"
3,953,-0.01380075630835791,0.01380075630835791,"[[1,1,0,0,0,1,1,1,0,1],[1,1,1,0,1,1,1,0,0,1]]"
3,954,-0.01420420266444901,0.01420420266444901,"[[1,1,0,0,0,1,1,1,0,1],[1,1,1,0,1,1,1,0,1,0]]"
3,955,-0.014099441226778742,0.014099441226778742,"[[1,1,0,0,0,1,1,1,0,1],[1,1,1,0,1,1,1,0,1,1]]"
3,956,-0.01676846232735523,0.01676846232735523,"[[1,1,0,0,0,1,1,1,0,1],[1,1,1,0,1,1,1,1,0,0]]"
3,957,-0.016640571138191586,0.016640571138191586,"[[1,1,0,0,0,1,1,1,0,1],[1,1,1,0,1,1,1,1,0,1]]"
3,958,-0.016990192514873798,0.016990192514873798,"[[1,1,0,0,0,1,1,1,0,1],[1,1,1,0,1,1,1,1,1,0]]"
3,959,-0.01691366181381621,0.01691366181381621,"[[1,1,0,0,0,1,1,1,0,1],[1,1,1,0,1,1,1,1,1,1]]"
3,960,-0.0034586902059500486,0.0034586902059500486,"[[1,1,0,0,0,1,1,1,1,0],[1,1,1,0,1,0,0,0,0,0]]"
3,961,-0.0034106617562482612,0.0034106617562482612,"[[1,1,0,0,0,1,1,1,1,0],[1,1,1,0,1,0,0,0,0,1]]"
3,962,-0.003809307762153634,0.003809307762153634,"[[1,1,0,0,0,1,1,1,1,0],[1,1,1,0,1,0,0,0,1,0]]"
3,963,-0.00377129996372319,0.00377129996372319,"[[1,1,0,0,0,1,1,1,1,0],[1,1,1,0,1,0,0,0,1,1]]"
3,964,-0.005255922415476335,0.005255922415476335,"[[1,1,0,0,0,1,1,1,1,0],[1,1,1,0,1,0,0,1,0,0]]"
3,965,-0.0052194046468604085,0.0052194046468604085,"[[1,1,0,0,0,1,1,1,1,0],[1,1,1,0,1,0,0,1,0,1]]"
3,966,-0.005649074313563017,0.005649074313563017,"[[1,1,0,0,0,1,1,1,1,0],[1,1,1,0,1,0,0,1,1,0]]"
3,967,-0.005617324766201559,0.005617324766201559,"[[1,1,0,0,0,1,1,1,1,0],[1,1,1,0,1,0,0,1,1,1]]"
3,968,-0.007026085227800219,0.007026085227800219,"[[1,1,0,0,0,1,1,1,1,0],[1,1,1,0,1,0,1,0,0,0]]"
3,969,-0.006975334790501764,0.006975334790501764,"[[1,1,0,0,0,1,1,1,1,0],[1,1,1,0,1,0,1,0,0,1]]"
3,970,-0.007597464929657321,0.007597464929657321,"[[1,1,0,0,0,1,1,1,1,0],[1,1,1,0,1,0,1,0,1,0]]"
3,971,-0.007539906919014612,0.007539906919014612,"[[1,1,0,0,0,1,1,1,1,0],[1,1,1,0,1,0,1,0,1,1]]"
3,972,-0.009863365411690486,0.009863365411690486,"[[1,1,0,0,0,1,1,1,1,0],[1,1,1,0,1,0,1,1,0,0]]"
3,973,-0.009807855589826346,0.009807855589826346,"[[1,1,0,0,0,1,1,1,1,0],[1,1,1,0,1,0,1,1,0,1]]"
3,974,-0.010285620675835556,0.010285620675835556,"[[1,1,0,0,0,1,1,1,1,0],[1,1,1,0,1,0,1,1,1,0]]"
3,975,-0.010240917814549517,0.010240917814549517,"[[1,1,0,0,0,1,1,1,1,0],[1,1,1,0,1,0,1,1,1,1]]"
3,976,-0.007513970850858399,0.007513970850858399,"[[1,1,0,0,0,1,1,1,1,0],[1,1,1,0,1,1,0,0,0,0]]"
3,977,-0.007463915917960996,0.007463915917960996,"[[1,1,0,0,0,1,1,1,1,0],[1,1,1,0,1,1,0,0,0,1]]"
3,978,-0.00811872029328667,0.00811872029328667,"[[1,1,0,0,0,1,1,1,1,0],[1,1,1,0,1,1,0,0,1,0]]"
3,979,-0.008056688022328127,0.008056688022328127,"[[1,1,0,0,0,1,1,1,1,0],[1,1,1,0,1,1,0,0,1,1]]"
3,980,-0.01017969160438597,0.01017969160438597,"[[1,1,0,0,0,1,1,1,1,0],[1,1,1,0,1,1,0,1,0,0]]"
3,981,-0.010126677660338892,0.010126677660338892,"[[1,1,0,0,0,1,1,1,1,0],[1,1,1,0,1,1,0,1,0,1]]"
3,982,-0.010656844358447775,0.010656844358447775,"[[1,1,0,0,0,1,1,1,1,0],[1,1,1,0,1,1,0,1,1,0]]"
3,983,-0.010606861058449445,0.010606861058449445,"[[1,1,0,0,0,1,1,1,1,0],[1,1,1,0,1,1,0,1,1,1]]"
3,984,-0.013044204962922516,0.013044204962922516,"[[1,1,0,0,0,1,1,1,1,0],[1,1,1,0,1,1,1,0,0,0]]"
3,985,-0.012942694620055458,0.012942694620055458,"[[1,1,0,0,0,1,1,1,1,0],[1,1,1,0,1,1,1,0,0,1]]"
3,986,-0.013461963428407274,0.013461963428407274,"[[1,1,0,0,0,1,1,1,1,0],[1,1,1,0,1,1,1,0,1,0]]"
3,987,-0.013367358423056284,0.013367358423056284,"[[1,1,0,0,0,1,1,1,1,0],[1,1,1,0,1,1,1,0,1,1]]"
3,988,-0.015802381826623534,0.015802381826623534,"[[1,1,0,0,0,1,1,1,1,0],[1,1,1,0,1,1,1,1,0,0]]"
3,989,-0.01569732282829318,0.01569732282829318,"[[1,1,0,0,0,1,1,1,1,0],[1,1,1,0,1,1,1,1,0,1]]"
3,990,-0.01620741208661644,0.01620741208661644,"[[1,1,0,0,0,1,1,1,1,0],[1,1,1,0,1,1,1,1,1,0]]"
3,991,-0.016167586615963493,0.016167586615963493,"[[1,1,0,0,0,1,1,1,1,0],[1,1,1,0,1,1,1,1,1,1]]"
3,992,-0.003486033610989965,0.003486033610989965,"[[1,1,0,0,0,1,1,1,1,1],[1,1,1,0,1,0,0,0,0,0]]"
3,993,-0.003438142873341148,0.003438142873341148,"[[1,1,0,0,0,1,1,1,1,1],[1,1,1,0,1,0,0,0,0,1]]"
3,994,-0.003846211906032816,0.003846211906032816,"[[1,1,0,0,0,1,1,1,1,1],[1,1,1,0,1,0,0,0,1,0]]"
3,995,-0.003806669375531935,0.003806669375531935,"[[1,1,0,0,0,1,1,1,1,1],[1,1,1,0,1,0,0,0,1,1]]"
3,996,-0.005297033398710723,0.005297033398710723,"[[1,1,0,0,0,1,1,1,1,1],[1,1,1,0,1,0,0,1,0,0]]"
3,997,-0.005260362567166305,0.005260362567166305,"[[1,1,0,0,0,1,1,1,1,1],[1,1,1,0,1,0,0,1,0,1]]"
3,998,-0.005692507389027498,0.005692507389027498,"[[1,1,0,0,0,1,1,1,1,1],[1,1,1,0,1,0,0,1,1,0]]"
3,999,-0.005660752615032483,0.005660752615032483,"[[1,1,0,0,0,1,1,1,1,1],[1,1,1,0,1,0,0,1,1,1]]"
3,1000,-0.007098287476745802,0.007098287476745802,"[[1,1,0,0,0,1,1,1,1,1],[1,1,1,0,1,0,1,0,0,0]]"
3,1001,-0.0070501150731257425,0.0070501150731257425,"[[1,1,0,0,0,1,1,1,1,1],[1,1,1,0,1,0,1,0,0,1]]"
3,1002,-0.007646806395021046,0.007646806395021046,"[[1,1,0,0,0,1,1,1,1,1],[1,1,1,0,1,0,1,0,1,0]]"
3,1003,-0.0075964680374886314,0.0075964680374886314,"[[1,1,0,0,0,1,1,1,1,1],[1,1,1,0,1,0,1,0,1,1]]"
3,1004,-0.009925576826434475,0.009925576826434475,"[[1,1,0,0,0,1,1,1,1,1],[1,1,1,0,1,0,1,1,0,0]]"
3,1005,-0.009871608717824573,0.009871608717824573,"[[1,1,0,0,0,1,1,1,1,1],[1,1,1,0,1,0,1,1,0,1]]"
3,1006,-0.010351428265600076,0.010351428265600076,"[[1,1,0,0,0,1,1,1,1,1],[1,1,1,0,1,0,1,1,1,0]]"
3,1007,-0.01031010479174435,0.01031010479174435,"[[1,1,0,0,0,1,1,1,1,1],[1,1,1,0,1,0,1,1,1,1]]"
3,1008,-0.007584122513209723,0.007584122513209723,"[[1,1,0,0,0,1,1,1,1,1],[1,1,1,0,1,1,0,0,0,0]]"
3,1009,-0.007533582616222327,0.007533582616222327,"[[1,1,0,0,0,1,1,1,1,1],[1,1,1,0,1,1,0,0,0,1]]"
3,1010,-0.008168569161374171,0.008168569161374171,"[[1,1,0,0,0,1,1,1,1,1],[1,1,1,0,1,1,0,0,1,0]]"
3,1011,-0.008105015981617843,0.008105015981617843,"[[1,1,0,0,0,1,1,1,1,1],[1,1,1,0,1,1,0,0,1,1]]"
3,1012,-0.010244677464952334,0.010244677464952334,"[[1,1,0,0,0,1,1,1,1,1],[1,1,1,0,1,1,0,1,0,0]]"
3,1013,-0.01019071493843159,0.01019071493843159,"[[1,1,0,0,0,1,1,1,1,1],[1,1,1,0,1,1,0,1,0,1]]"
3,1014,-0.010722892197947132,0.010722892197947132,"[[1,1,0,0,0,1,1,1,1,1],[1,1,1,0,1,1,0,1,1,0]]"
3,1015,-0.01067229738537502,0.01067229738537502,"[[1,1,0,0,0,1,1,1,1,1],[1,1,1,0,1,1,0,1,1,1]]"
3,1016,-0.013106893007450073,0.013106893007450073,"[[1,1,0,0,0,1,1,1,1,1],[1,1,1,0,1,1,1,0,0,0]]"
3,1017,-0.013005298349090522,0.013005298349090522,"[[1,1,0,0,0,1,1,1,1,1],[1,1,1,0,1,1,1,0,0,1]]"
3,1018,-0.013526599187145298,0.013526599187145298,"[[1,1,0,0,0,1,1,1,1,1],[1,1,1,0,1,1,1,0,1,0]]"
3,1019,-0.013432025805961405,0.013432025805961405,"[[1,1,0,0,0,1,1,1,1,1],[1,1,1,0,1,1,1,0,1,1]]"
3,1020,-0.01586548173207752,0.01586548173207752,"[[1,1,0,0,0,1,1,1,1,1],[1,1,1,0,1,1,1,1,0,0]]"
3,1021,-0.0157602704422275,0.0157602704422275,"[[1,1,0,0,0,1,1,1,1,1],[1,1,1,0,1,1,1,1,0,1]]"
3,1022,-0.0162714687096491,0.0162714687096491,"[[1,1,0,0,0,1,1,1,1,1],[1,1,1,0,1,1,1,1,1,0]]"
3,1023,-0.016225806646168687,0.016225806646168687,"[[1,1,0,0,0,1,1,1,1,1],[1,1,1,0,1,1,1,1,1,1]]"
4,0,-0.02049156790387248,0.02049156790387248,"[[1,1,0,0,0,0,0,0,0,0],[1,1,1,0,1,0,0,0,0,0]]"
4,1,-0.02044060958410835,0.02044060958410835,"[[1,1,0,0,0,0,0,0,0,0],[1,1,1,0,1,0,0,0,0,1]]"
4,2,-0.021176507084161644,0.021176507084161644,"[[1,1,0,0,0,0,0,0,0,0],[1,1,1,0,1,0,0,0,1,0]]"
4,3,-0.02112662054198365,0.02112662054198365,"[[1,1,0,0,0,0,0,0,0,0],[1,1,1,0,1,0,0,0,1,1]]"
4,4,-0.02431721078953733,0.02431721078953733,"[[1,1,0,0,0,0,0,0,0,0],[1,1,1,0,1,0,0,1,0,0]]"
4,5,-0.024253816602770775,0.024253816602770775,"[[1,1,0,0,0,0,0,0,0,0],[1,1,1,0,1,0,0,1,0,1]]"
4,6,-0.02507765323940179,0.02507765323940179,"[[1,1,0,0,0,0,0,0,0,0],[1,1,1,0,1,0,0,1,1,0]]"
4,7,-0.025015414669369497,0.025015414669369497,"[[1,1,0,0,0,0,0,0,0,0],[1,1,1,0,1,0,0,1,1,1]]"
4,8,-0.030011012181250893,0.030011012181250893,"[[1,1,0,0,0,0,0,0,0,0],[1,1,1,0,1,0,1,0,0,0]]"
4,9,-0.02993223141370336,0.02993223141370336,"[[1,1,0,0,0,0,0,0,0,0],[1,1,1,0,1,0,1,0,0,1]]"
4,10,-0.030872617032431483,0.030872617032431483,"[[1,1,0,0,0,0,0,0,0,0],[1,1,1,0,1,0,1,0,1,0]]"
4,11,-0.030794910023222807,0.030794910023222807,"[[1,1,0,0,0,0,0,0,0,0],[1,1,1,0,1,0,1,0,1,1]]"
4,12,-0.03476753649010935,0.03476753649010935,"[[1,1,0,0,0,0,0,0,0,0],[1,1,1,0,1,0,1,1,0,0]]"
4,13,-0.03468584851413483,0.03468584851413483,"[[1,1,0,0,0,0,0,0,0,0],[1,1,1,0,1,0,1,1,0,1]]"
4,14,-0.03571594300059023,0.03571594300059023,"[[1,1,0,0,0,0,0,0,0,0],[1,1,1,0,1,0,1,1,1,0]]"
4,15,-0.03563532703583378,0.03563532703583378,"[[1,1,0,0,0,0,0,0,0,0],[1,1,1,0,1,0,1,1,1,1]]"
4,16,-0.03340268091317307,0.03340268091317307,"[[1,1,0,0,0,0,0,0,0,0],[1,1,1,0,1,1,0,0,0,0]]"
4,17,-0.033273233748953024,0.033273233748953024,"[[1,1,0,0,0,0,0,0,0,0],[1,1,1,0,1,1,0,0,0,1]]"
4,18,-0.03435757719937868,0.03435757719937868,"[[1,1,0,0,0,0,0,0,0,0],[1,1,1,0,1,1,0,0,1,0]]"
4,19,-0.034228758507170866,0.034228758507170866,"[[1,1,0,0,0,0,0,0,0,0],[1,1,1,0,1,1,0,0,1,1]]"
4,20,-0.038695829488238756,0.038695829488238756,"[[1,1,0,0,0,0,0,0,0,0],[1,1,1,0,1,1,0,1,0,0]]"
4,21,-0.03855236038045344,0.03855236038045344,"[[1,1,0,0,0,0,0,0,0,0],[1,1,1,0,1,1,0,1,0,1]]"
4,22,-0.0397312539419625,0.0397312539419625,"[[1,1,0,0,0,0,0,0,0,0],[1,1,1,0,1,1,0,1,1,0]]"
4,23,-0.039588322255940785,0.039588322255940785,"[[1,1,0,0,0,0,0,0,0,0],[1,1,1,0,1,1,0,1,1,1]]"
4,24,-0.046283678576553,0.046283678576553,"[[1,1,0,0,0,0,0,0,0,0],[1,1,1,0,1,1,1,0,0,0]]"
4,25,-0.04612879069963634,0.04612879069963634,"[[1,1,0,0,0,0,0,0,0,0],[1,1,1,0,1,1,1,0,0,1]]"
4,26,-0.04743564026308606,0.04743564026308606,"[[1,1,0,0,0,0,0,0,0,0],[1,1,1,0,1,1,1,0,1,0]]"
4,27,-0.047281197850414534,0.047281197850414534,"[[1,1,0,0,0,0,0,0,0,0],[1,1,1,0,1,1,1,0,1,1]]"
4,28,-0.05259237755477945,0.05259237755477945,"[[1,1,0,0,0,0,0,0,0,0],[1,1,1,0,1,1,1,1,0,0]]"
4,29,-0.05244379737071302,0.05244379737071302,"[[1,1,0,0,0,0,0,0,0,0],[1,1,1,0,1,1,1,1,0,1]]"
4,30,-0.053825412121846127,0.053825412121846127,"[[1,1,0,0,0,0,0,0,0,0],[1,1,1,0,1,1,1,1,1,0]]"
4,31,-0.05368435103419758,0.05368435103419758,"[[1,1,0,0,0,0,0,0,0,0],[1,1,1,0,1,1,1,1,1,1]]"
4,32,-0.020480091221001185,0.020480091221001185,"[[1,1,0,0,0,0,0,0,0,1],[1,1,1,0,1,0,0,0,0,0]]"
4,33,-0.020419207531808373,0.020419207531808373,"[[1,1,0,0,0,0,0,0,0,1],[1,1,1,0,1,0,0,0,0,1]]"
4,34,-0.02116281832836266,0.02116281832836266,"[[1,1,0,0,0,0,0,0,0,1],[1,1,1,0,1,0,0,0,1,0]]"
4,35,-0.021102877226121367,0.021102877226121367,"[[1,1,0,0,0,0,0,0,0,1],[1,1,1,0,1,0,0,0,1,1]]"
4,36,-0.024313231079163708,0.024313231079163708,"[[1,1,0,0,0,0,0,0,0,1],[1,1,1,0,1,0,0,1,0,0]]"
4,37,-0.02424747700925064,0.02424747700925064,"[[1,1,0,0,0,0,0,0,0,1],[1,1,1,0,1,0,0,1,0,1]]"
4,38,-0.025073179606347865,0.025073179606347865,"[[1,1,0,0,0,0,0,0,0,1],[1,1,1,0,1,0,0,1,1,0]]"
4,39,-0.025008448863998726,0.025008448863998726,"[[1,1,0,0,0,0,0,0,0,1],[1,1,1,0,1,0,0,1,1,1]]"
4,40,-0.029975060919797684,0.029975060919797684,"[[1,1,0,0,0,0,0,0,0,1],[1,1,1,0,1,0,1,0,0,0]]"
4,41,-0.029893249470383708,0.029893249470383708,"[[1,1,0,0,0,0,0,0,0,1],[1,1,1,0,1,0,1,0,0,1]]"
4,42,-0.030836150517423402,0.030836150517423402,"[[1,1,0,0,0,0,0,0,0,1],[1,1,1,0,1,0,1,0,1,0]]"
4,43,-0.030755278426676934,0.030755278426676934,"[[1,1,0,0,0,0,0,0,0,1],[1,1,1,0,1,0,1,0,1,1]]"
4,44,-0.034755605277630275,0.034755605277630275,"[[1,1,0,0,0,0,0,0,0,1],[1,1,1,0,1,0,1,1,0,0]]"
4,45,-0.03467031170090346,0.03467031170090346,"[[1,1,0,0,0,0,0,0,0,1],[1,1,1,0,1,0,1,1,0,1]]"
4,46,-0.03570347834666018,0.03570347834666018,"[[1,1,0,0,0,0,0,0,0,1],[1,1,1,0,1,0,1,1,1,0]]"
4,47,-0.035617901422951195,0.035617901422951195,"[[1,1,0,0,0,0,0,0,0,1],[1,1,1,0,1,0,1,1,1,1]]"
4,48,-0.033397863822983716,0.033397863822983716,"[[1,1,0,0,0,0,0,0,0,1],[1,1,1,0,1,1,0,0,0,0]]"
4,49,-0.033263815238804215,0.033263815238804215,"[[1,1,0,0,0,0,0,0,0,1],[1,1,1,0,1,1,0,0,0,1]]"
4,50,-0.03435206917267795,0.03435206917267795,"[[1,1,0,0,0,0,0,0,0,1],[1,1,1,0,1,1,0,0,1,0]]"
4,51,-0.03421829586937839,0.03421829586937839,"[[1,1,0,0,0,0,0,0,0,1],[1,1,1,0,1,1,0,0,1,1]]"
4,52,-0.038683191226628263,0.038683191226628263,"[[1,1,0,0,0,0,0,0,0,1],[1,1,1,0,1,1,0,1,0,0]]"
4,53,-0.03853395886797647,0.03853395886797647,"[[1,1,0,0,0,0,0,0,0,1],[1,1,1,0,1,1,0,1,0,1]]"
4,54,-0.039718468337897245,0.039718468337897245,"[[1,1,0,0,0,0,0,0,0,1],[1,1,1,0,1,1,0,1,1,0]]"
4,55,-0.03956963598269116,0.03956963598269116,"[[1,1,0,0,0,0,0,0,0,1],[1,1,1,0,1,1,0,1,1,1]]"
4,56,-0.046239692863908714,0.046239692863908714,"[[1,1,0,0,0,0,0,0,0,1],[1,1,1,0,1,1,1,0,0,0]]"
4,57,-0.04608341509649555,0.04608341509649555,"[[1,1,0,0,0,0,0,0,0,1],[1,1,1,0,1,1,1,0,0,1]]"
4,58,-0.0473816732666487,0.0473816732666487,"[[1,1,0,0,0,0,0,0,0,1],[1,1,1,0,1,1,1,0,1,0]]"
4,59,-0.04723324669584665,0.04723324669584665,"[[1,1,0,0,0,0,0,0,0,1],[1,1,1,0,1,1,1,0,1,1]]"
4,60,-0.05254319378444948,0.05254319378444948,"[[1,1,0,0,0,0,0,0,0,1],[1,1,1,0,1,1,1,1,0,0]]"
4,61,-0.052394068027394075,0.052394068027394075,"[[1,1,0,0,0,0,0,0,0,1],[1,1,1,0,1,1,1,1,0,1]]"
4,62,-0.05377566668131355,0.05377566668131355,"[[1,1,0,0,0,0,0,0,0,1],[1,1,1,0,1,1,1,1,1,0]]"
4,63,-0.05362730741355804,0.05362730741355804,"[[1,1,0,0,0,0,0,0,0,1],[1,1,1,0,1,1,1,1,1,1]]"
4,64,-0.01953081886308038,0.01953081886308038,"[[1,1,0,0,0,0,0,0,1,0],[1,1,1,0,1,0,0,0,0,0]]"
4,65,-0.019469522338798912,0.019469522338798912,"[[1,1,0,0,0,0,0,0,1,0],[1,1,1,0,1,0,0,0,0,1]]"
4,66,-0.020397291396571933,0.020397291396571933,"[[1,1,0,0,0,0,0,0,1,0],[1,1,1,0,1,0,0,0,1,0]]"
4,67,-0.02033430650978925,0.02033430650978925,"[[1,1,0,0,0,0,0,0,1,0],[1,1,1,0,1,0,0,0,1,1]]"
4,68,-0.023277434378484046,0.023277434378484046,"[[1,1,0,0,0,0,0,0,1,0],[1,1,1,0,1,0,0,1,0,0]]"
4,69,-0.023200485445416894,0.023200485445416894,"[[1,1,0,0,0,0,0,0,1,0],[1,1,1,0,1,0,0,1,0,1]]"
4,70,-0.02422787435358313,0.02422787435358313,"[[1,1,0,0,0,0,0,0,1,0],[1,1,1,0,1,0,0,1,1,0]]"
4,71,-0.024149927733037223,0.024149927733037223,"[[1,1,0,0,0,0,0,0,1,0],[1,1,1,0,1,0,0,1,1,1]]"
4,72,-0.028828928559913876,0.028828928559913876,"[[1,1,0,0,0,0,0,0,1,0],[1,1,1,0,1,0,1,0,0,0]]"
4,73,-0.028745530665967745,0.028745530665967745,"[[1,1,0,0,0,0,0,0,1,0],[1,1,1,0,1,0,1,0,0,1]]"
4,74,-0.02991804643404772,0.02991804643404772,"[[1,1,0,0,0,0,0,0,1,0],[1,1,1,0,1,0,1,0,1,0]]"
4,75,-0.02983295935335394,0.02983295935335394,"[[1,1,0,0,0,0,0,0,1,0],[1,1,1,0,1,0,1,0,1,1]]"
4,76,-0.03346556315526894,0.03346556315526894,"[[1,1,0,0,0,0,0,0,1,0],[1,1,1,0,1,0,1,1,0,0]]"
4,77,-0.033366525909529765,0.033366525909529765,"[[1,1,0,0,0,0,0,0,1,0],[1,1,1,0,1,0,1,1,0,1]]"
4,78,-0.03466098732077128,0.03466098732077128,"[[1,1,0,0,0,0,0,0,1,0],[1,1,1,0,1,0,1,1,1,0]]"
4,79,-0.034560253227832426,0.034560253227832426,"[[1,1,0,0,0,0,0,0,1,0],[1,1,1,0,1,0,1,1,1,1]]"
4,80,-0.0319625904354869,0.0319625904354869,"[[1,1,0,0,0,0,0,0,1,0],[1,1,1,0,1,1,0,0,0,0]]"
4,81,-0.031839494984223914,0.031839494984223914,"[[1,1,0,0,0,0,0,0,1,0],[1,1,1,0,1,1,0,0,0,1]]"
4,82,-0.03315463234371697,0.03315463234371697,"[[1,1,0,0,0,0,0,0,1,0],[1,1,1,0,1,1,0,0,1,0]]"
4,83,-0.03302970527423141,0.03302970527423141,"[[1,1,0,0,0,0,0,0,1,0],[1,1,1,0,1,1,0,0,1,1]]"
4,84,-0.03703973486536478,0.03703973486536478,"[[1,1,0,0,0,0,0,0,1,0],[1,1,1,0,1,1,0,1,0,0]]"
4,85,-0.036903538999218784,0.036903538999218784,"[[1,1,0,0,0,0,0,0,1,0],[1,1,1,0,1,1,0,1,0,1]]"
4,86,-0.03816580913419347,0.03816580913419347,"[[1,1,0,0,0,0,0,0,1,0],[1,1,1,0,1,1,0,1,1,0]]"
4,87,-0.038030012559215634,0.038030012559215634,"[[1,1,0,0,0,0,0,0,1,0],[1,1,1,0,1,1,0,1,1,1]]"
4,88,-0.04455648922054932,0.04455648922054932,"[[1,1,0,0,0,0,0,0,1,0],[1,1,1,0,1,1,1,0,0,0]]"
4,89,-0.04440778761185764,0.04440778761185764,"[[1,1,0,0,0,0,0,0,1,0],[1,1,1,0,1,1,1,0,0,1]]"
4,90,-0.045990962034360795,0.045990962034360795,"[[1,1,0,0,0,0,0,0,1,0],[1,1,1,0,1,1,1,0,1,0]]"
4,91,-0.04584056305257915,0.04584056305257915,"[[1,1,0,0,0,0,0,0,1,0],[1,1,1,0,1,1,1,0,1,1]]"
4,92,-0.0506757188216619,0.0506757188216619,"[[1,1,0,0,0,0,0,0,1,0],[1,1,1,0,1,1,1,1,0,0]]"
4,93,-0.05051062076941996,0.05051062076941996,"[[1,1,0,0,0,0,0,0,1,0],[1,1,1,0,1,1,1,1,0,1]]"
4,94,-0.052002814097324095,0.052002814097324095,"[[1,1,0,0,0,0,0,0,1,0],[1,1,1,0,1,1,1,1,1,0]]"
4,95,-0.051832196518040344,0.051832196518040344,"[[1,1,0,0,0,0,0,0,1,0],[1,1,1,0,1,1,1,1,1,1]]"
4,96,-0.019551910482166833,0.019551910482166833,"[[1,1,0,0,0,0,0,0,1,1],[1,1,1,0,1,0,0,0,0,0]]"
4,97,-0.01948922624567144,0.01948922624567144,"[[1,1,0,0,0,0,0,0,1,1],[1,1,1,0,1,0,0,0,0,1]]"
4,98,-0.02041637909137079,0.02041637909137079,"[[1,1,0,0,0,0,0,0,1,1],[1,1,1,0,1,0,0,0,1,0]]"
4,99,-0.02035181253162483,0.02035181253162483,"[[1,1,0,0,0,0,0,0,1,1],[1,1,1,0,1,0,0,0,1,1]]"
4,100,-0.023293012819718236,0.023293012819718236,"[[1,1,0,0,0,0,0,0,1,1],[1,1,1,0,1,0,0,1,0,0]]"
4,101,-0.02321382113306785,0.02321382113306785,"[[1,1,0,0,0,0,0,0,1,1],[1,1,1,0,1,0,0,1,0,1]]"
4,102,-0.024240225605322865,0.024240225605322865,"[[1,1,0,0,0,0,0,0,1,1],[1,1,1,0,1,0,0,1,1,0]]"
4,103,-0.024161721572205884,0.024161721572205884,"[[1,1,0,0,0,0,0,0,1,1],[1,1,1,0,1,0,0,1,1,1]]"
4,104,-0.028831810643414776,0.028831810643414776,"[[1,1,0,0,0,0,0,0,1,1],[1,1,1,0,1,0,1,0,0,0]]"
4,105,-0.028736034185657785,0.028736034185657785,"[[1,1,0,0,0,0,0,0,1,1],[1,1,1,0,1,0,1,0,0,1]]"
4,106,-0.02991661557048072,0.02991661557048072,"[[1,1,0,0,0,0,0,0,1,1],[1,1,1,0,1,0,1,0,1,0]]"
4,107,-0.029818746576575586,0.029818746576575586,"[[1,1,0,0,0,0,0,0,1,1],[1,1,1,0,1,0,1,0,1,1]]"
4,108,-0.03347665099893364,0.03347665099893364,"[[1,1,0,0,0,0,0,0,1,1],[1,1,1,0,1,0,1,1,0,0]]"
4,109,-0.033374142755451724,0.033374142755451724,"[[1,1,0,0,0,0,0,0,1,1],[1,1,1,0,1,0,1,1,0,1]]"
4,110,-0.034665747634416454,0.034665747634416454,"[[1,1,0,0,0,0,0,0,1,1],[1,1,1,0,1,0,1,1,1,0]]"
4,111,-0.03456567587257497,0.03456567587257497,"[[1,1,0,0,0,0,0,0,1,1],[1,1,1,0,1,0,1,1,1,1]]"
4,112,-0.0319598001045202,0.0319598001045202,"[[1,1,0,0,0,0,0,0,1,1],[1,1,1,0,1,1,0,0,0,0]]"
4,113,-0.03183221448655969,0.03183221448655969,"[[1,1,0,0,0,0,0,0,1,1],[1,1,1,0,1,1,0,0,0,1]]"
4,114,-0.03314990435542765,0.03314990435542765,"[[1,1,0,0,0,0,0,0,1,1],[1,1,1,0,1,1,0,0,1,0]]"
4,115,-0.033020300967851676,0.033020300967851676,"[[1,1,0,0,0,0,0,0,1,1],[1,1,1,0,1,1,0,0,1,1]]"
4,116,-0.03703119474341694,0.03703119474341694,"[[1,1,0,0,0,0,0,0,1,1],[1,1,1,0,1,1,0,1,0,0]]"
4,117,-0.036889637033588066,0.036889637033588066,"[[1,1,0,0,0,0,0,0,1,1],[1,1,1,0,1,1,0,1,0,1]]"
4,118,-0.03815711376124629,0.03815711376124629,"[[1,1,0,0,0,0,0,0,1,1],[1,1,1,0,1,1,0,1,1,0]]"
4,119,-0.038015882199657756,0.038015882199657756,"[[1,1,0,0,0,0,0,0,1,1],[1,1,1,0,1,1,0,1,1,1]]"
4,120,-0.04454475626100568,0.04454475626100568,"[[1,1,0,0,0,0,0,0,1,1],[1,1,1,0,1,1,1,0,0,0]]"
4,121,-0.04439000939186001,0.04439000939186001,"[[1,1,0,0,0,0,0,0,1,1],[1,1,1,0,1,1,1,0,0,1]]"
4,122,-0.04597722097181525,0.04597722097181525,"[[1,1,0,0,0,0,0,0,1,1],[1,1,1,0,1,1,1,0,1,0]]"
4,123,-0.04582060595999268,0.04582060595999268,"[[1,1,0,0,0,0,0,0,1,1],[1,1,1,0,1,1,1,0,1,1]]"
4,124,-0.05065848889705169,0.05065848889705169,"[[1,1,0,0,0,0,0,0,1,1],[1,1,1,0,1,1,1,1,0,0]]"
4,125,-0.050486459717142586,0.050486459717142586,"[[1,1,0,0,0,0,0,0,1,1],[1,1,1,0,1,1,1,1,0,1]]"
4,126,-0.05198541772227255,0.05198541772227255,"[[1,1,0,0,0,0,0,0,1,1],[1,1,1,0,1,1,1,1,1,0]]"
4,127,-0.05180683153376007,0.05180683153376007,"[[1,1,0,0,0,0,0,0,1,1],[1,1,1,0,1,1,1,1,1,1]]"
4,128,-0.01610775887202579,0.01610775887202579,"[[1,1,0,0,0,0,0,1,0,0],[1,1,1,0,1,0,0,0,0,0]]"
4,129,-0.015975501905144712,0.015975501905144712,"[[1,1,0,0,0,0,0,1,0,0],[1,1,1,0,1,0,0,0,0,1]]"
4,130,-0.016399123962829196,0.016399123962829196,"[[1,1,0,0,0,0,0,1,0,0],[1,1,1,0,1,0,0,0,1,0]]"
4,131,-0.016333210310547696,0.016333210310547696,"[[1,1,0,0,0,0,0,1,0,0],[1,1,1,0,1,0,0,0,1,1]]"
4,132,-0.019578039886735996,0.019578039886735996,"[[1,1,0,0,0,0,0,1,0,0],[1,1,1,0,1,0,0,1,0,0]]"
4,133,-0.019513563910824615,0.019513563910824615,"[[1,1,0,0,0,0,0,1,0,0],[1,1,1,0,1,0,0,1,0,1]]"
4,134,-0.020259324242996347,0.020259324242996347,"[[1,1,0,0,0,0,0,1,0,0],[1,1,1,0,1,0,0,1,1,0]]"
4,135,-0.020195296308202323,0.020195296308202323,"[[1,1,0,0,0,0,0,1,0,0],[1,1,1,0,1,0,0,1,1,1]]"
4,136,-0.0244305278719589,0.0244305278719589,"[[1,1,0,0,0,0,0,1,0,0],[1,1,1,0,1,0,1,0,0,0]]"
4,137,-0.0242680653676747,0.0242680653676747,"[[1,1,0,0,0,0,0,1,0,0],[1,1,1,0,1,0,1,0,0,1]]"
4,138,-0.024810166737691843,0.024810166737691843,"[[1,1,0,0,0,0,0,1,0,0],[1,1,1,0,1,0,1,0,1,0]]"
4,139,-0.024713037652856516,0.024713037652856516,"[[1,1,0,0,0,0,0,1,0,0],[1,1,1,0,1,0,1,0,1,1]]"
4,140,-0.02894853379529899,0.02894853379529899,"[[1,1,0,0,0,0,0,1,0,0],[1,1,1,0,1,0,1,1,0,0]]"
4,141,-0.028858468380672804,0.028858468380672804,"[[1,1,0,0,0,0,0,1,0,0],[1,1,1,0,1,0,1,1,0,1]]"
4,142,-0.02981287447380689,0.02981287447380689,"[[1,1,0,0,0,0,0,1,0,0],[1,1,1,0,1,0,1,1,1,0]]"
4,143,-0.029721254132131968,0.029721254132131968,"[[1,1,0,0,0,0,0,1,0,0],[1,1,1,0,1,0,1,1,1,1]]"
4,144,-0.027484119556318135,0.027484119556318135,"[[1,1,0,0,0,0,0,1,0,0],[1,1,1,0,1,1,0,0,0,0]]"
4,145,-0.027240868750307165,0.027240868750307165,"[[1,1,0,0,0,0,0,1,0,0],[1,1,1,0,1,1,0,0,0,1]]"
4,146,-0.027746152354561744,0.027746152354561744,"[[1,1,0,0,0,0,0,1,0,0],[1,1,1,0,1,1,0,0,1,0]]"
4,147,-0.027609748387233048,0.027609748387233048,"[[1,1,0,0,0,0,0,1,0,0],[1,1,1,0,1,1,0,0,1,1]]"
4,148,-0.03205700780724268,0.03205700780724268,"[[1,1,0,0,0,0,0,1,0,0],[1,1,1,0,1,1,0,1,0,0]]"
4,149,-0.031933646389075566,0.031933646389075566,"[[1,1,0,0,0,0,0,1,0,0],[1,1,1,0,1,1,0,1,0,1]]"
4,150,-0.03299808958319116,0.03299808958319116,"[[1,1,0,0,0,0,0,1,0,0],[1,1,1,0,1,1,0,1,1,0]]"
4,151,-0.03287518313561214,0.03287518313561214,"[[1,1,0,0,0,0,0,1,0,0],[1,1,1,0,1,1,0,1,1,1]]"
4,152,-0.03890639407765853,0.03890639407765853,"[[1,1,0,0,0,0,0,1,0,0],[1,1,1,0,1,1,1,0,0,0]]"
4,153,-0.038645515069500036,0.038645515069500036,"[[1,1,0,0,0,0,0,1,0,0],[1,1,1,0,1,1,1,0,0,1]]"
4,154,-0.03927243986828049,0.03927243986828049,"[[1,1,0,0,0,0,0,1,0,0],[1,1,1,0,1,1,1,0,1,0]]"
4,155,-0.039102324005134276,0.039102324005134276,"[[1,1,0,0,0,0,0,1,0,0],[1,1,1,0,1,1,1,0,1,1]]"
4,156,-0.044676125203513405,0.044676125203513405,"[[1,1,0,0,0,0,0,1,0,0],[1,1,1,0,1,1,1,1,0,0]]"
4,157,-0.044524944834861684,0.044524944834861684,"[[1,1,0,0,0,0,0,1,0,0],[1,1,1,0,1,1,1,1,0,1]]"
4,158,-0.04580938488055647,0.04580938488055647,"[[1,1,0,0,0,0,0,1,0,0],[1,1,1,0,1,1,1,1,1,0]]"
4,159,-0.04565865725501784,0.04565865725501784,"[[1,1,0,0,0,0,0,1,0,0],[1,1,1,0,1,1,1,1,1,1]]"
4,160,-0.016127829372413485,0.016127829372413485,"[[1,1,0,0,0,0,0,1,0,1],[1,1,1,0,1,0,0,0,0,0]]"
4,161,-0.01598163940089577,0.01598163940089577,"[[1,1,0,0,0,0,0,1,0,1],[1,1,1,0,1,0,0,0,0,1]]"
4,162,-0.01641131829587631,0.01641131829587631,"[[1,1,0,0,0,0,0,1,0,1],[1,1,1,0,1,0,0,0,1,0]]"
4,163,-0.01634189679427015,0.01634189679427015,"[[1,1,0,0,0,0,0,1,0,1],[1,1,1,0,1,0,0,0,1,1]]"
4,164,-0.019597564627495373,0.019597564627495373,"[[1,1,0,0,0,0,0,1,0,1],[1,1,1,0,1,0,0,1,0,0]]"
4,165,-0.019526736139852275,0.019526736139852275,"[[1,1,0,0,0,0,0,1,0,1],[1,1,1,0,1,0,0,1,0,1]]"
4,166,-0.02027868684927904,0.02027868684927904,"[[1,1,0,0,0,0,0,1,0,1],[1,1,1,0,1,0,0,1,1,0]]"
4,167,-0.020206485349413616,0.020206485349413616,"[[1,1,0,0,0,0,0,1,0,1],[1,1,1,0,1,0,0,1,1,1]]"
4,168,-0.02444244569587964,0.02444244569587964,"[[1,1,0,0,0,0,0,1,0,1],[1,1,1,0,1,0,1,0,0,0]]"
4,169,-0.02426522204561198,0.02426522204561198,"[[1,1,0,0,0,0,0,1,0,1],[1,1,1,0,1,0,1,0,0,1]]"
4,170,-0.02481204728807424,0.02481204728807424,"[[1,1,0,0,0,0,0,1,0,1],[1,1,1,0,1,0,1,0,1,0]]"
4,171,-0.024705570464910242,0.024705570464910242,"[[1,1,0,0,0,0,0,1,0,1],[1,1,1,0,1,0,1,0,1,1]]"
4,172,-0.028938904162876002,0.028938904162876002,"[[1,1,0,0,0,0,0,1,0,1],[1,1,1,0,1,0,1,1,0,0]]"
4,173,-0.028838706406648804,0.028838706406648804,"[[1,1,0,0,0,0,0,1,0,1],[1,1,1,0,1,0,1,1,0,1]]"
4,174,-0.029801086225263732,0.029801086225263732,"[[1,1,0,0,0,0,0,1,0,1],[1,1,1,0,1,0,1,1,1,0]]"
4,175,-0.029701198009159668,0.029701198009159668,"[[1,1,0,0,0,0,0,1,0,1],[1,1,1,0,1,0,1,1,1,1]]"
4,176,-0.027505788453473574,0.027505788453473574,"[[1,1,0,0,0,0,0,1,0,1],[1,1,1,0,1,1,0,0,0,0]]"
4,177,-0.027242206006276515,0.027242206006276515,"[[1,1,0,0,0,0,0,1,0,1],[1,1,1,0,1,1,0,0,0,1]]"
4,178,-0.027748213289573706,0.027748213289573706,"[[1,1,0,0,0,0,0,1,0,1],[1,1,1,0,1,1,0,0,1,0]]"
4,179,-0.027604941723640804,0.027604941723640804,"[[1,1,0,0,0,0,0,1,0,1],[1,1,1,0,1,1,0,0,1,1]]"
4,180,-0.03205177227745502,0.03205177227745502,"[[1,1,0,0,0,0,0,1,0,1],[1,1,1,0,1,1,0,1,0,0]]"
4,181,-0.031923665251469675,0.031923665251469675,"[[1,1,0,0,0,0,0,1,0,1],[1,1,1,0,1,1,0,1,0,1]]"
4,182,-0.032992695207548065,0.032992695207548065,"[[1,1,0,0,0,0,0,1,0,1],[1,1,1,0,1,1,0,1,1,0]]"
4,183,-0.032864898214811394,0.032864898214811394,"[[1,1,0,0,0,0,0,1,0,1],[1,1,1,0,1,1,0,1,1,1]]"
4,184,-0.03890544250026606,0.03890544250026606,"[[1,1,0,0,0,0,0,1,0,1],[1,1,1,0,1,1,1,0,0,0]]"
4,185,-0.038609139810800594,0.038609139810800594,"[[1,1,0,0,0,0,0,1,0,1],[1,1,1,0,1,1,1,0,0,1]]"
4,186,-0.03924515324782405,0.03924515324782405,"[[1,1,0,0,0,0,0,1,0,1],[1,1,1,0,1,1,1,0,1,0]]"
4,187,-0.03905922172947427,0.03905922172947427,"[[1,1,0,0,0,0,0,1,0,1],[1,1,1,0,1,1,1,0,1,1]]"
4,188,-0.04466313309479628,0.04466313309479628,"[[1,1,0,0,0,0,0,1,0,1],[1,1,1,0,1,1,1,1,0,0]]"
4,189,-0.044505687482821986,0.044505687482821986,"[[1,1,0,0,0,0,0,1,0,1],[1,1,1,0,1,1,1,1,0,1]]"
4,190,-0.045796228620789546,0.045796228620789546,"[[1,1,0,0,0,0,0,1,0,1],[1,1,1,0,1,1,1,1,1,0]]"
4,191,-0.045637651085072235,0.045637651085072235,"[[1,1,0,0,0,0,0,1,0,1],[1,1,1,0,1,1,1,1,1,1]]"
4,192,-0.015150123005627054,0.015150123005627054,"[[1,1,0,0,0,0,0,1,1,0],[1,1,1,0,1,0,0,0,0,0]]"
4,193,-0.015053021653161936,0.015053021653161936,"[[1,1,0,0,0,0,0,1,1,0],[1,1,1,0,1,0,0,0,0,1]]"
4,194,-0.01563150710939761,0.01563150710939761,"[[1,1,0,0,0,0,0,1,1,0],[1,1,1,0,1,0,0,0,1,0]]"
4,195,-0.015575767027298501,0.015575767027298501,"[[1,1,0,0,0,0,0,1,1,0],[1,1,1,0,1,0,0,0,1,1]]"
4,196,-0.0185712505892175,0.0185712505892175,"[[1,1,0,0,0,0,0,1,1,0],[1,1,1,0,1,0,0,1,0,0]]"
4,197,-0.018512962270473124,0.018512962270473124,"[[1,1,0,0,0,0,0,1,1,0],[1,1,1,0,1,0,0,1,0,1]]"
4,198,-0.019415600161390458,0.019415600161390458,"[[1,1,0,0,0,0,0,1,1,0],[1,1,1,0,1,0,0,1,1,0]]"
4,199,-0.01935562820648297,0.01935562820648297,"[[1,1,0,0,0,0,0,1,1,0],[1,1,1,0,1,0,0,1,1,1]]"
4,200,-0.023205734184096785,0.023205734184096785,"[[1,1,0,0,0,0,0,1,1,0],[1,1,1,0,1,0,1,0,0,0]]"
4,201,-0.023091008271191794,0.023091008271191794,"[[1,1,0,0,0,0,0,1,1,0],[1,1,1,0,1,0,1,0,0,1]]"
4,202,-0.02386878534432246,0.02386878534432246,"[[1,1,0,0,0,0,0,1,1,0],[1,1,1,0,1,0,1,0,1,0]]"
4,203,-0.0237844120517393,0.0237844120517393,"[[1,1,0,0,0,0,0,1,1,0],[1,1,1,0,1,0,1,0,1,1]]"
4,204,-0.027672789476057467,0.027672789476057467,"[[1,1,0,0,0,0,0,1,1,0],[1,1,1,0,1,0,1,1,0,0]]"
4,205,-0.02759167770548679,0.02759167770548679,"[[1,1,0,0,0,0,0,1,1,0],[1,1,1,0,1,0,1,1,0,1]]"
4,206,-0.028742260374338368,0.028742260374338368,"[[1,1,0,0,0,0,0,1,1,0],[1,1,1,0,1,0,1,1,1,0]]"
4,207,-0.0286594573252895,0.0286594573252895,"[[1,1,0,0,0,0,0,1,1,0],[1,1,1,0,1,0,1,1,1,1]]"
4,208,-0.026073459833439703,0.026073459833439703,"[[1,1,0,0,0,0,0,1,1,0],[1,1,1,0,1,1,0,0,0,0]]"
4,209,-0.025876841006775435,0.025876841006775435,"[[1,1,0,0,0,0,0,1,1,0],[1,1,1,0,1,1,0,0,0,1]]"
4,210,-0.026618591632424873,0.026618591632424873,"[[1,1,0,0,0,0,0,1,1,0],[1,1,1,0,1,1,0,0,1,0]]"
4,211,-0.02648722747772179,0.02648722747772179,"[[1,1,0,0,0,0,0,1,1,0],[1,1,1,0,1,1,0,0,1,1]]"
4,212,-0.030653969968498455,0.030653969968498455,"[[1,1,0,0,0,0,0,1,1,0],[1,1,1,0,1,1,0,1,0,0]]"
4,213,-0.030536817533886138,0.030536817533886138,"[[1,1,0,0,0,0,0,1,1,0],[1,1,1,0,1,1,0,1,0,1]]"
4,214,-0.03171508413235302,0.03171508413235302,"[[1,1,0,0,0,0,0,1,1,0],[1,1,1,0,1,1,0,1,1,0]]"
4,215,-0.03159770994355186,0.03159770994355186,"[[1,1,0,0,0,0,0,1,1,0],[1,1,1,0,1,1,0,1,1,1]]"
4,216,-0.03718507773996837,0.03718507773996837,"[[1,1,0,0,0,0,0,1,1,0],[1,1,1,0,1,1,1,0,0,0]]"
4,217,-0.03697850925647738,0.03697850925647738,"[[1,1,0,0,0,0,0,1,1,0],[1,1,1,0,1,1,1,0,0,1]]"
4,218,-0.03795475862817829,0.03795475862817829,"[[1,1,0,0,0,0,0,1,1,0],[1,1,1,0,1,1,1,0,1,0]]"
4,219,-0.037789604533879036,0.037789604533879036,"[[1,1,0,0,0,0,0,1,1,0],[1,1,1,0,1,1,1,0,1,1]]"
4,220,-0.04298584814358257,0.04298584814358257,"[[1,1,0,0,0,0,0,1,1,0],[1,1,1,0,1,1,1,1,0,0]]"
4,221,-0.042840871517589287,0.042840871517589287,"[[1,1,0,0,0,0,0,1,1,0],[1,1,1,0,1,1,1,1,0,1]]"
4,222,-0.044357952692121325,0.044357952692121325,"[[1,1,0,0,0,0,0,1,1,0],[1,1,1,0,1,1,1,1,1,0]]"
4,223,-0.044211678331087995,0.044211678331087995,"[[1,1,0,0,0,0,0,1,1,0],[1,1,1,0,1,1,1,1,1,1]]"
4,224,-0.015191889314098237,0.015191889314098237,"[[1,1,0,0,0,0,0,1,1,1],[1,1,1,0,1,0,0,0,0,0]]"
4,225,-0.015084300498268345,0.015084300498268345,"[[1,1,0,0,0,0,0,1,1,1],[1,1,1,0,1,0,0,0,0,1]]"
4,226,-0.01566529974951606,0.01566529974951606,"[[1,1,0,0,0,0,0,1,1,1],[1,1,1,0,1,0,0,0,1,0]]"
4,227,-0.01561799375483305,0.01561799375483305,"[[1,1,0,0,0,0,0,1,1,1],[1,1,1,0,1,0,0,0,1,1]]"
4,228,-0.018592417442901073,0.018592417442901073,"[[1,1,0,0,0,0,0,1,1,1],[1,1,1,0,1,0,0,1,0,0]]"
4,229,-0.018532824569224154,0.018532824569224154,"[[1,1,0,0,0,0,0,1,1,1],[1,1,1,0,1,0,0,1,0,1]]"
4,230,-0.019434771385210943,0.019434771385210943,"[[1,1,0,0,0,0,0,1,1,1],[1,1,1,0,1,0,0,1,1,0]]"
4,231,-0.019377787564672948,0.019377787564672948,"[[1,1,0,0,0,0,0,1,1,1],[1,1,1,0,1,0,0,1,1,1]]"
4,232,-0.02322980837265371,0.02322980837265371,"[[1,1,0,0,0,0,0,1,1,1],[1,1,1,0,1,0,1,0,0,0]]"
4,233,-0.02309236437475315,0.02309236437475315,"[[1,1,0,0,0,0,0,1,1,1],[1,1,1,0,1,0,1,0,0,1]]"
4,234,-0.02387686931775239,0.02387686931775239,"[[1,1,0,0,0,0,0,1,1,1],[1,1,1,0,1,0,1,0,1,0]]"
4,235,-0.023775588948360956,0.023775588948360956,"[[1,1,0,0,0,0,0,1,1,1],[1,1,1,0,1,0,1,0,1,1]]"
4,236,-0.0276891376052042,0.0276891376052042,"[[1,1,0,0,0,0,0,1,1,1],[1,1,1,0,1,0,1,1,0,0]]"
4,237,-0.02760503070390006,0.02760503070390006,"[[1,1,0,0,0,0,0,1,1,1],[1,1,1,0,1,0,1,1,0,1]]"
4,238,-0.028756597003920623,0.028756597003920623,"[[1,1,0,0,0,0,0,1,1,1],[1,1,1,0,1,0,1,1,1,0]]"
4,239,-0.02866858152183896,0.02866858152183896,"[[1,1,0,0,0,0,0,1,1,1],[1,1,1,0,1,0,1,1,1,1]]"
4,240,-0.026096550766837492,0.026096550766837492,"[[1,1,0,0,0,0,0,1,1,1],[1,1,1,0,1,1,0,0,0,0]]"
4,241,-0.025881465449233643,0.025881465449233643,"[[1,1,0,0,0,0,0,1,1,1],[1,1,1,0,1,1,0,0,0,1]]"
4,242,-0.026620569251663527,0.026620569251663527,"[[1,1,0,0,0,0,0,1,1,1],[1,1,1,0,1,1,0,0,1,0]]"
4,243,-0.026485477727912054,0.026485477727912054,"[[1,1,0,0,0,0,0,1,1,1],[1,1,1,0,1,1,0,0,1,1]]"
4,244,-0.030650387910886354,0.030650387910886354,"[[1,1,0,0,0,0,0,1,1,1],[1,1,1,0,1,1,0,1,0,0]]"
4,245,-0.030528817602374074,0.030528817602374074,"[[1,1,0,0,0,0,0,1,1,1],[1,1,1,0,1,1,0,1,0,1]]"
4,246,-0.031710793963491704,0.031710793963491704,"[[1,1,0,0,0,0,0,1,1,1],[1,1,1,0,1,1,0,1,1,0]]"
4,247,-0.03158889624117795,0.03158889624117795,"[[1,1,0,0,0,0,0,1,1,1],[1,1,1,0,1,1,0,1,1,1]]"
4,248,-0.03720670399218134,0.03720670399218134,"[[1,1,0,0,0,0,0,1,1,1],[1,1,1,0,1,1,1,0,0,0]]"
4,249,-0.036976225688275195,0.036976225688275195,"[[1,1,0,0,0,0,0,1,1,1],[1,1,1,0,1,1,1,0,0,1]]"
4,250,-0.037950363767213724,0.037950363767213724,"[[1,1,0,0,0,0,0,1,1,1],[1,1,1,0,1,1,1,0,1,0]]"
4,251,-0.0377800326578521,0.0377800326578521,"[[1,1,0,0,0,0,0,1,1,1],[1,1,1,0,1,1,1,0,1,1]]"
4,252,-0.0429745087405525,0.0429745087405525,"[[1,1,0,0,0,0,0,1,1,1],[1,1,1,0,1,1,1,1,0,0]]"
4,253,-0.042823599976424355,0.042823599976424355,"[[1,1,0,0,0,0,0,1,1,1],[1,1,1,0,1,1,1,1,0,1]]"
4,254,-0.0443449613662956,0.0443449613662956,"[[1,1,0,0,0,0,0,1,1,1],[1,1,1,0,1,1,1,1,1,0]]"
4,255,-0.04419260269595733,0.04419260269595733,"[[1,1,0,0,0,0,0,1,1,1],[1,1,1,0,1,1,1,1,1,1]]"
4,256,-0.01314792472189164,0.01314792472189164,"[[1,1,0,0,0,0,1,0,0,0],[1,1,1,0,1,0,0,0,0,0]]"
4,257,-0.013094431500661457,0.013094431500661457,"[[1,1,0,0,0,0,1,0,0,0],[1,1,1,0,1,0,0,0,0,1]]"
4,258,-0.013939571429224315,0.013939571429224315,"[[1,1,0,0,0,0,1,0,0,0],[1,1,1,0,1,0,0,0,1,0]]"
4,259,-0.013872167766438546,0.013872167766438546,"[[1,1,0,0,0,0,1,0,0,0],[1,1,1,0,1,0,0,0,1,1]]"
4,260,-0.017121750215079997,0.017121750215079997,"[[1,1,0,0,0,0,1,0,0,0],[1,1,1,0,1,0,0,1,0,0]]"
4,261,-0.01704869678949806,0.01704869678949806,"[[1,1,0,0,0,0,1,0,0,0],[1,1,1,0,1,0,0,1,0,1]]"
4,262,-0.017837499914869832,0.017837499914869832,"[[1,1,0,0,0,0,1,0,0,0],[1,1,1,0,1,0,0,1,1,0]]"
4,263,-0.017764202305936526,0.017764202305936526,"[[1,1,0,0,0,0,1,0,0,0],[1,1,1,0,1,0,0,1,1,1]]"
4,264,-0.02149462102668779,0.02149462102668779,"[[1,1,0,0,0,0,1,0,0,0],[1,1,1,0,1,0,1,0,0,0]]"
4,265,-0.02141375164487339,0.02141375164487339,"[[1,1,0,0,0,0,1,0,0,0],[1,1,1,0,1,0,1,0,0,1]]"
4,266,-0.022291184496629445,0.022291184496629445,"[[1,1,0,0,0,0,1,0,0,0],[1,1,1,0,1,0,1,0,1,0]]"
4,267,-0.022211532689169047,0.022211532689169047,"[[1,1,0,0,0,0,1,0,0,0],[1,1,1,0,1,0,1,0,1,1]]"
4,268,-0.026069592675200925,0.026069592675200925,"[[1,1,0,0,0,0,1,0,0,0],[1,1,1,0,1,0,1,1,0,0]]"
4,269,-0.025968322534723393,0.025968322534723393,"[[1,1,0,0,0,0,1,0,0,0],[1,1,1,0,1,0,1,1,0,1]]"
4,270,-0.02690997566370047,0.02690997566370047,"[[1,1,0,0,0,0,1,0,0,0],[1,1,1,0,1,0,1,1,1,0]]"
4,271,-0.026809285532711037,0.026809285532711037,"[[1,1,0,0,0,0,1,0,0,0],[1,1,1,0,1,0,1,1,1,1]]"
4,272,-0.024730260525356117,0.024730260525356117,"[[1,1,0,0,0,0,1,0,0,0],[1,1,1,0,1,1,0,0,0,0]]"
4,273,-0.02460493259970855,0.02460493259970855,"[[1,1,0,0,0,0,1,0,0,0],[1,1,1,0,1,1,0,0,0,1]]"
4,274,-0.025643816992455114,0.025643816992455114,"[[1,1,0,0,0,0,1,0,0,0],[1,1,1,0,1,1,0,0,1,0]]"
4,275,-0.02552103186165614,0.02552103186165614,"[[1,1,0,0,0,0,1,0,0,0],[1,1,1,0,1,1,0,0,1,1]]"
4,276,-0.029715255147934452,0.029715255147934452,"[[1,1,0,0,0,0,1,0,0,0],[1,1,1,0,1,1,0,1,0,0]]"
4,277,-0.029587605884190654,0.029587605884190654,"[[1,1,0,0,0,0,1,0,0,0],[1,1,1,0,1,1,0,1,0,1]]"
4,278,-0.030572255065897634,0.030572255065897634,"[[1,1,0,0,0,0,1,0,0,0],[1,1,1,0,1,1,0,1,1,0]]"
4,279,-0.030447228671281114,0.030447228671281114,"[[1,1,0,0,0,0,1,0,0,0],[1,1,1,0,1,1,0,1,1,1]]"
4,280,-0.03529421621653015,0.03529421621653015,"[[1,1,0,0,0,0,1,0,0,0],[1,1,1,0,1,1,1,0,0,0]]"
4,281,-0.03515189502707495,0.03515189502707495,"[[1,1,0,0,0,0,1,0,0,0],[1,1,1,0,1,1,1,0,0,1]]"
4,282,-0.03628585705385999,0.03628585705385999,"[[1,1,0,0,0,0,1,0,0,0],[1,1,1,0,1,1,1,0,1,0]]"
4,283,-0.036143978365640844,0.036143978365640844,"[[1,1,0,0,0,0,1,0,0,0],[1,1,1,0,1,1,1,0,1,1]]"
4,284,-0.04088533997956679,0.04088533997956679,"[[1,1,0,0,0,0,1,0,0,0],[1,1,1,0,1,1,1,1,0,0]]"
4,285,-0.04073621640929234,0.04073621640929234,"[[1,1,0,0,0,0,1,0,0,0],[1,1,1,0,1,1,1,1,0,1]]"
4,286,-0.04195747906544132,0.04195747906544132,"[[1,1,0,0,0,0,1,0,0,0],[1,1,1,0,1,1,1,1,1,0]]"
4,287,-0.0418089760244014,0.0418089760244014,"[[1,1,0,0,0,0,1,0,0,0],[1,1,1,0,1,1,1,1,1,1]]"
4,288,-0.013161516681696094,0.013161516681696094,"[[1,1,0,0,0,0,1,0,0,1],[1,1,1,0,1,0,0,0,0,0]]"
4,289,-0.013095077647067289,0.013095077647067289,"[[1,1,0,0,0,0,1,0,0,1],[1,1,1,0,1,0,0,0,0,1]]"
4,290,-0.013930407681232573,0.013930407681232573,"[[1,1,0,0,0,0,1,0,0,1],[1,1,1,0,1,0,0,0,1,0]]"
4,291,-0.01386087116170264,0.01386087116170264,"[[1,1,0,0,0,0,1,0,0,1],[1,1,1,0,1,0,0,0,1,1]]"
4,292,-0.017115177707433045,0.017115177707433045,"[[1,1,0,0,0,0,1,0,0,1],[1,1,1,0,1,0,0,1,0,0]]"
4,293,-0.017033458780888786,0.017033458780888786,"[[1,1,0,0,0,0,1,0,0,1],[1,1,1,0,1,0,0,1,0,1]]"
4,294,-0.017829874839880973,0.017829874839880973,"[[1,1,0,0,0,0,1,0,0,1],[1,1,1,0,1,0,0,1,1,0]]"
4,295,-0.017749284997484606,0.017749284997484606,"[[1,1,0,0,0,0,1,0,0,1],[1,1,1,0,1,0,0,1,1,1]]"
4,296,-0.021489383566015024,0.021489383566015024,"[[1,1,0,0,0,0,1,0,0,1],[1,1,1,0,1,0,1,0,0,0]]"
4,297,-0.021405992458684277,0.021405992458684277,"[[1,1,0,0,0,0,1,0,0,1],[1,1,1,0,1,0,1,0,0,1]]"
4,298,-0.02228637556366697,0.02228637556366697,"[[1,1,0,0,0,0,1,0,0,1],[1,1,1,0,1,0,1,0,1,0]]"
4,299,-0.02220410017717204,0.02220410017717204,"[[1,1,0,0,0,0,1,0,0,1],[1,1,1,0,1,0,1,0,1,1]]"
4,300,-0.026049654592650982,0.026049654592650982,"[[1,1,0,0,0,0,1,0,0,1],[1,1,1,0,1,0,1,1,0,0]]"
4,301,-0.025945014096744302,0.025945014096744302,"[[1,1,0,0,0,0,1,0,0,1],[1,1,1,0,1,0,1,1,0,1]]"
4,302,-0.0268900056584324,0.0268900056584324,"[[1,1,0,0,0,0,1,0,0,1],[1,1,1,0,1,0,1,1,1,0]]"
4,303,-0.026785815150917748,0.026785815150917748,"[[1,1,0,0,0,0,1,0,0,1],[1,1,1,0,1,0,1,1,1,1]]"
4,304,-0.024693342718919733,0.024693342718919733,"[[1,1,0,0,0,0,1,0,0,1],[1,1,1,0,1,1,0,0,0,0]]"
4,305,-0.024563167473547556,0.024563167473547556,"[[1,1,0,0,0,0,1,0,0,1],[1,1,1,0,1,1,0,0,0,1]]"
4,306,-0.025608325073215595,0.025608325073215595,"[[1,1,0,0,0,0,1,0,0,1],[1,1,1,0,1,1,0,0,1,0]]"
4,307,-0.025480667458327985,0.025480667458327985,"[[1,1,0,0,0,0,1,0,0,1],[1,1,1,0,1,1,0,0,1,1]]"
4,308,-0.0297033443247576,0.0297033443247576,"[[1,1,0,0,0,0,1,0,0,1],[1,1,1,0,1,1,0,1,0,0]]"
4,309,-0.02957064661418078,0.02957064661418078,"[[1,1,0,0,0,0,1,0,0,1],[1,1,1,0,1,1,0,1,0,1]]"
4,310,-0.03056215780257957,0.03056215780257957,"[[1,1,0,0,0,0,1,0,0,1],[1,1,1,0,1,1,0,1,1,0]]"
4,311,-0.030432034586056003,0.030432034586056003,"[[1,1,0,0,0,0,1,0,0,1],[1,1,1,0,1,1,0,1,1,1]]"
4,312,-0.03525483376879931,0.03525483376879931,"[[1,1,0,0,0,0,1,0,0,1],[1,1,1,0,1,1,1,0,0,0]]"
4,313,-0.035107015900101415,0.035107015900101415,"[[1,1,0,0,0,0,1,0,0,1],[1,1,1,0,1,1,1,0,0,1]]"
4,314,-0.03624635532129963,0.03624635532129963,"[[1,1,0,0,0,0,1,0,0,1],[1,1,1,0,1,1,1,0,1,0]]"
4,315,-0.03609882987780364,0.03609882987780364,"[[1,1,0,0,0,0,1,0,0,1],[1,1,1,0,1,1,1,0,1,1]]"
4,316,-0.040854070403142186,0.040854070403142186,"[[1,1,0,0,0,0,1,0,0,1],[1,1,1,0,1,1,1,1,0,0]]"
4,317,-0.04068784078594554,0.04068784078594554,"[[1,1,0,0,0,0,1,0,0,1],[1,1,1,0,1,1,1,1,0,1]]"
4,318,-0.04192396912630999,0.04192396912630999,"[[1,1,0,0,0,0,1,0,0,1],[1,1,1,0,1,1,1,1,1,0]]"
4,319,-0.04175822329524265,0.04175822329524265,"[[1,1,0,0,0,0,1,0,0,1],[1,1,1,0,1,1,1,1,1,1]]"
4,320,-0.012354097045784057,0.012354097045784057,"[[1,1,0,0,0,0,1,0,1,0],[1,1,1,0,1,0,0,0,0,0]]"
4,321,-0.012308272603251139,0.012308272603251139,"[[1,1,0,0,0,0,1,0,1,0],[1,1,1,0,1,0,0,0,0,1]]"
4,322,-0.013274755697335274,0.013274755697335274,"[[1,1,0,0,0,0,1,0,1,0],[1,1,1,0,1,0,0,0,1,0]]"
4,323,-0.013211813267560525,0.013211813267560525,"[[1,1,0,0,0,0,1,0,1,0],[1,1,1,0,1,0,0,0,1,1]]"
4,324,-0.01610629128522515,0.01610629128522515,"[[1,1,0,0,0,0,1,0,1,0],[1,1,1,0,1,0,0,1,0,0]]"
4,325,-0.016041668245616383,0.016041668245616383,"[[1,1,0,0,0,0,1,0,1,0],[1,1,1,0,1,0,0,1,0,1]]"
4,326,-0.016909955029992974,0.016909955029992974,"[[1,1,0,0,0,0,1,0,1,0],[1,1,1,0,1,0,0,1,1,0]]"
4,327,-0.016846725284647347,0.016846725284647347,"[[1,1,0,0,0,0,1,0,1,0],[1,1,1,0,1,0,0,1,1,1]]"
4,328,-0.02049581602941584,0.02049581602941584,"[[1,1,0,0,0,0,1,0,1,0],[1,1,1,0,1,0,1,0,0,0]]"
4,329,-0.020421858679198678,0.020421858679198678,"[[1,1,0,0,0,0,1,0,1,0],[1,1,1,0,1,0,1,0,0,1]]"
4,330,-0.0214767409794973,0.0214767409794973,"[[1,1,0,0,0,0,1,0,1,0],[1,1,1,0,1,0,1,0,1,0]]"
4,331,-0.021401632937189753,0.021401632937189753,"[[1,1,0,0,0,0,1,0,1,0],[1,1,1,0,1,0,1,0,1,1]]"
4,332,-0.024854579022886444,0.024854579022886444,"[[1,1,0,0,0,0,1,0,1,0],[1,1,1,0,1,0,1,1,0,0]]"
4,333,-0.024769025969534248,0.024769025969534248,"[[1,1,0,0,0,0,1,0,1,0],[1,1,1,0,1,0,1,1,0,1]]"
4,334,-0.025822284134522103,0.025822284134522103,"[[1,1,0,0,0,0,1,0,1,0],[1,1,1,0,1,0,1,1,1,0]]"
4,335,-0.025737190903702075,0.025737190903702075,"[[1,1,0,0,0,0,1,0,1,0],[1,1,1,0,1,0,1,1,1,1]]"
4,336,-0.023508526749255316,0.023508526749255316,"[[1,1,0,0,0,0,1,0,1,0],[1,1,1,0,1,1,0,0,0,0]]"
4,337,-0.02339741628916909,0.02339741628916909,"[[1,1,0,0,0,0,1,0,1,0],[1,1,1,0,1,1,0,0,0,1]]"
4,338,-0.024606900629361855,0.024606900629361855,"[[1,1,0,0,0,0,1,0,1,0],[1,1,1,0,1,1,0,0,1,0]]"
4,339,-0.02449625650911383,0.02449625650911383,"[[1,1,0,0,0,0,1,0,1,0],[1,1,1,0,1,1,0,0,1,1]]"
4,340,-0.02801988700144014,0.02801988700144014,"[[1,1,0,0,0,0,1,0,1,0],[1,1,1,0,1,1,0,1,0,0]]"
4,341,-0.027903048736219772,0.027903048736219772,"[[1,1,0,0,0,0,1,0,1,0],[1,1,1,0,1,1,0,1,0,1]]"
4,342,-0.02903350418300505,0.02903350418300505,"[[1,1,0,0,0,0,1,0,1,0],[1,1,1,0,1,1,0,1,1,0]]"
4,343,-0.02892041950147342,0.02892041950147342,"[[1,1,0,0,0,0,1,0,1,0],[1,1,1,0,1,1,0,1,1,1]]"
4,344,-0.03386092484213899,0.03386092484213899,"[[1,1,0,0,0,0,1,0,1,0],[1,1,1,0,1,1,1,0,0,0]]"
4,345,-0.03372528491038511,0.03372528491038511,"[[1,1,0,0,0,0,1,0,1,0],[1,1,1,0,1,1,1,0,0,1]]"
4,346,-0.03510555820093698,0.03510555820093698,"[[1,1,0,0,0,0,1,0,1,0],[1,1,1,0,1,1,1,0,1,0]]"
4,347,-0.03496801649514555,0.03496801649514555,"[[1,1,0,0,0,0,1,0,1,0],[1,1,1,0,1,1,1,0,1,1]]"
4,348,-0.03898840249092759,0.03898840249092759,"[[1,1,0,0,0,0,1,0,1,0],[1,1,1,0,1,1,1,1,0,0]]"
4,349,-0.0388486016496939,0.0388486016496939,"[[1,1,0,0,0,0,1,0,1,0],[1,1,1,0,1,1,1,1,0,1]]"
4,350,-0.040157626871779754,0.040157626871779754,"[[1,1,0,0,0,0,1,0,1,0],[1,1,1,0,1,1,1,1,1,0]]"
4,351,-0.04001823105942345,0.04001823105942345,"[[1,1,0,0,0,0,1,0,1,0],[1,1,1,0,1,1,1,1,1,1]]"
4,352,-0.012371576885484728,0.012371576885484728,"[[1,1,0,0,0,0,1,0,1,1],[1,1,1,0,1,0,0,0,0,0]]"
4,353,-0.012308148913291708,0.012308148913291708,"[[1,1,0,0,0,0,1,0,1,1],[1,1,1,0,1,0,0,0,0,1]]"
4,354,-0.013265939396364864,0.013265939396364864,"[[1,1,0,0,0,0,1,0,1,1],[1,1,1,0,1,0,0,0,1,0]]"
4,355,-0.013201188746473658,0.013201188746473658,"[[1,1,0,0,0,0,1,0,1,1],[1,1,1,0,1,0,0,0,1,1]]"
4,356,-0.01611966688580632,0.01611966688580632,"[[1,1,0,0,0,0,1,0,1,1],[1,1,1,0,1,0,0,1,0,0]]"
4,357,-0.01605322455758706,0.01605322455758706,"[[1,1,0,0,0,0,1,0,1,1],[1,1,1,0,1,0,0,1,0,1]]"
4,358,-0.01692411676262911,0.01692411676262911,"[[1,1,0,0,0,0,1,0,1,1],[1,1,1,0,1,0,0,1,1,0]]"
4,359,-0.01685816053826618,0.01685816053826618,"[[1,1,0,0,0,0,1,0,1,1],[1,1,1,0,1,0,0,1,1,1]]"
4,360,-0.020493406099365393,0.020493406099365393,"[[1,1,0,0,0,0,1,0,1,1],[1,1,1,0,1,0,1,0,0,0]]"
4,361,-0.020417303106046118,0.020417303106046118,"[[1,1,0,0,0,0,1,0,1,1],[1,1,1,0,1,0,1,0,0,1]]"
4,362,-0.021472219264500447,0.021472219264500447,"[[1,1,0,0,0,0,1,0,1,1],[1,1,1,0,1,0,1,0,1,0]]"
4,363,-0.021394813065952988,0.021394813065952988,"[[1,1,0,0,0,0,1,0,1,1],[1,1,1,0,1,0,1,0,1,1]]"
4,364,-0.024850060307948833,0.024850060307948833,"[[1,1,0,0,0,0,1,0,1,1],[1,1,1,0,1,0,1,1,0,0]]"
4,365,-0.024752447582989966,0.024752447582989966,"[[1,1,0,0,0,0,1,0,1,1],[1,1,1,0,1,0,1,1,0,1]]"
4,366,-0.02581526953667842,0.02581526953667842,"[[1,1,0,0,0,0,1,0,1,1],[1,1,1,0,1,0,1,1,1,0]]"
4,367,-0.025717764670983845,0.025717764670983845,"[[1,1,0,0,0,0,1,0,1,1],[1,1,1,0,1,0,1,1,1,1]]"
4,368,-0.023488656389590617,0.023488656389590617,"[[1,1,0,0,0,0,1,0,1,1],[1,1,1,0,1,1,0,0,0,0]]"
4,369,-0.023365780529900255,0.023365780529900255,"[[1,1,0,0,0,0,1,0,1,1],[1,1,1,0,1,1,0,0,0,1]]"
4,370,-0.024584927782186256,0.024584927782186256,"[[1,1,0,0,0,0,1,0,1,1],[1,1,1,0,1,1,0,0,1,0]]"
4,371,-0.02446209901731996,0.02446209901731996,"[[1,1,0,0,0,0,1,0,1,1],[1,1,1,0,1,1,0,0,1,1]]"
4,372,-0.028013902725839,0.028013902725839,"[[1,1,0,0,0,0,1,0,1,1],[1,1,1,0,1,1,0,1,0,0]]"
4,373,-0.027892565117873108,0.027892565117873108,"[[1,1,0,0,0,0,1,0,1,1],[1,1,1,0,1,1,0,1,0,1]]"
4,374,-0.029030238251484528,0.029030238251484528,"[[1,1,0,0,0,0,1,0,1,1],[1,1,1,0,1,1,0,1,1,0]]"
4,375,-0.028910662161171333,0.028910662161171333,"[[1,1,0,0,0,0,1,0,1,1],[1,1,1,0,1,1,0,1,1,1]]"
4,376,-0.03382435161457327,0.03382435161457327,"[[1,1,0,0,0,0,1,0,1,1],[1,1,1,0,1,1,1,0,0,0]]"
4,377,-0.03368356938982306,0.03368356938982306,"[[1,1,0,0,0,0,1,0,1,1],[1,1,1,0,1,1,1,0,0,1]]"
4,378,-0.03506632982582349,0.03506632982582349,"[[1,1,0,0,0,0,1,0,1,1],[1,1,1,0,1,1,1,0,1,0]]"
4,379,-0.03492346359271147,0.03492346359271147,"[[1,1,0,0,0,0,1,0,1,1],[1,1,1,0,1,1,1,0,1,1]]"
4,380,-0.03898001788978998,0.03898001788978998,"[[1,1,0,0,0,0,1,0,1,1],[1,1,1,0,1,1,1,1,0,0]]"
4,381,-0.03883461273929425,0.03883461273929425,"[[1,1,0,0,0,0,1,0,1,1],[1,1,1,0,1,1,1,1,0,1]]"
4,382,-0.04014909491006617,0.04014909491006617,"[[1,1,0,0,0,0,1,0,1,1],[1,1,1,0,1,1,1,1,1,0]]"
4,383,-0.0400040018128496,0.0400040018128496,"[[1,1,0,0,0,0,1,0,1,1],[1,1,1,0,1,1,1,1,1,1]]"
4,384,-0.009380411513600972,0.009380411513600972,"[[1,1,0,0,0,0,1,1,0,0],[1,1,1,0,1,0,0,0,0,0]]"
4,385,-0.009260855099047671,0.009260855099047671,"[[1,1,0,0,0,0,1,1,0,0],[1,1,1,0,1,0,0,0,0,1]]"
4,386,-0.00978807071253593,0.00978807071253593,"[[1,1,0,0,0,0,1,1,0,0],[1,1,1,0,1,0,0,0,1,0]]"
4,387,-0.009720413345934896,0.009720413345934896,"[[1,1,0,0,0,0,1,1,0,0],[1,1,1,0,1,0,0,0,1,1]]"
4,388,-0.012884004358242282,0.012884004358242282,"[[1,1,0,0,0,0,1,1,0,0],[1,1,1,0,1,0,0,1,0,0]]"
4,389,-0.012825360087785597,0.012825360087785597,"[[1,1,0,0,0,0,1,1,0,0],[1,1,1,0,1,0,0,1,0,1]]"
4,390,-0.013489805994783097,0.013489805994783097,"[[1,1,0,0,0,0,1,1,0,0],[1,1,1,0,1,0,0,1,1,0]]"
4,391,-0.013432394712357796,0.013432394712357796,"[[1,1,0,0,0,0,1,1,0,0],[1,1,1,0,1,0,0,1,1,1]]"
4,392,-0.01641415525169839,0.01641415525169839,"[[1,1,0,0,0,0,1,1,0,0],[1,1,1,0,1,0,1,0,0,0]]"
4,393,-0.01628158354591509,0.01628158354591509,"[[1,1,0,0,0,0,1,1,0,0],[1,1,1,0,1,0,1,0,0,1]]"
4,394,-0.016839499213472088,0.016839499213472088,"[[1,1,0,0,0,0,1,1,0,0],[1,1,1,0,1,0,1,0,1,0]]"
4,395,-0.01675737995092222,0.01675737995092222,"[[1,1,0,0,0,0,1,1,0,0],[1,1,1,0,1,0,1,0,1,1]]"
4,396,-0.020763203701101705,0.020763203701101705,"[[1,1,0,0,0,0,1,1,0,0],[1,1,1,0,1,0,1,1,0,0]]"
4,397,-0.020686795979235093,0.020686795979235093,"[[1,1,0,0,0,0,1,1,0,0],[1,1,1,0,1,0,1,1,0,1]]"
4,398,-0.021500536510067315,0.021500536510067315,"[[1,1,0,0,0,0,1,1,0,0],[1,1,1,0,1,0,1,1,1,0]]"
4,399,-0.021421222196147238,0.021421222196147238,"[[1,1,0,0,0,0,1,1,0,0],[1,1,1,0,1,0,1,1,1,1]]"
4,400,-0.019524010802646853,0.019524010802646853,"[[1,1,0,0,0,0,1,1,0,0],[1,1,1,0,1,1,0,0,0,0]]"
4,401,-0.019296459292720638,0.019296459292720638,"[[1,1,0,0,0,0,1,1,0,0],[1,1,1,0,1,1,0,0,0,1]]"
4,402,-0.019832721978842227,0.019832721978842227,"[[1,1,0,0,0,0,1,1,0,0],[1,1,1,0,1,1,0,0,1,0]]"
4,403,-0.019700654907874746,0.019700654907874746,"[[1,1,0,0,0,0,1,1,0,0],[1,1,1,0,1,1,0,0,1,1]]"
4,404,-0.02385776503983237,0.02385776503983237,"[[1,1,0,0,0,0,1,1,0,0],[1,1,1,0,1,1,0,1,0,0]]"
4,405,-0.023749508014046718,0.023749508014046718,"[[1,1,0,0,0,0,1,1,0,0],[1,1,1,0,1,1,0,1,0,1]]"
4,406,-0.024709760876813723,0.024709760876813723,"[[1,1,0,0,0,0,1,1,0,0],[1,1,1,0,1,1,0,1,1,0]]"
4,407,-0.02460110286622559,0.02460110286622559,"[[1,1,0,0,0,0,1,1,0,0],[1,1,1,0,1,1,0,1,1,1]]"
4,408,-0.02882270326682784,0.02882270326682784,"[[1,1,0,0,0,0,1,1,0,0],[1,1,1,0,1,1,1,0,0,0]]"
4,409,-0.028592590702667127,0.028592590702667127,"[[1,1,0,0,0,0,1,1,0,0],[1,1,1,0,1,1,1,0,0,1]]"
4,410,-0.029148364372263865,0.029148364372263865,"[[1,1,0,0,0,0,1,1,0,0],[1,1,1,0,1,1,1,0,1,0]]"
4,411,-0.02900005961269301,0.02900005961269301,"[[1,1,0,0,0,0,1,1,0,0],[1,1,1,0,1,1,1,0,1,1]]"
4,412,-0.03394672142837165,0.03394672142837165,"[[1,1,0,0,0,0,1,1,0,0],[1,1,1,0,1,1,1,1,0,0]]"
4,413,-0.033808358661789197,0.033808358661789197,"[[1,1,0,0,0,0,1,1,0,0],[1,1,1,0,1,1,1,1,0,1]]"
4,414,-0.034924677652320824,0.034924677652320824,"[[1,1,0,0,0,0,1,1,0,0],[1,1,1,0,1,1,1,1,1,0]]"
4,415,-0.03478677987990065,0.03478677987990065,"[[1,1,0,0,0,0,1,1,0,0],[1,1,1,0,1,1,1,1,1,1]]"
4,416,-0.009398635316751927,0.009398635316751927,"[[1,1,0,0,0,0,1,1,0,1],[1,1,1,0,1,0,0,0,0,0]]"
4,417,-0.00927096187609035,0.00927096187609035,"[[1,1,0,0,0,0,1,1,0,1],[1,1,1,0,1,0,0,0,0,1]]"
4,418,-0.009784373872768646,0.009784373872768646,"[[1,1,0,0,0,0,1,1,0,1],[1,1,1,0,1,0,0,0,1,0]]"
4,419,-0.009715332249382947,0.009715332249382947,"[[1,1,0,0,0,0,1,1,0,1],[1,1,1,0,1,0,0,0,1,1]]"
4,420,-0.012879566326990827,0.012879566326990827,"[[1,1,0,0,0,0,1,1,0,1],[1,1,1,0,1,0,0,1,0,0]]"
4,421,-0.012819362542742576,0.012819362542742576,"[[1,1,0,0,0,0,1,1,0,1],[1,1,1,0,1,0,0,1,0,1]]"
4,422,-0.013485791052388996,0.013485791052388996,"[[1,1,0,0,0,0,1,1,0,1],[1,1,1,0,1,0,0,1,1,0]]"
4,423,-0.013426713449325436,0.013426713449325436,"[[1,1,0,0,0,0,1,1,0,1],[1,1,1,0,1,0,0,1,1,1]]"
4,424,-0.016429296466197448,0.016429296466197448,"[[1,1,0,0,0,0,1,1,0,1],[1,1,1,0,1,0,1,0,0,0]]"
4,425,-0.016279016658465015,0.016279016658465015,"[[1,1,0,0,0,0,1,1,0,1],[1,1,1,0,1,0,1,0,0,1]]"
4,426,-0.016842482532151405,0.016842482532151405,"[[1,1,0,0,0,0,1,1,0,1],[1,1,1,0,1,0,1,0,1,0]]"
4,427,-0.016758638985508046,0.016758638985508046,"[[1,1,0,0,0,0,1,1,0,1],[1,1,1,0,1,0,1,0,1,1]]"
4,428,-0.020755781988357987,0.020755781988357987,"[[1,1,0,0,0,0,1,1,0,1],[1,1,1,0,1,0,1,1,0,0]]"
4,429,-0.020673456581087494,0.020673456581087494,"[[1,1,0,0,0,0,1,1,0,1],[1,1,1,0,1,0,1,1,0,1]]"
4,430,-0.021489612400152614,0.021489612400152614,"[[1,1,0,0,0,0,1,1,0,1],[1,1,1,0,1,0,1,1,1,0]]"
4,431,-0.021407789928391447,0.021407789928391447,"[[1,1,0,0,0,0,1,1,0,1],[1,1,1,0,1,0,1,1,1,1]]"
4,432,-0.019519327330166803,0.019519327330166803,"[[1,1,0,0,0,0,1,1,0,1],[1,1,1,0,1,1,0,0,0,0]]"
4,433,-0.019274844456695975,0.019274844456695975,"[[1,1,0,0,0,0,1,1,0,1],[1,1,1,0,1,1,0,0,0,1]]"
4,434,-0.01980490930245712,0.01980490930245712,"[[1,1,0,0,0,0,1,1,0,1],[1,1,1,0,1,1,0,0,1,0]]"
4,435,-0.019668787343560725,0.019668787343560725,"[[1,1,0,0,0,0,1,1,0,1],[1,1,1,0,1,1,0,0,1,1]]"
4,436,-0.0238331375648251,0.0238331375648251,"[[1,1,0,0,0,0,1,1,0,1],[1,1,1,0,1,1,0,1,0,0]]"
4,437,-0.02371384850037518,0.02371384850037518,"[[1,1,0,0,0,0,1,1,0,1],[1,1,1,0,1,1,0,1,0,1]]"
4,438,-0.024683920508095897,0.024683920508095897,"[[1,1,0,0,0,0,1,1,0,1],[1,1,1,0,1,1,0,1,1,0]]"
4,439,-0.02456576083029947,0.02456576083029947,"[[1,1,0,0,0,0,1,1,0,1],[1,1,1,0,1,1,0,1,1,1]]"
4,440,-0.028813988934138765,0.028813988934138765,"[[1,1,0,0,0,0,1,1,0,1],[1,1,1,0,1,1,1,0,0,0]]"
4,441,-0.028562722218001494,0.028562722218001494,"[[1,1,0,0,0,0,1,1,0,1],[1,1,1,0,1,1,1,0,0,1]]"
4,442,-0.02912554317198733,0.02912554317198733,"[[1,1,0,0,0,0,1,1,0,1],[1,1,1,0,1,1,1,0,1,0]]"
4,443,-0.028972754082485837,0.028972754082485837,"[[1,1,0,0,0,0,1,1,0,1],[1,1,1,0,1,1,1,0,1,1]]"
4,444,-0.03390819358354669,0.03390819358354669,"[[1,1,0,0,0,0,1,1,0,1],[1,1,1,0,1,1,1,1,0,0]]"
4,445,-0.03376446641607818,0.03376446641607818,"[[1,1,0,0,0,0,1,1,0,1],[1,1,1,0,1,1,1,1,0,1]]"
4,446,-0.03488601734339624,0.03488601734339624,"[[1,1,0,0,0,0,1,1,0,1],[1,1,1,0,1,1,1,1,1,0]]"
4,447,-0.03474259958615829,0.03474259958615829,"[[1,1,0,0,0,0,1,1,0,1],[1,1,1,0,1,1,1,1,1,1]]"
4,448,-0.008673195948774715,0.008673195948774715,"[[1,1,0,0,0,0,1,1,1,0],[1,1,1,0,1,0,0,0,0,0]]"
4,449,-0.008584766990803839,0.008584766990803839,"[[1,1,0,0,0,0,1,1,1,0],[1,1,1,0,1,0,0,0,0,1]]"
4,450,-0.009242391839587975,0.009242391839587975,"[[1,1,0,0,0,0,1,1,1,0],[1,1,1,0,1,0,0,0,1,0]]"
4,451,-0.009191359432750802,0.009191359432750802,"[[1,1,0,0,0,0,1,1,1,0],[1,1,1,0,1,0,0,0,1,1]]"
4,452,-0.012093839499777053,0.012093839499777053,"[[1,1,0,0,0,0,1,1,1,0],[1,1,1,0,1,0,0,1,0,0]]"
4,453,-0.012046240100654084,0.012046240100654084,"[[1,1,0,0,0,0,1,1,1,0],[1,1,1,0,1,0,0,1,0,1]]"
4,454,-0.012815106663291616,0.012815106663291616,"[[1,1,0,0,0,0,1,1,1,0],[1,1,1,0,1,0,0,1,1,0]]"
4,455,-0.012767836636105758,0.012767836636105758,"[[1,1,0,0,0,0,1,1,1,0],[1,1,1,0,1,0,0,1,1,1]]"
4,456,-0.01550177399609444,0.01550177399609444,"[[1,1,0,0,0,0,1,1,1,0],[1,1,1,0,1,0,1,0,0,0]]"
4,457,-0.015397983004942002,0.015397983004942002,"[[1,1,0,0,0,0,1,1,1,0],[1,1,1,0,1,0,1,0,0,1]]"
4,458,-0.016148741598598196,0.016148741598598196,"[[1,1,0,0,0,0,1,1,1,0],[1,1,1,0,1,0,1,0,1,0]]"
4,459,-0.016071809105367374,0.016071809105367374,"[[1,1,0,0,0,0,1,1,1,0],[1,1,1,0,1,0,1,0,1,1]]"
4,460,-0.019777474762260525,0.019777474762260525,"[[1,1,0,0,0,0,1,1,1,0],[1,1,1,0,1,0,1,1,0,0]]"
4,461,-0.019706113940889582,0.019706113940889582,"[[1,1,0,0,0,0,1,1,1,0],[1,1,1,0,1,0,1,1,0,1]]"
4,462,-0.02069489631074479,0.02069489631074479,"[[1,1,0,0,0,0,1,1,1,0],[1,1,1,0,1,0,1,1,1,0]]"
4,463,-0.02061996746930649,0.02061996746930649,"[[1,1,0,0,0,0,1,1,1,0],[1,1,1,0,1,0,1,1,1,1]]"
4,464,-0.01834236463734949,0.01834236463734949,"[[1,1,0,0,0,0,1,1,1,0],[1,1,1,0,1,1,0,0,0,0]]"
4,465,-0.018166283211214898,0.018166283211214898,"[[1,1,0,0,0,0,1,1,1,0],[1,1,1,0,1,1,0,0,0,1]]"
4,466,-0.018895863292629322,0.018895863292629322,"[[1,1,0,0,0,0,1,1,1,0],[1,1,1,0,1,1,0,0,1,0]]"
4,467,-0.018775808795065588,0.018775808795065588,"[[1,1,0,0,0,0,1,1,1,0],[1,1,1,0,1,1,0,0,1,1]]"
4,468,-0.02254103844010586,0.02254103844010586,"[[1,1,0,0,0,0,1,1,1,0],[1,1,1,0,1,1,0,1,0,0]]"
4,469,-0.022442315703430627,0.022442315703430627,"[[1,1,0,0,0,0,1,1,1,0],[1,1,1,0,1,1,0,1,0,1]]"
4,470,-0.0234459134971872,0.0234459134971872,"[[1,1,0,0,0,0,1,1,1,0],[1,1,1,0,1,1,0,1,1,0]]"
4,471,-0.023348580372780585,0.023348580372780585,"[[1,1,0,0,0,0,1,1,1,0],[1,1,1,0,1,1,0,1,1,1]]"
4,472,-0.027438748618028273,0.027438748618028273,"[[1,1,0,0,0,0,1,1,1,0],[1,1,1,0,1,1,1,0,0,0]]"
4,473,-0.027257130582398936,0.027257130582398936,"[[1,1,0,0,0,0,1,1,1,0],[1,1,1,0,1,1,1,0,0,1]]"
4,474,-0.0281097042187705,0.0281097042187705,"[[1,1,0,0,0,0,1,1,1,0],[1,1,1,0,1,1,1,0,1,0]]"
4,475,-0.027966515711316538,0.027966515711316538,"[[1,1,0,0,0,0,1,1,1,0],[1,1,1,0,1,1,1,0,1,1]]"
4,476,-0.032461256124442374,0.032461256124442374,"[[1,1,0,0,0,0,1,1,1,0],[1,1,1,0,1,1,1,1,0,0]]"
4,477,-0.032339880065191465,0.032339880065191465,"[[1,1,0,0,0,0,1,1,1,0],[1,1,1,0,1,1,1,1,0,1]]"
4,478,-0.03352176038495482,0.03352176038495482,"[[1,1,0,0,0,0,1,1,1,0],[1,1,1,0,1,1,1,1,1,0]]"
4,479,-0.03340079404346422,0.03340079404346422,"[[1,1,0,0,0,0,1,1,1,0],[1,1,1,0,1,1,1,1,1,1]]"
4,480,-0.008695356999451976,0.008695356999451976,"[[1,1,0,0,0,0,1,1,1,1],[1,1,1,0,1,0,0,0,0,0]]"
4,481,-0.008599666104152887,0.008599666104152887,"[[1,1,0,0,0,0,1,1,1,1],[1,1,1,0,1,0,0,0,0,1]]"
4,482,-0.009239336908158306,0.009239336908158306,"[[1,1,0,0,0,0,1,1,1,1],[1,1,1,0,1,0,0,0,1,0]]"
4,483,-0.009199863683104933,0.009199863683104933,"[[1,1,0,0,0,0,1,1,1,1],[1,1,1,0,1,0,0,0,1,1]]"
4,484,-0.012096658038921288,0.012096658038921288,"[[1,1,0,0,0,0,1,1,1,1],[1,1,1,0,1,0,0,1,0,0]]"
4,485,-0.012043562929026592,0.012043562929026592,"[[1,1,0,0,0,0,1,1,1,1],[1,1,1,0,1,0,0,1,0,1]]"
4,486,-0.01281532803622453,0.01281532803622453,"[[1,1,0,0,0,0,1,1,1,1],[1,1,1,0,1,0,0,1,1,0]]"
4,487,-0.012778177122235976,0.012778177122235976,"[[1,1,0,0,0,0,1,1,1,1],[1,1,1,0,1,0,0,1,1,1]]"
4,488,-0.015514148425721512,0.015514148425721512,"[[1,1,0,0,0,0,1,1,1,1],[1,1,1,0,1,0,1,0,0,0]]"
4,489,-0.015399070558519325,0.015399070558519325,"[[1,1,0,0,0,0,1,1,1,1],[1,1,1,0,1,0,1,0,0,1]]"
4,490,-0.016152011290394026,0.016152011290394026,"[[1,1,0,0,0,0,1,1,1,1],[1,1,1,0,1,0,1,0,1,0]]"
4,491,-0.016073693726614154,0.016073693726614154,"[[1,1,0,0,0,0,1,1,1,1],[1,1,1,0,1,0,1,0,1,1]]"
4,492,-0.019771104118876157,0.019771104118876157,"[[1,1,0,0,0,0,1,1,1,1],[1,1,1,0,1,0,1,1,0,0]]"
4,493,-0.01969589272659439,0.01969589272659439,"[[1,1,0,0,0,0,1,1,1,1],[1,1,1,0,1,0,1,1,0,1]]"
4,494,-0.02068419020386603,0.02068419020386603,"[[1,1,0,0,0,0,1,1,1,1],[1,1,1,0,1,0,1,1,1,0]]"
4,495,-0.020607080351599572,0.020607080351599572,"[[1,1,0,0,0,0,1,1,1,1],[1,1,1,0,1,0,1,1,1,1]]"
4,496,-0.01834913558134712,0.01834913558134712,"[[1,1,0,0,0,0,1,1,1,1],[1,1,1,0,1,1,0,0,0,0]]"
4,497,-0.018148525224950512,0.018148525224950512,"[[1,1,0,0,0,0,1,1,1,1],[1,1,1,0,1,1,0,0,0,1]]"
4,498,-0.018875293625595382,0.018875293625595382,"[[1,1,0,0,0,0,1,1,1,1],[1,1,1,0,1,1,0,0,1,0]]"
4,499,-0.018744878129358794,0.018744878129358794,"[[1,1,0,0,0,0,1,1,1,1],[1,1,1,0,1,1,0,0,1,1]]"
4,500,-0.022539123111583192,0.022539123111583192,"[[1,1,0,0,0,0,1,1,1,1],[1,1,1,0,1,1,0,1,0,0]]"
4,501,-0.0224367775781755,0.0224367775781755,"[[1,1,0,0,0,0,1,1,1,1],[1,1,1,0,1,1,0,1,0,1]]"
4,502,-0.02344478318454223,0.02344478318454223,"[[1,1,0,0,0,0,1,1,1,1],[1,1,1,0,1,1,0,1,1,0]]"
4,503,-0.023342689344371923,0.023342689344371923,"[[1,1,0,0,0,0,1,1,1,1],[1,1,1,0,1,1,0,1,1,1]]"
4,504,-0.0274328249601712,0.0274328249601712,"[[1,1,0,0,0,0,1,1,1,1],[1,1,1,0,1,1,1,0,0,0]]"
4,505,-0.02723095836874404,0.02723095836874404,"[[1,1,0,0,0,0,1,1,1,1],[1,1,1,0,1,1,1,0,0,1]]"
4,506,-0.028087224546255545,0.028087224546255545,"[[1,1,0,0,0,0,1,1,1,1],[1,1,1,0,1,1,1,0,1,0]]"
4,507,-0.027939893841258306,0.027939893841258306,"[[1,1,0,0,0,0,1,1,1,1],[1,1,1,0,1,1,1,0,1,1]]"
4,508,-0.03243935761925862,0.03243935761925862,"[[1,1,0,0,0,0,1,1,1,1],[1,1,1,0,1,1,1,1,0,0]]"
4,509,-0.03230335782919454,0.03230335782919454,"[[1,1,0,0,0,0,1,1,1,1],[1,1,1,0,1,1,1,1,0,1]]"
4,510,-0.03349718742811434,0.03349718742811434,"[[1,1,0,0,0,0,1,1,1,1],[1,1,1,0,1,1,1,1,1,0]]"
4,511,-0.033361249722968,0.033361249722968,"[[1,1,0,0,0,0,1,1,1,1],[1,1,1,0,1,1,1,1,1,1]]"
4,512,-0.011276107801444784,0.011276107801444784,"[[1,1,0,0,0,1,0,0,0,0],[1,1,1,0,1,0,0,0,0,0]]"
4,513,-0.01118435114622849,0.01118435114622849,"[[1,1,0,0,0,1,0,0,0,0],[1,1,1,0,1,0,0,0,0,1]]"
4,514,-0.01153134949536182,0.01153134949536182,"[[1,1,0,0,0,1,0,0,0,0],[1,1,1,0,1,0,0,0,1,0]]"
4,515,-0.011449321495994955,0.011449321495994955,"[[1,1,0,0,0,1,0,0,0,0],[1,1,1,0,1,0,0,0,1,1]]"
4,516,-0.01391196946275331,0.01391196946275331,"[[1,1,0,0,0,1,0,0,0,0],[1,1,1,0,1,0,0,1,0,0]]"
4,517,-0.013801718576907518,0.013801718576907518,"[[1,1,0,0,0,1,0,0,0,0],[1,1,1,0,1,0,0,1,0,1]]"
4,518,-0.014192169242065077,0.014192169242065077,"[[1,1,0,0,0,1,0,0,0,0],[1,1,1,0,1,0,0,1,1,0]]"
4,519,-0.014093155330924529,0.014093155330924529,"[[1,1,0,0,0,1,0,0,0,0],[1,1,1,0,1,0,0,1,1,1]]"
4,520,-0.01753136641709642,0.01753136641709642,"[[1,1,0,0,0,1,0,0,0,0],[1,1,1,0,1,0,1,0,0,0]]"
4,521,-0.017403887346662986,0.017403887346662986,"[[1,1,0,0,0,1,0,0,0,0],[1,1,1,0,1,0,1,0,0,1]]"
4,522,-0.017842402640772026,0.017842402640772026,"[[1,1,0,0,0,1,0,0,0,0],[1,1,1,0,1,0,1,0,1,0]]"
4,523,-0.01772464378249968,0.01772464378249968,"[[1,1,0,0,0,1,0,0,0,0],[1,1,1,0,1,0,1,0,1,1]]"
4,524,-0.020741062125006805,0.020741062125006805,"[[1,1,0,0,0,1,0,0,0,0],[1,1,1,0,1,0,1,1,0,0]]"
4,525,-0.02059366142979671,0.02059366142979671,"[[1,1,0,0,0,1,0,0,0,0],[1,1,1,0,1,0,1,1,0,1]]"
4,526,-0.021042496219787633,0.021042496219787633,"[[1,1,0,0,0,1,0,0,0,0],[1,1,1,0,1,0,1,1,1,0]]"
4,527,-0.020898502647698446,0.020898502647698446,"[[1,1,0,0,0,1,0,0,0,0],[1,1,1,0,1,0,1,1,1,1]]"
4,528,-0.01762804324120971,0.01762804324120971,"[[1,1,0,0,0,1,0,0,0,0],[1,1,1,0,1,1,0,0,0,0]]"
4,529,-0.01747014325360543,0.01747014325360543,"[[1,1,0,0,0,1,0,0,0,0],[1,1,1,0,1,1,0,0,0,1]]"
4,530,-0.01782689262688792,0.01782689262688792,"[[1,1,0,0,0,1,0,0,0,0],[1,1,1,0,1,1,0,0,1,0]]"
4,531,-0.017677096667744384,0.017677096667744384,"[[1,1,0,0,0,1,0,0,0,0],[1,1,1,0,1,1,0,0,1,1]]"
4,532,-0.020672388683880157,0.020672388683880157,"[[1,1,0,0,0,1,0,0,0,0],[1,1,1,0,1,1,0,1,0,0]]"
4,533,-0.02049697181285218,0.02049697181285218,"[[1,1,0,0,0,1,0,0,0,0],[1,1,1,0,1,1,0,1,0,1]]"
4,534,-0.02084158273181267,0.02084158273181267,"[[1,1,0,0,0,1,0,0,0,0],[1,1,1,0,1,1,0,1,1,0]]"
4,535,-0.02069583426097604,0.02069583426097604,"[[1,1,0,0,0,1,0,0,0,0],[1,1,1,0,1,1,0,1,1,1]]"
4,536,-0.02520561189054197,0.02520561189054197,"[[1,1,0,0,0,1,0,0,0,0],[1,1,1,0,1,1,1,0,0,0]]"
4,537,-0.02500669822095668,0.02500669822095668,"[[1,1,0,0,0,1,0,0,0,0],[1,1,1,0,1,1,1,0,0,1]]"
4,538,-0.025441219778693798,0.025441219778693798,"[[1,1,0,0,0,1,0,0,0,0],[1,1,1,0,1,1,1,0,1,0]]"
4,539,-0.02530366995387662,0.02530366995387662,"[[1,1,0,0,0,1,0,0,0,0],[1,1,1,0,1,1,1,0,1,1]]"
4,540,-0.028887561978644685,0.028887561978644685,"[[1,1,0,0,0,1,0,0,0,0],[1,1,1,0,1,1,1,1,0,0]]"
4,541,-0.02866813582002264,0.02866813582002264,"[[1,1,0,0,0,1,0,0,0,0],[1,1,1,0,1,1,1,1,0,1]]"
4,542,-0.029123196469042125,0.029123196469042125,"[[1,1,0,0,0,1,0,0,0,0],[1,1,1,0,1,1,1,1,1,0]]"
4,543,-0.029019958319022002,0.029019958319022002,"[[1,1,0,0,0,1,0,0,0,0],[1,1,1,0,1,1,1,1,1,1]]"
4,544,-0.01133232293165501,0.01133232293165501,"[[1,1,0,0,0,1,0,0,0,1],[1,1,1,0,1,0,0,0,0,0]]"
4,545,-0.011241060681891527,0.011241060681891527,"[[1,1,0,0,0,1,0,0,0,1],[1,1,1,0,1,0,0,0,0,1]]"
4,546,-0.011590814852144058,0.011590814852144058,"[[1,1,0,0,0,1,0,0,0,1],[1,1,1,0,1,0,0,0,1,0]]"
4,547,-0.011516273120566998,0.011516273120566998,"[[1,1,0,0,0,1,0,0,0,1],[1,1,1,0,1,0,0,0,1,1]]"
4,548,-0.013970713044743238,0.013970713044743238,"[[1,1,0,0,0,1,0,0,0,1],[1,1,1,0,1,0,0,1,0,0]]"
4,549,-0.01386057068777372,0.01386057068777372,"[[1,1,0,0,0,1,0,0,0,1],[1,1,1,0,1,0,0,1,0,1]]"
4,550,-0.014252826349711468,0.014252826349711468,"[[1,1,0,0,0,1,0,0,0,1],[1,1,1,0,1,0,0,1,1,0]]"
4,551,-0.014147921576495413,0.014147921576495413,"[[1,1,0,0,0,1,0,0,0,1],[1,1,1,0,1,0,0,1,1,1]]"
4,552,-0.017596704977457783,0.017596704977457783,"[[1,1,0,0,0,1,0,0,0,1],[1,1,1,0,1,0,1,0,0,0]]"
4,553,-0.017469180054122284,0.017469180054122284,"[[1,1,0,0,0,1,0,0,0,1],[1,1,1,0,1,0,1,0,0,1]]"
4,554,-0.017910979113917584,0.017910979113917584,"[[1,1,0,0,0,1,0,0,0,1],[1,1,1,0,1,0,1,0,1,0]]"
4,555,-0.017793327127708904,0.017793327127708904,"[[1,1,0,0,0,1,0,0,0,1],[1,1,1,0,1,0,1,0,1,1]]"
4,556,-0.020807978987586392,0.020807978987586392,"[[1,1,0,0,0,1,0,0,0,1],[1,1,1,0,1,0,1,1,0,0]]"
4,557,-0.02065479426943377,0.02065479426943377,"[[1,1,0,0,0,1,0,0,0,1],[1,1,1,0,1,0,1,1,0,1]]"
4,558,-0.02110274022077135,0.02110274022077135,"[[1,1,0,0,0,1,0,0,0,1],[1,1,1,0,1,0,1,1,1,0]]"
4,559,-0.020956902558991485,0.020956902558991485,"[[1,1,0,0,0,1,0,0,0,1],[1,1,1,0,1,0,1,1,1,1]]"
4,560,-0.017678436108666037,0.017678436108666037,"[[1,1,0,0,0,1,0,0,0,1],[1,1,1,0,1,1,0,0,0,0]]"
4,561,-0.017519878910215905,0.017519878910215905,"[[1,1,0,0,0,1,0,0,0,1],[1,1,1,0,1,1,0,0,0,1]]"
4,562,-0.017879480740757594,0.017879480740757594,"[[1,1,0,0,0,1,0,0,0,1],[1,1,1,0,1,1,0,0,1,0]]"
4,563,-0.01772914321722742,0.01772914321722742,"[[1,1,0,0,0,1,0,0,0,1],[1,1,1,0,1,1,0,0,1,1]]"
4,564,-0.020723795673233812,0.020723795673233812,"[[1,1,0,0,0,1,0,0,0,1],[1,1,1,0,1,1,0,1,0,0]]"
4,565,-0.020546298201226797,0.020546298201226797,"[[1,1,0,0,0,1,0,0,0,1],[1,1,1,0,1,1,0,1,0,1]]"
4,566,-0.0208970146237869,0.0208970146237869,"[[1,1,0,0,0,1,0,0,0,1],[1,1,1,0,1,1,0,1,1,0]]"
4,567,-0.020739223733557664,0.020739223733557664,"[[1,1,0,0,0,1,0,0,0,1],[1,1,1,0,1,1,0,1,1,1]]"
4,568,-0.025260279951674534,0.025260279951674534,"[[1,1,0,0,0,1,0,0,0,1],[1,1,1,0,1,1,1,0,0,0]]"
4,569,-0.02505899694308454,0.02505899694308454,"[[1,1,0,0,0,1,0,0,0,1],[1,1,1,0,1,1,1,0,0,1]]"
4,570,-0.02549804818701692,0.02549804818701692,"[[1,1,0,0,0,1,0,0,0,1],[1,1,1,0,1,1,1,0,1,0]]"
4,571,-0.02534616075865627,0.02534616075865627,"[[1,1,0,0,0,1,0,0,0,1],[1,1,1,0,1,1,1,0,1,1]]"
4,572,-0.028942223283706613,0.028942223283706613,"[[1,1,0,0,0,1,0,0,0,1],[1,1,1,0,1,1,1,1,0,0]]"
4,573,-0.028718730789005876,0.028718730789005876,"[[1,1,0,0,0,1,0,0,0,1],[1,1,1,0,1,1,1,1,0,1]]"
4,574,-0.029168707745308317,0.029168707745308317,"[[1,1,0,0,0,1,0,0,0,1],[1,1,1,0,1,1,1,1,1,0]]"
4,575,-0.029062638978942408,0.029062638978942408,"[[1,1,0,0,0,1,0,0,0,1],[1,1,1,0,1,1,1,1,1,1]]"
4,576,-0.010556645321570473,0.010556645321570473,"[[1,1,0,0,0,1,0,0,1,0],[1,1,1,0,1,0,0,0,0,0]]"
4,577,-0.010489620215841591,0.010489620215841591,"[[1,1,0,0,0,1,0,0,1,0],[1,1,1,0,1,0,0,0,0,1]]"
4,578,-0.010950655078200353,0.010950655078200353,"[[1,1,0,0,0,1,0,0,1,0],[1,1,1,0,1,0,0,0,1,0]]"
4,579,-0.010901293699373616,0.010901293699373616,"[[1,1,0,0,0,1,0,0,1,0],[1,1,1,0,1,0,0,0,1,1]]"
4,580,-0.01308154937894467,0.01308154937894467,"[[1,1,0,0,0,1,0,0,1,0],[1,1,1,0,1,0,0,1,0,0]]"
4,581,-0.012992393764124966,0.012992393764124966,"[[1,1,0,0,0,1,0,0,1,0],[1,1,1,0,1,0,0,1,0,1]]"
4,582,-0.013520341119663746,0.013520341119663746,"[[1,1,0,0,0,1,0,0,1,0],[1,1,1,0,1,0,0,1,1,0]]"
4,583,-0.013460690022314658,0.013460690022314658,"[[1,1,0,0,0,1,0,0,1,0],[1,1,1,0,1,0,0,1,1,1]]"
4,584,-0.01658742383673857,0.01658742383673857,"[[1,1,0,0,0,1,0,0,1,0],[1,1,1,0,1,0,1,0,0,0]]"
4,585,-0.01647321368793482,0.01647321368793482,"[[1,1,0,0,0,1,0,0,1,0],[1,1,1,0,1,0,1,0,0,1]]"
4,586,-0.0170628810708885,0.0170628810708885,"[[1,1,0,0,0,1,0,0,1,0],[1,1,1,0,1,0,1,0,1,0]]"
4,587,-0.016952694665026476,0.016952694665026476,"[[1,1,0,0,0,1,0,0,1,0],[1,1,1,0,1,0,1,0,1,1]]"
4,588,-0.01966865102021997,0.01966865102021997,"[[1,1,0,0,0,1,0,0,1,0],[1,1,1,0,1,0,1,1,0,0]]"
4,589,-0.01954006104343605,0.01954006104343605,"[[1,1,0,0,0,1,0,0,1,0],[1,1,1,0,1,0,1,1,0,1]]"
4,590,-0.020134006071912333,0.020134006071912333,"[[1,1,0,0,0,1,0,0,1,0],[1,1,1,0,1,0,1,1,1,0]]"
4,591,-0.0200280618369559,0.0200280618369559,"[[1,1,0,0,0,1,0,0,1,0],[1,1,1,0,1,0,1,1,1,1]]"
4,592,-0.016628747025993915,0.016628747025993915,"[[1,1,0,0,0,1,0,0,1,0],[1,1,1,0,1,1,0,0,0,0]]"
4,593,-0.016484791270881215,0.016484791270881215,"[[1,1,0,0,0,1,0,0,1,0],[1,1,1,0,1,1,0,0,0,1]]"
4,594,-0.01696233553845857,0.01696233553845857,"[[1,1,0,0,0,1,0,0,1,0],[1,1,1,0,1,1,0,0,1,0]]"
4,595,-0.016864364257848707,0.016864364257848707,"[[1,1,0,0,0,1,0,0,1,0],[1,1,1,0,1,1,0,0,1,1]]"
4,596,-0.019471154596729462,0.019471154596729462,"[[1,1,0,0,0,1,0,0,1,0],[1,1,1,0,1,1,0,1,0,0]]"
4,597,-0.0193210561489025,0.0193210561489025,"[[1,1,0,0,0,1,0,0,1,0],[1,1,1,0,1,1,0,1,0,1]]"
4,598,-0.019852491413653677,0.019852491413653677,"[[1,1,0,0,0,1,0,0,1,0],[1,1,1,0,1,1,0,1,1,0]]"
4,599,-0.01974846952407408,0.01974846952407408,"[[1,1,0,0,0,1,0,0,1,0],[1,1,1,0,1,1,0,1,1,1]]"
4,600,-0.02398168858319437,0.02398168858319437,"[[1,1,0,0,0,1,0,0,1,0],[1,1,1,0,1,1,1,0,0,0]]"
4,601,-0.023795880550791244,0.023795880550791244,"[[1,1,0,0,0,1,0,0,1,0],[1,1,1,0,1,1,1,0,0,1]]"
4,602,-0.024372116741469097,0.024372116741469097,"[[1,1,0,0,0,1,0,0,1,0],[1,1,1,0,1,1,1,0,1,0]]"
4,603,-0.024270632272371057,0.024270632272371057,"[[1,1,0,0,0,1,0,0,1,0],[1,1,1,0,1,1,1,0,1,1]]"
4,604,-0.027402881117079385,0.027402881117079385,"[[1,1,0,0,0,1,0,0,1,0],[1,1,1,0,1,1,1,1,0,0]]"
4,605,-0.02723468090866894,0.02723468090866894,"[[1,1,0,0,0,1,0,0,1,0],[1,1,1,0,1,1,1,1,0,1]]"
4,606,-0.027902167017700742,0.027902167017700742,"[[1,1,0,0,0,1,0,0,1,0],[1,1,1,0,1,1,1,1,1,0]]"
4,607,-0.027812660850215266,0.027812660850215266,"[[1,1,0,0,0,1,0,0,1,0],[1,1,1,0,1,1,1,1,1,1]]"
4,608,-0.01061374399548514,0.01061374399548514,"[[1,1,0,0,0,1,0,0,1,1],[1,1,1,0,1,0,0,0,0,0]]"
4,609,-0.010556171474278852,0.010556171474278852,"[[1,1,0,0,0,1,0,0,1,1],[1,1,1,0,1,0,0,0,0,1]]"
4,610,-0.011018227689485604,0.011018227689485604,"[[1,1,0,0,0,1,0,0,1,1],[1,1,1,0,1,0,0,0,1,0]]"
4,611,-0.010968618630911316,0.010968618630911316,"[[1,1,0,0,0,1,0,0,1,1],[1,1,1,0,1,0,0,0,1,1]]"
4,612,-0.013144737625068667,0.013144737625068667,"[[1,1,0,0,0,1,0,0,1,1],[1,1,1,0,1,0,0,1,0,0]]"
4,613,-0.013056238628808756,0.013056238628808756,"[[1,1,0,0,0,1,0,0,1,1],[1,1,1,0,1,0,0,1,0,1]]"
4,614,-0.013588254891148142,0.013588254891148142,"[[1,1,0,0,0,1,0,0,1,1],[1,1,1,0,1,0,0,1,1,0]]"
4,615,-0.013527402067872878,0.013527402067872878,"[[1,1,0,0,0,1,0,0,1,1],[1,1,1,0,1,0,0,1,1,1]]"
4,616,-0.016653641590107758,0.016653641590107758,"[[1,1,0,0,0,1,0,0,1,1],[1,1,1,0,1,0,1,0,0,0]]"
4,617,-0.016539752938981803,0.016539752938981803,"[[1,1,0,0,0,1,0,0,1,1],[1,1,1,0,1,0,1,0,0,1]]"
4,618,-0.017131304853878954,0.017131304853878954,"[[1,1,0,0,0,1,0,0,1,1],[1,1,1,0,1,0,1,0,1,0]]"
4,619,-0.01702088548182206,0.01702088548182206,"[[1,1,0,0,0,1,0,0,1,1],[1,1,1,0,1,0,1,0,1,1]]"
4,620,-0.019738532462335808,0.019738532462335808,"[[1,1,0,0,0,1,0,0,1,1],[1,1,1,0,1,0,1,1,0,0]]"
4,621,-0.019602814893314315,0.019602814893314315,"[[1,1,0,0,0,1,0,0,1,1],[1,1,1,0,1,0,1,1,0,1]]"
4,622,-0.020197302564295014,0.020197302564295014,"[[1,1,0,0,0,1,0,0,1,1],[1,1,1,0,1,0,1,1,1,0]]"
4,623,-0.020083004416396162,0.020083004416396162,"[[1,1,0,0,0,1,0,0,1,1],[1,1,1,0,1,0,1,1,1,1]]"
4,624,-0.01668023838554273,0.01668023838554273,"[[1,1,0,0,0,1,0,0,1,1],[1,1,1,0,1,1,0,0,0,0]]"
4,625,-0.016535945452516042,0.016535945452516042,"[[1,1,0,0,0,1,0,0,1,1],[1,1,1,0,1,1,0,0,0,1]]"
4,626,-0.017026588284293417,0.017026588284293417,"[[1,1,0,0,0,1,0,0,1,1],[1,1,1,0,1,1,0,0,1,0]]"
4,627,-0.01693295362838253,0.01693295362838253,"[[1,1,0,0,0,1,0,0,1,1],[1,1,1,0,1,1,0,0,1,1]]"
4,628,-0.01952841191031615,0.01952841191031615,"[[1,1,0,0,0,1,0,0,1,1],[1,1,1,0,1,1,0,1,0,0]]"
4,629,-0.0193764549169997,0.0193764549169997,"[[1,1,0,0,0,1,0,0,1,1],[1,1,1,0,1,1,0,1,0,1]]"
4,630,-0.019912241643029818,0.019912241643029818,"[[1,1,0,0,0,1,0,0,1,1],[1,1,1,0,1,1,0,1,1,0]]"
4,631,-0.019813308044027467,0.019813308044027467,"[[1,1,0,0,0,1,0,0,1,1],[1,1,1,0,1,1,0,1,1,1]]"
4,632,-0.024037052079727776,0.024037052079727776,"[[1,1,0,0,0,1,0,0,1,1],[1,1,1,0,1,1,1,0,0,0]]"
4,633,-0.02384924429608646,0.02384924429608646,"[[1,1,0,0,0,1,0,0,1,1],[1,1,1,0,1,1,1,0,0,1]]"
4,634,-0.024429451490366346,0.024429451490366346,"[[1,1,0,0,0,1,0,0,1,1],[1,1,1,0,1,1,1,0,1,0]]"
4,635,-0.02431458591285395,0.02431458591285395,"[[1,1,0,0,0,1,0,0,1,1],[1,1,1,0,1,1,1,0,1,1]]"
4,636,-0.02746257874553205,0.02746257874553205,"[[1,1,0,0,0,1,0,0,1,1],[1,1,1,0,1,1,1,1,0,0]]"
4,637,-0.02727988496753854,0.02727988496753854,"[[1,1,0,0,0,1,0,0,1,1],[1,1,1,0,1,1,1,1,0,1]]"
4,638,-0.0279525628654222,0.0279525628654222,"[[1,1,0,0,0,1,0,0,1,1],[1,1,1,0,1,1,1,1,1,0]]"
4,639,-0.02786035628394276,0.02786035628394276,"[[1,1,0,0,0,1,0,0,1,1],[1,1,1,0,1,1,1,1,1,1]]"
4,640,-0.008189165099590966,0.008189165099590966,"[[1,1,0,0,0,1,0,1,0,0],[1,1,1,0,1,0,0,0,0,0]]"
4,641,-0.00812703838984224,0.00812703838984224,"[[1,1,0,0,0,1,0,1,0,0],[1,1,1,0,1,0,0,0,0,1]]"
4,642,-0.008516729493908514,0.008516729493908514,"[[1,1,0,0,0,1,0,1,0,0],[1,1,1,0,1,0,0,0,1,0]]"
4,643,-0.008468764085318808,0.008468764085318808,"[[1,1,0,0,0,1,0,1,0,0],[1,1,1,0,1,0,0,0,1,1]]"
4,644,-0.010708734263309497,0.010708734263309497,"[[1,1,0,0,0,1,0,1,0,0],[1,1,1,0,1,0,0,1,0,0]]"
4,645,-0.01064147209610994,0.01064147209610994,"[[1,1,0,0,0,1,0,1,0,0],[1,1,1,0,1,0,0,1,0,1]]"
4,646,-0.010989118435093578,0.010989118435093578,"[[1,1,0,0,0,1,0,1,0,0],[1,1,1,0,1,0,0,1,1,0]]"
4,647,-0.010942190446808199,0.010942190446808199,"[[1,1,0,0,0,1,0,1,0,0],[1,1,1,0,1,0,0,1,1,1]]"
4,648,-0.0136265565427726,0.0136265565427726,"[[1,1,0,0,0,1,0,1,0,0],[1,1,1,0,1,0,1,0,0,0]]"
4,649,-0.013512907624258214,0.013512907624258214,"[[1,1,0,0,0,1,0,1,0,0],[1,1,1,0,1,0,1,0,0,1]]"
4,650,-0.013951240994700471,0.013951240994700471,"[[1,1,0,0,0,1,0,1,0,0],[1,1,1,0,1,0,1,0,1,0]]"
4,651,-0.013848701230210292,0.013848701230210292,"[[1,1,0,0,0,1,0,1,0,0],[1,1,1,0,1,0,1,0,1,1]]"
4,652,-0.016701982709894606,0.016701982709894606,"[[1,1,0,0,0,1,0,1,0,0],[1,1,1,0,1,0,1,1,0,0]]"
4,653,-0.016586535874101093,0.016586535874101093,"[[1,1,0,0,0,1,0,1,0,0],[1,1,1,0,1,0,1,1,0,1]]"
4,654,-0.016995864949151746,0.016995864949151746,"[[1,1,0,0,0,1,0,1,0,0],[1,1,1,0,1,0,1,1,1,0]]"
4,655,-0.016882882178541996,0.016882882178541996,"[[1,1,0,0,0,1,0,1,0,0],[1,1,1,0,1,0,1,1,1,1]]"
4,656,-0.013941278975458257,0.013941278975458257,"[[1,1,0,0,0,1,0,1,0,0],[1,1,1,0,1,1,0,0,0,0]]"
4,657,-0.0138087344035157,0.0138087344035157,"[[1,1,0,0,0,1,0,1,0,0],[1,1,1,0,1,1,0,0,0,1]]"
4,658,-0.01415883320378367,0.01415883320378367,"[[1,1,0,0,0,1,0,1,0,0],[1,1,1,0,1,1,0,0,1,0]]"
4,659,-0.01407076287018123,0.01407076287018123,"[[1,1,0,0,0,1,0,1,0,0],[1,1,1,0,1,1,0,0,1,1]]"
4,660,-0.016638375152715087,0.016638375152715087,"[[1,1,0,0,0,1,0,1,0,0],[1,1,1,0,1,1,0,1,0,0]]"
4,661,-0.016491409470981613,0.016491409470981613,"[[1,1,0,0,0,1,0,1,0,0],[1,1,1,0,1,1,0,1,0,1]]"
4,662,-0.016816173752997196,0.016816173752997196,"[[1,1,0,0,0,1,0,1,0,0],[1,1,1,0,1,1,0,1,1,0]]"
4,663,-0.016717862758896362,0.016717862758896362,"[[1,1,0,0,0,1,0,1,0,0],[1,1,1,0,1,1,0,1,1,1]]"
4,664,-0.020729874274638394,0.020729874274638394,"[[1,1,0,0,0,1,0,1,0,0],[1,1,1,0,1,1,1,0,0,0]]"
4,665,-0.02055565369206212,0.02055565369206212,"[[1,1,0,0,0,1,0,1,0,0],[1,1,1,0,1,1,1,0,0,1]]"
4,666,-0.020981304162840175,0.020981304162840175,"[[1,1,0,0,0,1,0,1,0,0],[1,1,1,0,1,1,1,0,1,0]]"
4,667,-0.020810577433452958,0.020810577433452958,"[[1,1,0,0,0,1,0,1,0,0],[1,1,1,0,1,1,1,0,1,1]]"
4,668,-0.023990740994198845,0.023990740994198845,"[[1,1,0,0,0,1,0,1,0,0],[1,1,1,0,1,1,1,1,0,0]]"
4,669,-0.023800973635637362,0.023800973635637362,"[[1,1,0,0,0,1,0,1,0,0],[1,1,1,0,1,1,1,1,0,1]]"
4,670,-0.024214723487391055,0.024214723487391055,"[[1,1,0,0,0,1,0,1,0,0],[1,1,1,0,1,1,1,1,1,0]]"
4,671,-0.02409914903147178,0.02409914903147178,"[[1,1,0,0,0,1,0,1,0,0],[1,1,1,0,1,1,1,1,1,1]]"
4,672,-0.00823980382761235,0.00823980382761235,"[[1,1,0,0,0,1,0,1,0,1],[1,1,1,0,1,0,0,0,0,0]]"
4,673,-0.008184204556606019,0.008184204556606019,"[[1,1,0,0,0,1,0,1,0,1],[1,1,1,0,1,0,0,0,0,1]]"
4,674,-0.00857768442051243,0.00857768442051243,"[[1,1,0,0,0,1,0,1,0,1],[1,1,1,0,1,0,0,0,1,0]]"
4,675,-0.00852930478545741,0.00852930478545741,"[[1,1,0,0,0,1,0,1,0,1],[1,1,1,0,1,0,0,0,1,1]]"
4,676,-0.010767370532786062,0.010767370532786062,"[[1,1,0,0,0,1,0,1,0,1],[1,1,1,0,1,0,0,1,0,0]]"
4,677,-0.01070939772039447,0.01070939772039447,"[[1,1,0,0,0,1,0,1,0,1],[1,1,1,0,1,0,0,1,0,1]]"
4,678,-0.011059497856670127,0.011059497856670127,"[[1,1,0,0,0,1,0,1,0,1],[1,1,1,0,1,0,0,1,1,0]]"
4,679,-0.011010288233222443,0.011010288233222443,"[[1,1,0,0,0,1,0,1,0,1],[1,1,1,0,1,0,0,1,1,1]]"
4,680,-0.013684929131371116,0.013684929131371116,"[[1,1,0,0,0,1,0,1,0,1],[1,1,1,0,1,0,1,0,0,0]]"
4,681,-0.013571364794249967,0.013571364794249967,"[[1,1,0,0,0,1,0,1,0,1],[1,1,1,0,1,0,1,0,0,1]]"
4,682,-0.014013778495998084,0.014013778495998084,"[[1,1,0,0,0,1,0,1,0,1],[1,1,1,0,1,0,1,0,1,0]]"
4,683,-0.013911515236785361,0.013911515236785361,"[[1,1,0,0,0,1,0,1,0,1],[1,1,1,0,1,0,1,0,1,1]]"
4,684,-0.016768792022463622,0.016768792022463622,"[[1,1,0,0,0,1,0,1,0,1],[1,1,1,0,1,0,1,1,0,0]]"
4,685,-0.01665355223328853,0.01665355223328853,"[[1,1,0,0,0,1,0,1,0,1],[1,1,1,0,1,0,1,1,0,1]]"
4,686,-0.017056271671957005,0.017056271671957005,"[[1,1,0,0,0,1,0,1,0,1],[1,1,1,0,1,0,1,1,1,0]]"
4,687,-0.016943379919875132,0.016943379919875132,"[[1,1,0,0,0,1,0,1,0,1],[1,1,1,0,1,0,1,1,1,1]]"
4,688,-0.013995007876011281,0.013995007876011281,"[[1,1,0,0,0,1,0,1,0,1],[1,1,1,0,1,1,0,0,0,0]]"
4,689,-0.013871721589347172,0.013871721589347172,"[[1,1,0,0,0,1,0,1,0,1],[1,1,1,0,1,1,0,0,0,1]]"
4,690,-0.014224068949750628,0.014224068949750628,"[[1,1,0,0,0,1,0,1,0,1],[1,1,1,0,1,1,0,0,1,0]]"
4,691,-0.014133033292476789,0.014133033292476789,"[[1,1,0,0,0,1,0,1,0,1],[1,1,1,0,1,1,0,0,1,1]]"
4,692,-0.016688372745697348,0.016688372745697348,"[[1,1,0,0,0,1,0,1,0,1],[1,1,1,0,1,1,0,1,0,0]]"
4,693,-0.01653991662938211,0.01653991662938211,"[[1,1,0,0,0,1,0,1,0,1],[1,1,1,0,1,1,0,1,0,1]]"
4,694,-0.016879609680564317,0.016879609680564317,"[[1,1,0,0,0,1,0,1,0,1],[1,1,1,0,1,1,0,1,1,0]]"
4,695,-0.016785340699149155,0.016785340699149155,"[[1,1,0,0,0,1,0,1,0,1],[1,1,1,0,1,1,0,1,1,1]]"
4,696,-0.020789143851745434,0.020789143851745434,"[[1,1,0,0,0,1,0,1,0,1],[1,1,1,0,1,1,1,0,0,0]]"
4,697,-0.020613097171391353,0.020613097171391353,"[[1,1,0,0,0,1,0,1,0,1],[1,1,1,0,1,1,1,0,0,1]]"
4,698,-0.021035374866594438,0.021035374866594438,"[[1,1,0,0,0,1,0,1,0,1],[1,1,1,0,1,1,1,0,1,0]]"
4,699,-0.020862714391564265,0.020862714391564265,"[[1,1,0,0,0,1,0,1,0,1],[1,1,1,0,1,1,1,0,1,1]]"
4,700,-0.024045017122908786,0.024045017122908786,"[[1,1,0,0,0,1,0,1,0,1],[1,1,1,0,1,1,1,1,0,0]]"
4,701,-0.02385302734822171,0.02385302734822171,"[[1,1,0,0,0,1,0,1,0,1],[1,1,1,0,1,1,1,1,0,1]]"
4,702,-0.024271523495419514,0.024271523495419514,"[[1,1,0,0,0,1,0,1,0,1],[1,1,1,0,1,1,1,1,1,0]]"
4,703,-0.024142235787844232,0.024142235787844232,"[[1,1,0,0,0,1,0,1,0,1],[1,1,1,0,1,1,1,1,1,1]]"
4,704,-0.007682036672812326,0.007682036672812326,"[[1,1,0,0,0,1,0,1,1,0],[1,1,1,0,1,0,0,0,0,0]]"
4,705,-0.007631358424640362,0.007631358424640362,"[[1,1,0,0,0,1,0,1,1,0],[1,1,1,0,1,0,0,0,0,1]]"
4,706,-0.008153791242427225,0.008153791242427225,"[[1,1,0,0,0,1,0,1,1,0],[1,1,1,0,1,0,0,0,1,0]]"
4,707,-0.008105288891046466,0.008105288891046466,"[[1,1,0,0,0,1,0,1,1,0],[1,1,1,0,1,0,0,0,1,1]]"
4,708,-0.01009578455343421,0.01009578455343421,"[[1,1,0,0,0,1,0,1,1,0],[1,1,1,0,1,0,0,1,0,0]]"
4,709,-0.010049114556507784,0.010049114556507784,"[[1,1,0,0,0,1,0,1,1,0],[1,1,1,0,1,0,0,1,0,1]]"
4,710,-0.010578062746078372,0.010578062746078372,"[[1,1,0,0,0,1,0,1,1,0],[1,1,1,0,1,0,0,1,1,0]]"
4,711,-0.010535033628167345,0.010535033628167345,"[[1,1,0,0,0,1,0,1,1,0],[1,1,1,0,1,0,0,1,1,1]]"
4,712,-0.012826109595215187,0.012826109595215187,"[[1,1,0,0,0,1,0,1,1,0],[1,1,1,0,1,0,1,0,0,0]]"
4,713,-0.012726020673163162,0.012726020673163162,"[[1,1,0,0,0,1,0,1,1,0],[1,1,1,0,1,0,1,0,0,1]]"
4,714,-0.013270065966077596,0.013270065966077596,"[[1,1,0,0,0,1,0,1,1,0],[1,1,1,0,1,0,1,0,1,0]]"
4,715,-0.01317738765996807,0.01317738765996807,"[[1,1,0,0,0,1,0,1,1,0],[1,1,1,0,1,0,1,0,1,1]]"
4,716,-0.01580317011681863,0.01580317011681863,"[[1,1,0,0,0,1,0,1,1,0],[1,1,1,0,1,0,1,1,0,0]]"
4,717,-0.015701354884737163,0.015701354884737163,"[[1,1,0,0,0,1,0,1,1,0],[1,1,1,0,1,0,1,1,0,1]]"
4,718,-0.01624767391539054,0.01624767391539054,"[[1,1,0,0,0,1,0,1,1,0],[1,1,1,0,1,0,1,1,1,0]]"
4,719,-0.0161491051158052,0.0161491051158052,"[[1,1,0,0,0,1,0,1,1,0],[1,1,1,0,1,0,1,1,1,1]]"
4,720,-0.013112066550910899,0.013112066550910899,"[[1,1,0,0,0,1,0,1,1,0],[1,1,1,0,1,1,0,0,0,0]]"
4,721,-0.013028347060397792,0.013028347060397792,"[[1,1,0,0,0,1,0,1,1,0],[1,1,1,0,1,1,0,0,0,1]]"
4,722,-0.013626940366104543,0.013626940366104543,"[[1,1,0,0,0,1,0,1,1,0],[1,1,1,0,1,1,0,0,1,0]]"
4,723,-0.013539093249497102,0.013539093249497102,"[[1,1,0,0,0,1,0,1,1,0],[1,1,1,0,1,1,0,0,1,1]]"
4,724,-0.015649674145363602,0.015649674145363602,"[[1,1,0,0,0,1,0,1,1,0],[1,1,1,0,1,1,0,1,0,0]]"
4,725,-0.015561913124215144,0.015561913124215144,"[[1,1,0,0,0,1,0,1,1,0],[1,1,1,0,1,1,0,1,0,1]]"
4,726,-0.016128491121174777,0.016128491121174777,"[[1,1,0,0,0,1,0,1,1,0],[1,1,1,0,1,1,0,1,1,0]]"
4,727,-0.016044298945411872,0.016044298945411872,"[[1,1,0,0,0,1,0,1,1,0],[1,1,1,0,1,1,0,1,1,1]]"
4,728,-0.01964256115129234,0.01964256115129234,"[[1,1,0,0,0,1,0,1,1,0],[1,1,1,0,1,1,1,0,0,0]]"
4,729,-0.01948160931750116,0.01948160931750116,"[[1,1,0,0,0,1,0,1,1,0],[1,1,1,0,1,1,1,0,0,1]]"
4,730,-0.020073040113671888,0.020073040113671888,"[[1,1,0,0,0,1,0,1,1,0],[1,1,1,0,1,1,1,0,1,0]]"
4,731,-0.019912057185014986,0.019912057185014986,"[[1,1,0,0,0,1,0,1,1,0],[1,1,1,0,1,1,1,0,1,1]]"
4,732,-0.022730468375176192,0.022730468375176192,"[[1,1,0,0,0,1,0,1,1,0],[1,1,1,0,1,1,1,1,0,0]]"
4,733,-0.02256072169950854,0.02256072169950854,"[[1,1,0,0,0,1,0,1,1,0],[1,1,1,0,1,1,1,1,0,1]]"
4,734,-0.023125466710958175,0.023125466710958175,"[[1,1,0,0,0,1,0,1,1,0],[1,1,1,0,1,1,1,1,1,0]]"
4,735,-0.02304807375945507,0.02304807375945507,"[[1,1,0,0,0,1,0,1,1,0],[1,1,1,0,1,1,1,1,1,1]]"
4,736,-0.007737860471804137,0.007737860471804137,"[[1,1,0,0,0,1,0,1,1,1],[1,1,1,0,1,0,0,0,0,0]]"
4,737,-0.007686863250608876,0.007686863250608876,"[[1,1,0,0,0,1,0,1,1,1],[1,1,1,0,1,0,0,0,0,1]]"
4,738,-0.008210644881347262,0.008210644881347262,"[[1,1,0,0,0,1,0,1,1,1],[1,1,1,0,1,0,0,0,1,0]]"
4,739,-0.0081618751318363,0.0081618751318363,"[[1,1,0,0,0,1,0,1,1,1],[1,1,1,0,1,0,0,0,1,1]]"
4,740,-0.010162989074912145,0.010162989074912145,"[[1,1,0,0,0,1,0,1,1,1],[1,1,1,0,1,0,0,1,0,0]]"
4,741,-0.010116287613416075,0.010116287613416075,"[[1,1,0,0,0,1,0,1,1,1],[1,1,1,0,1,0,0,1,0,1]]"
4,742,-0.010646588891738761,0.010646588891738761,"[[1,1,0,0,0,1,0,1,1,1],[1,1,1,0,1,0,0,1,1,0]]"
4,743,-0.010599873624904858,0.010599873624904858,"[[1,1,0,0,0,1,0,1,1,1],[1,1,1,0,1,0,0,1,1,1]]"
4,744,-0.01288555566592398,0.01288555566592398,"[[1,1,0,0,0,1,0,1,1,1],[1,1,1,0,1,0,1,0,0,0]]"
4,745,-0.012785919203132323,0.012785919203132323,"[[1,1,0,0,0,1,0,1,1,1],[1,1,1,0,1,0,1,0,0,1]]"
4,746,-0.013331789619227773,0.013331789619227773,"[[1,1,0,0,0,1,0,1,1,1],[1,1,1,0,1,0,1,0,1,0]]"
4,747,-0.013239707204615965,0.013239707204615965,"[[1,1,0,0,0,1,0,1,1,1],[1,1,1,0,1,0,1,0,1,1]]"
4,748,-0.015871017999161883,0.015871017999161883,"[[1,1,0,0,0,1,0,1,1,1],[1,1,1,0,1,0,1,1,0,0]]"
4,749,-0.015769306850121508,0.015769306850121508,"[[1,1,0,0,0,1,0,1,1,1],[1,1,1,0,1,0,1,1,0,1]]"
4,750,-0.016309082270426687,0.016309082270426687,"[[1,1,0,0,0,1,0,1,1,1],[1,1,1,0,1,0,1,1,1,0]]"
4,751,-0.01621103079301588,0.01621103079301588,"[[1,1,0,0,0,1,0,1,1,1],[1,1,1,0,1,0,1,1,1,1]]"
4,752,-0.013180267206114564,0.013180267206114564,"[[1,1,0,0,0,1,0,1,1,1],[1,1,1,0,1,1,0,0,0,0]]"
4,753,-0.013094611704808176,0.013094611704808176,"[[1,1,0,0,0,1,0,1,1,1],[1,1,1,0,1,1,0,0,0,1]]"
4,754,-0.013687965650100336,0.013687965650100336,"[[1,1,0,0,0,1,0,1,1,1],[1,1,1,0,1,1,0,0,1,0]]"
4,755,-0.013597997883816517,0.013597997883816517,"[[1,1,0,0,0,1,0,1,1,1],[1,1,1,0,1,1,0,0,1,1]]"
4,756,-0.015718244652855342,0.015718244652855342,"[[1,1,0,0,0,1,0,1,1,1],[1,1,1,0,1,1,0,1,0,0]]"
4,757,-0.015628458687687866,0.015628458687687866,"[[1,1,0,0,0,1,0,1,1,1],[1,1,1,0,1,1,0,1,0,1]]"
4,758,-0.01619788545462951,0.01619788545462951,"[[1,1,0,0,0,1,0,1,1,1],[1,1,1,0,1,1,0,1,1,0]]"
4,759,-0.016111552177962243,0.016111552177962243,"[[1,1,0,0,0,1,0,1,1,1],[1,1,1,0,1,1,0,1,1,1]]"
4,760,-0.019702709770248288,0.019702709770248288,"[[1,1,0,0,0,1,0,1,1,1],[1,1,1,0,1,1,1,0,0,0]]"
4,761,-0.019540296369713942,0.019540296369713942,"[[1,1,0,0,0,1,0,1,1,1],[1,1,1,0,1,1,1,0,0,1]]"
4,762,-0.020126161750076393,0.020126161750076393,"[[1,1,0,0,0,1,0,1,1,1],[1,1,1,0,1,1,1,0,1,0]]"
4,763,-0.019963555143887923,0.019963555143887923,"[[1,1,0,0,0,1,0,1,1,1],[1,1,1,0,1,1,1,0,1,1]]"
4,764,-0.022788325780317652,0.022788325780317652,"[[1,1,0,0,0,1,0,1,1,1],[1,1,1,0,1,1,1,1,0,0]]"
4,765,-0.022616888089983734,0.022616888089983734,"[[1,1,0,0,0,1,0,1,1,1],[1,1,1,0,1,1,1,1,0,1]]"
4,766,-0.023185622494838434,0.023185622494838434,"[[1,1,0,0,0,1,0,1,1,1],[1,1,1,0,1,1,1,1,1,0]]"
4,767,-0.02309598968766473,0.02309598968766473,"[[1,1,0,0,0,1,0,1,1,1],[1,1,1,0,1,1,1,1,1,1]]"
4,768,-0.005855341434797256,0.005855341434797256,"[[1,1,0,0,0,1,1,0,0,0],[1,1,1,0,1,0,0,0,0,0]]"
4,769,-0.005769095365145395,0.005769095365145395,"[[1,1,0,0,0,1,1,0,0,0],[1,1,1,0,1,0,0,0,0,1]]"
4,770,-0.006168872375593293,0.006168872375593293,"[[1,1,0,0,0,1,1,0,0,0],[1,1,1,0,1,0,0,0,1,0]]"
4,771,-0.006096424380488486,0.006096424380488486,"[[1,1,0,0,0,1,1,0,0,0],[1,1,1,0,1,0,0,0,1,1]]"
4,772,-0.008156718988002836,0.008156718988002836,"[[1,1,0,0,0,1,1,0,0,0],[1,1,1,0,1,0,0,1,0,0]]"
4,773,-0.00805999741033227,0.00805999741033227,"[[1,1,0,0,0,1,1,0,0,0],[1,1,1,0,1,0,0,1,0,1]]"
4,774,-0.008375609822138488,0.008375609822138488,"[[1,1,0,0,0,1,1,0,0,0],[1,1,1,0,1,0,0,1,1,0]]"
4,775,-0.00829437548878619,0.00829437548878619,"[[1,1,0,0,0,1,1,0,0,0],[1,1,1,0,1,0,0,1,1,1]]"
4,776,-0.010689369058804566,0.010689369058804566,"[[1,1,0,0,0,1,1,0,0,0],[1,1,1,0,1,0,1,0,0,0]]"
4,777,-0.010601476192442023,0.010601476192442023,"[[1,1,0,0,0,1,1,0,0,0],[1,1,1,0,1,0,1,0,0,1]]"
4,778,-0.01106518308310898,0.01106518308310898,"[[1,1,0,0,0,1,1,0,0,0],[1,1,1,0,1,0,1,0,1,0]]"
4,779,-0.010982003182012095,0.010982003182012095,"[[1,1,0,0,0,1,1,0,0,0],[1,1,1,0,1,0,1,0,1,1]]"
4,780,-0.013656035488783453,0.013656035488783453,"[[1,1,0,0,0,1,1,0,0,0],[1,1,1,0,1,0,1,1,0,0]]"
4,781,-0.013549805480970954,0.013549805480970954,"[[1,1,0,0,0,1,1,0,0,0],[1,1,1,0,1,0,1,1,0,1]]"
4,782,-0.013947379704431584,0.013947379704431584,"[[1,1,0,0,0,1,1,0,0,0],[1,1,1,0,1,0,1,1,1,0]]"
4,783,-0.013858704897898555,0.013858704897898555,"[[1,1,0,0,0,1,1,0,0,0],[1,1,1,0,1,0,1,1,1,1]]"
4,784,-0.011185582758794643,0.011185582758794643,"[[1,1,0,0,0,1,1,0,0,0],[1,1,1,0,1,1,0,0,0,0]]"
4,785,-0.01107272202800793,0.01107272202800793,"[[1,1,0,0,0,1,1,0,0,0],[1,1,1,0,1,1,0,0,0,1]]"
4,786,-0.011492904824626296,0.011492904824626296,"[[1,1,0,0,0,1,1,0,0,0],[1,1,1,0,1,1,0,0,1,0]]"
4,787,-0.011387539252406204,0.011387539252406204,"[[1,1,0,0,0,1,1,0,0,0],[1,1,1,0,1,1,0,0,1,1]]"
4,788,-0.01413429221212751,0.01413429221212751,"[[1,1,0,0,0,1,1,0,0,0],[1,1,1,0,1,1,0,1,0,0]]"
4,789,-0.014012406682437946,0.014012406682437946,"[[1,1,0,0,0,1,1,0,0,0],[1,1,1,0,1,1,0,1,0,1]]"
4,790,-0.01437731981470589,0.01437731981470589,"[[1,1,0,0,0,1,1,0,0,0],[1,1,1,0,1,1,0,1,1,0]]"
4,791,-0.01428559607264368,0.01428559607264368,"[[1,1,0,0,0,1,1,0,0,0],[1,1,1,0,1,1,0,1,1,1]]"
4,792,-0.01767675689894863,0.01767675689894863,"[[1,1,0,0,0,1,1,0,0,0],[1,1,1,0,1,1,1,0,0,0]]"
4,793,-0.01754031723412991,0.01754031723412991,"[[1,1,0,0,0,1,1,0,0,0],[1,1,1,0,1,1,1,0,0,1]]"
4,794,-0.017898437959539312,0.017898437959539312,"[[1,1,0,0,0,1,1,0,0,0],[1,1,1,0,1,1,1,0,1,0]]"
4,795,-0.017811532561207186,0.017811532561207186,"[[1,1,0,0,0,1,1,0,0,0],[1,1,1,0,1,1,1,0,1,1]]"
4,796,-0.020703555862917236,0.020703555862917236,"[[1,1,0,0,0,1,1,0,0,0],[1,1,1,0,1,1,1,1,0,0]]"
4,797,-0.020553980596621328,0.020553980596621328,"[[1,1,0,0,0,1,1,0,0,0],[1,1,1,0,1,1,1,1,0,1]]"
4,798,-0.020972676868874034,0.020972676868874034,"[[1,1,0,0,0,1,1,0,0,0],[1,1,1,0,1,1,1,1,1,0]]"
4,799,-0.02090597845026493,0.02090597845026493,"[[1,1,0,0,0,1,1,0,0,0],[1,1,1,0,1,1,1,1,1,1]]"
4,800,-0.0058897723959623095,0.0058897723959623095,"[[1,1,0,0,0,1,1,0,0,1],[1,1,1,0,1,0,0,0,0,0]]"
4,801,-0.005805040514056873,0.005805040514056873,"[[1,1,0,0,0,1,1,0,0,1],[1,1,1,0,1,0,0,0,0,1]]"
4,802,-0.006197641743679567,0.006197641743679567,"[[1,1,0,0,0,1,1,0,0,1],[1,1,1,0,1,0,0,0,1,0]]"
4,803,-0.006135674535632438,0.006135674535632438,"[[1,1,0,0,0,1,1,0,0,1],[1,1,1,0,1,0,0,0,1,1]]"
4,804,-0.008190856332853134,0.008190856332853134,"[[1,1,0,0,0,1,1,0,0,1],[1,1,1,0,1,0,0,1,0,0]]"
4,805,-0.008094153917546065,0.008094153917546065,"[[1,1,0,0,0,1,1,0,0,1],[1,1,1,0,1,0,0,1,0,1]]"
4,806,-0.00841588455646581,0.00841588455646581,"[[1,1,0,0,0,1,1,0,0,1],[1,1,1,0,1,0,0,1,1,0]]"
4,807,-0.008334956819284915,0.008334956819284915,"[[1,1,0,0,0,1,1,0,0,1],[1,1,1,0,1,0,0,1,1,1]]"
4,808,-0.01074829304742742,0.01074829304742742,"[[1,1,0,0,0,1,1,0,0,1],[1,1,1,0,1,0,1,0,0,0]]"
4,809,-0.010652993619249047,0.010652993619249047,"[[1,1,0,0,0,1,1,0,0,1],[1,1,1,0,1,0,1,0,0,1]]"
4,810,-0.011121386434788492,0.011121386434788492,"[[1,1,0,0,0,1,1,0,0,1],[1,1,1,0,1,0,1,0,1,0]]"
4,811,-0.011038920311185928,0.011038920311185928,"[[1,1,0,0,0,1,1,0,0,1],[1,1,1,0,1,0,1,0,1,1]]"
4,812,-0.013714971757684151,0.013714971757684151,"[[1,1,0,0,0,1,1,0,0,1],[1,1,1,0,1,0,1,1,0,0]]"
4,813,-0.013609099986927786,0.013609099986927786,"[[1,1,0,0,0,1,1,0,0,1],[1,1,1,0,1,0,1,1,0,1]]"
4,814,-0.01401154036919766,0.01401154036919766,"[[1,1,0,0,0,1,1,0,0,1],[1,1,1,0,1,0,1,1,1,0]]"
4,815,-0.013919999439616883,0.013919999439616883,"[[1,1,0,0,0,1,1,0,0,1],[1,1,1,0,1,0,1,1,1,1]]"
4,816,-0.011234505010932134,0.011234505010932134,"[[1,1,0,0,0,1,1,0,0,1],[1,1,1,0,1,1,0,0,0,0]]"
4,817,-0.011115730387492697,0.011115730387492697,"[[1,1,0,0,0,1,1,0,0,1],[1,1,1,0,1,1,0,0,0,1]]"
4,818,-0.011541918995079533,0.011541918995079533,"[[1,1,0,0,0,1,1,0,0,1],[1,1,1,0,1,1,0,0,1,0]]"
4,819,-0.011435878269246892,0.011435878269246892,"[[1,1,0,0,0,1,1,0,0,1],[1,1,1,0,1,1,0,0,1,1]]"
4,820,-0.014189041677610332,0.014189041677610332,"[[1,1,0,0,0,1,1,0,0,1],[1,1,1,0,1,1,0,1,0,0]]"
4,821,-0.014066293875935849,0.014066293875935849,"[[1,1,0,0,0,1,1,0,0,1],[1,1,1,0,1,1,0,1,0,1]]"
4,822,-0.014437646557925694,0.014437646557925694,"[[1,1,0,0,0,1,1,0,0,1],[1,1,1,0,1,1,0,1,1,0]]"
4,823,-0.014337897704008291,0.014337897704008291,"[[1,1,0,0,0,1,1,0,0,1],[1,1,1,0,1,1,0,1,1,1]]"
4,824,-0.017735705752644097,0.017735705752644097,"[[1,1,0,0,0,1,1,0,0,1],[1,1,1,0,1,1,1,0,0,0]]"
4,825,-0.01759838663769008,0.01759838663769008,"[[1,1,0,0,0,1,1,0,0,1],[1,1,1,0,1,1,1,0,0,1]]"
4,826,-0.017959556972291915,0.017959556972291915,"[[1,1,0,0,0,1,1,0,0,1],[1,1,1,0,1,1,1,0,1,0]]"
4,827,-0.017863216111519507,0.017863216111519507,"[[1,1,0,0,0,1,1,0,0,1],[1,1,1,0,1,1,1,0,1,1]]"
4,828,-0.020764119589160416,0.020764119589160416,"[[1,1,0,0,0,1,1,0,0,1],[1,1,1,0,1,1,1,1,0,0]]"
4,829,-0.020608402547485114,0.020608402547485114,"[[1,1,0,0,0,1,1,0,0,1],[1,1,1,0,1,1,1,1,0,1]]"
4,830,-0.021027980778349026,0.021027980778349026,"[[1,1,0,0,0,1,1,0,0,1],[1,1,1,0,1,1,1,1,1,0]]"
4,831,-0.020960035328994323,0.020960035328994323,"[[1,1,0,0,0,1,1,0,0,1],[1,1,1,0,1,1,1,1,1,1]]"
4,832,-0.005317983489661618,0.005317983489661618,"[[1,1,0,0,0,1,1,0,1,0],[1,1,1,0,1,0,0,0,0,0]]"
4,833,-0.005269002246090981,0.005269002246090981,"[[1,1,0,0,0,1,1,0,1,0],[1,1,1,0,1,0,0,0,0,1]]"
4,834,-0.0057449984231678,0.0057449984231678,"[[1,1,0,0,0,1,1,0,1,0],[1,1,1,0,1,0,0,0,1,0]]"
4,835,-0.005702303616642407,0.005702303616642407,"[[1,1,0,0,0,1,1,0,1,0],[1,1,1,0,1,0,0,0,1,1]]"
4,836,-0.0074957415412721775,0.0074957415412721775,"[[1,1,0,0,0,1,1,0,1,0],[1,1,1,0,1,0,0,1,0,0]]"
4,837,-0.007423407752579896,0.007423407752579896,"[[1,1,0,0,0,1,1,0,1,0],[1,1,1,0,1,0,0,1,0,1]]"
4,838,-0.007850753895128066,0.007850753895128066,"[[1,1,0,0,0,1,1,0,1,0],[1,1,1,0,1,0,0,1,1,0]]"
4,839,-0.007808840978574392,0.007808840978574392,"[[1,1,0,0,0,1,1,0,1,0],[1,1,1,0,1,0,0,1,1,1]]"
4,840,-0.009995901433385204,0.009995901433385204,"[[1,1,0,0,0,1,1,0,1,0],[1,1,1,0,1,0,1,0,0,0]]"
4,841,-0.009915813679587384,0.009915813679587384,"[[1,1,0,0,0,1,1,0,1,0],[1,1,1,0,1,0,1,0,0,1]]"
4,842,-0.010476874853907449,0.010476874853907449,"[[1,1,0,0,0,1,1,0,1,0],[1,1,1,0,1,0,1,0,1,0]]"
4,843,-0.010405529886877329,0.010405529886877329,"[[1,1,0,0,0,1,1,0,1,0],[1,1,1,0,1,0,1,0,1,1]]"
4,844,-0.012860235466369458,0.012860235466369458,"[[1,1,0,0,0,1,1,0,1,0],[1,1,1,0,1,0,1,1,0,0]]"
4,845,-0.01277793985677956,0.01277793985677956,"[[1,1,0,0,0,1,1,0,1,0],[1,1,1,0,1,0,1,1,0,1]]"
4,846,-0.013319397872725396,0.013319397872725396,"[[1,1,0,0,0,1,1,0,1,0],[1,1,1,0,1,0,1,1,1,0]]"
4,847,-0.01326171099578146,0.01326171099578146,"[[1,1,0,0,0,1,1,0,1,0],[1,1,1,0,1,0,1,1,1,1]]"
4,848,-0.010418045096780286,0.010418045096780286,"[[1,1,0,0,0,1,1,0,1,0],[1,1,1,0,1,1,0,0,0,0]]"
4,849,-0.010315540755117598,0.010315540755117598,"[[1,1,0,0,0,1,1,0,1,0],[1,1,1,0,1,1,0,0,0,1]]"
4,850,-0.010845069562887076,0.010845069562887076,"[[1,1,0,0,0,1,1,0,1,0],[1,1,1,0,1,1,0,0,1,0]]"
4,851,-0.010784893947024135,0.010784893947024135,"[[1,1,0,0,0,1,1,0,1,0],[1,1,1,0,1,1,0,0,1,1]]"
4,852,-0.013268813555464784,0.013268813555464784,"[[1,1,0,0,0,1,1,0,1,0],[1,1,1,0,1,1,0,1,0,0]]"
4,853,-0.013171468088444726,0.013171468088444726,"[[1,1,0,0,0,1,1,0,1,0],[1,1,1,0,1,1,0,1,0,1]]"
4,854,-0.013705582629402347,0.013705582629402347,"[[1,1,0,0,0,1,1,0,1,0],[1,1,1,0,1,1,0,1,1,0]]"
4,855,-0.01365436287376835,0.01365436287376835,"[[1,1,0,0,0,1,1,0,1,0],[1,1,1,0,1,1,0,1,1,1]]"
4,856,-0.016715955475587123,0.016715955475587123,"[[1,1,0,0,0,1,1,0,1,0],[1,1,1,0,1,1,1,0,0,0]]"
4,857,-0.01659391342295042,0.01659391342295042,"[[1,1,0,0,0,1,1,0,1,0],[1,1,1,0,1,1,1,0,0,1]]"
4,858,-0.01710310366490794,0.01710310366490794,"[[1,1,0,0,0,1,1,0,1,0],[1,1,1,0,1,1,1,0,1,0]]"
4,859,-0.017045473202977227,0.017045473202977227,"[[1,1,0,0,0,1,1,0,1,0],[1,1,1,0,1,1,1,0,1,1]]"
4,860,-0.019630253346847294,0.019630253346847294,"[[1,1,0,0,0,1,1,0,1,0],[1,1,1,0,1,1,1,1,0,0]]"
4,861,-0.019523631137955764,0.019523631137955764,"[[1,1,0,0,0,1,1,0,1,0],[1,1,1,0,1,1,1,1,0,1]]"
4,862,-0.020131854815862608,0.020131854815862608,"[[1,1,0,0,0,1,1,0,1,0],[1,1,1,0,1,1,1,1,1,0]]"
4,863,-0.020075670728583576,0.020075670728583576,"[[1,1,0,0,0,1,1,0,1,0],[1,1,1,0,1,1,1,1,1,1]]"
4,864,-0.0053590273215219615,0.0053590273215219615,"[[1,1,0,0,0,1,1,0,1,1],[1,1,1,0,1,0,0,0,0,0]]"
4,865,-0.005317183013499204,0.005317183013499204,"[[1,1,0,0,0,1,1,0,1,1],[1,1,1,0,1,0,0,0,0,1]]"
4,866,-0.0057835047170300335,0.0057835047170300335,"[[1,1,0,0,0,1,1,0,1,1],[1,1,1,0,1,0,0,0,1,0]]"
4,867,-0.005740243066639696,0.005740243066639696,"[[1,1,0,0,0,1,1,0,1,1],[1,1,1,0,1,0,0,0,1,1]]"
4,868,-0.0075358987503321125,0.0075358987503321125,"[[1,1,0,0,0,1,1,0,1,1],[1,1,1,0,1,0,0,1,0,0]]"
4,869,-0.0074703998204389945,0.0074703998204389945,"[[1,1,0,0,0,1,1,0,1,1],[1,1,1,0,1,0,0,1,0,1]]"
4,870,-0.007902625633729026,0.007902625633729026,"[[1,1,0,0,0,1,1,0,1,1],[1,1,1,0,1,0,0,1,1,0]]"
4,871,-0.00786029339076315,0.00786029339076315,"[[1,1,0,0,0,1,1,0,1,1],[1,1,1,0,1,0,0,1,1,1]]"
4,872,-0.010050146818811154,0.010050146818811154,"[[1,1,0,0,0,1,1,0,1,1],[1,1,1,0,1,0,1,0,0,0]]"
4,873,-0.009968776681511155,0.009968776681511155,"[[1,1,0,0,0,1,1,0,1,1],[1,1,1,0,1,0,1,0,0,1]]"
4,874,-0.010533164600266104,0.010533164600266104,"[[1,1,0,0,0,1,1,0,1,1],[1,1,1,0,1,0,1,0,1,0]]"
4,875,-0.010462898219144073,0.010462898219144073,"[[1,1,0,0,0,1,1,0,1,1],[1,1,1,0,1,0,1,0,1,1]]"
4,876,-0.012924905736591465,0.012924905736591465,"[[1,1,0,0,0,1,1,0,1,1],[1,1,1,0,1,0,1,1,0,0]]"
4,877,-0.01284358151773477,0.01284358151773477,"[[1,1,0,0,0,1,1,0,1,1],[1,1,1,0,1,0,1,1,0,1]]"
4,878,-0.013387270050926096,0.013387270050926096,"[[1,1,0,0,0,1,1,0,1,1],[1,1,1,0,1,0,1,1,1,0]]"
4,879,-0.013325694496748454,0.013325694496748454,"[[1,1,0,0,0,1,1,0,1,1],[1,1,1,0,1,0,1,1,1,1]]"
4,880,-0.010463866681416235,0.010463866681416235,"[[1,1,0,0,0,1,1,0,1,1],[1,1,1,0,1,1,0,0,0,0]]"
4,881,-0.010371137913646172,0.010371137913646172,"[[1,1,0,0,0,1,1,0,1,1],[1,1,1,0,1,1,0,0,0,1]]"
4,882,-0.010907269870099238,0.010907269870099238,"[[1,1,0,0,0,1,1,0,1,1],[1,1,1,0,1,1,0,0,1,0]]"
4,883,-0.010845695667177736,0.010845695667177736,"[[1,1,0,0,0,1,1,0,1,1],[1,1,1,0,1,1,0,0,1,1]]"
4,884,-0.01332987650450974,0.01332987650450974,"[[1,1,0,0,0,1,1,0,1,1],[1,1,1,0,1,1,0,1,0,0]]"
4,885,-0.013232468431401348,0.013232468431401348,"[[1,1,0,0,0,1,1,0,1,1],[1,1,1,0,1,1,0,1,0,1]]"
4,886,-0.013770463939372144,0.013770463939372144,"[[1,1,0,0,0,1,1,0,1,1],[1,1,1,0,1,1,0,1,1,0]]"
4,887,-0.013721500024528113,0.013721500024528113,"[[1,1,0,0,0,1,1,0,1,1],[1,1,1,0,1,1,0,1,1,1]]"
4,888,-0.016776148962861684,0.016776148962861684,"[[1,1,0,0,0,1,1,0,1,1],[1,1,1,0,1,1,1,0,0,0]]"
4,889,-0.016653616111630916,0.016653616111630916,"[[1,1,0,0,0,1,1,0,1,1],[1,1,1,0,1,1,1,0,0,1]]"
4,890,-0.017165591138370642,0.017165591138370642,"[[1,1,0,0,0,1,1,0,1,1],[1,1,1,0,1,1,1,0,1,0]]"
4,891,-0.017099639533372415,0.017099639533372415,"[[1,1,0,0,0,1,1,0,1,1],[1,1,1,0,1,1,1,0,1,1]]"
4,892,-0.019696296311225336,0.019696296311225336,"[[1,1,0,0,0,1,1,0,1,1],[1,1,1,0,1,1,1,1,0,0]]"
4,893,-0.019580610784045483,0.019580610784045483,"[[1,1,0,0,0,1,1,0,1,1],[1,1,1,0,1,1,1,1,0,1]]"
4,894,-0.020191947434196986,0.020191947434196986,"[[1,1,0,0,0,1,1,0,1,1],[1,1,1,0,1,1,1,1,1,0]]"
4,895,-0.020134926173034414,0.020134926173034414,"[[1,1,0,0,0,1,1,0,1,1],[1,1,1,0,1,1,1,1,1,1]]"
4,896,-0.003756020111705227,0.003756020111705227,"[[1,1,0,0,0,1,1,1,0,0],[1,1,1,0,1,0,0,0,0,0]]"
4,897,-0.00370453432608018,0.00370453432608018,"[[1,1,0,0,0,1,1,1,0,0],[1,1,1,0,1,0,0,0,0,1]]"
4,898,-0.004007878693325963,0.004007878693325963,"[[1,1,0,0,0,1,1,1,0,0],[1,1,1,0,1,0,0,0,1,0]]"
4,899,-0.003970920905190799,0.003970920905190799,"[[1,1,0,0,0,1,1,1,0,0],[1,1,1,0,1,0,0,0,1,1]]"
4,900,-0.005679916868641389,0.005679916868641389,"[[1,1,0,0,0,1,1,1,0,0],[1,1,1,0,1,0,0,1,0,0]]"
4,901,-0.005628683971007989,0.005628683971007989,"[[1,1,0,0,0,1,1,1,0,0],[1,1,1,0,1,0,0,1,0,1]]"
4,902,-0.005946204059373918,0.005946204059373918,"[[1,1,0,0,0,1,1,1,0,0],[1,1,1,0,1,0,0,1,1,0]]"
4,903,-0.0059084878919044735,0.0059084878919044735,"[[1,1,0,0,0,1,1,1,0,0],[1,1,1,0,1,0,0,1,1,1]]"
4,904,-0.007595816135245091,0.007595816135245091,"[[1,1,0,0,0,1,1,1,0,0],[1,1,1,0,1,0,1,0,0,0]]"
4,905,-0.007530653635347685,0.007530653635347685,"[[1,1,0,0,0,1,1,1,0,0],[1,1,1,0,1,0,1,0,0,1]]"
4,906,-0.008067859047047784,0.008067859047047784,"[[1,1,0,0,0,1,1,1,0,0],[1,1,1,0,1,0,1,0,1,0]]"
4,907,-0.007999686161425101,0.007999686161425101,"[[1,1,0,0,0,1,1,1,0,0],[1,1,1,0,1,0,1,0,1,1]]"
4,908,-0.01049586872454608,0.01049586872454608,"[[1,1,0,0,0,1,1,1,0,0],[1,1,1,0,1,0,1,1,0,0]]"
4,909,-0.01042158011314549,0.01042158011314549,"[[1,1,0,0,0,1,1,1,0,0],[1,1,1,0,1,0,1,1,0,1]]"
4,910,-0.010766541191066101,0.010766541191066101,"[[1,1,0,0,0,1,1,1,0,0],[1,1,1,0,1,0,1,1,1,0]]"
4,911,-0.010701980352950464,0.010701980352950464,"[[1,1,0,0,0,1,1,1,0,0],[1,1,1,0,1,0,1,1,1,1]]"
4,912,-0.008097295104108086,0.008097295104108086,"[[1,1,0,0,0,1,1,1,0,0],[1,1,1,0,1,1,0,0,0,0]]"
4,913,-0.008013500253328906,0.008013500253328906,"[[1,1,0,0,0,1,1,1,0,0],[1,1,1,0,1,1,0,0,0,1]]"
4,914,-0.008490814978813507,0.008490814978813507,"[[1,1,0,0,0,1,1,1,0,0],[1,1,1,0,1,1,0,0,1,0]]"
4,915,-0.00842859947532565,0.00842859947532565,"[[1,1,0,0,0,1,1,1,0,0],[1,1,1,0,1,1,0,0,1,1]]"
4,916,-0.010871271299103305,0.010871271299103305,"[[1,1,0,0,0,1,1,1,0,0],[1,1,1,0,1,1,0,1,0,0]]"
4,917,-0.010774652403235791,0.010774652403235791,"[[1,1,0,0,0,1,1,1,0,0],[1,1,1,0,1,1,0,1,0,1]]"
4,918,-0.011100141934574443,0.011100141934574443,"[[1,1,0,0,0,1,1,1,0,0],[1,1,1,0,1,1,0,1,1,0]]"
4,919,-0.011043608352593519,0.011043608352593519,"[[1,1,0,0,0,1,1,1,0,0],[1,1,1,0,1,1,0,1,1,1]]"
4,920,-0.013854670278140295,0.013854670278140295,"[[1,1,0,0,0,1,1,1,0,0],[1,1,1,0,1,1,1,0,0,0]]"
4,921,-0.013739600757169606,0.013739600757169606,"[[1,1,0,0,0,1,1,1,0,0],[1,1,1,0,1,1,1,0,0,1]]"
4,922,-0.014138747379988445,0.014138747379988445,"[[1,1,0,0,0,1,1,1,0,0],[1,1,1,0,1,1,1,0,1,0]]"
4,923,-0.014034283752718788,0.014034283752718788,"[[1,1,0,0,0,1,1,1,0,0],[1,1,1,0,1,1,1,0,1,1]]"
4,924,-0.016709819133076106,0.016709819133076106,"[[1,1,0,0,0,1,1,1,0,0],[1,1,1,0,1,1,1,1,0,0]]"
4,925,-0.01658265404735455,0.01658265404735455,"[[1,1,0,0,0,1,1,1,0,0],[1,1,1,0,1,1,1,1,0,1]]"
4,926,-0.016928161078474026,0.016928161078474026,"[[1,1,0,0,0,1,1,1,0,0],[1,1,1,0,1,1,1,1,1,0]]"
4,927,-0.016860263963595013,0.016860263963595013,"[[1,1,0,0,0,1,1,1,0,0],[1,1,1,0,1,1,1,1,1,1]]"
4,928,-0.003785849847277104,0.003785849847277104,"[[1,1,0,0,0,1,1,1,0,1],[1,1,1,0,1,0,0,0,0,0]]"
4,929,-0.0037342471086546127,0.0037342471086546127,"[[1,1,0,0,0,1,1,1,0,1],[1,1,1,0,1,0,0,0,0,1]]"
4,930,-0.0040497413656711894,0.0040497413656711894,"[[1,1,0,0,0,1,1,1,0,1],[1,1,1,0,1,0,0,0,1,0]]"
4,931,-0.004013047255711792,0.004013047255711792,"[[1,1,0,0,0,1,1,1,0,1],[1,1,1,0,1,0,0,0,1,1]]"
4,932,-0.005714780610455608,0.005714780610455608,"[[1,1,0,0,0,1,1,1,0,1],[1,1,1,0,1,0,0,1,0,0]]"
4,933,-0.005668750492434233,0.005668750492434233,"[[1,1,0,0,0,1,1,1,0,1],[1,1,1,0,1,0,0,1,0,1]]"
4,934,-0.005990395058972701,0.005990395058972701,"[[1,1,0,0,0,1,1,1,0,1],[1,1,1,0,1,0,0,1,1,0]]"
4,935,-0.0059522801081269,0.0059522801081269,"[[1,1,0,0,0,1,1,1,0,1],[1,1,1,0,1,0,0,1,1,1]]"
4,936,-0.007665876411594722,0.007665876411594722,"[[1,1,0,0,0,1,1,1,0,1],[1,1,1,0,1,0,1,0,0,0]]"
4,937,-0.007602910807801016,0.007602910807801016,"[[1,1,0,0,0,1,1,1,0,1],[1,1,1,0,1,0,1,0,0,1]]"
4,938,-0.008117877335048594,0.008117877335048594,"[[1,1,0,0,0,1,1,1,0,1],[1,1,1,0,1,0,1,0,1,0]]"
4,939,-0.008050588717984452,0.008050588717984452,"[[1,1,0,0,0,1,1,1,0,1],[1,1,1,0,1,0,1,0,1,1]]"
4,940,-0.010554686466589538,0.010554686466589538,"[[1,1,0,0,0,1,1,1,0,1],[1,1,1,0,1,0,1,1,0,0]]"
4,941,-0.01048145743570137,0.01048145743570137,"[[1,1,0,0,0,1,1,1,0,1],[1,1,1,0,1,0,1,1,0,1]]"
4,942,-0.010828609839413942,0.010828609839413942,"[[1,1,0,0,0,1,1,1,0,1],[1,1,1,0,1,0,1,1,1,0]]"
4,943,-0.010765244513628654,0.010765244513628654,"[[1,1,0,0,0,1,1,1,0,1],[1,1,1,0,1,0,1,1,1,1]]"
4,944,-0.008155509747320733,0.008155509747320733,"[[1,1,0,0,0,1,1,1,0,1],[1,1,1,0,1,1,0,0,0,0]]"
4,945,-0.008084256600468367,0.008084256600468367,"[[1,1,0,0,0,1,1,1,0,1],[1,1,1,0,1,1,0,0,0,1]]"
4,946,-0.008544515718862316,0.008544515718862316,"[[1,1,0,0,0,1,1,1,0,1],[1,1,1,0,1,1,0,0,1,0]]"
4,947,-0.008480610789566112,0.008480610789566112,"[[1,1,0,0,0,1,1,1,0,1],[1,1,1,0,1,1,0,0,1,1]]"
4,948,-0.010922810481079192,0.010922810481079192,"[[1,1,0,0,0,1,1,1,0,1],[1,1,1,0,1,1,0,1,0,0]]"
4,949,-0.01083491201569782,0.01083491201569782,"[[1,1,0,0,0,1,1,1,0,1],[1,1,1,0,1,1,0,1,0,1]]"
4,950,-0.011166853761974736,0.011166853761974736,"[[1,1,0,0,0,1,1,1,0,1],[1,1,1,0,1,1,0,1,1,0]]"
4,951,-0.011109014833986543,0.011109014833986543,"[[1,1,0,0,0,1,1,1,0,1],[1,1,1,0,1,1,0,1,1,1]]"
4,952,-0.013916285361038732,0.013916285361038732,"[[1,1,0,0,0,1,1,1,0,1],[1,1,1,0,1,1,1,0,0,0]]"
4,953,-0.01380075630835791,0.01380075630835791,"[[1,1,0,0,0,1,1,1,0,1],[1,1,1,0,1,1,1,0,0,1]]"
4,954,-0.01420420266444901,0.01420420266444901,"[[1,1,0,0,0,1,1,1,0,1],[1,1,1,0,1,1,1,0,1,0]]"
4,955,-0.014099441226778742,0.014099441226778742,"[[1,1,0,0,0,1,1,1,0,1],[1,1,1,0,1,1,1,0,1,1]]"
4,956,-0.01676846232735523,0.01676846232735523,"[[1,1,0,0,0,1,1,1,0,1],[1,1,1,0,1,1,1,1,0,0]]"
4,957,-0.016640571138191586,0.016640571138191586,"[[1,1,0,0,0,1,1,1,0,1],[1,1,1,0,1,1,1,1,0,1]]"
4,958,-0.016990192514873798,0.016990192514873798,"[[1,1,0,0,0,1,1,1,0,1],[1,1,1,0,1,1,1,1,1,0]]"
4,959,-0.01691366181381621,0.01691366181381621,"[[1,1,0,0,0,1,1,1,0,1],[1,1,1,0,1,1,1,1,1,1]]"
4,960,-0.0034586902059500486,0.0034586902059500486,"[[1,1,0,0,0,1,1,1,1,0],[1,1,1,0,1,0,0,0,0,0]]"
4,961,-0.0034106617562482612,0.0034106617562482612,"[[1,1,0,0,0,1,1,1,1,0],[1,1,1,0,1,0,0,0,0,1]]"
4,962,-0.003809307762153634,0.003809307762153634,"[[1,1,0,0,0,1,1,1,1,0],[1,1,1,0,1,0,0,0,1,0]]"
4,963,-0.00377129996372319,0.00377129996372319,"[[1,1,0,0,0,1,1,1,1,0],[1,1,1,0,1,0,0,0,1,1]]"
4,964,-0.005255922415476335,0.005255922415476335,"[[1,1,0,0,0,1,1,1,1,0],[1,1,1,0,1,0,0,1,0,0]]"
4,965,-0.0052194046468604085,0.0052194046468604085,"[[1,1,0,0,0,1,1,1,1,0],[1,1,1,0,1,0,0,1,0,1]]"
4,966,-0.005649074313563017,0.005649074313563017,"[[1,1,0,0,0,1,1,1,1,0],[1,1,1,0,1,0,0,1,1,0]]"
4,967,-0.005617324766201559,0.005617324766201559,"[[1,1,0,0,0,1,1,1,1,0],[1,1,1,0,1,0,0,1,1,1]]"
4,968,-0.007026085227800219,0.007026085227800219,"[[1,1,0,0,0,1,1,1,1,0],[1,1,1,0,1,0,1,0,0,0]]"
4,969,-0.006975334790501764,0.006975334790501764,"[[1,1,0,0,0,1,1,1,1,0],[1,1,1,0,1,0,1,0,0,1]]"
4,970,-0.007597464929657321,0.007597464929657321,"[[1,1,0,0,0,1,1,1,1,0],[1,1,1,0,1,0,1,0,1,0]]"
4,971,-0.007539906919014612,0.007539906919014612,"[[1,1,0,0,0,1,1,1,1,0],[1,1,1,0,1,0,1,0,1,1]]"
4,972,-0.009863365411690486,0.009863365411690486,"[[1,1,0,0,0,1,1,1,1,0],[1,1,1,0,1,0,1,1,0,0]]"
4,973,-0.009807855589826346,0.009807855589826346,"[[1,1,0,0,0,1,1,1,1,0],[1,1,1,0,1,0,1,1,0,1]]"
4,974,-0.010285620675835556,0.010285620675835556,"[[1,1,0,0,0,1,1,1,1,0],[1,1,1,0,1,0,1,1,1,0]]"
4,975,-0.010240917814549517,0.010240917814549517,"[[1,1,0,0,0,1,1,1,1,0],[1,1,1,0,1,0,1,1,1,1]]"
4,976,-0.007513970850858399,0.007513970850858399,"[[1,1,0,0,0,1,1,1,1,0],[1,1,1,0,1,1,0,0,0,0]]"
4,977,-0.007463915917960996,0.007463915917960996,"[[1,1,0,0,0,1,1,1,1,0],[1,1,1,0,1,1,0,0,0,1]]"
4,978,-0.00811872029328667,0.00811872029328667,"[[1,1,0,0,0,1,1,1,1,0],[1,1,1,0,1,1,0,0,1,0]]"
4,979,-0.008056688022328127,0.008056688022328127,"[[1,1,0,0,0,1,1,1,1,0],[1,1,1,0,1,1,0,0,1,1]]"
4,980,-0.01017969160438597,0.01017969160438597,"[[1,1,0,0,0,1,1,1,1,0],[1,1,1,0,1,1,0,1,0,0]]"
4,981,-0.010126677660338892,0.010126677660338892,"[[1,1,0,0,0,1,1,1,1,0],[1,1,1,0,1,1,0,1,0,1]]"
4,982,-0.010656844358447775,0.010656844358447775,"[[1,1,0,0,0,1,1,1,1,0],[1,1,1,0,1,1,0,1,1,0]]"
4,983,-0.010606861058449445,0.010606861058449445,"[[1,1,0,0,0,1,1,1,1,0],[1,1,1,0,1,1,0,1,1,1]]"
4,984,-0.013044204962922516,0.013044204962922516,"[[1,1,0,0,0,1,1,1,1,0],[1,1,1,0,1,1,1,0,0,0]]"
4,985,-0.012942694620055458,0.012942694620055458,"[[1,1,0,0,0,1,1,1,1,0],[1,1,1,0,1,1,1,0,0,1]]"
4,986,-0.013461963428407274,0.013461963428407274,"[[1,1,0,0,0,1,1,1,1,0],[1,1,1,0,1,1,1,0,1,0]]"
4,987,-0.013367358423056284,0.013367358423056284,"[[1,1,0,0,0,1,1,1,1,0],[1,1,1,0,1,1,1,0,1,1]]"
4,988,-0.015802381826623534,0.015802381826623534,"[[1,1,0,0,0,1,1,1,1,0],[1,1,1,0,1,1,1,1,0,0]]"
4,989,-0.01569732282829318,0.01569732282829318,"[[1,1,0,0,0,1,1,1,1,0],[1,1,1,0,1,1,1,1,0,1]]"
4,990,-0.01620741208661644,0.01620741208661644,"[[1,1,0,0,0,1,1,1,1,0],[1,1,1,0,1,1,1,1,1,0]]"
4,991,-0.016167586615963493,0.016167586615963493,"[[1,1,0,0,0,1,1,1,1,0],[1,1,1,0,1,1,1,1,1,1]]"
4,992,-0.003486033610989965,0.003486033610989965,"[[1,1,0,0,0,1,1,1,1,1],[1,1,1,0,1,0,0,0,0,0]]"
4,993,-0.003438142873341148,0.003438142873341148,"[[1,1,0,0,0,1,1,1,1,1],[1,1,1,0,1,0,0,0,0,1]]"
4,994,-0.003846211906032816,0.003846211906032816,"[[1,1,0,0,0,1,1,1,1,1],[1,1,1,0,1,0,0,0,1,0]]"
4,995,-0.003806669375531935,0.003806669375531935,"[[1,1,0,0,0,1,1,1,1,1],[1,1,1,0,1,0,0,0,1,1]]"
4,996,-0.005297033398710723,0.005297033398710723,"[[1,1,0,0,0,1,1,1,1,1],[1,1,1,0,1,0,0,1,0,0]]"
4,997,-0.005260362567166305,0.005260362567166305,"[[1,1,0,0,0,1,1,1,1,1],[1,1,1,0,1,0,0,1,0,1]]"
4,998,-0.005692507389027498,0.005692507389027498,"[[1,1,0,0,0,1,1,1,1,1],[1,1,1,0,1,0,0,1,1,0]]"
4,999,-0.005660752615032483,0.005660752615032483,"[[1,1,0,0,0,1,1,1,1,1],[1,1,1,0,1,0,0,1,1,1]]"
4,1000,-0.007098287476745802,0.007098287476745802,"[[1,1,0,0,0,1,1,1,1,1],[1,1,1,0,1,0,1,0,0,0]]"
4,1001,-0.0070501150731257425,0.0070501150731257425,"[[1,1,0,0,0,1,1,1,1,1],[1,1,1,0,1,0,1,0,0,1]]"
4,1002,-0.007646806395021046,0.007646806395021046,"[[1,1,0,0,0,1,1,1,1,1],[1,1,1,0,1,0,1,0,1,0]]"
4,1003,-0.0075964680374886314,0.0075964680374886314,"[[1,1,0,0,0,1,1,1,1,1],[1,1,1,0,1,0,1,0,1,1]]"
4,1004,-0.009925576826434475,0.009925576826434475,"[[1,1,0,0,0,1,1,1,1,1],[1,1,1,0,1,0,1,1,0,0]]"
4,1005,-0.009871608717824573,0.009871608717824573,"[[1,1,0,0,0,1,1,1,1,1],[1,1,1,0,1,0,1,1,0,1]]"
4,1006,-0.010351428265600076,0.010351428265600076,"[[1,1,0,0,0,1,1,1,1,1],[1,1,1,0,1,0,1,1,1,0]]"
4,1007,-0.01031010479174435,0.01031010479174435,"[[1,1,0,0,0,1,1,1,1,1],[1,1,1,0,1,0,1,1,1,1]]"
4,1008,-0.007584122513209723,0.007584122513209723,"[[1,1,0,0,0,1,1,1,1,1],[1,1,1,0,1,1,0,0,0,0]]"
4,1009,-0.007533582616222327,0.007533582616222327,"[[1,1,0,0,0,1,1,1,1,1],[1,1,1,0,1,1,0,0,0,1]]"
4,1010,-0.008168569161374171,0.008168569161374171,"[[1,1,0,0,0,1,1,1,1,1],[1,1,1,0,1,1,0,0,1,0]]"
4,1011,-0.008105015981617843,0.008105015981617843,"[[1,1,0,0,0,1,1,1,1,1],[1,1,1,0,1,1,0,0,1,1]]"
4,1012,-0.010244677464952334,0.010244677464952334,"[[1,1,0,0,0,1,1,1,1,1],[1,1,1,0,1,1,0,1,0,0]]"
4,1013,-0.01019071493843159,0.01019071493843159,"[[1,1,0,0,0,1,1,1,1,1],[1,1,1,0,1,1,0,1,0,1]]"
4,1014,-0.010722892197947132,0.010722892197947132,"[[1,1,0,0,0,1,1,1,1,1],[1,1,1,0,1,1,0,1,1,0]]"
4,1015,-0.01067229738537502,0.01067229738537502,"[[1,1,0,0,0,1,1,1,1,1],[1,1,1,0,1,1,0,1,1,1]]"
4,1016,-0.013106893007450073,0.013106893007450073,"[[1,1,0,0,0,1,1,1,1,1],[1,1,1,0,1,1,1,0,0,0]]"
4,1017,-0.013005298349090522,0.013005298349090522,"[[1,1,0,0,0,1,1,1,1,1],[1,1,1,0,1,1,1,0,0,1]]"
4,1018,-0.013526599187145298,0.013526599187145298,"[[1,1,0,0,0,1,1,1,1,1],[1,1,1,0,1,1,1,0,1,0]]"
4,1019,-0.013432025805961405,0.013432025805961405,"[[1,1,0,0,0,1,1,1,1,1],[1,1,1,0,1,1,1,0,1,1]]"
4,1020,-0.01586548173207752,0.01586548173207752,"[[1,1,0,0,0,1,1,1,1,1],[1,1,1,0,1,1,1,1,0,0]]"
4,1021,-0.0157602704422275,0.0157602704422275,"[[1,1,0,0,0,1,1,1,1,1],[1,1,1,0,1,1,1,1,0,1]]"
4,1022,-0.0162714687096491,0.0162714687096491,"[[1,1,0,0,0,1,1,1,1,1],[1,1,1,0,1,1,1,1,1,0]]"
4,1023,-0.016225806646168687,0.016225806646168687,"[[1,1,0,0,0,1,1,1,1,1],[1,1,1,0,1,1,1,1,1,1]]"
5,0,-0.02049156790387248,0.02049156790387248,"[[1,1,0,0,0,0,0,0,0,0],[1,1,1,0,1,0,0,0,0,0]]"
5,1,-0.02044060958410835,0.02044060958410835,"[[1,1,0,0,0,0,0,0,0,0],[1,1,1,0,1,0,0,0,0,1]]"
5,2,-0.021176507084161644,0.021176507084161644,"[[1,1,0,0,0,0,0,0,0,0],[1,1,1,0,1,0,0,0,1,0]]"
5,3,-0.02112662054198365,0.02112662054198365,"[[1,1,0,0,0,0,0,0,0,0],[1,1,1,0,1,0,0,0,1,1]]"
5,4,-0.02431721078953733,0.02431721078953733,"[[1,1,0,0,0,0,0,0,0,0],[1,1,1,0,1,0,0,1,0,0]]"
5,5,-0.024253816602770775,0.024253816602770775,"[[1,1,0,0,0,0,0,0,0,0],[1,1,1,0,1,0,0,1,0,1]]"
5,6,-0.02507765323940179,0.02507765323940179,"[[1,1,0,0,0,0,0,0,0,0],[1,1,1,0,1,0,0,1,1,0]]"
5,7,-0.025015414669369497,0.025015414669369497,"[[1,1,0,0,0,0,0,0,0,0],[1,1,1,0,1,0,0,1,1,1]]"
5,8,-0.030011012181250893,0.030011012181250893,"[[1,1,0,0,0,0,0,0,0,0],[1,1,1,0,1,0,1,0,0,0]]"
5,9,-0.02993223141370336,0.02993223141370336,"[[1,1,0,0,0,0,0,0,0,0],[1,1,1,0,1,0,1,0,0,1]]"
5,10,-0.030872617032431483,0.030872617032431483,"[[1,1,0,0,0,0,0,0,0,0],[1,1,1,0,1,0,1,0,1,0]]"
5,11,-0.030794910023222807,0.030794910023222807,"[[1,1,0,0,0,0,0,0,0,0],[1,1,1,0,1,0,1,0,1,1]]"
5,12,-0.03476753649010935,0.03476753649010935,"[[1,1,0,0,0,0,0,0,0,0],[1,1,1,0,1,0,1,1,0,0]]"
5,13,-0.03468584851413483,0.03468584851413483,"[[1,1,0,0,0,0,0,0,0,0],[1,1,1,0,1,0,1,1,0,1]]"
5,14,-0.03571594300059023,0.03571594300059023,"[[1,1,0,0,0,0,0,0,0,0],[1,1,1,0,1,0,1,1,1,0]]"
5,15,-0.03563532703583378,0.03563532703583378,"[[1,1,0,0,0,0,0,0,0,0],[1,1,1,0,1,0,1,1,1,1]]"
5,16,-0.03340268091317307,0.03340268091317307,"[[1,1,0,0,0,0,0,0,0,0],[1,1,1,0,1,1,0,0,0,0]]"
5,17,-0.033273233748953024,0.033273233748953024,"[[1,1,0,0,0,0,0,0,0,0],[1,1,1,0,1,1,0,0,0,1]]"
5,18,-0.03435757719937868,0.03435757719937868,"[[1,1,0,0,0,0,0,0,0,0],[1,1,1,0,1,1,0,0,1,0]]"
5,19,-0.034228758507170866,0.034228758507170866,"[[1,1,0,0,0,0,0,0,0,0],[1,1,1,0,1,1,0,0,1,1]]"
5,20,-0.038695829488238756,0.038695829488238756,"[[1,1,0,0,0,0,0,0,0,0],[1,1,1,0,1,1,0,1,0,0]]"
5,21,-0.03855236038045344,0.03855236038045344,"[[1,1,0,0,0,0,0,0,0,0],[1,1,1,0,1,1,0,1,0,1]]"
5,22,-0.0397312539419625,0.0397312539419625,"[[1,1,0,0,0,0,0,0,0,0],[1,1,1,0,1,1,0,1,1,0]]"
5,23,-0.039588322255940785,0.039588322255940785,"[[1,1,0,0,0,0,0,0,0,0],[1,1,1,0,1,1,0,1,1,1]]"
5,24,-0.046283678576553,0.046283678576553,"[[1,1,0,0,0,0,0,0,0,0],[1,1,1,0,1,1,1,0,0,0]]"
5,25,-0.04612879069963634,0.04612879069963634,"[[1,1,0,0,0,0,0,0,0,0],[1,1,1,0,1,1,1,0,0,1]]"
5,26,-0.04743564026308606,0.04743564026308606,"[[1,1,0,0,0,0,0,0,0,0],[1,1,1,0,1,1,1,0,1,0]]"
5,27,-0.047281197850414534,0.047281197850414534,"[[1,1,0,0,0,0,0,0,0,0],[1,1,1,0,1,1,1,0,1,1]]"
5,28,-0.05259237755477945,0.05259237755477945,"[[1,1,0,0,0,0,0,0,0,0],[1,1,1,0,1,1,1,1,0,0]]"
5,29,-0.05244379737071302,0.05244379737071302,"[[1,1,0,0,0,0,0,0,0,0],[1,1,1,0,1,1,1,1,0,1]]"
5,30,-0.053825412121846127,0.053825412121846127,"[[1,1,0,0,0,0,0,0,0,0],[1,1,1,0,1,1,1,1,1,0]]"
5,31,-0.05368435103419758,0.05368435103419758,"[[1,1,0,0,0,0,0,0,0,0],[1,1,1,0,1,1,1,1,1,1]]"
5,32,-0.020480091221001185,0.020480091221001185,"[[1,1,0,0,0,0,0,0,0,1],[1,1,1,0,1,0,0,0,0,0]]"
5,33,-0.020419207531808373,0.020419207531808373,"[[1,1,0,0,0,0,0,0,0,1],[1,1,1,0,1,0,0,0,0,1]]"
5,34,-0.02116281832836266,0.02116281832836266,"[[1,1,0,0,0,0,0,0,0,1],[1,1,1,0,1,0,0,0,1,0]]"
5,35,-0.021102877226121367,0.021102877226121367,"[[1,1,0,0,0,0,0,0,0,1],[1,1,1,0,1,0,0,0,1,1]]"
5,36,-0.024313231079163708,0.024313231079163708,"[[1,1,0,0,0,0,0,0,0,1],[1,1,1,0,1,0,0,1,0,0]]"
5,37,-0.02424747700925064,0.02424747700925064,"[[1,1,0,0,0,0,0,0,0,1],[1,1,1,0,1,0,0,1,0,1]]"
5,38,-0.025073179606347865,0.025073179606347865,"[[1,1,0,0,0,0,0,0,0,1],[1,1,1,0,1,0,0,1,1,0]]"
5,39,-0.025008448863998726,0.025008448863998726,"[[1,1,0,0,0,0,0,0,0,1],[1,1,1,0,1,0,0,1,1,1]]"
5,40,-0.029975060919797684,0.029975060919797684,"[[1,1,0,0,0,0,0,0,0,1],[1,1,1,0,1,0,1,0,0,0]]"
5,41,-0.029893249470383708,0.029893249470383708,"[[1,1,0,0,0,0,0,0,0,1],[1,1,1,0,1,0,1,0,0,1]]"
5,42,-0.030836150517423402,0.030836150517423402,"[[1,1,0,0,0,0,0,0,0,1],[1,1,1,0,1,0,1,0,1,0]]"
5,43,-0.030755278426676934,0.030755278426676934,"[[1,1,0,0,0,0,0,0,0,1],[1,1,1,0,1,0,1,0,1,1]]"
5,44,-0.034755605277630275,0.034755605277630275,"[[1,1,0,0,0,0,0,0,0,1],[1,1,1,0,1,0,1,1,0,0]]"
5,45,-0.03467031170090346,0.03467031170090346,"[[1,1,0,0,0,0,0,0,0,1],[1,1,1,0,1,0,1,1,0,1]]"
5,46,-0.03570347834666018,0.03570347834666018,"[[1,1,0,0,0,0,0,0,0,1],[1,1,1,0,1,0,1,1,1,0]]"
5,47,-0.035617901422951195,0.035617901422951195,"[[1,1,0,0,0,0,0,0,0,1],[1,1,1,0,1,0,1,1,1,1]]"
5,48,-0.033397863822983716,0.033397863822983716,"[[1,1,0,0,0,0,0,0,0,1],[1,1,1,0,1,1,0,0,0,0]]"
5,49,-0.033263815238804215,0.033263815238804215,"[[1,1,0,0,0,0,0,0,0,1],[1,1,1,0,1,1,0,0,0,1]]"
5,50,-0.03435206917267795,0.03435206917267795,"[[1,1,0,0,0,0,0,0,0,1],[1,1,1,0,1,1,0,0,1,0]]"
5,51,-0.03421829586937839,0.03421829586937839,"[[1,1,0,0,0,0,0,0,0,1],[1,1,1,0,1,1,0,0,1,1]]"
5,52,-0.038683191226628263,0.038683191226628263,"[[1,1,0,0,0,0,0,0,0,1],[1,1,1,0,1,1,0,1,0,0]]"
5,53,-0.03853395886797647,0.03853395886797647,"[[1,1,0,0,0,0,0,0,0,1],[1,1,1,0,1,1,0,1,0,1]]"
5,54,-0.039718468337897245,0.039718468337897245,"[[1,1,0,0,0,0,0,0,0,1],[1,1,1,0,1,1,0,1,1,0]]"
5,55,-0.03956963598269116,0.03956963598269116,"[[1,1,0,0,0,0,0,0,0,1],[1,1,1,0,1,1,0,1,1,1]]"
5,56,-0.046239692863908714,0.046239692863908714,"[[1,1,0,0,0,0,0,0,0,1],[1,1,1,0,1,1,1,0,0,0]]"
5,57,-0.04608341509649555,0.04608341509649555,"[[1,1,0,0,0,0,0,0,0,1],[1,1,1,0,1,1,1,0,0,1]]"
5,58,-0.0473816732666487,0.0473816732666487,"[[1,1,0,0,0,0,0,0,0,1],[1,1,1,0,1,1,1,0,1,0]]"
5,59,-0.04723324669584665,0.04723324669584665,"[[1,1,0,0,0,0,0,0,0,1],[1,1,1,0,1,1,1,0,1,1]]"
5,60,-0.05254319378444948,0.05254319378444948,"[[1,1,0,0,0,0,0,0,0,1],[1,1,1,0,1,1,1,1,0,0]]"
5,61,-0.052394068027394075,0.052394068027394075,"[[1,1,0,0,0,0,0,0,0,1],[1,1,1,0,1,1,1,1,0,1]]"
5,62,-0.05377566668131355,0.05377566668131355,"[[1,1,0,0,0,0,0,0,0,1],[1,1,1,0,1,1,1,1,1,0]]"
5,63,-0.05362730741355804,0.05362730741355804,"[[1,1,0,0,0,0,0,0,0,1],[1,1,1,0,1,1,1,1,1,1]]"
5,64,-0.01953081886308038,0.01953081886308038,"[[1,1,0,0,0,0,0,0,1,0],[1,1,1,0,1,0,0,0,0,0]]"
5,65,-0.019469522338798912,0.019469522338798912,"[[1,1,0,0,0,0,0,0,1,0],[1,1,1,0,1,0,0,0,0,1]]"
5,66,-0.020397291396571933,0.020397291396571933,"[[1,1,0,0,0,0,0,0,1,0],[1,1,1,0,1,0,0,0,1,0]]"
5,67,-0.02033430650978925,0.02033430650978925,"[[1,1,0,0,0,0,0,0,1,0],[1,1,1,0,1,0,0,0,1,1]]"
5,68,-0.023277434378484046,0.023277434378484046,"[[1,1,0,0,0,0,0,0,1,0],[1,1,1,0,1,0,0,1,0,0]]"
5,69,-0.023200485445416894,0.023200485445416894,"[[1,1,0,0,0,0,0,0,1,0],[1,1,1,0,1,0,0,1,0,1]]"
5,70,-0.02422787435358313,0.02422787435358313,"[[1,1,0,0,0,0,0,0,1,0],[1,1,1,0,1,0,0,1,1,0]]"
5,71,-0.024149927733037223,0.024149927733037223,"[[1,1,0,0,0,0,0,0,1,0],[1,1,1,0,1,0,0,1,1,1]]"
5,72,-0.028828928559913876,0.028828928559913876,"[[1,1,0,0,0,0,0,0,1,0],[1,1,1,0,1,0,1,0,0,0]]"
5,73,-0.028745530665967745,0.028745530665967745,"[[1,1,0,0,0,0,0,0,1,0],[1,1,1,0,1,0,1,0,0,1]]"
5,74,-0.02991804643404772,0.02991804643404772,"[[1,1,0,0,0,0,0,0,1,0],[1,1,1,0,1,0,1,0,1,0]]"
5,75,-0.02983295935335394,0.02983295935335394,"[[1,1,0,0,0,0,0,0,1,0],[1,1,1,0,1,0,1,0,1,1]]"
5,76,-0.03346556315526894,0.03346556315526894,"[[1,1,0,0,0,0,0,0,1,0],[1,1,1,0,1,0,1,1,0,0]]"
5,77,-0.033366525909529765,0.033366525909529765,"[[1,1,0,0,0,0,0,0,1,0],[1,1,1,0,1,0,1,1,0,1]]"
5,78,-0.03466098732077128,0.03466098732077128,"[[1,1,0,0,0,0,0,0,1,0],[1,1,1,0,1,0,1,1,1,0]]"
5,79,-0.034560253227832426,0.034560253227832426,"[[1,1,0,0,0,0,0,0,1,0],[1,1,1,0,1,0,1,1,1,1]]"
5,80,-0.0319625904354869,0.0319625904354869,"[[1,1,0,0,0,0,0,0,1,0],[1,1,1,0,1,1,0,0,0,0]]"
5,81,-0.031839494984223914,0.031839494984223914,"[[1,1,0,0,0,0,0,0,1,0],[1,1,1,0,1,1,0,0,0,1]]"
5,82,-0.03315463234371697,0.03315463234371697,"[[1,1,0,0,0,0,0,0,1,0],[1,1,1,0,1,1,0,0,1,0]]"
5,83,-0.03302970527423141,0.03302970527423141,"[[1,1,0,0,0,0,0,0,1,0],[1,1,1,0,1,1,0,0,1,1]]"
5,84,-0.03703973486536478,0.03703973486536478,"[[1,1,0,0,0,0,0,0,1,0],[1,1,1,0,1,1,0,1,0,0]]"
5,85,-0.036903538999218784,0.036903538999218784,"[[1,1,0,0,0,0,0,0,1,0],[1,1,1,0,1,1,0,1,0,1]]"
5,86,-0.03816580913419347,0.03816580913419347,"[[1,1,0,0,0,0,0,0,1,0],[1,1,1,0,1,1,0,1,1,0]]"
5,87,-0.038030012559215634,0.038030012559215634,"[[1,1,0,0,0,0,0,0,1,0],[1,1,1,0,1,1,0,1,1,1]]"
5,88,-0.04455648922054932,0.04455648922054932,"[[1,1,0,0,0,0,0,0,1,0],[1,1,1,0,1,1,1,0,0,0]]"
5,89,-0.04440778761185764,0.04440778761185764,"[[1,1,0,0,0,0,0,0,1,0],[1,1,1,0,1,1,1,0,0,1]]"
5,90,-0.045990962034360795,0.045990962034360795,"[[1,1,0,0,0,0,0,0,1,0],[1,1,1,0,1,1,1,0,1,0]]"
5,91,-0.04584056305257915,0.04584056305257915,"[[1,1,0,0,0,0,0,0,1,0],[1,1,1,0,1,1,1,0,1,1]]"
5,92,-0.0506757188216619,0.0506757188216619,"[[1,1,0,0,0,0,0,0,1,0],[1,1,1,0,1,1,1,1,0,0]]"
5,93,-0.05051062076941996,0.05051062076941996,"[[1,1,0,0,0,0,0,0,1,0],[1,1,1,0,1,1,1,1,0,1]]"
5,94,-0.052002814097324095,0.052002814097324095,"[[1,1,0,0,0,0,0,0,1,0],[1,1,1,0,1,1,1,1,1,0]]"
5,95,-0.051832196518040344,0.051832196518040344,"[[1,1,0,0,0,0,0,0,1,0],[1,1,1,0,1,1,1,1,1,1]]"
5,96,-0.019551910482166833,0.019551910482166833,"[[1,1,0,0,0,0,0,0,1,1],[1,1,1,0,1,0,0,0,0,0]]"
5,97,-0.01948922624567144,0.01948922624567144,"[[1,1,0,0,0,0,0,0,1,1],[1,1,1,0,1,0,0,0,0,1]]"
5,98,-0.02041637909137079,0.02041637909137079,"[[1,1,0,0,0,0,0,0,1,1],[1,1,1,0,1,0,0,0,1,0]]"
5,99,-0.02035181253162483,0.02035181253162483,"[[1,1,0,0,0,0,0,0,1,1],[1,1,1,0,1,0,0,0,1,1]]"
5,100,-0.023293012819718236,0.023293012819718236,"[[1,1,0,0,0,0,0,0,1,1],[1,1,1,0,1,0,0,1,0,0]]"
5,101,-0.02321382113306785,0.02321382113306785,"[[1,1,0,0,0,0,0,0,1,1],[1,1,1,0,1,0,0,1,0,1]]"
5,102,-0.024240225605322865,0.024240225605322865,"[[1,1,0,0,0,0,0,0,1,1],[1,1,1,0,1,0,0,1,1,0]]"
5,103,-0.024161721572205884,0.024161721572205884,"[[1,1,0,0,0,0,0,0,1,1],[1,1,1,0,1,0,0,1,1,1]]"
5,104,-0.028831810643414776,0.028831810643414776,"[[1,1,0,0,0,0,0,0,1,1],[1,1,1,0,1,0,1,0,0,0]]"
5,105,-0.028736034185657785,0.028736034185657785,"[[1,1,0,0,0,0,0,0,1,1],[1,1,1,0,1,0,1,0,0,1]]"
5,106,-0.02991661557048072,0.02991661557048072,"[[1,1,0,0,0,0,0,0,1,1],[1,1,1,0,1,0,1,0,1,0]]"
5,107,-0.029818746576575586,0.029818746576575586,"[[1,1,0,0,0,0,0,0,1,1],[1,1,1,0,1,0,1,0,1,1]]"
5,108,-0.03347665099893364,0.03347665099893364,"[[1,1,0,0,0,0,0,0,1,1],[1,1,1,0,1,0,1,1,0,0]]"
5,109,-0.033374142755451724,0.033374142755451724,"[[1,1,0,0,0,0,0,0,1,1],[1,1,1,0,1,0,1,1,0,1]]"
5,110,-0.034665747634416454,0.034665747634416454,"[[1,1,0,0,0,0,0,0,1,1],[1,1,1,0,1,0,1,1,1,0]]"
5,111,-0.03456567587257497,0.03456567587257497,"[[1,1,0,0,0,0,0,0,1,1],[1,1,1,0,1,0,1,1,1,1]]"
5,112,-0.0319598001045202,0.0319598001045202,"[[1,1,0,0,0,0,0,0,1,1],[1,1,1,0,1,1,0,0,0,0]]"
5,113,-0.03183221448655969,0.03183221448655969,"[[1,1,0,0,0,0,0,0,1,1],[1,1,1,0,1,1,0,0,0,1]]"
5,114,-0.03314990435542765,0.03314990435542765,"[[1,1,0,0,0,0,0,0,1,1],[1,1,1,0,1,1,0,0,1,0]]"
5,115,-0.033020300967851676,0.033020300967851676,"[[1,1,0,0,0,0,0,0,1,1],[1,1,1,0,1,1,0,0,1,1]]"
5,116,-0.03703119474341694,0.03703119474341694,"[[1,1,0,0,0,0,0,0,1,1],[1,1,1,0,1,1,0,1,0,0]]"
5,117,-0.036889637033588066,0.036889637033588066,"[[1,1,0,0,0,0,0,0,1,1],[1,1,1,0,1,1,0,1,0,1]]"
5,118,-0.03815711376124629,0.03815711376124629,"[[1,1,0,0,0,0,0,0,1,1],[1,1,1,0,1,1,0,1,1,0]]"
5,119,-0.038015882199657756,0.038015882199657756,"[[1,1,0,0,0,0,0,0,1,1],[1,1,1,0,1,1,0,1,1,1]]"
5,120,-0.04454475626100568,0.04454475626100568,"[[1,1,0,0,0,0,0,0,1,1],[1,1,1,0,1,1,1,0,0,0]]"
5,121,-0.04439000939186001,0.04439000939186001,"[[1,1,0,0,0,0,0,0,1,1],[1,1,1,0,1,1,1,0,0,1]]"
5,122,-0.04597722097181525,0.04597722097181525,"[[1,1,0,0,0,0,0,0,1,1],[1,1,1,0,1,1,1,0,1,0]]"
5,123,-0.04582060595999268,0.04582060595999268,"[[1,1,0,0,0,0,0,0,1,1],[1,1,1,0,1,1,1,0,1,1]]"
5,124,-0.05065848889705169,0.05065848889705169,"[[1,1,0,0,0,0,0,0,1,1],[1,1,1,0,1,1,1,1,0,0]]"
5,125,-0.050486459717142586,0.050486459717142586,"[[1,1,0,0,0,0,0,0,1,1],[1,1,1,0,1,1,1,1,0,1]]"
5,126,-0.05198541772227255,0.05198541772227255,"[[1,1,0,0,0,0,0,0,1,1],[1,1,1,0,1,1,1,1,1,0]]"
5,127,-0.05180683153376007,0.05180683153376007,"[[1,1,0,0,0,0,0,0,1,1],[1,1,1,0,1,1,1,1,1,1]]"
5,128,-0.01610775887202579,0.01610775887202579,"[[1,1,0,0,0,0,0,1,0,0],[1,1,1,0,1,0,0,0,0,0]]"
5,129,-0.015975501905144712,0.015975501905144712,"[[1,1,0,0,0,0,0,1,0,0],[1,1,1,0,1,0,0,0,0,1]]"
5,130,-0.016399123962829196,0.016399123962829196,"[[1,1,0,0,0,0,0,1,0,0],[1,1,1,0,1,0,0,0,1,0]]"
5,131,-0.016333210310547696,0.016333210310547696,"[[1,1,0,0,0,0,0,1,0,0],[1,1,1,0,1,0,0,0,1,1]]"
5,132,-0.019578039886735996,0.019578039886735996,"[[1,1,0,0,0,0,0,1,0,0],[1,1,1,0,1,0,0,1,0,0]]"
5,133,-0.019513563910824615,0.019513563910824615,"[[1,1,0,0,0,0,0,1,0,0],[1,1,1,0,1,0,0,1,0,1]]"
5,134,-0.020259324242996347,0.020259324242996347,"[[1,1,0,0,0,0,0,1,0,0],[1,1,1,0,1,0,0,1,1,0]]"
5,135,-0.020195296308202323,0.020195296308202323,"[[1,1,0,0,0,0,0,1,0,0],[1,1,1,0,1,0,0,1,1,1]]"
5,136,-0.0244305278719589,0.0244305278719589,"[[1,1,0,0,0,0,0,1,0,0],[1,1,1,0,1,0,1,0,0,0]]"
5,137,-0.0242680653676747,0.0242680653676747,"[[1,1,0,0,0,0,0,1,0,0],[1,1,1,0,1,0,1,0,0,1]]"
5,138,-0.024810166737691843,0.024810166737691843,"[[1,1,0,0,0,0,0,1,0,0],[1,1,1,0,1,0,1,0,1,0]]"
5,139,-0.024713037652856516,0.024713037652856516,"[[1,1,0,0,0,0,0,1,0,0],[1,1,1,0,1,0,1,0,1,1]]"
5,140,-0.02894853379529899,0.02894853379529899,"[[1,1,0,0,0,0,0,1,0,0],[1,1,1,0,1,0,1,1,0,0]]"
5,141,-0.028858468380672804,0.028858468380672804,"[[1,1,0,0,0,0,0,1,0,0],[1,1,1,0,1,0,1,1,0,1]]"
5,142,-0.02981287447380689,0.02981287447380689,"[[1,1,0,0,0,0,0,1,0,0],[1,1,1,0,1,0,1,1,1,0]]"
5,143,-0.029721254132131968,0.029721254132131968,"[[1,1,0,0,0,0,0,1,0,0],[1,1,1,0,1,0,1,1,1,1]]"
5,144,-0.027484119556318135,0.027484119556318135,"[[1,1,0,0,0,0,0,1,0,0],[1,1,1,0,1,1,0,0,0,0]]"
5,145,-0.027240868750307165,0.027240868750307165,"[[1,1,0,0,0,0,0,1,0,0],[1,1,1,0,1,1,0,0,0,1]]"
5,146,-0.027746152354561744,0.027746152354561744,"[[1,1,0,0,0,0,0,1,0,0],[1,1,1,0,1,1,0,0,1,0]]"
5,147,-0.027609748387233048,0.027609748387233048,"[[1,1,0,0,0,0,0,1,0,0],[1,1,1,0,1,1,0,0,1,1]]"
5,148,-0.03205700780724268,0.03205700780724268,"[[1,1,0,0,0,0,0,1,0,0],[1,1,1,0,1,1,0,1,0,0]]"
5,149,-0.031933646389075566,0.031933646389075566,"[[1,1,0,0,0,0,0,1,0,0],[1,1,1,0,1,1,0,1,0,1]]"
5,150,-0.03299808958319116,0.03299808958319116,"[[1,1,0,0,0,0,0,1,0,0],[1,1,1,0,1,1,0,1,1,0]]"
5,151,-0.03287518313561214,0.03287518313561214,"[[1,1,0,0,0,0,0,1,0,0],[1,1,1,0,1,1,0,1,1,1]]"
5,152,-0.03890639407765853,0.03890639407765853,"[[1,1,0,0,0,0,0,1,0,0],[1,1,1,0,1,1,1,0,0,0]]"
5,153,-0.038645515069500036,0.038645515069500036,"[[1,1,0,0,0,0,0,1,0,0],[1,1,1,0,1,1,1,0,0,1]]"
5,154,-0.03927243986828049,0.03927243986828049,"[[1,1,0,0,0,0,0,1,0,0],[1,1,1,0,1,1,1,0,1,0]]"
5,155,-0.039102324005134276,0.039102324005134276,"[[1,1,0,0,0,0,0,1,0,0],[1,1,1,0,1,1,1,0,1,1]]"
5,156,-0.044676125203513405,0.044676125203513405,"[[1,1,0,0,0,0,0,1,0,0],[1,1,1,0,1,1,1,1,0,0]]"
5,157,-0.044524944834861684,0.044524944834861684,"[[1,1,0,0,0,0,0,1,0,0],[1,1,1,0,1,1,1,1,0,1]]"
5,158,-0.04580938488055647,0.04580938488055647,"[[1,1,0,0,0,0,0,1,0,0],[1,1,1,0,1,1,1,1,1,0]]"
5,159,-0.04565865725501784,0.04565865725501784,"[[1,1,0,0,0,0,0,1,0,0],[1,1,1,0,1,1,1,1,1,1]]"
5,160,-0.016127829372413485,0.016127829372413485,"[[1,1,0,0,0,0,0,1,0,1],[1,1,1,0,1,0,0,0,0,0]]"
5,161,-0.01598163940089577,0.01598163940089577,"[[1,1,0,0,0,0,0,1,0,1],[1,1,1,0,1,0,0,0,0,1]]"
5,162,-0.01641131829587631,0.01641131829587631,"[[1,1,0,0,0,0,0,1,0,1],[1,1,1,0,1,0,0,0,1,0]]"
5,163,-0.01634189679427015,0.01634189679427015,"[[1,1,0,0,0,0,0,1,0,1],[1,1,1,0,1,0,0,0,1,1]]"
5,164,-0.019597564627495373,0.019597564627495373,"[[1,1,0,0,0,0,0,1,0,1],[1,1,1,0,1,0,0,1,0,0]]"
5,165,-0.019526736139852275,0.019526736139852275,"[[1,1,0,0,0,0,0,1,0,1],[1,1,1,0,1,0,0,1,0,1]]"
5,166,-0.02027868684927904,0.02027868684927904,"[[1,1,0,0,0,0,0,1,0,1],[1,1,1,0,1,0,0,1,1,0]]"
5,167,-0.020206485349413616,0.020206485349413616,"[[1,1,0,0,0,0,0,1,0,1],[1,1,1,0,1,0,0,1,1,1]]"
5,168,-0.02444244569587964,0.02444244569587964,"[[1,1,0,0,0,0,0,1,0,1],[1,1,1,0,1,0,1,0,0,0]]"
5,169,-0.02426522204561198,0.02426522204561198,"[[1,1,0,0,0,0,0,1,0,1],[1,1,1,0,1,0,1,0,0,1]]"
5,170,-0.02481204728807424,0.02481204728807424,"[[1,1,0,0,0,0,0,1,0,1],[1,1,1,0,1,0,1,0,1,0]]"
5,171,-0.024705570464910242,0.024705570464910242,"[[1,1,0,0,0,0,0,1,0,1],[1,1,1,0,1,0,1,0,1,1]]"
5,172,-0.028938904162876002,0.028938904162876002,"[[1,1,0,0,0,0,0,1,0,1],[1,1,1,0,1,0,1,1,0,0]]"
5,173,-0.028838706406648804,0.028838706406648804,"[[1,1,0,0,0,0,0,1,0,1],[1,1,1,0,1,0,1,1,0,1]]"
5,174,-0.029801086225263732,0.029801086225263732,"[[1,1,0,0,0,0,0,1,0,1],[1,1,1,0,1,0,1,1,1,0]]"
5,175,-0.029701198009159668,0.029701198009159668,"[[1,1,0,0,0,0,0,1,0,1],[1,1,1,0,1,0,1,1,1,1]]"
5,176,-0.027505788453473574,0.027505788453473574,"[[1,1,0,0,0,0,0,1,0,1],[1,1,1,0,1,1,0,0,0,0]]"
5,177,-0.027242206006276515,0.027242206006276515,"[[1,1,0,0,0,0,0,1,0,1],[1,1,1,0,1,1,0,0,0,1]]"
5,178,-0.027748213289573706,0.027748213289573706,"[[1,1,0,0,0,0,0,1,0,1],[1,1,1,0,1,1,0,0,1,0]]"
5,179,-0.027604941723640804,0.027604941723640804,"[[1,1,0,0,0,0,0,1,0,1],[1,1,1,0,1,1,0,0,1,1]]"
5,180,-0.03205177227745502,0.03205177227745502,"[[1,1,0,0,0,0,0,1,0,1],[1,1,1,0,1,1,0,1,0,0]]"
5,181,-0.031923665251469675,0.031923665251469675,"[[1,1,0,0,0,0,0,1,0,1],[1,1,1,0,1,1,0,1,0,1]]"
5,182,-0.032992695207548065,0.032992695207548065,"[[1,1,0,0,0,0,0,1,0,1],[1,1,1,0,1,1,0,1,1,0]]"
5,183,-0.032864898214811394,0.032864898214811394,"[[1,1,0,0,0,0,0,1,0,1],[1,1,1,0,1,1,0,1,1,1]]"
5,184,-0.03890544250026606,0.03890544250026606,"[[1,1,0,0,0,0,0,1,0,1],[1,1,1,0,1,1,1,0,0,0]]"
5,185,-0.038609139810800594,0.038609139810800594,"[[1,1,0,0,0,0,0,1,0,1],[1,1,1,0,1,1,1,0,0,1]]"
5,186,-0.03924515324782405,0.03924515324782405,"[[1,1,0,0,0,0,0,1,0,1],[1,1,1,0,1,1,1,0,1,0]]"
5,187,-0.03905922172947427,0.03905922172947427,"[[1,1,0,0,0,0,0,1,0,1],[1,1,1,0,1,1,1,0,1,1]]"
5,188,-0.04466313309479628,0.04466313309479628,"[[1,1,0,0,0,0,0,1,0,1],[1,1,1,0,1,1,1,1,0,0]]"
5,189,-0.044505687482821986,0.044505687482821986,"[[1,1,0,0,0,0,0,1,0,1],[1,1,1,0,1,1,1,1,0,1]]"
5,190,-0.045796228620789546,0.045796228620789546,"[[1,1,0,0,0,0,0,1,0,1],[1,1,1,0,1,1,1,1,1,0]]"
5,191,-0.045637651085072235,0.045637651085072235,"[[1,1,0,0,0,0,0,1,0,1],[1,1,1,0,1,1,1,1,1,1]]"
5,192,-0.015150123005627054,0.015150123005627054,"[[1,1,0,0,0,0,0,1,1,0],[1,1,1,0,1,0,0,0,0,0]]"
5,193,-0.015053021653161936,0.015053021653161936,"[[1,1,0,0,0,0,0,1,1,0],[1,1,1,0,1,0,0,0,0,1]]"
5,194,-0.01563150710939761,0.01563150710939761,"[[1,1,0,0,0,0,0,1,1,0],[1,1,1,0,1,0,0,0,1,0]]"
5,195,-0.015575767027298501,0.015575767027298501,"[[1,1,0,0,0,0,0,1,1,0],[1,1,1,0,1,0,0,0,1,1]]"
5,196,-0.0185712505892175,0.0185712505892175,"[[1,1,0,0,0,0,0,1,1,0],[1,1,1,0,1,0,0,1,0,0]]"
5,197,-0.018512962270473124,0.018512962270473124,"[[1,1,0,0,0,0,0,1,1,0],[1,1,1,0,1,0,0,1,0,1]]"
5,198,-0.019415600161390458,0.019415600161390458,"[[1,1,0,0,0,0,0,1,1,0],[1,1,1,0,1,0,0,1,1,0]]"
5,199,-0.01935562820648297,0.01935562820648297,"[[1,1,0,0,0,0,0,1,1,0],[1,1,1,0,1,0,0,1,1,1]]"
5,200,-0.023205734184096785,0.023205734184096785,"[[1,1,0,0,0,0,0,1,1,0],[1,1,1,0,1,0,1,0,0,0]]"
5,201,-0.023091008271191794,0.023091008271191794,"[[1,1,0,0,0,0,0,1,1,0],[1,1,1,0,1,0,1,0,0,1]]"
5,202,-0.02386878534432246,0.02386878534432246,"[[1,1,0,0,0,0,0,1,1,0],[1,1,1,0,1,0,1,0,1,0]]"
5,203,-0.0237844120517393,0.0237844120517393,"[[1,1,0,0,0,0,0,1,1,0],[1,1,1,0,1,0,1,0,1,1]]"
5,204,-0.027672789476057467,0.027672789476057467,"[[1,1,0,0,0,0,0,1,1,0],[1,1,1,0,1,0,1,1,0,0]]"
5,205,-0.02759167770548679,0.02759167770548679,"[[1,1,0,0,0,0,0,1,1,0],[1,1,1,0,1,0,1,1,0,1]]"
5,206,-0.028742260374338368,0.028742260374338368,"[[1,1,0,0,0,0,0,1,1,0],[1,1,1,0,1,0,1,1,1,0]]"
5,207,-0.0286594573252895,0.0286594573252895,"[[1,1,0,0,0,0,0,1,1,0],[1,1,1,0,1,0,1,1,1,1]]"
5,208,-0.026073459833439703,0.026073459833439703,"[[1,1,0,0,0,0,0,1,1,0],[1,1,1,0,1,1,0,0,0,0]]"
5,209,-0.025876841006775435,0.025876841006775435,"[[1,1,0,0,0,0,0,1,1,0],[1,1,1,0,1,1,0,0,0,1]]"
5,210,-0.026618591632424873,0.026618591632424873,"[[1,1,0,0,0,0,0,1,1,0],[1,1,1,0,1,1,0,0,1,0]]"
5,211,-0.02648722747772179,0.02648722747772179,"[[1,1,0,0,0,0,0,1,1,0],[1,1,1,0,1,1,0,0,1,1]]"
5,212,-0.030653969968498455,0.030653969968498455,"[[1,1,0,0,0,0,0,1,1,0],[1,1,1,0,1,1,0,1,0,0]]"
5,213,-0.030536817533886138,0.030536817533886138,"[[1,1,0,0,0,0,0,1,1,0],[1,1,1,0,1,1,0,1,0,1]]"
5,214,-0.03171508413235302,0.03171508413235302,"[[1,1,0,0,0,0,0,1,1,0],[1,1,1,0,1,1,0,1,1,0]]"
5,215,-0.03159770994355186,0.03159770994355186,"[[1,1,0,0,0,0,0,1,1,0],[1,1,1,0,1,1,0,1,1,1]]"
5,216,-0.03718507773996837,0.03718507773996837,"[[1,1,0,0,0,0,0,1,1,0],[1,1,1,0,1,1,1,0,0,0]]"
5,217,-0.03697850925647738,0.03697850925647738,"[[1,1,0,0,0,0,0,1,1,0],[1,1,1,0,1,1,1,0,0,1]]"
5,218,-0.03795475862817829,0.03795475862817829,"[[1,1,0,0,0,0,0,1,1,0],[1,1,1,0,1,1,1,0,1,0]]"
5,219,-0.037789604533879036,0.037789604533879036,"[[1,1,0,0,0,0,0,1,1,0],[1,1,1,0,1,1,1,0,1,1]]"
5,220,-0.04298584814358257,0.04298584814358257,"[[1,1,0,0,0,0,0,1,1,0],[1,1,1,0,1,1,1,1,0,0]]"
5,221,-0.042840871517589287,0.042840871517589287,"[[1,1,0,0,0,0,0,1,1,0],[1,1,1,0,1,1,1,1,0,1]]"
5,222,-0.044357952692121325,0.044357952692121325,"[[1,1,0,0,0,0,0,1,1,0],[1,1,1,0,1,1,1,1,1,0]]"
5,223,-0.044211678331087995,0.044211678331087995,"[[1,1,0,0,0,0,0,1,1,0],[1,1,1,0,1,1,1,1,1,1]]"
5,224,-0.015191889314098237,0.015191889314098237,"[[1,1,0,0,0,0,0,1,1,1],[1,1,1,0,1,0,0,0,0,0]]"
5,225,-0.015084300498268345,0.015084300498268345,"[[1,1,0,0,0,0,0,1,1,1],[1,1,1,0,1,0,0,0,0,1]]"
5,226,-0.01566529974951606,0.01566529974951606,"[[1,1,0,0,0,0,0,1,1,1],[1,1,1,0,1,0,0,0,1,0]]"
5,227,-0.01561799375483305,0.01561799375483305,"[[1,1,0,0,0,0,0,1,1,1],[1,1,1,0,1,0,0,0,1,1]]"
5,228,-0.018592417442901073,0.018592417442901073,"[[1,1,0,0,0,0,0,1,1,1],[1,1,1,0,1,0,0,1,0,0]]"
5,229,-0.018532824569224154,0.018532824569224154,"[[1,1,0,0,0,0,0,1,1,1],[1,1,1,0,1,0,0,1,0,1]]"
5,230,-0.019434771385210943,0.019434771385210943,"[[1,1,0,0,0,0,0,1,1,1],[1,1,1,0,1,0,0,1,1,0]]"
5,231,-0.019377787564672948,0.019377787564672948,"[[1,1,0,0,0,0,0,1,1,1],[1,1,1,0,1,0,0,1,1,1]]"
5,232,-0.02322980837265371,0.02322980837265371,"[[1,1,0,0,0,0,0,1,1,1],[1,1,1,0,1,0,1,0,0,0]]"
5,233,-0.02309236437475315,0.02309236437475315,"[[1,1,0,0,0,0,0,1,1,1],[1,1,1,0,1,0,1,0,0,1]]"
5,234,-0.02387686931775239,0.02387686931775239,"[[1,1,0,0,0,0,0,1,1,1],[1,1,1,0,1,0,1,0,1,0]]"
5,235,-0.023775588948360956,0.023775588948360956,"[[1,1,0,0,0,0,0,1,1,1],[1,1,1,0,1,0,1,0,1,1]]"
5,236,-0.0276891376052042,0.0276891376052042,"[[1,1,0,0,0,0,0,1,1,1],[1,1,1,0,1,0,1,1,0,0]]"
5,237,-0.02760503070390006,0.02760503070390006,"[[1,1,0,0,0,0,0,1,1,1],[1,1,1,0,1,0,1,1,0,1]]"
5,238,-0.028756597003920623,0.028756597003920623,"[[1,1,0,0,0,0,0,1,1,1],[1,1,1,0,1,0,1,1,1,0]]"
5,239,-0.02866858152183896,0.02866858152183896,"[[1,1,0,0,0,0,0,1,1,1],[1,1,1,0,1,0,1,1,1,1]]"
5,240,-0.026096550766837492,0.026096550766837492,"[[1,1,0,0,0,0,0,1,1,1],[1,1,1,0,1,1,0,0,0,0]]"
5,241,-0.025881465449233643,0.025881465449233643,"[[1,1,0,0,0,0,0,1,1,1],[1,1,1,0,1,1,0,0,0,1]]"
5,242,-0.026620569251663527,0.026620569251663527,"[[1,1,0,0,0,0,0,1,1,1],[1,1,1,0,1,1,0,0,1,0]]"
5,243,-0.026485477727912054,0.026485477727912054,"[[1,1,0,0,0,0,0,1,1,1],[1,1,1,0,1,1,0,0,1,1]]"
5,244,-0.030650387910886354,0.030650387910886354,"[[1,1,0,0,0,0,0,1,1,1],[1,1,1,0,1,1,0,1,0,0]]"
5,245,-0.030528817602374074,0.030528817602374074,"[[1,1,0,0,0,0,0,1,1,1],[1,1,1,0,1,1,0,1,0,1]]"
5,246,-0.031710793963491704,0.031710793963491704,"[[1,1,0,0,0,0,0,1,1,1],[1,1,1,0,1,1,0,1,1,0]]"
5,247,-0.03158889624117795,0.03158889624117795,"[[1,1,0,0,0,0,0,1,1,1],[1,1,1,0,1,1,0,1,1,1]]"
5,248,-0.03720670399218134,0.03720670399218134,"[[1,1,0,0,0,0,0,1,1,1],[1,1,1,0,1,1,1,0,0,0]]"
5,249,-0.036976225688275195,0.036976225688275195,"[[1,1,0,0,0,0,0,1,1,1],[1,1,1,0,1,1,1,0,0,1]]"
5,250,-0.037950363767213724,0.037950363767213724,"[[1,1,0,0,0,0,0,1,1,1],[1,1,1,0,1,1,1,0,1,0]]"
5,251,-0.0377800326578521,0.0377800326578521,"[[1,1,0,0,0,0,0,1,1,1],[1,1,1,0,1,1,1,0,1,1]]"
5,252,-0.0429745087405525,0.0429745087405525,"[[1,1,0,0,0,0,0,1,1,1],[1,1,1,0,1,1,1,1,0,0]]"
5,253,-0.042823599976424355,0.042823599976424355,"[[1,1,0,0,0,0,0,1,1,1],[1,1,1,0,1,1,1,1,0,1]]"
5,254,-0.0443449613662956,0.0443449613662956,"[[1,1,0,0,0,0,0,1,1,1],[1,1,1,0,1,1,1,1,1,0]]"
5,255,-0.04419260269595733,0.04419260269595733,"[[1,1,0,0,0,0,0,1,1,1],[1,1,1,0,1,1,1,1,1,1]]"
5,256,-0.01314792472189164,0.01314792472189164,"[[1,1,0,0,0,0,1,0,0,0],[1,1,1,0,1,0,0,0,0,0]]"
5,257,-0.013094431500661457,0.013094431500661457,"[[1,1,0,0,0,0,1,0,0,0],[1,1,1,0,1,0,0,0,0,1]]"
5,258,-0.013939571429224315,0.013939571429224315,"[[1,1,0,0,0,0,1,0,0,0],[1,1,1,0,1,0,0,0,1,0]]"
5,259,-0.013872167766438546,0.013872167766438546,"[[1,1,0,0,0,0,1,0,0,0],[1,1,1,0,1,0,0,0,1,1]]"
5,260,-0.017121750215079997,0.017121750215079997,"[[1,1,0,0,0,0,1,0,0,0],[1,1,1,0,1,0,0,1,0,0]]"
5,261,-0.01704869678949806,0.01704869678949806,"[[1,1,0,0,0,0,1,0,0,0],[1,1,1,0,1,0,0,1,0,1]]"
5,262,-0.017837499914869832,0.017837499914869832,"[[1,1,0,0,0,0,1,0,0,0],[1,1,1,0,1,0,0,1,1,0]]"
5,263,-0.017764202305936526,0.017764202305936526,"[[1,1,0,0,0,0,1,0,0,0],[1,1,1,0,1,0,0,1,1,1]]"
5,264,-0.02149462102668779,0.02149462102668779,"[[1,1,0,0,0,0,1,0,0,0],[1,1,1,0,1,0,1,0,0,0]]"
5,265,-0.02141375164487339,0.02141375164487339,"[[1,1,0,0,0,0,1,0,0,0],[1,1,1,0,1,0,1,0,0,1]]"
5,266,-0.022291184496629445,0.022291184496629445,"[[1,1,0,0,0,0,1,0,0,0],[1,1,1,0,1,0,1,0,1,0]]"
5,267,-0.022211532689169047,0.022211532689169047,"[[1,1,0,0,0,0,1,0,0,0],[1,1,1,0,1,0,1,0,1,1]]"
5,268,-0.026069592675200925,0.026069592675200925,"[[1,1,0,0,0,0,1,0,0,0],[1,1,1,0,1,0,1,1,0,0]]"
5,269,-0.025968322534723393,0.025968322534723393,"[[1,1,0,0,0,0,1,0,0,0],[1,1,1,0,1,0,1,1,0,1]]"
5,270,-0.02690997566370047,0.02690997566370047,"[[1,1,0,0,0,0,1,0,0,0],[1,1,1,0,1,0,1,1,1,0]]"
5,271,-0.026809285532711037,0.026809285532711037,"[[1,1,0,0,0,0,1,0,0,0],[1,1,1,0,1,0,1,1,1,1]]"
5,272,-0.024730260525356117,0.024730260525356117,"[[1,1,0,0,0,0,1,0,0,0],[1,1,1,0,1,1,0,0,0,0]]"
5,273,-0.02460493259970855,0.02460493259970855,"[[1,1,0,0,0,0,1,0,0,0],[1,1,1,0,1,1,0,0,0,1]]"
5,274,-0.025643816992455114,0.025643816992455114,"[[1,1,0,0,0,0,1,0,0,0],[1,1,1,0,1,1,0,0,1,0]]"
5,275,-0.02552103186165614,0.02552103186165614,"[[1,1,0,0,0,0,1,0,0,0],[1,1,1,0,1,1,0,0,1,1]]"
5,276,-0.029715255147934452,0.029715255147934452,"[[1,1,0,0,0,0,1,0,0,0],[1,1,1,0,1,1,0,1,0,0]]"
5,277,-0.029587605884190654,0.029587605884190654,"[[1,1,0,0,0,0,1,0,0,0],[1,1,1,0,1,1,0,1,0,1]]"
5,278,-0.030572255065897634,0.030572255065897634,"[[1,1,0,0,0,0,1,0,0,0],[1,1,1,0,1,1,0,1,1,0]]"
5,279,-0.030447228671281114,0.030447228671281114,"[[1,1,0,0,0,0,1,0,0,0],[1,1,1,0,1,1,0,1,1,1]]"
5,280,-0.03529421621653015,0.03529421621653015,"[[1,1,0,0,0,0,1,0,0,0],[1,1,1,0,1,1,1,0,0,0]]"
5,281,-0.03515189502707495,0.03515189502707495,"[[1,1,0,0,0,0,1,0,0,0],[1,1,1,0,1,1,1,0,0,1]]"
5,282,-0.03628585705385999,0.03628585705385999,"[[1,1,0,0,0,0,1,0,0,0],[1,1,1,0,1,1,1,0,1,0]]"
5,283,-0.036143978365640844,0.036143978365640844,"[[1,1,0,0,0,0,1,0,0,0],[1,1,1,0,1,1,1,0,1,1]]"
5,284,-0.04088533997956679,0.04088533997956679,"[[1,1,0,0,0,0,1,0,0,0],[1,1,1,0,1,1,1,1,0,0]]"
5,285,-0.04073621640929234,0.04073621640929234,"[[1,1,0,0,0,0,1,0,0,0],[1,1,1,0,1,1,1,1,0,1]]"
5,286,-0.04195747906544132,0.04195747906544132,"[[1,1,0,0,0,0,1,0,0,0],[1,1,1,0,1,1,1,1,1,0]]"
5,287,-0.0418089760244014,0.0418089760244014,"[[1,1,0,0,0,0,1,0,0,0],[1,1,1,0,1,1,1,1,1,1]]"
5,288,-0.013161516681696094,0.013161516681696094,"[[1,1,0,0,0,0,1,0,0,1],[1,1,1,0,1,0,0,0,0,0]]"
5,289,-0.013095077647067289,0.013095077647067289,"[[1,1,0,0,0,0,1,0,0,1],[1,1,1,0,1,0,0,0,0,1]]"
5,290,-0.013930407681232573,0.013930407681232573,"[[1,1,0,0,0,0,1,0,0,1],[1,1,1,0,1,0,0,0,1,0]]"
5,291,-0.01386087116170264,0.01386087116170264,"[[1,1,0,0,0,0,1,0,0,1],[1,1,1,0,1,0,0,0,1,1]]"
5,292,-0.017115177707433045,0.017115177707433045,"[[1,1,0,0,0,0,1,0,0,1],[1,1,1,0,1,0,0,1,0,0]]"
5,293,-0.017033458780888786,0.017033458780888786,"[[1,1,0,0,0,0,1,0,0,1],[1,1,1,0,1,0,0,1,0,1]]"
5,294,-0.017829874839880973,0.017829874839880973,"[[1,1,0,0,0,0,1,0,0,1],[1,1,1,0,1,0,0,1,1,0]]"
5,295,-0.017749284997484606,0.017749284997484606,"[[1,1,0,0,0,0,1,0,0,1],[1,1,1,0,1,0,0,1,1,1]]"
5,296,-0.021489383566015024,0.021489383566015024,"[[1,1,0,0,0,0,1,0,0,1],[1,1,1,0,1,0,1,0,0,0]]"
5,297,-0.021405992458684277,0.021405992458684277,"[[1,1,0,0,0,0,1,0,0,1],[1,1,1,0,1,0,1,0,0,1]]"
5,298,-0.02228637556366697,0.02228637556366697,"[[1,1,0,0,0,0,1,0,0,1],[1,1,1,0,1,0,1,0,1,0]]"
5,299,-0.02220410017717204,0.02220410017717204,"[[1,1,0,0,0,0,1,0,0,1],[1,1,1,0,1,0,1,0,1,1]]"
5,300,-0.026049654592650982,0.026049654592650982,"[[1,1,0,0,0,0,1,0,0,1],[1,1,1,0,1,0,1,1,0,0]]"
5,301,-0.025945014096744302,0.025945014096744302,"[[1,1,0,0,0,0,1,0,0,1],[1,1,1,0,1,0,1,1,0,1]]"
5,302,-0.0268900056584324,0.0268900056584324,"[[1,1,0,0,0,0,1,0,0,1],[1,1,1,0,1,0,1,1,1,0]]"
5,303,-0.026785815150917748,0.026785815150917748,"[[1,1,0,0,0,0,1,0,0,1],[1,1,1,0,1,0,1,1,1,1]]"
5,304,-0.024693342718919733,0.024693342718919733,"[[1,1,0,0,0,0,1,0,0,1],[1,1,1,0,1,1,0,0,0,0]]"
5,305,-0.024563167473547556,0.024563167473547556,"[[1,1,0,0,0,0,1,0,0,1],[1,1,1,0,1,1,0,0,0,1]]"
5,306,-0.025608325073215595,0.025608325073215595,"[[1,1,0,0,0,0,1,0,0,1],[1,1,1,0,1,1,0,0,1,0]]"
5,307,-0.025480667458327985,0.025480667458327985,"[[1,1,0,0,0,0,1,0,0,1],[1,1,1,0,1,1,0,0,1,1]]"
5,308,-0.0297033443247576,0.0297033443247576,"[[1,1,0,0,0,0,1,0,0,1],[1,1,1,0,1,1,0,1,0,0]]"
5,309,-0.02957064661418078,0.02957064661418078,"[[1,1,0,0,0,0,1,0,0,1],[1,1,1,0,1,1,0,1,0,1]]"
5,310,-0.03056215780257957,0.03056215780257957,"[[1,1,0,0,0,0,1,0,0,1],[1,1,1,0,1,1,0,1,1,0]]"
5,311,-0.030432034586056003,0.030432034586056003,"[[1,1,0,0,0,0,1,0,0,1],[1,1,1,0,1,1,0,1,1,1]]"
5,312,-0.03525483376879931,0.03525483376879931,"[[1,1,0,0,0,0,1,0,0,1],[1,1,1,0,1,1,1,0,0,0]]"
5,313,-0.035107015900101415,0.035107015900101415,"[[1,1,0,0,0,0,1,0,0,1],[1,1,1,0,1,1,1,0,0,1]]"
5,314,-0.03624635532129963,0.03624635532129963,"[[1,1,0,0,0,0,1,0,0,1],[1,1,1,0,1,1,1,0,1,0]]"
5,315,-0.03609882987780364,0.03609882987780364,"[[1,1,0,0,0,0,1,0,0,1],[1,1,1,0,1,1,1,0,1,1]]"
5,316,-0.040854070403142186,0.040854070403142186,"[[1,1,0,0,0,0,1,0,0,1],[1,1,1,0,1,1,1,1,0,0]]"
5,317,-0.04068784078594554,0.04068784078594554,"[[1,1,0,0,0,0,1,0,0,1],[1,1,1,0,1,1,1,1,0,1]]"
5,318,-0.04192396912630999,0.04192396912630999,"[[1,1,0,0,0,0,1,0,0,1],[1,1,1,0,1,1,1,1,1,0]]"
5,319,-0.04175822329524265,0.04175822329524265,"[[1,1,0,0,0,0,1,0,0,1],[1,1,1,0,1,1,1,1,1,1]]"
5,320,-0.012354097045784057,0.012354097045784057,"[[1,1,0,0,0,0,1,0,1,0],[1,1,1,0,1,0,0,0,0,0]]"
5,321,-0.012308272603251139,0.012308272603251139,"[[1,1,0,0,0,0,1,0,1,0],[1,1,1,0,1,0,0,0,0,1]]"
5,322,-0.013274755697335274,0.013274755697335274,"[[1,1,0,0,0,0,1,0,1,0],[1,1,1,0,1,0,0,0,1,0]]"
5,323,-0.013211813267560525,0.013211813267560525,"[[1,1,0,0,0,0,1,0,1,0],[1,1,1,0,1,0,0,0,1,1]]"
5,324,-0.01610629128522515,0.01610629128522515,"[[1,1,0,0,0,0,1,0,1,0],[1,1,1,0,1,0,0,1,0,0]]"
5,325,-0.016041668245616383,0.016041668245616383,"[[1,1,0,0,0,0,1,0,1,0],[1,1,1,0,1,0,0,1,0,1]]"
5,326,-0.016909955029992974,0.016909955029992974,"[[1,1,0,0,0,0,1,0,1,0],[1,1,1,0,1,0,0,1,1,0]]"
5,327,-0.016846725284647347,0.016846725284647347,"[[1,1,0,0,0,0,1,0,1,0],[1,1,1,0,1,0,0,1,1,1]]"
5,328,-0.02049581602941584,0.02049581602941584,"[[1,1,0,0,0,0,1,0,1,0],[1,1,1,0,1,0,1,0,0,0]]"
5,329,-0.020421858679198678,0.020421858679198678,"[[1,1,0,0,0,0,1,0,1,0],[1,1,1,0,1,0,1,0,0,1]]"
5,330,-0.0214767409794973,0.0214767409794973,"[[1,1,0,0,0,0,1,0,1,0],[1,1,1,0,1,0,1,0,1,0]]"
5,331,-0.021401632937189753,0.021401632937189753,"[[1,1,0,0,0,0,1,0,1,0],[1,1,1,0,1,0,1,0,1,1]]"
5,332,-0.024854579022886444,0.024854579022886444,"[[1,1,0,0,0,0,1,0,1,0],[1,1,1,0,1,0,1,1,0,0]]"
5,333,-0.024769025969534248,0.024769025969534248,"[[1,1,0,0,0,0,1,0,1,0],[1,1,1,0,1,0,1,1,0,1]]"
5,334,-0.025822284134522103,0.025822284134522103,"[[1,1,0,0,0,0,1,0,1,0],[1,1,1,0,1,0,1,1,1,0]]"
5,335,-0.025737190903702075,0.025737190903702075,"[[1,1,0,0,0,0,1,0,1,0],[1,1,1,0,1,0,1,1,1,1]]"
5,336,-0.023508526749255316,0.023508526749255316,"[[1,1,0,0,0,0,1,0,1,0],[1,1,1,0,1,1,0,0,0,0]]"
5,337,-0.02339741628916909,0.02339741628916909,"[[1,1,0,0,0,0,1,0,1,0],[1,1,1,0,1,1,0,0,0,1]]"
5,338,-0.024606900629361855,0.024606900629361855,"[[1,1,0,0,0,0,1,0,1,0],[1,1,1,0,1,1,0,0,1,0]]"
5,339,-0.02449625650911383,0.02449625650911383,"[[1,1,0,0,0,0,1,0,1,0],[1,1,1,0,1,1,0,0,1,1]]"
5,340,-0.02801988700144014,0.02801988700144014,"[[1,1,0,0,0,0,1,0,1,0],[1,1,1,0,1,1,0,1,0,0]]"
5,341,-0.027903048736219772,0.027903048736219772,"[[1,1,0,0,0,0,1,0,1,0],[1,1,1,0,1,1,0,1,0,1]]"
5,342,-0.02903350418300505,0.02903350418300505,"[[1,1,0,0,0,0,1,0,1,0],[1,1,1,0,1,1,0,1,1,0]]"
5,343,-0.02892041950147342,0.02892041950147342,"[[1,1,0,0,0,0,1,0,1,0],[1,1,1,0,1,1,0,1,1,1]]"
5,344,-0.03386092484213899,0.03386092484213899,"[[1,1,0,0,0,0,1,0,1,0],[1,1,1,0,1,1,1,0,0,0]]"
5,345,-0.03372528491038511,0.03372528491038511,"[[1,1,0,0,0,0,1,0,1,0],[1,1,1,0,1,1,1,0,0,1]]"
5,346,-0.03510555820093698,0.03510555820093698,"[[1,1,0,0,0,0,1,0,1,0],[1,1,1,0,1,1,1,0,1,0]]"
5,347,-0.03496801649514555,0.03496801649514555,"[[1,1,0,0,0,0,1,0,1,0],[1,1,1,0,1,1,1,0,1,1]]"
5,348,-0.03898840249092759,0.03898840249092759,"[[1,1,0,0,0,0,1,0,1,0],[1,1,1,0,1,1,1,1,0,0]]"
5,349,-0.0388486016496939,0.0388486016496939,"[[1,1,0,0,0,0,1,0,1,0],[1,1,1,0,1,1,1,1,0,1]]"
5,350,-0.040157626871779754,0.040157626871779754,"[[1,1,0,0,0,0,1,0,1,0],[1,1,1,0,1,1,1,1,1,0]]"
5,351,-0.04001823105942345,0.04001823105942345,"[[1,1,0,0,0,0,1,0,1,0],[1,1,1,0,1,1,1,1,1,1]]"
5,352,-0.012371576885484728,0.012371576885484728,"[[1,1,0,0,0,0,1,0,1,1],[1,1,1,0,1,0,0,0,0,0]]"
5,353,-0.012308148913291708,0.012308148913291708,"[[1,1,0,0,0,0,1,0,1,1],[1,1,1,0,1,0,0,0,0,1]]"
5,354,-0.013265939396364864,0.013265939396364864,"[[1,1,0,0,0,0,1,0,1,1],[1,1,1,0,1,0,0,0,1,0]]"
5,355,-0.013201188746473658,0.013201188746473658,"[[1,1,0,0,0,0,1,0,1,1],[1,1,1,0,1,0,0,0,1,1]]"
5,356,-0.01611966688580632,0.01611966688580632,"[[1,1,0,0,0,0,1,0,1,1],[1,1,1,0,1,0,0,1,0,0]]"
5,357,-0.01605322455758706,0.01605322455758706,"[[1,1,0,0,0,0,1,0,1,1],[1,1,1,0,1,0,0,1,0,1]]"
5,358,-0.01692411676262911,0.01692411676262911,"[[1,1,0,0,0,0,1,0,1,1],[1,1,1,0,1,0,0,1,1,0]]"
5,359,-0.01685816053826618,0.01685816053826618,"[[1,1,0,0,0,0,1,0,1,1],[1,1,1,0,1,0,0,1,1,1]]"
5,360,-0.020493406099365393,0.020493406099365393,"[[1,1,0,0,0,0,1,0,1,1],[1,1,1,0,1,0,1,0,0,0]]"
5,361,-0.020417303106046118,0.020417303106046118,"[[1,1,0,0,0,0,1,0,1,1],[1,1,1,0,1,0,1,0,0,1]]"
5,362,-0.021472219264500447,0.021472219264500447,"[[1,1,0,0,0,0,1,0,1,1],[1,1,1,0,1,0,1,0,1,0]]"
5,363,-0.021394813065952988,0.021394813065952988,"[[1,1,0,0,0,0,1,0,1,1],[1,1,1,0,1,0,1,0,1,1]]"
5,364,-0.024850060307948833,0.024850060307948833,"[[1,1,0,0,0,0,1,0,1,1],[1,1,1,0,1,0,1,1,0,0]]"
5,365,-0.024752447582989966,0.024752447582989966,"[[1,1,0,0,0,0,1,0,1,1],[1,1,1,0,1,0,1,1,0,1]]"
5,366,-0.02581526953667842,0.02581526953667842,"[[1,1,0,0,0,0,1,0,1,1],[1,1,1,0,1,0,1,1,1,0]]"
5,367,-0.025717764670983845,0.025717764670983845,"[[1,1,0,0,0,0,1,0,1,1],[1,1,1,0,1,0,1,1,1,1]]"
5,368,-0.023488656389590617,0.023488656389590617,"[[1,1,0,0,0,0,1,0,1,1],[1,1,1,0,1,1,0,0,0,0]]"
5,369,-0.023365780529900255,0.023365780529900255,"[[1,1,0,0,0,0,1,0,1,1],[1,1,1,0,1,1,0,0,0,1]]"
5,370,-0.024584927782186256,0.024584927782186256,"[[1,1,0,0,0,0,1,0,1,1],[1,1,1,0,1,1,0,0,1,0]]"
5,371,-0.02446209901731996,0.02446209901731996,"[[1,1,0,0,0,0,1,0,1,1],[1,1,1,0,1,1,0,0,1,1]]"
5,372,-0.028013902725839,0.028013902725839,"[[1,1,0,0,0,0,1,0,1,1],[1,1,1,0,1,1,0,1,0,0]]"
5,373,-0.027892565117873108,0.027892565117873108,"[[1,1,0,0,0,0,1,0,1,1],[1,1,1,0,1,1,0,1,0,1]]"
5,374,-0.029030238251484528,0.029030238251484528,"[[1,1,0,0,0,0,1,0,1,1],[1,1,1,0,1,1,0,1,1,0]]"
5,375,-0.028910662161171333,0.028910662161171333,"[[1,1,0,0,0,0,1,0,1,1],[1,1,1,0,1,1,0,1,1,1]]"
5,376,-0.03382435161457327,0.03382435161457327,"[[1,1,0,0,0,0,1,0,1,1],[1,1,1,0,1,1,1,0,0,0]]"
5,377,-0.03368356938982306,0.03368356938982306,"[[1,1,0,0,0,0,1,0,1,1],[1,1,1,0,1,1,1,0,0,1]]"
5,378,-0.03506632982582349,0.03506632982582349,"[[1,1,0,0,0,0,1,0,1,1],[1,1,1,0,1,1,1,0,1,0]]"
5,379,-0.03492346359271147,0.03492346359271147,"[[1,1,0,0,0,0,1,0,1,1],[1,1,1,0,1,1,1,0,1,1]]"
5,380,-0.03898001788978998,0.03898001788978998,"[[1,1,0,0,0,0,1,0,1,1],[1,1,1,0,1,1,1,1,0,0]]"
5,381,-0.03883461273929425,0.03883461273929425,"[[1,1,0,0,0,0,1,0,1,1],[1,1,1,0,1,1,1,1,0,1]]"
5,382,-0.04014909491006617,0.04014909491006617,"[[1,1,0,0,0,0,1,0,1,1],[1,1,1,0,1,1,1,1,1,0]]"
5,383,-0.0400040018128496,0.0400040018128496,"[[1,1,0,0,0,0,1,0,1,1],[1,1,1,0,1,1,1,1,1,1]]"
5,384,-0.009380411513600972,0.009380411513600972,"[[1,1,0,0,0,0,1,1,0,0],[1,1,1,0,1,0,0,0,0,0]]"
5,385,-0.009260855099047671,0.009260855099047671,"[[1,1,0,0,0,0,1,1,0,0],[1,1,1,0,1,0,0,0,0,1]]"
5,386,-0.00978807071253593,0.00978807071253593,"[[1,1,0,0,0,0,1,1,0,0],[1,1,1,0,1,0,0,0,1,0]]"
5,387,-0.009720413345934896,0.009720413345934896,"[[1,1,0,0,0,0,1,1,0,0],[1,1,1,0,1,0,0,0,1,1]]"
5,388,-0.012884004358242282,0.012884004358242282,"[[1,1,0,0,0,0,1,1,0,0],[1,1,1,0,1,0,0,1,0,0]]"
5,389,-0.012825360087785597,0.012825360087785597,"[[1,1,0,0,0,0,1,1,0,0],[1,1,1,0,1,0,0,1,0,1]]"
5,390,-0.013489805994783097,0.013489805994783097,"[[1,1,0,0,0,0,1,1,0,0],[1,1,1,0,1,0,0,1,1,0]]"
5,391,-0.013432394712357796,0.013432394712357796,"[[1,1,0,0,0,0,1,1,0,0],[1,1,1,0,1,0,0,1,1,1]]"
5,392,-0.01641415525169839,0.01641415525169839,"[[1,1,0,0,0,0,1,1,0,0],[1,1,1,0,1,0,1,0,0,0]]"
5,393,-0.01628158354591509,0.01628158354591509,"[[1,1,0,0,0,0,1,1,0,0],[1,1,1,0,1,0,1,0,0,1]]"
5,394,-0.016839499213472088,0.016839499213472088,"[[1,1,0,0,0,0,1,1,0,0],[1,1,1,0,1,0,1,0,1,0]]"
5,395,-0.01675737995092222,0.01675737995092222,"[[1,1,0,0,0,0,1,1,0,0],[1,1,1,0,1,0,1,0,1,1]]"
5,396,-0.020763203701101705,0.020763203701101705,"[[1,1,0,0,0,0,1,1,0,0],[1,1,1,0,1,0,1,1,0,0]]"
5,397,-0.020686795979235093,0.020686795979235093,"[[1,1,0,0,0,0,1,1,0,0],[1,1,1,0,1,0,1,1,0,1]]"
5,398,-0.021500536510067315,0.021500536510067315,"[[1,1,0,0,0,0,1,1,0,0],[1,1,1,0,1,0,1,1,1,0]]"
5,399,-0.021421222196147238,0.021421222196147238,"[[1,1,0,0,0,0,1,1,0,0],[1,1,1,0,1,0,1,1,1,1]]"
5,400,-0.019524010802646853,0.019524010802646853,"[[1,1,0,0,0,0,1,1,0,0],[1,1,1,0,1,1,0,0,0,0]]"
5,401,-0.019296459292720638,0.019296459292720638,"[[1,1,0,0,0,0,1,1,0,0],[1,1,1,0,1,1,0,0,0,1]]"
5,402,-0.019832721978842227,0.019832721978842227,"[[1,1,0,0,0,0,1,1,0,0],[1,1,1,0,1,1,0,0,1,0]]"
5,403,-0.019700654907874746,0.019700654907874746,"[[1,1,0,0,0,0,1,1,0,0],[1,1,1,0,1,1,0,0,1,1]]"
5,404,-0.02385776503983237,0.02385776503983237,"[[1,1,0,0,0,0,1,1,0,0],[1,1,1,0,1,1,0,1,0,0]]"
5,405,-0.023749508014046718,0.023749508014046718,"[[1,1,0,0,0,0,1,1,0,0],[1,1,1,0,1,1,0,1,0,1]]"
5,406,-0.024709760876813723,0.024709760876813723,"[[1,1,0,0,0,0,1,1,0,0],[1,1,1,0,1,1,0,1,1,0]]"
5,407,-0.02460110286622559,0.02460110286622559,"[[1,1,0,0,0,0,1,1,0,0],[1,1,1,0,1,1,0,1,1,1]]"
5,408,-0.02882270326682784,0.02882270326682784,"[[1,1,0,0,0,0,1,1,0,0],[1,1,1,0,1,1,1,0,0,0]]"
5,409,-0.028592590702667127,0.028592590702667127,"[[1,1,0,0,0,0,1,1,0,0],[1,1,1,0,1,1,1,0,0,1]]"
5,410,-0.029148364372263865,0.029148364372263865,"[[1,1,0,0,0,0,1,1,0,0],[1,1,1,0,1,1,1,0,1,0]]"
5,411,-0.02900005961269301,0.02900005961269301,"[[1,1,0,0,0,0,1,1,0,0],[1,1,1,0,1,1,1,0,1,1]]"
5,412,-0.03394672142837165,0.03394672142837165,"[[1,1,0,0,0,0,1,1,0,0],[1,1,1,0,1,1,1,1,0,0]]"
5,413,-0.033808358661789197,0.033808358661789197,"[[1,1,0,0,0,0,1,1,0,0],[1,1,1,0,1,1,1,1,0,1]]"
5,414,-0.034924677652320824,0.034924677652320824,"[[1,1,0,0,0,0,1,1,0,0],[1,1,1,0,1,1,1,1,1,0]]"
5,415,-0.03478677987990065,0.03478677987990065,"[[1,1,0,0,0,0,1,1,0,0],[1,1,1,0,1,1,1,1,1,1]]"
5,416,-0.009398635316751927,0.009398635316751927,"[[1,1,0,0,0,0,1,1,0,1],[1,1,1,0,1,0,0,0,0,0]]"
5,417,-0.00927096187609035,0.00927096187609035,"[[1,1,0,0,0,0,1,1,0,1],[1,1,1,0,1,0,0,0,0,1]]"
5,418,-0.009784373872768646,0.009784373872768646,"[[1,1,0,0,0,0,1,1,0,1],[1,1,1,0,1,0,0,0,1,0]]"
5,419,-0.009715332249382947,0.009715332249382947,"[[1,1,0,0,0,0,1,1,0,1],[1,1,1,0,1,0,0,0,1,1]]"
5,420,-0.012879566326990827,0.012879566326990827,"[[1,1,0,0,0,0,1,1,0,1],[1,1,1,0,1,0,0,1,0,0]]"
5,421,-0.012819362542742576,0.012819362542742576,"[[1,1,0,0,0,0,1,1,0,1],[1,1,1,0,1,0,0,1,0,1]]"
5,422,-0.013485791052388996,0.013485791052388996,"[[1,1,0,0,0,0,1,1,0,1],[1,1,1,0,1,0,0,1,1,0]]"
5,423,-0.013426713449325436,0.013426713449325436,"[[1,1,0,0,0,0,1,1,0,1],[1,1,1,0,1,0,0,1,1,1]]"
5,424,-0.016429296466197448,0.016429296466197448,"[[1,1,0,0,0,0,1,1,0,1],[1,1,1,0,1,0,1,0,0,0]]"
5,425,-0.016279016658465015,0.016279016658465015,"[[1,1,0,0,0,0,1,1,0,1],[1,1,1,0,1,0,1,0,0,1]]"
5,426,-0.016842482532151405,0.016842482532151405,"[[1,1,0,0,0,0,1,1,0,1],[1,1,1,0,1,0,1,0,1,0]]"
5,427,-0.016758638985508046,0.016758638985508046,"[[1,1,0,0,0,0,1,1,0,1],[1,1,1,0,1,0,1,0,1,1]]"
5,428,-0.020755781988357987,0.020755781988357987,"[[1,1,0,0,0,0,1,1,0,1],[1,1,1,0,1,0,1,1,0,0]]"
5,429,-0.020673456581087494,0.020673456581087494,"[[1,1,0,0,0,0,1,1,0,1],[1,1,1,0,1,0,1,1,0,1]]"
5,430,-0.021489612400152614,0.021489612400152614,"[[1,1,0,0,0,0,1,1,0,1],[1,1,1,0,1,0,1,1,1,0]]"
5,431,-0.021407789928391447,0.021407789928391447,"[[1,1,0,0,0,0,1,1,0,1],[1,1,1,0,1,0,1,1,1,1]]"
5,432,-0.019519327330166803,0.019519327330166803,"[[1,1,0,0,0,0,1,1,0,1],[1,1,1,0,1,1,0,0,0,0]]"
5,433,-0.019274844456695975,0.019274844456695975,"[[1,1,0,0,0,0,1,1,0,1],[1,1,1,0,1,1,0,0,0,1]]"
5,434,-0.01980490930245712,0.01980490930245712,"[[1,1,0,0,0,0,1,1,0,1],[1,1,1,0,1,1,0,0,1,0]]"
5,435,-0.019668787343560725,0.019668787343560725,"[[1,1,0,0,0,0,1,1,0,1],[1,1,1,0,1,1,0,0,1,1]]"
5,436,-0.0238331375648251,0.0238331375648251,"[[1,1,0,0,0,0,1,1,0,1],[1,1,1,0,1,1,0,1,0,0]]"
5,437,-0.02371384850037518,0.02371384850037518,"[[1,1,0,0,0,0,1,1,0,1],[1,1,1,0,1,1,0,1,0,1]]"
5,438,-0.024683920508095897,0.024683920508095897,"[[1,1,0,0,0,0,1,1,0,1],[1,1,1,0,1,1,0,1,1,0]]"
5,439,-0.02456576083029947,0.02456576083029947,"[[1,1,0,0,0,0,1,1,0,1],[1,1,1,0,1,1,0,1,1,1]]"
5,440,-0.028813988934138765,0.028813988934138765,"[[1,1,0,0,0,0,1,1,0,1],[1,1,1,0,1,1,1,0,0,0]]"
5,441,-0.028562722218001494,0.028562722218001494,"[[1,1,0,0,0,0,1,1,0,1],[1,1,1,0,1,1,1,0,0,1]]"
5,442,-0.02912554317198733,0.02912554317198733,"[[1,1,0,0,0,0,1,1,0,1],[1,1,1,0,1,1,1,0,1,0]]"
5,443,-0.028972754082485837,0.028972754082485837,"[[1,1,0,0,0,0,1,1,0,1],[1,1,1,0,1,1,1,0,1,1]]"
5,444,-0.03390819358354669,0.03390819358354669,"[[1,1,0,0,0,0,1,1,0,1],[1,1,1,0,1,1,1,1,0,0]]"
5,445,-0.03376446641607818,0.03376446641607818,"[[1,1,0,0,0,0,1,1,0,1],[1,1,1,0,1,1,1,1,0,1]]"
5,446,-0.03488601734339624,0.03488601734339624,"[[1,1,0,0,0,0,1,1,0,1],[1,1,1,0,1,1,1,1,1,0]]"
5,447,-0.03474259958615829,0.03474259958615829,"[[1,1,0,0,0,0,1,1,0,1],[1,1,1,0,1,1,1,1,1,1]]"
5,448,-0.008673195948774715,0.008673195948774715,"[[1,1,0,0,0,0,1,1,1,0],[1,1,1,0,1,0,0,0,0,0]]"
5,449,-0.008584766990803839,0.008584766990803839,"[[1,1,0,0,0,0,1,1,1,0],[1,1,1,0,1,0,0,0,0,1]]"
5,450,-0.009242391839587975,0.009242391839587975,"[[1,1,0,0,0,0,1,1,1,0],[1,1,1,0,1,0,0,0,1,0]]"
5,451,-0.009191359432750802,0.009191359432750802,"[[1,1,0,0,0,0,1,1,1,0],[1,1,1,0,1,0,0,0,1,1]]"
5,452,-0.012093839499777053,0.012093839499777053,"[[1,1,0,0,0,0,1,1,1,0],[1,1,1,0,1,0,0,1,0,0]]"
5,453,-0.012046240100654084,0.012046240100654084,"[[1,1,0,0,0,0,1,1,1,0],[1,1,1,0,1,0,0,1,0,1]]"
5,454,-0.012815106663291616,0.012815106663291616,"[[1,1,0,0,0,0,1,1,1,0],[1,1,1,0,1,0,0,1,1,0]]"
5,455,-0.012767836636105758,0.012767836636105758,"[[1,1,0,0,0,0,1,1,1,0],[1,1,1,0,1,0,0,1,1,1]]"
5,456,-0.01550177399609444,0.01550177399609444,"[[1,1,0,0,0,0,1,1,1,0],[1,1,1,0,1,0,1,0,0,0]]"
5,457,-0.015397983004942002,0.015397983004942002,"[[1,1,0,0,0,0,1,1,1,0],[1,1,1,0,1,0,1,0,0,1]]"
5,458,-0.016148741598598196,0.016148741598598196,"[[1,1,0,0,0,0,1,1,1,0],[1,1,1,0,1,0,1,0,1,0]]"
5,459,-0.016071809105367374,0.016071809105367374,"[[1,1,0,0,0,0,1,1,1,0],[1,1,1,0,1,0,1,0,1,1]]"
5,460,-0.019777474762260525,0.019777474762260525,"[[1,1,0,0,0,0,1,1,1,0],[1,1,1,0,1,0,1,1,0,0]]"
5,461,-0.019706113940889582,0.019706113940889582,"[[1,1,0,0,0,0,1,1,1,0],[1,1,1,0,1,0,1,1,0,1]]"
5,462,-0.02069489631074479,0.02069489631074479,"[[1,1,0,0,0,0,1,1,1,0],[1,1,1,0,1,0,1,1,1,0]]"
5,463,-0.02061996746930649,0.02061996746930649,"[[1,1,0,0,0,0,1,1,1,0],[1,1,1,0,1,0,1,1,1,1]]"
5,464,-0.01834236463734949,0.01834236463734949,"[[1,1,0,0,0,0,1,1,1,0],[1,1,1,0,1,1,0,0,0,0]]"
5,465,-0.018166283211214898,0.018166283211214898,"[[1,1,0,0,0,0,1,1,1,0],[1,1,1,0,1,1,0,0,0,1]]"
5,466,-0.018895863292629322,0.018895863292629322,"[[1,1,0,0,0,0,1,1,1,0],[1,1,1,0,1,1,0,0,1,0]]"
5,467,-0.018775808795065588,0.018775808795065588,"[[1,1,0,0,0,0,1,1,1,0],[1,1,1,0,1,1,0,0,1,1]]"
5,468,-0.02254103844010586,0.02254103844010586,"[[1,1,0,0,0,0,1,1,1,0],[1,1,1,0,1,1,0,1,0,0]]"
5,469,-0.022442315703430627,0.022442315703430627,"[[1,1,0,0,0,0,1,1,1,0],[1,1,1,0,1,1,0,1,0,1]]"
5,470,-0.0234459134971872,0.0234459134971872,"[[1,1,0,0,0,0,1,1,1,0],[1,1,1,0,1,1,0,1,1,0]]"
5,471,-0.023348580372780585,0.023348580372780585,"[[1,1,0,0,0,0,1,1,1,0],[1,1,1,0,1,1,0,1,1,1]]"
5,472,-0.027438748618028273,0.027438748618028273,"[[1,1,0,0,0,0,1,1,1,0],[1,1,1,0,1,1,1,0,0,0]]"
5,473,-0.027257130582398936,0.027257130582398936,"[[1,1,0,0,0,0,1,1,1,0],[1,1,1,0,1,1,1,0,0,1]]"
5,474,-0.0281097042187705,0.0281097042187705,"[[1,1,0,0,0,0,1,1,1,0],[1,1,1,0,1,1,1,0,1,0]]"
5,475,-0.027966515711316538,0.027966515711316538,"[[1,1,0,0,0,0,1,1,1,0],[1,1,1,0,1,1,1,0,1,1]]"
5,476,-0.032461256124442374,0.032461256124442374,"[[1,1,0,0,0,0,1,1,1,0],[1,1,1,0,1,1,1,1,0,0]]"
5,477,-0.032339880065191465,0.032339880065191465,"[[1,1,0,0,0,0,1,1,1,0],[1,1,1,0,1,1,1,1,0,1]]"
5,478,-0.03352176038495482,0.03352176038495482,"[[1,1,0,0,0,0,1,1,1,0],[1,1,1,0,1,1,1,1,1,0]]"
5,479,-0.03340079404346422,0.03340079404346422,"[[1,1,0,0,0,0,1,1,1,0],[1,1,1,0,1,1,1,1,1,1]]"
5,480,-0.008695356999451976,0.008695356999451976,"[[1,1,0,0,0,0,1,1,1,1],[1,1,1,0,1,0,0,0,0,0]]"
5,481,-0.008599666104152887,0.008599666104152887,"[[1,1,0,0,0,0,1,1,1,1],[1,1,1,0,1,0,0,0,0,1]]"
5,482,-0.009239336908158306,0.009239336908158306,"[[1,1,0,0,0,0,1,1,1,1],[1,1,1,0,1,0,0,0,1,0]]"
5,483,-0.009199863683104933,0.009199863683104933,"[[1,1,0,0,0,0,1,1,1,1],[1,1,1,0,1,0,0,0,1,1]]"
5,484,-0.012096658038921288,0.012096658038921288,"[[1,1,0,0,0,0,1,1,1,1],[1,1,1,0,1,0,0,1,0,0]]"
5,485,-0.012043562929026592,0.012043562929026592,"[[1,1,0,0,0,0,1,1,1,1],[1,1,1,0,1,0,0,1,0,1]]"
5,486,-0.01281532803622453,0.01281532803622453,"[[1,1,0,0,0,0,1,1,1,1],[1,1,1,0,1,0,0,1,1,0]]"
5,487,-0.012778177122235976,0.012778177122235976,"[[1,1,0,0,0,0,1,1,1,1],[1,1,1,0,1,0,0,1,1,1]]"
5,488,-0.015514148425721512,0.015514148425721512,"[[1,1,0,0,0,0,1,1,1,1],[1,1,1,0,1,0,1,0,0,0]]"
5,489,-0.015399070558519325,0.015399070558519325,"[[1,1,0,0,0,0,1,1,1,1],[1,1,1,0,1,0,1,0,0,1]]"
5,490,-0.016152011290394026,0.016152011290394026,"[[1,1,0,0,0,0,1,1,1,1],[1,1,1,0,1,0,1,0,1,0]]"
5,491,-0.016073693726614154,0.016073693726614154,"[[1,1,0,0,0,0,1,1,1,1],[1,1,1,0,1,0,1,0,1,1]]"
5,492,-0.019771104118876157,0.019771104118876157,"[[1,1,0,0,0,0,1,1,1,1],[1,1,1,0,1,0,1,1,0,0]]"
5,493,-0.01969589272659439,0.01969589272659439,"[[1,1,0,0,0,0,1,1,1,1],[1,1,1,0,1,0,1,1,0,1]]"
5,494,-0.02068419020386603,0.02068419020386603,"[[1,1,0,0,0,0,1,1,1,1],[1,1,1,0,1,0,1,1,1,0]]"
5,495,-0.020607080351599572,0.020607080351599572,"[[1,1,0,0,0,0,1,1,1,1],[1,1,1,0,1,0,1,1,1,1]]"
5,496,-0.01834913558134712,0.01834913558134712,"[[1,1,0,0,0,0,1,1,1,1],[1,1,1,0,1,1,0,0,0,0]]"
5,497,-0.018148525224950512,0.018148525224950512,"[[1,1,0,0,0,0,1,1,1,1],[1,1,1,0,1,1,0,0,0,1]]"
5,498,-0.018875293625595382,0.018875293625595382,"[[1,1,0,0,0,0,1,1,1,1],[1,1,1,0,1,1,0,0,1,0]]"
5,499,-0.018744878129358794,0.018744878129358794,"[[1,1,0,0,0,0,1,1,1,1],[1,1,1,0,1,1,0,0,1,1]]"
5,500,-0.022539123111583192,0.022539123111583192,"[[1,1,0,0,0,0,1,1,1,1],[1,1,1,0,1,1,0,1,0,0]]"
5,501,-0.0224367775781755,0.0224367775781755,"[[1,1,0,0,0,0,1,1,1,1],[1,1,1,0,1,1,0,1,0,1]]"
5,502,-0.02344478318454223,0.02344478318454223,"[[1,1,0,0,0,0,1,1,1,1],[1,1,1,0,1,1,0,1,1,0]]"
5,503,-0.023342689344371923,0.023342689344371923,"[[1,1,0,0,0,0,1,1,1,1],[1,1,1,0,1,1,0,1,1,1]]"
5,504,-0.0274328249601712,0.0274328249601712,"[[1,1,0,0,0,0,1,1,1,1],[1,1,1,0,1,1,1,0,0,0]]"
5,505,-0.02723095836874404,0.02723095836874404,"[[1,1,0,0,0,0,1,1,1,1],[1,1,1,0,1,1,1,0,0,1]]"
5,506,-0.028087224546255545,0.028087224546255545,"[[1,1,0,0,0,0,1,1,1,1],[1,1,1,0,1,1,1,0,1,0]]"
5,507,-0.027939893841258306,0.027939893841258306,"[[1,1,0,0,0,0,1,1,1,1],[1,1,1,0,1,1,1,0,1,1]]"
5,508,-0.03243935761925862,0.03243935761925862,"[[1,1,0,0,0,0,1,1,1,1],[1,1,1,0,1,1,1,1,0,0]]"
5,509,-0.03230335782919454,0.03230335782919454,"[[1,1,0,0,0,0,1,1,1,1],[1,1,1,0,1,1,1,1,0,1]]"
5,510,-0.03349718742811434,0.03349718742811434,"[[1,1,0,0,0,0,1,1,1,1],[1,1,1,0,1,1,1,1,1,0]]"
5,511,-0.033361249722968,0.033361249722968,"[[1,1,0,0,0,0,1,1,1,1],[1,1,1,0,1,1,1,1,1,1]]"
5,512,-0.011276107801444784,0.011276107801444784,"[[1,1,0,0,0,1,0,0,0,0],[1,1,1,0,1,0,0,0,0,0]]"
5,513,-0.01118435114622849,0.01118435114622849,"[[1,1,0,0,0,1,0,0,0,0],[1,1,1,0,1,0,0,0,0,1]]"
5,514,-0.01153134949536182,0.01153134949536182,"[[1,1,0,0,0,1,0,0,0,0],[1,1,1,0,1,0,0,0,1,0]]"
5,515,-0.011449321495994955,0.011449321495994955,"[[1,1,0,0,0,1,0,0,0,0],[1,1,1,0,1,0,0,0,1,1]]"
5,516,-0.01391196946275331,0.01391196946275331,"[[1,1,0,0,0,1,0,0,0,0],[1,1,1,0,1,0,0,1,0,0]]"
5,517,-0.013801718576907518,0.013801718576907518,"[[1,1,0,0,0,1,0,0,0,0],[1,1,1,0,1,0,0,1,0,1]]"
5,518,-0.014192169242065077,0.014192169242065077,"[[1,1,0,0,0,1,0,0,0,0],[1,1,1,0,1,0,0,1,1,0]]"
5,519,-0.014093155330924529,0.014093155330924529,"[[1,1,0,0,0,1,0,0,0,0],[1,1,1,0,1,0,0,1,1,1]]"
5,520,-0.01753136641709642,0.01753136641709642,"[[1,1,0,0,0,1,0,0,0,0],[1,1,1,0,1,0,1,0,0,0]]"
5,521,-0.017403887346662986,0.017403887346662986,"[[1,1,0,0,0,1,0,0,0,0],[1,1,1,0,1,0,1,0,0,1]]"
5,522,-0.017842402640772026,0.017842402640772026,"[[1,1,0,0,0,1,0,0,0,0],[1,1,1,0,1,0,1,0,1,0]]"
5,523,-0.01772464378249968,0.01772464378249968,"[[1,1,0,0,0,1,0,0,0,0],[1,1,1,0,1,0,1,0,1,1]]"
5,524,-0.020741062125006805,0.020741062125006805,"[[1,1,0,0,0,1,0,0,0,0],[1,1,1,0,1,0,1,1,0,0]]"
5,525,-0.02059366142979671,0.02059366142979671,"[[1,1,0,0,0,1,0,0,0,0],[1,1,1,0,1,0,1,1,0,1]]"
5,526,-0.021042496219787633,0.021042496219787633,"[[1,1,0,0,0,1,0,0,0,0],[1,1,1,0,1,0,1,1,1,0]]"
5,527,-0.020898502647698446,0.020898502647698446,"[[1,1,0,0,0,1,0,0,0,0],[1,1,1,0,1,0,1,1,1,1]]"
5,528,-0.01762804324120971,0.01762804324120971,"[[1,1,0,0,0,1,0,0,0,0],[1,1,1,0,1,1,0,0,0,0]]"
5,529,-0.01747014325360543,0.01747014325360543,"[[1,1,0,0,0,1,0,0,0,0],[1,1,1,0,1,1,0,0,0,1]]"
5,530,-0.01782689262688792,0.01782689262688792,"[[1,1,0,0,0,1,0,0,0,0],[1,1,1,0,1,1,0,0,1,0]]"
5,531,-0.017677096667744384,0.017677096667744384,"[[1,1,0,0,0,1,0,0,0,0],[1,1,1,0,1,1,0,0,1,1]]"
5,532,-0.020672388683880157,0.020672388683880157,"[[1,1,0,0,0,1,0,0,0,0],[1,1,1,0,1,1,0,1,0,0]]"
5,533,-0.02049697181285218,0.02049697181285218,"[[1,1,0,0,0,1,0,0,0,0],[1,1,1,0,1,1,0,1,0,1]]"
5,534,-0.02084158273181267,0.02084158273181267,"[[1,1,0,0,0,1,0,0,0,0],[1,1,1,0,1,1,0,1,1,0]]"
5,535,-0.02069583426097604,0.02069583426097604,"[[1,1,0,0,0,1,0,0,0,0],[1,1,1,0,1,1,0,1,1,1]]"
5,536,-0.02520561189054197,0.02520561189054197,"[[1,1,0,0,0,1,0,0,0,0],[1,1,1,0,1,1,1,0,0,0]]"
5,537,-0.02500669822095668,0.02500669822095668,"[[1,1,0,0,0,1,0,0,0,0],[1,1,1,0,1,1,1,0,0,1]]"
5,538,-0.025441219778693798,0.025441219778693798,"[[1,1,0,0,0,1,0,0,0,0],[1,1,1,0,1,1,1,0,1,0]]"
5,539,-0.02530366995387662,0.02530366995387662,"[[1,1,0,0,0,1,0,0,0,0],[1,1,1,0,1,1,1,0,1,1]]"
5,540,-0.028887561978644685,0.028887561978644685,"[[1,1,0,0,0,1,0,0,0,0],[1,1,1,0,1,1,1,1,0,0]]"
5,541,-0.02866813582002264,0.02866813582002264,"[[1,1,0,0,0,1,0,0,0,0],[1,1,1,0,1,1,1,1,0,1]]"
5,542,-0.029123196469042125,0.029123196469042125,"[[1,1,0,0,0,1,0,0,0,0],[1,1,1,0,1,1,1,1,1,0]]"
5,543,-0.029019958319022002,0.029019958319022002,"[[1,1,0,0,0,1,0,0,0,0],[1,1,1,0,1,1,1,1,1,1]]"
5,544,-0.01133232293165501,0.01133232293165501,"[[1,1,0,0,0,1,0,0,0,1],[1,1,1,0,1,0,0,0,0,0]]"
5,545,-0.011241060681891527,0.011241060681891527,"[[1,1,0,0,0,1,0,0,0,1],[1,1,1,0,1,0,0,0,0,1]]"
5,546,-0.011590814852144058,0.011590814852144058,"[[1,1,0,0,0,1,0,0,0,1],[1,1,1,0,1,0,0,0,1,0]]"
5,547,-0.011516273120566998,0.011516273120566998,"[[1,1,0,0,0,1,0,0,0,1],[1,1,1,0,1,0,0,0,1,1]]"
5,548,-0.013970713044743238,0.013970713044743238,"[[1,1,0,0,0,1,0,0,0,1],[1,1,1,0,1,0,0,1,0,0]]"
5,549,-0.01386057068777372,0.01386057068777372,"[[1,1,0,0,0,1,0,0,0,1],[1,1,1,0,1,0,0,1,0,1]]"
5,550,-0.014252826349711468,0.014252826349711468,"[[1,1,0,0,0,1,0,0,0,1],[1,1,1,0,1,0,0,1,1,0]]"
5,551,-0.014147921576495413,0.014147921576495413,"[[1,1,0,0,0,1,0,0,0,1],[1,1,1,0,1,0,0,1,1,1]]"
5,552,-0.017596704977457783,0.017596704977457783,"[[1,1,0,0,0,1,0,0,0,1],[1,1,1,0,1,0,1,0,0,0]]"
5,553,-0.017469180054122284,0.017469180054122284,"[[1,1,0,0,0,1,0,0,0,1],[1,1,1,0,1,0,1,0,0,1]]"
5,554,-0.017910979113917584,0.017910979113917584,"[[1,1,0,0,0,1,0,0,0,1],[1,1,1,0,1,0,1,0,1,0]]"
5,555,-0.017793327127708904,0.017793327127708904,"[[1,1,0,0,0,1,0,0,0,1],[1,1,1,0,1,0,1,0,1,1]]"
5,556,-0.020807978987586392,0.020807978987586392,"[[1,1,0,0,0,1,0,0,0,1],[1,1,1,0,1,0,1,1,0,0]]"
5,557,-0.02065479426943377,0.02065479426943377,"[[1,1,0,0,0,1,0,0,0,1],[1,1,1,0,1,0,1,1,0,1]]"
5,558,-0.02110274022077135,0.02110274022077135,"[[1,1,0,0,0,1,0,0,0,1],[1,1,1,0,1,0,1,1,1,0]]"
5,559,-0.020956902558991485,0.020956902558991485,"[[1,1,0,0,0,1,0,0,0,1],[1,1,1,0,1,0,1,1,1,1]]"
5,560,-0.017678436108666037,0.017678436108666037,"[[1,1,0,0,0,1,0,0,0,1],[1,1,1,0,1,1,0,0,0,0]]"
5,561,-0.017519878910215905,0.017519878910215905,"[[1,1,0,0,0,1,0,0,0,1],[1,1,1,0,1,1,0,0,0,1]]"
5,562,-0.017879480740757594,0.017879480740757594,"[[1,1,0,0,0,1,0,0,0,1],[1,1,1,0,1,1,0,0,1,0]]"
5,563,-0.01772914321722742,0.01772914321722742,"[[1,1,0,0,0,1,0,0,0,1],[1,1,1,0,1,1,0,0,1,1]]"
5,564,-0.020723795673233812,0.020723795673233812,"[[1,1,0,0,0,1,0,0,0,1],[1,1,1,0,1,1,0,1,0,0]]"
5,565,-0.020546298201226797,0.020546298201226797,"[[1,1,0,0,0,1,0,0,0,1],[1,1,1,0,1,1,0,1,0,1]]"
5,566,-0.0208970146237869,0.0208970146237869,"[[1,1,0,0,0,1,0,0,0,1],[1,1,1,0,1,1,0,1,1,0]]"
5,567,-0.020739223733557664,0.020739223733557664,"[[1,1,0,0,0,1,0,0,0,1],[1,1,1,0,1,1,0,1,1,1]]"
5,568,-0.025260279951674534,0.025260279951674534,"[[1,1,0,0,0,1,0,0,0,1],[1,1,1,0,1,1,1,0,0,0]]"
5,569,-0.02505899694308454,0.02505899694308454,"[[1,1,0,0,0,1,0,0,0,1],[1,1,1,0,1,1,1,0,0,1]]"
5,570,-0.02549804818701692,0.02549804818701692,"[[1,1,0,0,0,1,0,0,0,1],[1,1,1,0,1,1,1,0,1,0]]"
5,571,-0.02534616075865627,0.02534616075865627,"[[1,1,0,0,0,1,0,0,0,1],[1,1,1,0,1,1,1,0,1,1]]"
5,572,-0.028942223283706613,0.028942223283706613,"[[1,1,0,0,0,1,0,0,0,1],[1,1,1,0,1,1,1,1,0,0]]"
5,573,-0.028718730789005876,0.028718730789005876,"[[1,1,0,0,0,1,0,0,0,1],[1,1,1,0,1,1,1,1,0,1]]"
5,574,-0.029168707745308317,0.029168707745308317,"[[1,1,0,0,0,1,0,0,0,1],[1,1,1,0,1,1,1,1,1,0]]"
5,575,-0.029062638978942408,0.029062638978942408,"[[1,1,0,0,0,1,0,0,0,1],[1,1,1,0,1,1,1,1,1,1]]"
5,576,-0.010556645321570473,0.010556645321570473,"[[1,1,0,0,0,1,0,0,1,0],[1,1,1,0,1,0,0,0,0,0]]"
5,577,-0.010489620215841591,0.010489620215841591,"[[1,1,0,0,0,1,0,0,1,0],[1,1,1,0,1,0,0,0,0,1]]"
5,578,-0.010950655078200353,0.010950655078200353,"[[1,1,0,0,0,1,0,0,1,0],[1,1,1,0,1,0,0,0,1,0]]"
5,579,-0.010901293699373616,0.010901293699373616,"[[1,1,0,0,0,1,0,0,1,0],[1,1,1,0,1,0,0,0,1,1]]"
5,580,-0.01308154937894467,0.01308154937894467,"[[1,1,0,0,0,1,0,0,1,0],[1,1,1,0,1,0,0,1,0,0]]"
5,581,-0.012992393764124966,0.012992393764124966,"[[1,1,0,0,0,1,0,0,1,0],[1,1,1,0,1,0,0,1,0,1]]"
5,582,-0.013520341119663746,0.013520341119663746,"[[1,1,0,0,0,1,0,0,1,0],[1,1,1,0,1,0,0,1,1,0]]"
5,583,-0.013460690022314658,0.013460690022314658,"[[1,1,0,0,0,1,0,0,1,0],[1,1,1,0,1,0,0,1,1,1]]"
5,584,-0.01658742383673857,0.01658742383673857,"[[1,1,0,0,0,1,0,0,1,0],[1,1,1,0,1,0,1,0,0,0]]"
5,585,-0.01647321368793482,0.01647321368793482,"[[1,1,0,0,0,1,0,0,1,0],[1,1,1,0,1,0,1,0,0,1]]"
5,586,-0.0170628810708885,0.0170628810708885,"[[1,1,0,0,0,1,0,0,1,0],[1,1,1,0,1,0,1,0,1,0]]"
5,587,-0.016952694665026476,0.016952694665026476,"[[1,1,0,0,0,1,0,0,1,0],[1,1,1,0,1,0,1,0,1,1]]"
5,588,-0.01966865102021997,0.01966865102021997,"[[1,1,0,0,0,1,0,0,1,0],[1,1,1,0,1,0,1,1,0,0]]"
5,589,-0.01954006104343605,0.01954006104343605,"[[1,1,0,0,0,1,0,0,1,0],[1,1,1,0,1,0,1,1,0,1]]"
5,590,-0.020134006071912333,0.020134006071912333,"[[1,1,0,0,0,1,0,0,1,0],[1,1,1,0,1,0,1,1,1,0]]"
5,591,-0.0200280618369559,0.0200280618369559,"[[1,1,0,0,0,1,0,0,1,0],[1,1,1,0,1,0,1,1,1,1]]"
5,592,-0.016628747025993915,0.016628747025993915,"[[1,1,0,0,0,1,0,0,1,0],[1,1,1,0,1,1,0,0,0,0]]"
5,593,-0.016484791270881215,0.016484791270881215,"[[1,1,0,0,0,1,0,0,1,0],[1,1,1,0,1,1,0,0,0,1]]"
5,594,-0.01696233553845857,0.01696233553845857,"[[1,1,0,0,0,1,0,0,1,0],[1,1,1,0,1,1,0,0,1,0]]"
5,595,-0.016864364257848707,0.016864364257848707,"[[1,1,0,0,0,1,0,0,1,0],[1,1,1,0,1,1,0,0,1,1]]"
5,596,-0.019471154596729462,0.019471154596729462,"[[1,1,0,0,0,1,0,0,1,0],[1,1,1,0,1,1,0,1,0,0]]"
5,597,-0.0193210561489025,0.0193210561489025,"[[1,1,0,0,0,1,0,0,1,0],[1,1,1,0,1,1,0,1,0,1]]"
5,598,-0.019852491413653677,0.019852491413653677,"[[1,1,0,0,0,1,0,0,1,0],[1,1,1,0,1,1,0,1,1,0]]"
5,599,-0.01974846952407408,0.01974846952407408,"[[1,1,0,0,0,1,0,0,1,0],[1,1,1,0,1,1,0,1,1,1]]"
5,600,-0.02398168858319437,0.02398168858319437,"[[1,1,0,0,0,1,0,0,1,0],[1,1,1,0,1,1,1,0,0,0]]"
5,601,-0.023795880550791244,0.023795880550791244,"[[1,1,0,0,0,1,0,0,1,0],[1,1,1,0,1,1,1,0,0,1]]"
5,602,-0.024372116741469097,0.024372116741469097,"[[1,1,0,0,0,1,0,0,1,0],[1,1,1,0,1,1,1,0,1,0]]"
5,603,-0.024270632272371057,0.024270632272371057,"[[1,1,0,0,0,1,0,0,1,0],[1,1,1,0,1,1,1,0,1,1]]"
5,604,-0.027402881117079385,0.027402881117079385,"[[1,1,0,0,0,1,0,0,1,0],[1,1,1,0,1,1,1,1,0,0]]"
5,605,-0.02723468090866894,0.02723468090866894,"[[1,1,0,0,0,1,0,0,1,0],[1,1,1,0,1,1,1,1,0,1]]"
5,606,-0.027902167017700742,0.027902167017700742,"[[1,1,0,0,0,1,0,0,1,0],[1,1,1,0,1,1,1,1,1,0]]"
5,607,-0.027812660850215266,0.027812660850215266,"[[1,1,0,0,0,1,0,0,1,0],[1,1,1,0,1,1,1,1,1,1]]"
5,608,-0.01061374399548514,0.01061374399548514,"[[1,1,0,0,0,1,0,0,1,1],[1,1,1,0,1,0,0,0,0,0]]"
5,609,-0.010556171474278852,0.010556171474278852,"[[1,1,0,0,0,1,0,0,1,1],[1,1,1,0,1,0,0,0,0,1]]"
5,610,-0.011018227689485604,0.011018227689485604,"[[1,1,0,0,0,1,0,0,1,1],[1,1,1,0,1,0,0,0,1,0]]"
5,611,-0.010968618630911316,0.010968618630911316,"[[1,1,0,0,0,1,0,0,1,1],[1,1,1,0,1,0,0,0,1,1]]"
5,612,-0.013144737625068667,0.013144737625068667,"[[1,1,0,0,0,1,0,0,1,1],[1,1,1,0,1,0,0,1,0,0]]"
5,613,-0.013056238628808756,0.013056238628808756,"[[1,1,0,0,0,1,0,0,1,1],[1,1,1,0,1,0,0,1,0,1]]"
5,614,-0.013588254891148142,0.013588254891148142,"[[1,1,0,0,0,1,0,0,1,1],[1,1,1,0,1,0,0,1,1,0]]"
5,615,-0.013527402067872878,0.013527402067872878,"[[1,1,0,0,0,1,0,0,1,1],[1,1,1,0,1,0,0,1,1,1]]"
5,616,-0.016653641590107758,0.016653641590107758,"[[1,1,0,0,0,1,0,0,1,1],[1,1,1,0,1,0,1,0,0,0]]"
5,617,-0.016539752938981803,0.016539752938981803,"[[1,1,0,0,0,1,0,0,1,1],[1,1,1,0,1,0,1,0,0,1]]"
5,618,-0.017131304853878954,0.017131304853878954,"[[1,1,0,0,0,1,0,0,1,1],[1,1,1,0,1,0,1,0,1,0]]"
5,619,-0.01702088548182206,0.01702088548182206,"[[1,1,0,0,0,1,0,0,1,1],[1,1,1,0,1,0,1,0,1,1]]"
5,620,-0.019738532462335808,0.019738532462335808,"[[1,1,0,0,0,1,0,0,1,1],[1,1,1,0,1,0,1,1,0,0]]"
5,621,-0.019602814893314315,0.019602814893314315,"[[1,1,0,0,0,1,0,0,1,1],[1,1,1,0,1,0,1,1,0,1]]"
5,622,-0.020197302564295014,0.020197302564295014,"[[1,1,0,0,0,1,0,0,1,1],[1,1,1,0,1,0,1,1,1,0]]"
5,623,-0.020083004416396162,0.020083004416396162,"[[1,1,0,0,0,1,0,0,1,1],[1,1,1,0,1,0,1,1,1,1]]"
5,624,-0.01668023838554273,0.01668023838554273,"[[1,1,0,0,0,1,0,0,1,1],[1,1,1,0,1,1,0,0,0,0]]"
5,625,-0.016535945452516042,0.016535945452516042,"[[1,1,0,0,0,1,0,0,1,1],[1,1,1,0,1,1,0,0,0,1]]"
5,626,-0.017026588284293417,0.017026588284293417,"[[1,1,0,0,0,1,0,0,1,1],[1,1,1,0,1,1,0,0,1,0]]"
5,627,-0.01693295362838253,0.01693295362838253,"[[1,1,0,0,0,1,0,0,1,1],[1,1,1,0,1,1,0,0,1,1]]"
5,628,-0.01952841191031615,0.01952841191031615,"[[1,1,0,0,0,1,0,0,1,1],[1,1,1,0,1,1,0,1,0,0]]"
5,629,-0.0193764549169997,0.0193764549169997,"[[1,1,0,0,0,1,0,0,1,1],[1,1,1,0,1,1,0,1,0,1]]"
5,630,-0.019912241643029818,0.019912241643029818,"[[1,1,0,0,0,1,0,0,1,1],[1,1,1,0,1,1,0,1,1,0]]"
5,631,-0.019813308044027467,0.019813308044027467,"[[1,1,0,0,0,1,0,0,1,1],[1,1,1,0,1,1,0,1,1,1]]"
5,632,-0.024037052079727776,0.024037052079727776,"[[1,1,0,0,0,1,0,0,1,1],[1,1,1,0,1,1,1,0,0,0]]"
5,633,-0.02384924429608646,0.02384924429608646,"[[1,1,0,0,0,1,0,0,1,1],[1,1,1,0,1,1,1,0,0,1]]"
5,634,-0.024429451490366346,0.024429451490366346,"[[1,1,0,0,0,1,0,0,1,1],[1,1,1,0,1,1,1,0,1,0]]"
5,635,-0.02431458591285395,0.02431458591285395,"[[1,1,0,0,0,1,0,0,1,1],[1,1,1,0,1,1,1,0,1,1]]"
5,636,-0.02746257874553205,0.02746257874553205,"[[1,1,0,0,0,1,0,0,1,1],[1,1,1,0,1,1,1,1,0,0]]"
5,637,-0.02727988496753854,0.02727988496753854,"[[1,1,0,0,0,1,0,0,1,1],[1,1,1,0,1,1,1,1,0,1]]"
5,638,-0.0279525628654222,0.0279525628654222,"[[1,1,0,0,0,1,0,0,1,1],[1,1,1,0,1,1,1,1,1,0]]"
5,639,-0.02786035628394276,0.02786035628394276,"[[1,1,0,0,0,1,0,0,1,1],[1,1,1,0,1,1,1,1,1,1]]"
5,640,-0.008189165099590966,0.008189165099590966,"[[1,1,0,0,0,1,0,1,0,0],[1,1,1,0,1,0,0,0,0,0]]"
5,641,-0.00812703838984224,0.00812703838984224,"[[1,1,0,0,0,1,0,1,0,0],[1,1,1,0,1,0,0,0,0,1]]"
5,642,-0.008516729493908514,0.008516729493908514,"[[1,1,0,0,0,1,0,1,0,0],[1,1,1,0,1,0,0,0,1,0]]"
5,643,-0.008468764085318808,0.008468764085318808,"[[1,1,0,0,0,1,0,1,0,0],[1,1,1,0,1,0,0,0,1,1]]"
5,644,-0.010708734263309497,0.010708734263309497,"[[1,1,0,0,0,1,0,1,0,0],[1,1,1,0,1,0,0,1,0,0]]"
5,645,-0.01064147209610994,0.01064147209610994,"[[1,1,0,0,0,1,0,1,0,0],[1,1,1,0,1,0,0,1,0,1]]"
5,646,-0.010989118435093578,0.010989118435093578,"[[1,1,0,0,0,1,0,1,0,0],[1,1,1,0,1,0,0,1,1,0]]"
5,647,-0.010942190446808199,0.010942190446808199,"[[1,1,0,0,0,1,0,1,0,0],[1,1,1,0,1,0,0,1,1,1]]"
5,648,-0.0136265565427726,0.0136265565427726,"[[1,1,0,0,0,1,0,1,0,0],[1,1,1,0,1,0,1,0,0,0]]"
5,649,-0.013512907624258214,0.013512907624258214,"[[1,1,0,0,0,1,0,1,0,0],[1,1,1,0,1,0,1,0,0,1]]"
5,650,-0.013951240994700471,0.013951240994700471,"[[1,1,0,0,0,1,0,1,0,0],[1,1,1,0,1,0,1,0,1,0]]"
5,651,-0.013848701230210292,0.013848701230210292,"[[1,1,0,0,0,1,0,1,0,0],[1,1,1,0,1,0,1,0,1,1]]"
5,652,-0.016701982709894606,0.016701982709894606,"[[1,1,0,0,0,1,0,1,0,0],[1,1,1,0,1,0,1,1,0,0]]"
5,653,-0.016586535874101093,0.016586535874101093,"[[1,1,0,0,0,1,0,1,0,0],[1,1,1,0,1,0,1,1,0,1]]"
5,654,-0.016995864949151746,0.016995864949151746,"[[1,1,0,0,0,1,0,1,0,0],[1,1,1,0,1,0,1,1,1,0]]"
5,655,-0.016882882178541996,0.016882882178541996,"[[1,1,0,0,0,1,0,1,0,0],[1,1,1,0,1,0,1,1,1,1]]"
5,656,-0.013941278975458257,0.013941278975458257,"[[1,1,0,0,0,1,0,1,0,0],[1,1,1,0,1,1,0,0,0,0]]"
5,657,-0.0138087344035157,0.0138087344035157,"[[1,1,0,0,0,1,0,1,0,0],[1,1,1,0,1,1,0,0,0,1]]"
5,658,-0.01415883320378367,0.01415883320378367,"[[1,1,0,0,0,1,0,1,0,0],[1,1,1,0,1,1,0,0,1,0]]"
5,659,-0.01407076287018123,0.01407076287018123,"[[1,1,0,0,0,1,0,1,0,0],[1,1,1,0,1,1,0,0,1,1]]"
5,660,-0.016638375152715087,0.016638375152715087,"[[1,1,0,0,0,1,0,1,0,0],[1,1,1,0,1,1,0,1,0,0]]"
5,661,-0.016491409470981613,0.016491409470981613,"[[1,1,0,0,0,1,0,1,0,0],[1,1,1,0,1,1,0,1,0,1]]"
5,662,-0.016816173752997196,0.016816173752997196,"[[1,1,0,0,0,1,0,1,0,0],[1,1,1,0,1,1,0,1,1,0]]"
5,663,-0.016717862758896362,0.016717862758896362,"[[1,1,0,0,0,1,0,1,0,0],[1,1,1,0,1,1,0,1,1,1]]"
5,664,-0.020729874274638394,0.020729874274638394,"[[1,1,0,0,0,1,0,1,0,0],[1,1,1,0,1,1,1,0,0,0]]"
5,665,-0.02055565369206212,0.02055565369206212,"[[1,1,0,0,0,1,0,1,0,0],[1,1,1,0,1,1,1,0,0,1]]"
5,666,-0.020981304162840175,0.020981304162840175,"[[1,1,0,0,0,1,0,1,0,0],[1,1,1,0,1,1,1,0,1,0]]"
5,667,-0.020810577433452958,0.020810577433452958,"[[1,1,0,0,0,1,0,1,0,0],[1,1,1,0,1,1,1,0,1,1]]"
5,668,-0.023990740994198845,0.023990740994198845,"[[1,1,0,0,0,1,0,1,0,0],[1,1,1,0,1,1,1,1,0,0]]"
5,669,-0.023800973635637362,0.023800973635637362,"[[1,1,0,0,0,1,0,1,0,0],[1,1,1,0,1,1,1,1,0,1]]"
5,670,-0.024214723487391055,0.024214723487391055,"[[1,1,0,0,0,1,0,1,0,0],[1,1,1,0,1,1,1,1,1,0]]"
5,671,-0.02409914903147178,0.02409914903147178,"[[1,1,0,0,0,1,0,1,0,0],[1,1,1,0,1,1,1,1,1,1]]"
5,672,-0.00823980382761235,0.00823980382761235,"[[1,1,0,0,0,1,0,1,0,1],[1,1,1,0,1,0,0,0,0,0]]"
5,673,-0.008184204556606019,0.008184204556606019,"[[1,1,0,0,0,1,0,1,0,1],[1,1,1,0,1,0,0,0,0,1]]"
5,674,-0.00857768442051243,0.00857768442051243,"[[1,1,0,0,0,1,0,1,0,1],[1,1,1,0,1,0,0,0,1,0]]"
5,675,-0.00852930478545741,0.00852930478545741,"[[1,1,0,0,0,1,0,1,0,1],[1,1,1,0,1,0,0,0,1,1]]"
5,676,-0.010767370532786062,0.010767370532786062,"[[1,1,0,0,0,1,0,1,0,1],[1,1,1,0,1,0,0,1,0,0]]"
5,677,-0.01070939772039447,0.01070939772039447,"[[1,1,0,0,0,1,0,1,0,1],[1,1,1,0,1,0,0,1,0,1]]"
5,678,-0.011059497856670127,0.011059497856670127,"[[1,1,0,0,0,1,0,1,0,1],[1,1,1,0,1,0,0,1,1,0]]"
5,679,-0.011010288233222443,0.011010288233222443,"[[1,1,0,0,0,1,0,1,0,1],[1,1,1,0,1,0,0,1,1,1]]"
5,680,-0.013684929131371116,0.013684929131371116,"[[1,1,0,0,0,1,0,1,0,1],[1,1,1,0,1,0,1,0,0,0]]"
5,681,-0.013571364794249967,0.013571364794249967,"[[1,1,0,0,0,1,0,1,0,1],[1,1,1,0,1,0,1,0,0,1]]"
5,682,-0.014013778495998084,0.014013778495998084,"[[1,1,0,0,0,1,0,1,0,1],[1,1,1,0,1,0,1,0,1,0]]"
5,683,-0.013911515236785361,0.013911515236785361,"[[1,1,0,0,0,1,0,1,0,1],[1,1,1,0,1,0,1,0,1,1]]"
5,684,-0.016768792022463622,0.016768792022463622,"[[1,1,0,0,0,1,0,1,0,1],[1,1,1,0,1,0,1,1,0,0]]"
5,685,-0.01665355223328853,0.01665355223328853,"[[1,1,0,0,0,1,0,1,0,1],[1,1,1,0,1,0,1,1,0,1]]"
5,686,-0.017056271671957005,0.017056271671957005,"[[1,1,0,0,0,1,0,1,0,1],[1,1,1,0,1,0,1,1,1,0]]"
5,687,-0.016943379919875132,0.016943379919875132,"[[1,1,0,0,0,1,0,1,0,1],[1,1,1,0,1,0,1,1,1,1]]"
5,688,-0.013995007876011281,0.013995007876011281,"[[1,1,0,0,0,1,0,1,0,1],[1,1,1,0,1,1,0,0,0,0]]"
5,689,-0.013871721589347172,0.013871721589347172,"[[1,1,0,0,0,1,0,1,0,1],[1,1,1,0,1,1,0,0,0,1]]"
5,690,-0.014224068949750628,0.014224068949750628,"[[1,1,0,0,0,1,0,1,0,1],[1,1,1,0,1,1,0,0,1,0]]"
5,691,-0.014133033292476789,0.014133033292476789,"[[1,1,0,0,0,1,0,1,0,1],[1,1,1,0,1,1,0,0,1,1]]"
5,692,-0.016688372745697348,0.016688372745697348,"[[1,1,0,0,0,1,0,1,0,1],[1,1,1,0,1,1,0,1,0,0]]"
5,693,-0.01653991662938211,0.01653991662938211,"[[1,1,0,0,0,1,0,1,0,1],[1,1,1,0,1,1,0,1,0,1]]"
5,694,-0.016879609680564317,0.016879609680564317,"[[1,1,0,0,0,1,0,1,0,1],[1,1,1,0,1,1,0,1,1,0]]"
5,695,-0.016785340699149155,0.016785340699149155,"[[1,1,0,0,0,1,0,1,0,1],[1,1,1,0,1,1,0,1,1,1]]"
5,696,-0.020789143851745434,0.020789143851745434,"[[1,1,0,0,0,1,0,1,0,1],[1,1,1,0,1,1,1,0,0,0]]"
5,697,-0.020613097171391353,0.020613097171391353,"[[1,1,0,0,0,1,0,1,0,1],[1,1,1,0,1,1,1,0,0,1]]"
5,698,-0.021035374866594438,0.021035374866594438,"[[1,1,0,0,0,1,0,1,0,1],[1,1,1,0,1,1,1,0,1,0]]"
5,699,-0.020862714391564265,0.020862714391564265,"[[1,1,0,0,0,1,0,1,0,1],[1,1,1,0,1,1,1,0,1,1]]"
5,700,-0.024045017122908786,0.024045017122908786,"[[1,1,0,0,0,1,0,1,0,1],[1,1,1,0,1,1,1,1,0,0]]"
5,701,-0.02385302734822171,0.02385302734822171,"[[1,1,0,0,0,1,0,1,0,1],[1,1,1,0,1,1,1,1,0,1]]"
5,702,-0.024271523495419514,0.024271523495419514,"[[1,1,0,0,0,1,0,1,0,1],[1,1,1,0,1,1,1,1,1,0]]"
5,703,-0.024142235787844232,0.024142235787844232,"[[1,1,0,0,0,1,0,1,0,1],[1,1,1,0,1,1,1,1,1,1]]"
5,704,-0.007682036672812326,0.007682036672812326,"[[1,1,0,0,0,1,0,1,1,0],[1,1,1,0,1,0,0,0,0,0]]"
5,705,-0.007631358424640362,0.007631358424640362,"[[1,1,0,0,0,1,0,1,1,0],[1,1,1,0,1,0,0,0,0,1]]"
5,706,-0.008153791242427225,0.008153791242427225,"[[1,1,0,0,0,1,0,1,1,0],[1,1,1,0,1,0,0,0,1,0]]"
5,707,-0.008105288891046466,0.008105288891046466,"[[1,1,0,0,0,1,0,1,1,0],[1,1,1,0,1,0,0,0,1,1]]"
5,708,-0.01009578455343421,0.01009578455343421,"[[1,1,0,0,0,1,0,1,1,0],[1,1,1,0,1,0,0,1,0,0]]"
5,709,-0.010049114556507784,0.010049114556507784,"[[1,1,0,0,0,1,0,1,1,0],[1,1,1,0,1,0,0,1,0,1]]"
5,710,-0.010578062746078372,0.010578062746078372,"[[1,1,0,0,0,1,0,1,1,0],[1,1,1,0,1,0,0,1,1,0]]"
5,711,-0.010535033628167345,0.010535033628167345,"[[1,1,0,0,0,1,0,1,1,0],[1,1,1,0,1,0,0,1,1,1]]"
5,712,-0.012826109595215187,0.012826109595215187,"[[1,1,0,0,0,1,0,1,1,0],[1,1,1,0,1,0,1,0,0,0]]"
5,713,-0.012726020673163162,0.012726020673163162,"[[1,1,0,0,0,1,0,1,1,0],[1,1,1,0,1,0,1,0,0,1]]"
5,714,-0.013270065966077596,0.013270065966077596,"[[1,1,0,0,0,1,0,1,1,0],[1,1,1,0,1,0,1,0,1,0]]"
5,715,-0.01317738765996807,0.01317738765996807,"[[1,1,0,0,0,1,0,1,1,0],[1,1,1,0,1,0,1,0,1,1]]"
5,716,-0.01580317011681863,0.01580317011681863,"[[1,1,0,0,0,1,0,1,1,0],[1,1,1,0,1,0,1,1,0,0]]"
5,717,-0.015701354884737163,0.015701354884737163,"[[1,1,0,0,0,1,0,1,1,0],[1,1,1,0,1,0,1,1,0,1]]"
5,718,-0.01624767391539054,0.01624767391539054,"[[1,1,0,0,0,1,0,1,1,0],[1,1,1,0,1,0,1,1,1,0]]"
5,719,-0.0161491051158052,0.0161491051158052,"[[1,1,0,0,0,1,0,1,1,0],[1,1,1,0,1,0,1,1,1,1]]"
5,720,-0.013112066550910899,0.013112066550910899,"[[1,1,0,0,0,1,0,1,1,0],[1,1,1,0,1,1,0,0,0,0]]"
5,721,-0.013028347060397792,0.013028347060397792,"[[1,1,0,0,0,1,0,1,1,0],[1,1,1,0,1,1,0,0,0,1]]"
5,722,-0.013626940366104543,0.013626940366104543,"[[1,1,0,0,0,1,0,1,1,0],[1,1,1,0,1,1,0,0,1,0]]"
5,723,-0.013539093249497102,0.013539093249497102,"[[1,1,0,0,0,1,0,1,1,0],[1,1,1,0,1,1,0,0,1,1]]"
5,724,-0.015649674145363602,0.015649674145363602,"[[1,1,0,0,0,1,0,1,1,0],[1,1,1,0,1,1,0,1,0,0]]"
5,725,-0.015561913124215144,0.015561913124215144,"[[1,1,0,0,0,1,0,1,1,0],[1,1,1,0,1,1,0,1,0,1]]"
5,726,-0.016128491121174777,0.016128491121174777,"[[1,1,0,0,0,1,0,1,1,0],[1,1,1,0,1,1,0,1,1,0]]"
5,727,-0.016044298945411872,0.016044298945411872,"[[1,1,0,0,0,1,0,1,1,0],[1,1,1,0,1,1,0,1,1,1]]"
5,728,-0.01964256115129234,0.01964256115129234,"[[1,1,0,0,0,1,0,1,1,0],[1,1,1,0,1,1,1,0,0,0]]"
5,729,-0.01948160931750116,0.01948160931750116,"[[1,1,0,0,0,1,0,1,1,0],[1,1,1,0,1,1,1,0,0,1]]"
5,730,-0.020073040113671888,0.020073040113671888,"[[1,1,0,0,0,1,0,1,1,0],[1,1,1,0,1,1,1,0,1,0]]"
5,731,-0.019912057185014986,0.019912057185014986,"[[1,1,0,0,0,1,0,1,1,0],[1,1,1,0,1,1,1,0,1,1]]"
5,732,-0.022730468375176192,0.022730468375176192,"[[1,1,0,0,0,1,0,1,1,0],[1,1,1,0,1,1,1,1,0,0]]"
5,733,-0.02256072169950854,0.02256072169950854,"[[1,1,0,0,0,1,0,1,1,0],[1,1,1,0,1,1,1,1,0,1]]"
5,734,-0.023125466710958175,0.023125466710958175,"[[1,1,0,0,0,1,0,1,1,0],[1,1,1,0,1,1,1,1,1,0]]"
5,735,-0.02304807375945507,0.02304807375945507,"[[1,1,0,0,0,1,0,1,1,0],[1,1,1,0,1,1,1,1,1,1]]"
5,736,-0.007737860471804137,0.007737860471804137,"[[1,1,0,0,0,1,0,1,1,1],[1,1,1,0,1,0,0,0,0,0]]"
5,737,-0.007686863250608876,0.007686863250608876,"[[1,1,0,0,0,1,0,1,1,1],[1,1,1,0,1,0,0,0,0,1]]"
5,738,-0.008210644881347262,0.008210644881347262,"[[1,1,0,0,0,1,0,1,1,1],[1,1,1,0,1,0,0,0,1,0]]"
5,739,-0.0081618751318363,0.0081618751318363,"[[1,1,0,0,0,1,0,1,1,1],[1,1,1,0,1,0,0,0,1,1]]"
5,740,-0.010162989074912145,0.010162989074912145,"[[1,1,0,0,0,1,0,1,1,1],[1,1,1,0,1,0,0,1,0,0]]"
5,741,-0.010116287613416075,0.010116287613416075,"[[1,1,0,0,0,1,0,1,1,1],[1,1,1,0,1,0,0,1,0,1]]"
5,742,-0.010646588891738761,0.010646588891738761,"[[1,1,0,0,0,1,0,1,1,1],[1,1,1,0,1,0,0,1,1,0]]"
5,743,-0.010599873624904858,0.010599873624904858,"[[1,1,0,0,0,1,0,1,1,1],[1,1,1,0,1,0,0,1,1,1]]"
5,744,-0.01288555566592398,0.01288555566592398,"[[1,1,0,0,0,1,0,1,1,1],[1,1,1,0,1,0,1,0,0,0]]"
5,745,-0.012785919203132323,0.012785919203132323,"[[1,1,0,0,0,1,0,1,1,1],[1,1,1,0,1,0,1,0,0,1]]"
5,746,-0.013331789619227773,0.013331789619227773,"[[1,1,0,0,0,1,0,1,1,1],[1,1,1,0,1,0,1,0,1,0]]"
5,747,-0.013239707204615965,0.013239707204615965,"[[1,1,0,0,0,1,0,1,1,1],[1,1,1,0,1,0,1,0,1,1]]"
5,748,-0.015871017999161883,0.015871017999161883,"[[1,1,0,0,0,1,0,1,1,1],[1,1,1,0,1,0,1,1,0,0]]"
5,749,-0.015769306850121508,0.015769306850121508,"[[1,1,0,0,0,1,0,1,1,1],[1,1,1,0,1,0,1,1,0,1]]"
5,750,-0.016309082270426687,0.016309082270426687,"[[1,1,0,0,0,1,0,1,1,1],[1,1,1,0,1,0,1,1,1,0]]"
5,751,-0.01621103079301588,0.01621103079301588,"[[1,1,0,0,0,1,0,1,1,1],[1,1,1,0,1,0,1,1,1,1]]"
5,752,-0.013180267206114564,0.013180267206114564,"[[1,1,0,0,0,1,0,1,1,1],[1,1,1,0,1,1,0,0,0,0]]"
5,753,-0.013094611704808176,0.013094611704808176,"[[1,1,0,0,0,1,0,1,1,1],[1,1,1,0,1,1,0,0,0,1]]"
5,754,-0.013687965650100336,0.013687965650100336,"[[1,1,0,0,0,1,0,1,1,1],[1,1,1,0,1,1,0,0,1,0]]"
5,755,-0.013597997883816517,0.013597997883816517,"[[1,1,0,0,0,1,0,1,1,1],[1,1,1,0,1,1,0,0,1,1]]"
5,756,-0.015718244652855342,0.015718244652855342,"[[1,1,0,0,0,1,0,1,1,1],[1,1,1,0,1,1,0,1,0,0]]"
5,757,-0.015628458687687866,0.015628458687687866,"[[1,1,0,0,0,1,0,1,1,1],[1,1,1,0,1,1,0,1,0,1]]"
5,758,-0.01619788545462951,0.01619788545462951,"[[1,1,0,0,0,1,0,1,1,1],[1,1,1,0,1,1,0,1,1,0]]"
5,759,-0.016111552177962243,0.016111552177962243,"[[1,1,0,0,0,1,0,1,1,1],[1,1,1,0,1,1,0,1,1,1]]"
5,760,-0.019702709770248288,0.019702709770248288,"[[1,1,0,0,0,1,0,1,1,1],[1,1,1,0,1,1,1,0,0,0]]"
5,761,-0.019540296369713942,0.019540296369713942,"[[1,1,0,0,0,1,0,1,1,1],[1,1,1,0,1,1,1,0,0,1]]"
5,762,-0.020126161750076393,0.020126161750076393,"[[1,1,0,0,0,1,0,1,1,1],[1,1,1,0,1,1,1,0,1,0]]"
5,763,-0.019963555143887923,0.019963555143887923,"[[1,1,0,0,0,1,0,1,1,1],[1,1,1,0,1,1,1,0,1,1]]"
5,764,-0.022788325780317652,0.022788325780317652,"[[1,1,0,0,0,1,0,1,1,1],[1,1,1,0,1,1,1,1,0,0]]"
5,765,-0.022616888089983734,0.022616888089983734,"[[1,1,0,0,0,1,0,1,1,1],[1,1,1,0,1,1,1,1,0,1]]"
5,766,-0.023185622494838434,0.023185622494838434,"[[1,1,0,0,0,1,0,1,1,1],[1,1,1,0,1,1,1,1,1,0]]"
5,767,-0.02309598968766473,0.02309598968766473,"[[1,1,0,0,0,1,0,1,1,1],[1,1,1,0,1,1,1,1,1,1]]"
5,768,-0.005855341434797256,0.005855341434797256,"[[1,1,0,0,0,1,1,0,0,0],[1,1,1,0,1,0,0,0,0,0]]"
5,769,-0.005769095365145395,0.005769095365145395,"[[1,1,0,0,0,1,1,0,0,0],[1,1,1,0,1,0,0,0,0,1]]"
5,770,-0.006168872375593293,0.006168872375593293,"[[1,1,0,0,0,1,1,0,0,0],[1,1,1,0,1,0,0,0,1,0]]"
5,771,-0.006096424380488486,0.006096424380488486,"[[1,1,0,0,0,1,1,0,0,0],[1,1,1,0,1,0,0,0,1,1]]"
5,772,-0.008156718988002836,0.008156718988002836,"[[1,1,0,0,0,1,1,0,0,0],[1,1,1,0,1,0,0,1,0,0]]"
5,773,-0.00805999741033227,0.00805999741033227,"[[1,1,0,0,0,1,1,0,0,0],[1,1,1,0,1,0,0,1,0,1]]"
5,774,-0.008375609822138488,0.008375609822138488,"[[1,1,0,0,0,1,1,0,0,0],[1,1,1,0,1,0,0,1,1,0]]"
5,775,-0.00829437548878619,0.00829437548878619,"[[1,1,0,0,0,1,1,0,0,0],[1,1,1,0,1,0,0,1,1,1]]"
5,776,-0.010689369058804566,0.010689369058804566,"[[1,1,0,0,0,1,1,0,0,0],[1,1,1,0,1,0,1,0,0,0]]"
5,777,-0.010601476192442023,0.010601476192442023,"[[1,1,0,0,0,1,1,0,0,0],[1,1,1,0,1,0,1,0,0,1]]"
5,778,-0.01106518308310898,0.01106518308310898,"[[1,1,0,0,0,1,1,0,0,0],[1,1,1,0,1,0,1,0,1,0]]"
5,779,-0.010982003182012095,0.010982003182012095,"[[1,1,0,0,0,1,1,0,0,0],[1,1,1,0,1,0,1,0,1,1]]"
5,780,-0.013656035488783453,0.013656035488783453,"[[1,1,0,0,0,1,1,0,0,0],[1,1,1,0,1,0,1,1,0,0]]"
5,781,-0.013549805480970954,0.013549805480970954,"[[1,1,0,0,0,1,1,0,0,0],[1,1,1,0,1,0,1,1,0,1]]"
5,782,-0.013947379704431584,0.013947379704431584,"[[1,1,0,0,0,1,1,0,0,0],[1,1,1,0,1,0,1,1,1,0]]"
5,783,-0.013858704897898555,0.013858704897898555,"[[1,1,0,0,0,1,1,0,0,0],[1,1,1,0,1,0,1,1,1,1]]"
5,784,-0.011185582758794643,0.011185582758794643,"[[1,1,0,0,0,1,1,0,0,0],[1,1,1,0,1,1,0,0,0,0]]"
5,785,-0.01107272202800793,0.01107272202800793,"[[1,1,0,0,0,1,1,0,0,0],[1,1,1,0,1,1,0,0,0,1]]"
5,786,-0.011492904824626296,0.011492904824626296,"[[1,1,0,0,0,1,1,0,0,0],[1,1,1,0,1,1,0,0,1,0]]"
5,787,-0.011387539252406204,0.011387539252406204,"[[1,1,0,0,0,1,1,0,0,0],[1,1,1,0,1,1,0,0,1,1]]"
5,788,-0.01413429221212751,0.01413429221212751,"[[1,1,0,0,0,1,1,0,0,0],[1,1,1,0,1,1,0,1,0,0]]"
5,789,-0.014012406682437946,0.014012406682437946,"[[1,1,0,0,0,1,1,0,0,0],[1,1,1,0,1,1,0,1,0,1]]"
5,790,-0.01437731981470589,0.01437731981470589,"[[1,1,0,0,0,1,1,0,0,0],[1,1,1,0,1,1,0,1,1,0]]"
5,791,-0.01428559607264368,0.01428559607264368,"[[1,1,0,0,0,1,1,0,0,0],[1,1,1,0,1,1,0,1,1,1]]"
5,792,-0.01767675689894863,0.01767675689894863,"[[1,1,0,0,0,1,1,0,0,0],[1,1,1,0,1,1,1,0,0,0]]"
5,793,-0.01754031723412991,0.01754031723412991,"[[1,1,0,0,0,1,1,0,0,0],[1,1,1,0,1,1,1,0,0,1]]"
5,794,-0.017898437959539312,0.017898437959539312,"[[1,1,0,0,0,1,1,0,0,0],[1,1,1,0,1,1,1,0,1,0]]"
5,795,-0.017811532561207186,0.017811532561207186,"[[1,1,0,0,0,1,1,0,0,0],[1,1,1,0,1,1,1,0,1,1]]"
5,796,-0.020703555862917236,0.020703555862917236,"[[1,1,0,0,0,1,1,0,0,0],[1,1,1,0,1,1,1,1,0,0]]"
5,797,-0.020553980596621328,0.020553980596621328,"[[1,1,0,0,0,1,1,0,0,0],[1,1,1,0,1,1,1,1,0,1]]"
5,798,-0.020972676868874034,0.020972676868874034,"[[1,1,0,0,0,1,1,0,0,0],[1,1,1,0,1,1,1,1,1,0]]"
5,799,-0.02090597845026493,0.02090597845026493,"[[1,1,0,0,0,1,1,0,0,0],[1,1,1,0,1,1,1,1,1,1]]"
5,800,-0.0058897723959623095,0.0058897723959623095,"[[1,1,0,0,0,1,1,0,0,1],[1,1,1,0,1,0,0,0,0,0]]"
5,801,-0.005805040514056873,0.005805040514056873,"[[1,1,0,0,0,1,1,0,0,1],[1,1,1,0,1,0,0,0,0,1]]"
5,802,-0.006197641743679567,0.006197641743679567,"[[1,1,0,0,0,1,1,0,0,1],[1,1,1,0,1,0,0,0,1,0]]"
5,803,-0.006135674535632438,0.006135674535632438,"[[1,1,0,0,0,1,1,0,0,1],[1,1,1,0,1,0,0,0,1,1]]"
5,804,-0.008190856332853134,0.008190856332853134,"[[1,1,0,0,0,1,1,0,0,1],[1,1,1,0,1,0,0,1,0,0]]"
5,805,-0.008094153917546065,0.008094153917546065,"[[1,1,0,0,0,1,1,0,0,1],[1,1,1,0,1,0,0,1,0,1]]"
5,806,-0.00841588455646581,0.00841588455646581,"[[1,1,0,0,0,1,1,0,0,1],[1,1,1,0,1,0,0,1,1,0]]"
5,807,-0.008334956819284915,0.008334956819284915,"[[1,1,0,0,0,1,1,0,0,1],[1,1,1,0,1,0,0,1,1,1]]"
5,808,-0.01074829304742742,0.01074829304742742,"[[1,1,0,0,0,1,1,0,0,1],[1,1,1,0,1,0,1,0,0,0]]"
5,809,-0.010652993619249047,0.010652993619249047,"[[1,1,0,0,0,1,1,0,0,1],[1,1,1,0,1,0,1,0,0,1]]"
5,810,-0.011121386434788492,0.011121386434788492,"[[1,1,0,0,0,1,1,0,0,1],[1,1,1,0,1,0,1,0,1,0]]"
5,811,-0.011038920311185928,0.011038920311185928,"[[1,1,0,0,0,1,1,0,0,1],[1,1,1,0,1,0,1,0,1,1]]"
5,812,-0.013714971757684151,0.013714971757684151,"[[1,1,0,0,0,1,1,0,0,1],[1,1,1,0,1,0,1,1,0,0]]"
5,813,-0.013609099986927786,0.013609099986927786,"[[1,1,0,0,0,1,1,0,0,1],[1,1,1,0,1,0,1,1,0,1]]"
5,814,-0.01401154036919766,0.01401154036919766,"[[1,1,0,0,0,1,1,0,0,1],[1,1,1,0,1,0,1,1,1,0]]"
5,815,-0.013919999439616883,0.013919999439616883,"[[1,1,0,0,0,1,1,0,0,1],[1,1,1,0,1,0,1,1,1,1]]"
5,816,-0.011234505010932134,0.011234505010932134,"[[1,1,0,0,0,1,1,0,0,1],[1,1,1,0,1,1,0,0,0,0]]"
5,817,-0.011115730387492697,0.011115730387492697,"[[1,1,0,0,0,1,1,0,0,1],[1,1,1,0,1,1,0,0,0,1]]"
5,818,-0.011541918995079533,0.011541918995079533,"[[1,1,0,0,0,1,1,0,0,1],[1,1,1,0,1,1,0,0,1,0]]"
5,819,-0.011435878269246892,0.011435878269246892,"[[1,1,0,0,0,1,1,0,0,1],[1,1,1,0,1,1,0,0,1,1]]"
5,820,-0.014189041677610332,0.014189041677610332,"[[1,1,0,0,0,1,1,0,0,1],[1,1,1,0,1,1,0,1,0,0]]"
5,821,-0.014066293875935849,0.014066293875935849,"[[1,1,0,0,0,1,1,0,0,1],[1,1,1,0,1,1,0,1,0,1]]"
5,822,-0.014437646557925694,0.014437646557925694,"[[1,1,0,0,0,1,1,0,0,1],[1,1,1,0,1,1,0,1,1,0]]"
5,823,-0.014337897704008291,0.014337897704008291,"[[1,1,0,0,0,1,1,0,0,1],[1,1,1,0,1,1,0,1,1,1]]"
5,824,-0.017735705752644097,0.017735705752644097,"[[1,1,0,0,0,1,1,0,0,1],[1,1,1,0,1,1,1,0,0,0]]"
5,825,-0.01759838663769008,0.01759838663769008,"[[1,1,0,0,0,1,1,0,0,1],[1,1,1,0,1,1,1,0,0,1]]"
5,826,-0.017959556972291915,0.017959556972291915,"[[1,1,0,0,0,1,1,0,0,1],[1,1,1,0,1,1,1,0,1,0]]"
5,827,-0.017863216111519507,0.017863216111519507,"[[1,1,0,0,0,1,1,0,0,1],[1,1,1,0,1,1,1,0,1,1]]"
5,828,-0.020764119589160416,0.020764119589160416,"[[1,1,0,0,0,1,1,0,0,1],[1,1,1,0,1,1,1,1,0,0]]"
5,829,-0.020608402547485114,0.020608402547485114,"[[1,1,0,0,0,1,1,0,0,1],[1,1,1,0,1,1,1,1,0,1]]"
5,830,-0.021027980778349026,0.021027980778349026,"[[1,1,0,0,0,1,1,0,0,1],[1,1,1,0,1,1,1,1,1,0]]"
5,831,-0.020960035328994323,0.020960035328994323,"[[1,1,0,0,0,1,1,0,0,1],[1,1,1,0,1,1,1,1,1,1]]"
5,832,-0.005317983489661618,0.005317983489661618,"[[1,1,0,0,0,1,1,0,1,0],[1,1,1,0,1,0,0,0,0,0]]"
5,833,-0.005269002246090981,0.005269002246090981,"[[1,1,0,0,0,1,1,0,1,0],[1,1,1,0,1,0,0,0,0,1]]"
5,834,-0.0057449984231678,0.0057449984231678,"[[1,1,0,0,0,1,1,0,1,0],[1,1,1,0,1,0,0,0,1,0]]"
5,835,-0.005702303616642407,0.005702303616642407,"[[1,1,0,0,0,1,1,0,1,0],[1,1,1,0,1,0,0,0,1,1]]"
5,836,-0.0074957415412721775,0.0074957415412721775,"[[1,1,0,0,0,1,1,0,1,0],[1,1,1,0,1,0,0,1,0,0]]"
5,837,-0.007423407752579896,0.007423407752579896,"[[1,1,0,0,0,1,1,0,1,0],[1,1,1,0,1,0,0,1,0,1]]"
5,838,-0.007850753895128066,0.007850753895128066,"[[1,1,0,0,0,1,1,0,1,0],[1,1,1,0,1,0,0,1,1,0]]"
5,839,-0.007808840978574392,0.007808840978574392,"[[1,1,0,0,0,1,1,0,1,0],[1,1,1,0,1,0,0,1,1,1]]"
5,840,-0.009995901433385204,0.009995901433385204,"[[1,1,0,0,0,1,1,0,1,0],[1,1,1,0,1,0,1,0,0,0]]"
5,841,-0.009915813679587384,0.009915813679587384,"[[1,1,0,0,0,1,1,0,1,0],[1,1,1,0,1,0,1,0,0,1]]"
5,842,-0.010476874853907449,0.010476874853907449,"[[1,1,0,0,0,1,1,0,1,0],[1,1,1,0,1,0,1,0,1,0]]"
5,843,-0.010405529886877329,0.010405529886877329,"[[1,1,0,0,0,1,1,0,1,0],[1,1,1,0,1,0,1,0,1,1]]"
5,844,-0.012860235466369458,0.012860235466369458,"[[1,1,0,0,0,1,1,0,1,0],[1,1,1,0,1,0,1,1,0,0]]"
5,845,-0.01277793985677956,0.01277793985677956,"[[1,1,0,0,0,1,1,0,1,0],[1,1,1,0,1,0,1,1,0,1]]"
5,846,-0.013319397872725396,0.013319397872725396,"[[1,1,0,0,0,1,1,0,1,0],[1,1,1,0,1,0,1,1,1,0]]"
5,847,-0.01326171099578146,0.01326171099578146,"[[1,1,0,0,0,1,1,0,1,0],[1,1,1,0,1,0,1,1,1,1]]"
5,848,-0.010418045096780286,0.010418045096780286,"[[1,1,0,0,0,1,1,0,1,0],[1,1,1,0,1,1,0,0,0,0]]"
5,849,-0.010315540755117598,0.010315540755117598,"[[1,1,0,0,0,1,1,0,1,0],[1,1,1,0,1,1,0,0,0,1]]"
5,850,-0.010845069562887076,0.010845069562887076,"[[1,1,0,0,0,1,1,0,1,0],[1,1,1,0,1,1,0,0,1,0]]"
5,851,-0.010784893947024135,0.010784893947024135,"[[1,1,0,0,0,1,1,0,1,0],[1,1,1,0,1,1,0,0,1,1]]"
5,852,-0.013268813555464784,0.013268813555464784,"[[1,1,0,0,0,1,1,0,1,0],[1,1,1,0,1,1,0,1,0,0]]"
5,853,-0.013171468088444726,0.013171468088444726,"[[1,1,0,0,0,1,1,0,1,0],[1,1,1,0,1,1,0,1,0,1]]"
5,854,-0.013705582629402347,0.013705582629402347,"[[1,1,0,0,0,1,1,0,1,0],[1,1,1,0,1,1,0,1,1,0]]"
5,855,-0.01365436287376835,0.01365436287376835,"[[1,1,0,0,0,1,1,0,1,0],[1,1,1,0,1,1,0,1,1,1]]"
5,856,-0.016715955475587123,0.016715955475587123,"[[1,1,0,0,0,1,1,0,1,0],[1,1,1,0,1,1,1,0,0,0]]"
5,857,-0.01659391342295042,0.01659391342295042,"[[1,1,0,0,0,1,1,0,1,0],[1,1,1,0,1,1,1,0,0,1]]"
5,858,-0.01710310366490794,0.01710310366490794,"[[1,1,0,0,0,1,1,0,1,0],[1,1,1,0,1,1,1,0,1,0]]"
5,859,-0.017045473202977227,0.017045473202977227,"[[1,1,0,0,0,1,1,0,1,0],[1,1,1,0,1,1,1,0,1,1]]"
5,860,-0.019630253346847294,0.019630253346847294,"[[1,1,0,0,0,1,1,0,1,0],[1,1,1,0,1,1,1,1,0,0]]"
5,861,-0.019523631137955764,0.019523631137955764,"[[1,1,0,0,0,1,1,0,1,0],[1,1,1,0,1,1,1,1,0,1]]"
5,862,-0.020131854815862608,0.020131854815862608,"[[1,1,0,0,0,1,1,0,1,0],[1,1,1,0,1,1,1,1,1,0]]"
5,863,-0.020075670728583576,0.020075670728583576,"[[1,1,0,0,0,1,1,0,1,0],[1,1,1,0,1,1,1,1,1,1]]"
5,864,-0.0053590273215219615,0.0053590273215219615,"[[1,1,0,0,0,1,1,0,1,1],[1,1,1,0,1,0,0,0,0,0]]"
5,865,-0.005317183013499204,0.005317183013499204,"[[1,1,0,0,0,1,1,0,1,1],[1,1,1,0,1,0,0,0,0,1]]"
5,866,-0.0057835047170300335,0.0057835047170300335,"[[1,1,0,0,0,1,1,0,1,1],[1,1,1,0,1,0,0,0,1,0]]"
5,867,-0.005740243066639696,0.005740243066639696,"[[1,1,0,0,0,1,1,0,1,1],[1,1,1,0,1,0,0,0,1,1]]"
5,868,-0.0075358987503321125,0.0075358987503321125,"[[1,1,0,0,0,1,1,0,1,1],[1,1,1,0,1,0,0,1,0,0]]"
5,869,-0.0074703998204389945,0.0074703998204389945,"[[1,1,0,0,0,1,1,0,1,1],[1,1,1,0,1,0,0,1,0,1]]"
5,870,-0.007902625633729026,0.007902625633729026,"[[1,1,0,0,0,1,1,0,1,1],[1,1,1,0,1,0,0,1,1,0]]"
5,871,-0.00786029339076315,0.00786029339076315,"[[1,1,0,0,0,1,1,0,1,1],[1,1,1,0,1,0,0,1,1,1]]"
5,872,-0.010050146818811154,0.010050146818811154,"[[1,1,0,0,0,1,1,0,1,1],[1,1,1,0,1,0,1,0,0,0]]"
5,873,-0.009968776681511155,0.009968776681511155,"[[1,1,0,0,0,1,1,0,1,1],[1,1,1,0,1,0,1,0,0,1]]"
5,874,-0.010533164600266104,0.010533164600266104,"[[1,1,0,0,0,1,1,0,1,1],[1,1,1,0,1,0,1,0,1,0]]"
5,875,-0.010462898219144073,0.010462898219144073,"[[1,1,0,0,0,1,1,0,1,1],[1,1,1,0,1,0,1,0,1,1]]"
5,876,-0.012924905736591465,0.012924905736591465,"[[1,1,0,0,0,1,1,0,1,1],[1,1,1,0,1,0,1,1,0,0]]"
5,877,-0.01284358151773477,0.01284358151773477,"[[1,1,0,0,0,1,1,0,1,1],[1,1,1,0,1,0,1,1,0,1]]"
5,878,-0.013387270050926096,0.013387270050926096,"[[1,1,0,0,0,1,1,0,1,1],[1,1,1,0,1,0,1,1,1,0]]"
5,879,-0.013325694496748454,0.013325694496748454,"[[1,1,0,0,0,1,1,0,1,1],[1,1,1,0,1,0,1,1,1,1]]"
5,880,-0.010463866681416235,0.010463866681416235,"[[1,1,0,0,0,1,1,0,1,1],[1,1,1,0,1,1,0,0,0,0]]"
5,881,-0.010371137913646172,0.010371137913646172,"[[1,1,0,0,0,1,1,0,1,1],[1,1,1,0,1,1,0,0,0,1]]"
5,882,-0.010907269870099238,0.010907269870099238,"[[1,1,0,0,0,1,1,0,1,1],[1,1,1,0,1,1,0,0,1,0]]"
5,883,-0.010845695667177736,0.010845695667177736,"[[1,1,0,0,0,1,1,0,1,1],[1,1,1,0,1,1,0,0,1,1]]"
5,884,-0.01332987650450974,0.01332987650450974,"[[1,1,0,0,0,1,1,0,1,1],[1,1,1,0,1,1,0,1,0,0]]"
5,885,-0.013232468431401348,0.013232468431401348,"[[1,1,0,0,0,1,1,0,1,1],[1,1,1,0,1,1,0,1,0,1]]"
5,886,-0.013770463939372144,0.013770463939372144,"[[1,1,0,0,0,1,1,0,1,1],[1,1,1,0,1,1,0,1,1,0]]"
5,887,-0.013721500024528113,0.013721500024528113,"[[1,1,0,0,0,1,1,0,1,1],[1,1,1,0,1,1,0,1,1,1]]"
5,888,-0.016776148962861684,0.016776148962861684,"[[1,1,0,0,0,1,1,0,1,1],[1,1,1,0,1,1,1,0,0,0]]"
5,889,-0.016653616111630916,0.016653616111630916,"[[1,1,0,0,0,1,1,0,1,1],[1,1,1,0,1,1,1,0,0,1]]"
5,890,-0.017165591138370642,0.017165591138370642,"[[1,1,0,0,0,1,1,0,1,1],[1,1,1,0,1,1,1,0,1,0]]"
5,891,-0.017099639533372415,0.017099639533372415,"[[1,1,0,0,0,1,1,0,1,1],[1,1,1,0,1,1,1,0,1,1]]"
5,892,-0.019696296311225336,0.019696296311225336,"[[1,1,0,0,0,1,1,0,1,1],[1,1,1,0,1,1,1,1,0,0]]"
5,893,-0.019580610784045483,0.019580610784045483,"[[1,1,0,0,0,1,1,0,1,1],[1,1,1,0,1,1,1,1,0,1]]"
5,894,-0.020191947434196986,0.020191947434196986,"[[1,1,0,0,0,1,1,0,1,1],[1,1,1,0,1,1,1,1,1,0]]"
5,895,-0.020134926173034414,0.020134926173034414,"[[1,1,0,0,0,1,1,0,1,1],[1,1,1,0,1,1,1,1,1,1]]"
5,896,-0.003756020111705227,0.003756020111705227,"[[1,1,0,0,0,1,1,1,0,0],[1,1,1,0,1,0,0,0,0,0]]"
5,897,-0.00370453432608018,0.00370453432608018,"[[1,1,0,0,0,1,1,1,0,0],[1,1,1,0,1,0,0,0,0,1]]"
5,898,-0.004007878693325963,0.004007878693325963,"[[1,1,0,0,0,1,1,1,0,0],[1,1,1,0,1,0,0,0,1,0]]"
5,899,-0.003970920905190799,0.003970920905190799,"[[1,1,0,0,0,1,1,1,0,0],[1,1,1,0,1,0,0,0,1,1]]"
5,900,-0.005679916868641389,0.005679916868641389,"[[1,1,0,0,0,1,1,1,0,0],[1,1,1,0,1,0,0,1,0,0]]"
5,901,-0.005628683971007989,0.005628683971007989,"[[1,1,0,0,0,1,1,1,0,0],[1,1,1,0,1,0,0,1,0,1]]"
5,902,-0.005946204059373918,0.005946204059373918,"[[1,1,0,0,0,1,1,1,0,0],[1,1,1,0,1,0,0,1,1,0]]"
5,903,-0.0059084878919044735,0.0059084878919044735,"[[1,1,0,0,0,1,1,1,0,0],[1,1,1,0,1,0,0,1,1,1]]"
5,904,-0.007595816135245091,0.007595816135245091,"[[1,1,0,0,0,1,1,1,0,0],[1,1,1,0,1,0,1,0,0,0]]"
5,905,-0.007530653635347685,0.007530653635347685,"[[1,1,0,0,0,1,1,1,0,0],[1,1,1,0,1,0,1,0,0,1]]"
5,906,-0.008067859047047784,0.008067859047047784,"[[1,1,0,0,0,1,1,1,0,0],[1,1,1,0,1,0,1,0,1,0]]"
5,907,-0.007999686161425101,0.007999686161425101,"[[1,1,0,0,0,1,1,1,0,0],[1,1,1,0,1,0,1,0,1,1]]"
5,908,-0.01049586872454608,0.01049586872454608,"[[1,1,0,0,0,1,1,1,0,0],[1,1,1,0,1,0,1,1,0,0]]"
5,909,-0.01042158011314549,0.01042158011314549,"[[1,1,0,0,0,1,1,1,0,0],[1,1,1,0,1,0,1,1,0,1]]"
5,910,-0.010766541191066101,0.010766541191066101,"[[1,1,0,0,0,1,1,1,0,0],[1,1,1,0,1,0,1,1,1,0]]"
5,911,-0.010701980352950464,0.010701980352950464,"[[1,1,0,0,0,1,1,1,0,0],[1,1,1,0,1,0,1,1,1,1]]"
5,912,-0.008097295104108086,0.008097295104108086,"[[1,1,0,0,0,1,1,1,0,0],[1,1,1,0,1,1,0,0,0,0]]"
5,913,-0.008013500253328906,0.008013500253328906,"[[1,1,0,0,0,1,1,1,0,0],[1,1,1,0,1,1,0,0,0,1]]"
5,914,-0.008490814978813507,0.008490814978813507,"[[1,1,0,0,0,1,1,1,0,0],[1,1,1,0,1,1,0,0,1,0]]"
5,915,-0.00842859947532565,0.00842859947532565,"[[1,1,0,0,0,1,1,1,0,0],[1,1,1,0,1,1,0,0,1,1]]"
5,916,-0.010871271299103305,0.010871271299103305,"[[1,1,0,0,0,1,1,1,0,0],[1,1,1,0,1,1,0,1,0,0]]"
5,917,-0.010774652403235791,0.010774652403235791,"[[1,1,0,0,0,1,1,1,0,0],[1,1,1,0,1,1,0,1,0,1]]"
5,918,-0.011100141934574443,0.011100141934574443,"[[1,1,0,0,0,1,1,1,0,0],[1,1,1,0,1,1,0,1,1,0]]"
5,919,-0.011043608352593519,0.011043608352593519,"[[1,1,0,0,0,1,1,1,0,0],[1,1,1,0,1,1,0,1,1,1]]"
5,920,-0.013854670278140295,0.013854670278140295,"[[1,1,0,0,0,1,1,1,0,0],[1,1,1,0,1,1,1,0,0,0]]"
5,921,-0.013739600757169606,0.013739600757169606,"[[1,1,0,0,0,1,1,1,0,0],[1,1,1,0,1,1,1,0,0,1]]"
5,922,-0.014138747379988445,0.014138747379988445,"[[1,1,0,0,0,1,1,1,0,0],[1,1,1,0,1,1,1,0,1,0]]"
5,923,-0.014034283752718788,0.014034283752718788,"[[1,1,0,0,0,1,1,1,0,0],[1,1,1,0,1,1,1,0,1,1]]"
5,924,-0.016709819133076106,0.016709819133076106,"[[1,1,0,0,0,1,1,1,0,0],[1,1,1,0,1,1,1,1,0,0]]"
5,925,-0.01658265404735455,0.01658265404735455,"[[1,1,0,0,0,1,1,1,0,0],[1,1,1,0,1,1,1,1,0,1]]"
5,926,-0.016928161078474026,0.016928161078474026,"[[1,1,0,0,0,1,1,1,0,0],[1,1,1,0,1,1,1,1,1,0]]"
5,927,-0.016860263963595013,0.016860263963595013,"[[1,1,0,0,0,1,1,1,0,0],[1,1,1,0,1,1,1,1,1,1]]"
5,928,-0.003785849847277104,0.003785849847277104,"[[1,1,0,0,0,1,1,1,0,1],[1,1,1,0,1,0,0,0,0,0]]"
5,929,-0.0037342471086546127,0.0037342471086546127,"[[1,1,0,0,0,1,1,1,0,1],[1,1,1,0,1,0,0,0,0,1]]"
5,930,-0.0040497413656711894,0.0040497413656711894,"[[1,1,0,0,0,1,1,1,0,1],[1,1,1,0,1,0,0,0,1,0]]"
5,931,-0.004013047255711792,0.004013047255711792,"[[1,1,0,0,0,1,1,1,0,1],[1,1,1,0,1,0,0,0,1,1]]"
5,932,-0.005714780610455608,0.005714780610455608,"[[1,1,0,0,0,1,1,1,0,1],[1,1,1,0,1,0,0,1,0,0]]"
5,933,-0.005668750492434233,0.005668750492434233,"[[1,1,0,0,0,1,1,1,0,1],[1,1,1,0,1,0,0,1,0,1]]"
5,934,-0.005990395058972701,0.005990395058972701,"[[1,1,0,0,0,1,1,1,0,1],[1,1,1,0,1,0,0,1,1,0]]"
5,935,-0.0059522801081269,0.0059522801081269,"[[1,1,0,0,0,1,1,1,0,1],[1,1,1,0,1,0,0,1,1,1]]"
5,936,-0.007665876411594722,0.007665876411594722,"[[1,1,0,0,0,1,1,1,0,1],[1,1,1,0,1,0,1,0,0,0]]"
5,937,-0.007602910807801016,0.007602910807801016,"[[1,1,0,0,0,1,1,1,0,1],[1,1,1,0,1,0,1,0,0,1]]"
5,938,-0.008117877335048594,0.008117877335048594,"[[1,1,0,0,0,1,1,1,0,1],[1,1,1,0,1,0,1,0,1,0]]"
5,939,-0.008050588717984452,0.008050588717984452,"[[1,1,0,0,0,1,1,1,0,1],[1,1,1,0,1,0,1,0,1,1]]"
5,940,-0.010554686466589538,0.010554686466589538,"[[1,1,0,0,0,1,1,1,0,1],[1,1,1,0,1,0,1,1,0,0]]"
5,941,-0.01048145743570137,0.01048145743570137,"[[1,1,0,0,0,1,1,1,0,1],[1,1,1,0,1,0,1,1,0,1]]"
5,942,-0.010828609839413942,0.010828609839413942,"[[1,1,0,0,0,1,1,1,0,1],[1,1,1,0,1,0,1,1,1,0]]"
5,943,-0.010765244513628654,0.010765244513628654,"[[1,1,0,0,0,1,1,1,0,1],[1,1,1,0,1,0,1,1,1,1]]"
5,944,-0.008155509747320733,0.008155509747320733,"[[1,1,0,0,0,1,1,1,0,1],[1,1,1,0,1,1,0,0,0,0]]"
5,945,-0.008084256600468367,0.008084256600468367,"[[1,1,0,0,0,1,1,1,0,1],[1,1,1,0,1,1,0,0,0,1]]"
5,946,-0.008544515718862316,0.008544515718862316,"[[1,1,0,0,0,1,1,1,0,1],[1,1,1,0,1,1,0,0,1,0]]"
5,947,-0.008480610789566112,0.008480610789566112,"[[1,1,0,0,0,1,1,1,0,1],[1,1,1,0,1,1,0,0,1,1]]"
5,948,-0.010922810481079192,0.010922810481079192,"[[1,1,0,0,0,1,1,1,0,1],[1,1,1,0,1,1,0,1,0,0]]"
5,949,-0.01083491201569782,0.01083491201569782,"[[1,1,0,0,0,1,1,1,0,1],[1,1,1,0,1,1,0,1,0,1]]"
5,950,-0.011166853761974736,0.011166853761974736,"[[1,1,0,0,0,1,1,1,0,1],[1,1,1,0,1,1,0,1,1,0]]"
5,951,-0.011109014833986543,0.011109014833986543,"[[1,1,0,0,0,1,1,1,0,1],[1,1,1,0,1,1,0,1,1,1]]"
5,952,-0.013916285361038732,0.013916285361038732,"[[1,1,0,0,0,1,1,1,0,1],[1,1,1,0,1,1,1,0,0,0]]"
5,953,-0.01380075630835791,0.01380075630835791,"[[1,1,0,0,0,1,1,1,0,1],[1,1,1,0,1,1,1,0,0,1]]"
5,954,-0.01420420266444901,0.01420420266444901,"[[1,1,0,0,0,1,1,1,0,1],[1,1,1,0,1,1,1,0,1,0]]"
5,955,-0.014099441226778742,0.014099441226778742,"[[1,1,0,0,0,1,1,1,0,1],[1,1,1,0,1,1,1,0,1,1]]"
5,956,-0.01676846232735523,0.01676846232735523,"[[1,1,0,0,0,1,1,1,0,1],[1,1,1,0,1,1,1,1,0,0]]"
5,957,-0.016640571138191586,0.016640571138191586,"[[1,1,0,0,0,1,1,1,0,1],[1,1,1,0,1,1,1,1,0,1]]"
5,958,-0.016990192514873798,0.016990192514873798,"[[1,1,0,0,0,1,1,1,0,1],[1,1,1,0,1,1,1,1,1,0]]"
5,959,-0.01691366181381621,0.01691366181381621,"[[1,1,0,0,0,1,1,1,0,1],[1,1,1,0,1,1,1,1,1,1]]"
5,960,-0.0034586902059500486,0.0034586902059500486,"[[1,1,0,0,0,1,1,1,1,0],[1,1,1,0,1,0,0,0,0,0]]"
5,961,-0.0034106617562482612,0.0034106617562482612,"[[1,1,0,0,0,1,1,1,1,0],[1,1,1,0,1,0,0,0,0,1]]"
5,962,-0.003809307762153634,0.003809307762153634,"[[1,1,0,0,0,1,1,1,1,0],[1,1,1,0,1,0,0,0,1,0]]"
5,963,-0.00377129996372319,0.00377129996372319,"[[1,1,0,0,0,1,1,1,1,0],[1,1,1,0,1,0,0,0,1,1]]"
5,964,-0.005255922415476335,0.005255922415476335,"[[1,1,0,0,0,1,1,1,1,0],[1,1,1,0,1,0,0,1,0,0]]"
5,965,-0.0052194046468604085,0.0052194046468604085,"[[1,1,0,0,0,1,1,1,1,0],[1,1,1,0,1,0,0,1,0,1]]"
5,966,-0.005649074313563017,0.005649074313563017,"[[1,1,0,0,0,1,1,1,1,0],[1,1,1,0,1,0,0,1,1,0]]"
5,967,-0.005617324766201559,0.005617324766201559,"[[1,1,0,0,0,1,1,1,1,0],[1,1,1,0,1,0,0,1,1,1]]"
5,968,-0.007026085227800219,0.007026085227800219,"[[1,1,0,0,0,1,1,1,1,0],[1,1,1,0,1,0,1,0,0,0]]"
5,969,-0.006975334790501764,0.006975334790501764,"[[1,1,0,0,0,1,1,1,1,0],[1,1,1,0,1,0,1,0,0,1]]"
5,970,-0.007597464929657321,0.007597464929657321,"[[1,1,0,0,0,1,1,1,1,0],[1,1,1,0,1,0,1,0,1,0]]"
5,971,-0.007539906919014612,0.007539906919014612,"[[1,1,0,0,0,1,1,1,1,0],[1,1,1,0,1,0,1,0,1,1]]"
5,972,-0.009863365411690486,0.009863365411690486,"[[1,1,0,0,0,1,1,1,1,0],[1,1,1,0,1,0,1,1,0,0]]"
5,973,-0.009807855589826346,0.009807855589826346,"[[1,1,0,0,0,1,1,1,1,0],[1,1,1,0,1,0,1,1,0,1]]"
5,974,-0.010285620675835556,0.010285620675835556,"[[1,1,0,0,0,1,1,1,1,0],[1,1,1,0,1,0,1,1,1,0]]"
5,975,-0.010240917814549517,0.010240917814549517,"[[1,1,0,0,0,1,1,1,1,0],[1,1,1,0,1,0,1,1,1,1]]"
5,976,-0.007513970850858399,0.007513970850858399,"[[1,1,0,0,0,1,1,1,1,0],[1,1,1,0,1,1,0,0,0,0]]"
5,977,-0.007463915917960996,0.007463915917960996,"[[1,1,0,0,0,1,1,1,1,0],[1,1,1,0,1,1,0,0,0,1]]"
5,978,-0.00811872029328667,0.00811872029328667,"[[1,1,0,0,0,1,1,1,1,0],[1,1,1,0,1,1,0,0,1,0]]"
5,979,-0.008056688022328127,0.008056688022328127,"[[1,1,0,0,0,1,1,1,1,0],[1,1,1,0,1,1,0,0,1,1]]"
5,980,-0.01017969160438597,0.01017969160438597,"[[1,1,0,0,0,1,1,1,1,0],[1,1,1,0,1,1,0,1,0,0]]"
5,981,-0.010126677660338892,0.010126677660338892,"[[1,1,0,0,0,1,1,1,1,0],[1,1,1,0,1,1,0,1,0,1]]"
5,982,-0.010656844358447775,0.010656844358447775,"[[1,1,0,0,0,1,1,1,1,0],[1,1,1,0,1,1,0,1,1,0]]"
5,983,-0.010606861058449445,0.010606861058449445,"[[1,1,0,0,0,1,1,1,1,0],[1,1,1,0,1,1,0,1,1,1]]"
5,984,-0.013044204962922516,0.013044204962922516,"[[1,1,0,0,0,1,1,1,1,0],[1,1,1,0,1,1,1,0,0,0]]"
5,985,-0.012942694620055458,0.012942694620055458,"[[1,1,0,0,0,1,1,1,1,0],[1,1,1,0,1,1,1,0,0,1]]"
5,986,-0.013461963428407274,0.013461963428407274,"[[1,1,0,0,0,1,1,1,1,0],[1,1,1,0,1,1,1,0,1,0]]"
5,987,-0.013367358423056284,0.013367358423056284,"[[1,1,0,0,0,1,1,1,1,0],[1,1,1,0,1,1,1,0,1,1]]"
5,988,-0.015802381826623534,0.015802381826623534,"[[1,1,0,0,0,1,1,1,1,0],[1,1,1,0,1,1,1,1,0,0]]"
5,989,-0.01569732282829318,0.01569732282829318,"[[1,1,0,0,0,1,1,1,1,0],[1,1,1,0,1,1,1,1,0,1]]"
5,990,-0.01620741208661644,0.01620741208661644,"[[1,1,0,0,0,1,1,1,1,0],[1,1,1,0,1,1,1,1,1,0]]"
5,991,-0.016167586615963493,0.016167586615963493,"[[1,1,0,0,0,1,1,1,1,0],[1,1,1,0,1,1,1,1,1,1]]"
5,992,-0.003486033610989965,0.003486033610989965,"[[1,1,0,0,0,1,1,1,1,1],[1,1,1,0,1,0,0,0,0,0]]"
5,993,-0.003438142873341148,0.003438142873341148,"[[1,1,0,0,0,1,1,1,1,1],[1,1,1,0,1,0,0,0,0,1]]"
5,994,-0.003846211906032816,0.003846211906032816,"[[1,1,0,0,0,1,1,1,1,1],[1,1,1,0,1,0,0,0,1,0]]"
5,995,-0.003806669375531935,0.003806669375531935,"[[1,1,0,0,0,1,1,1,1,1],[1,1,1,0,1,0,0,0,1,1]]"
5,996,-0.005297033398710723,0.005297033398710723,"[[1,1,0,0,0,1,1,1,1,1],[1,1,1,0,1,0,0,1,0,0]]"
5,997,-0.005260362567166305,0.005260362567166305,"[[1,1,0,0,0,1,1,1,1,1],[1,1,1,0,1,0,0,1,0,1]]"
5,998,-0.005692507389027498,0.005692507389027498,"[[1,1,0,0,0,1,1,1,1,1],[1,1,1,0,1,0,0,1,1,0]]"
5,999,-0.005660752615032483,0.005660752615032483,"[[1,1,0,0,0,1,1,1,1,1],[1,1,1,0,1,0,0,1,1,1]]"
5,1000,-0.007098287476745802,0.007098287476745802,"[[1,1,0,0,0,1,1,1,1,1],[1,1,1,0,1,0,1,0,0,0]]"
5,1001,-0.0070501150731257425,0.0070501150731257425,"[[1,1,0,0,0,1,1,1,1,1],[1,1,1,0,1,0,1,0,0,1]]"
5,1002,-0.007646806395021046,0.007646806395021046,"[[1,1,0,0,0,1,1,1,1,1],[1,1,1,0,1,0,1,0,1,0]]"
5,1003,-0.0075964680374886314,0.0075964680374886314,"[[1,1,0,0,0,1,1,1,1,1],[1,1,1,0,1,0,1,0,1,1]]"
5,1004,-0.009925576826434475,0.009925576826434475,"[[1,1,0,0,0,1,1,1,1,1],[1,1,1,0,1,0,1,1,0,0]]"
5,1005,-0.009871608717824573,0.009871608717824573,"[[1,1,0,0,0,1,1,1,1,1],[1,1,1,0,1,0,1,1,0,1]]"
5,1006,-0.010351428265600076,0.010351428265600076,"[[1,1,0,0,0,1,1,1,1,1],[1,1,1,0,1,0,1,1,1,0]]"
5,1007,-0.01031010479174435,0.01031010479174435,"[[1,1,0,0,0,1,1,1,1,1],[1,1,1,0,1,0,1,1,1,1]]"
5,1008,-0.007584122513209723,0.007584122513209723,"[[1,1,0,0,0,1,1,1,1,1],[1,1,1,0,1,1,0,0,0,0]]"
5,1009,-0.007533582616222327,0.007533582616222327,"[[1,1,0,0,0,1,1,1,1,1],[1,1,1,0,1,1,0,0,0,1]]"
5,1010,-0.008168569161374171,0.008168569161374171,"[[1,1,0,0,0,1,1,1,1,1],[1,1,1,0,1,1,0,0,1,0]]"
5,1011,-0.008105015981617843,0.008105015981617843,"[[1,1,0,0,0,1,1,1,1,1],[1,1,1,0,1,1,0,0,1,1]]"
5,1012,-0.010244677464952334,0.010244677464952334,"[[1,1,0,0,0,1,1,1,1,1],[1,1,1,0,1,1,0,1,0,0]]"
5,1013,-0.01019071493843159,0.01019071493843159,"[[1,1,0,0,0,1,1,1,1,1],[1,1,1,0,1,1,0,1,0,1]]"
5,1014,-0.010722892197947132,0.010722892197947132,"[[1,1,0,0,0,1,1,1,1,1],[1,1,1,0,1,1,0,1,1,0]]"
5,1015,-0.01067229738537502,0.01067229738537502,"[[1,1,0,0,0,1,1,1,1,1],[1,1,1,0,1,1,0,1,1,1]]"
5,1016,-0.013106893007450073,0.013106893007450073,"[[1,1,0,0,0,1,1,1,1,1],[1,1,1,0,1,1,1,0,0,0]]"
5,1017,-0.013005298349090522,0.013005298349090522,"[[1,1,0,0,0,1,1,1,1,1],[1,1,1,0,1,1,1,0,0,1]]"
5,1018,-0.013526599187145298,0.013526599187145298,"[[1,1,0,0,0,1,1,1,1,1],[1,1,1,0,1,1,1,0,1,0]]"
5,1019,-0.013432025805961405,0.013432025805961405,"[[1,1,0,0,0,1,1,1,1,1],[1,1,1,0,1,1,1,0,1,1]]"
5,1020,-0.01586548173207752,0.01586548173207752,"[[1,1,0,0,0,1,1,1,1,1],[1,1,1,0,1,1,1,1,0,0]]"
5,1021,-0.0157602704422275,0.0157602704422275,"[[1,1,0,0,0,1,1,1,1,1],[1,1,1,0,1,1,1,1,0,1]]"
5,1022,-0.0162714687096491,0.0162714687096491,"[[1,1,0,0,0,1,1,1,1,1],[1,1,1,0,1,1,1,1,1,0]]"
5,1023,-0.016225806646168687,0.016225806646168687,"[[1,1,0,0,0,1,1,1,1,1],[1,1,1,0,1,1,1,1,1,1]]"
6,0,-0.02049156790387248,0.02049156790387248,"[[1,1,0,0,0,0,0,0,0,0],[1,1,1,0,1,0,0,0,0,0]]"
6,1,-0.02044060958410835,0.02044060958410835,"[[1,1,0,0,0,0,0,0,0,0],[1,1,1,0,1,0,0,0,0,1]]"
6,2,-0.021176507084161644,0.021176507084161644,"[[1,1,0,0,0,0,0,0,0,0],[1,1,1,0,1,0,0,0,1,0]]"
6,3,-0.02112662054198365,0.02112662054198365,"[[1,1,0,0,0,0,0,0,0,0],[1,1,1,0,1,0,0,0,1,1]]"
6,4,-0.02431721078953733,0.02431721078953733,"[[1,1,0,0,0,0,0,0,0,0],[1,1,1,0,1,0,0,1,0,0]]"
6,5,-0.024253816602770775,0.024253816602770775,"[[1,1,0,0,0,0,0,0,0,0],[1,1,1,0,1,0,0,1,0,1]]"
6,6,-0.02507765323940179,0.02507765323940179,"[[1,1,0,0,0,0,0,0,0,0],[1,1,1,0,1,0,0,1,1,0]]"
6,7,-0.025015414669369497,0.025015414669369497,"[[1,1,0,0,0,0,0,0,0,0],[1,1,1,0,1,0,0,1,1,1]]"
6,8,-0.030011012181250893,0.030011012181250893,"[[1,1,0,0,0,0,0,0,0,0],[1,1,1,0,1,0,1,0,0,0]]"
6,9,-0.02993223141370336,0.02993223141370336,"[[1,1,0,0,0,0,0,0,0,0],[1,1,1,0,1,0,1,0,0,1]]"
6,10,-0.030872617032431483,0.030872617032431483,"[[1,1,0,0,0,0,0,0,0,0],[1,1,1,0,1,0,1,0,1,0]]"
6,11,-0.030794910023222807,0.030794910023222807,"[[1,1,0,0,0,0,0,0,0,0],[1,1,1,0,1,0,1,0,1,1]]"
6,12,-0.03476753649010935,0.03476753649010935,"[[1,1,0,0,0,0,0,0,0,0],[1,1,1,0,1,0,1,1,0,0]]"
6,13,-0.03468584851413483,0.03468584851413483,"[[1,1,0,0,0,0,0,0,0,0],[1,1,1,0,1,0,1,1,0,1]]"
6,14,-0.03571594300059023,0.03571594300059023,"[[1,1,0,0,0,0,0,0,0,0],[1,1,1,0,1,0,1,1,1,0]]"
6,15,-0.03563532703583378,0.03563532703583378,"[[1,1,0,0,0,0,0,0,0,0],[1,1,1,0,1,0,1,1,1,1]]"
6,16,-0.03340268091317307,0.03340268091317307,"[[1,1,0,0,0,0,0,0,0,0],[1,1,1,0,1,1,0,0,0,0]]"
6,17,-0.033273233748953024,0.033273233748953024,"[[1,1,0,0,0,0,0,0,0,0],[1,1,1,0,1,1,0,0,0,1]]"
6,18,-0.03435757719937868,0.03435757719937868,"[[1,1,0,0,0,0,0,0,0,0],[1,1,1,0,1,1,0,0,1,0]]"
6,19,-0.034228758507170866,0.034228758507170866,"[[1,1,0,0,0,0,0,0,0,0],[1,1,1,0,1,1,0,0,1,1]]"
6,20,-0.038695829488238756,0.038695829488238756,"[[1,1,0,0,0,0,0,0,0,0],[1,1,1,0,1,1,0,1,0,0]]"
6,21,-0.03855236038045344,0.03855236038045344,"[[1,1,0,0,0,0,0,0,0,0],[1,1,1,0,1,1,0,1,0,1]]"
6,22,-0.0397312539419625,0.0397312539419625,"[[1,1,0,0,0,0,0,0,0,0],[1,1,1,0,1,1,0,1,1,0]]"
6,23,-0.039588322255940785,0.039588322255940785,"[[1,1,0,0,0,0,0,0,0,0],[1,1,1,0,1,1,0,1,1,1]]"
6,24,-0.046283678576553,0.046283678576553,"[[1,1,0,0,0,0,0,0,0,0],[1,1,1,0,1,1,1,0,0,0]]"
6,25,-0.04612879069963634,0.04612879069963634,"[[1,1,0,0,0,0,0,0,0,0],[1,1,1,0,1,1,1,0,0,1]]"
6,26,-0.04743564026308606,0.04743564026308606,"[[1,1,0,0,0,0,0,0,0,0],[1,1,1,0,1,1,1,0,1,0]]"
6,27,-0.047281197850414534,0.047281197850414534,"[[1,1,0,0,0,0,0,0,0,0],[1,1,1,0,1,1,1,0,1,1]]"
6,28,-0.05259237755477945,0.05259237755477945,"[[1,1,0,0,0,0,0,0,0,0],[1,1,1,0,1,1,1,1,0,0]]"
6,29,-0.05244379737071302,0.05244379737071302,"[[1,1,0,0,0,0,0,0,0,0],[1,1,1,0,1,1,1,1,0,1]]"
6,30,-0.053825412121846127,0.053825412121846127,"[[1,1,0,0,0,0,0,0,0,0],[1,1,1,0,1,1,1,1,1,0]]"
6,31,-0.05368435103419758,0.05368435103419758,"[[1,1,0,0,0,0,0,0,0,0],[1,1,1,0,1,1,1,1,1,1]]"
6,32,-0.020480091221001185,0.020480091221001185,"[[1,1,0,0,0,0,0,0,0,1],[1,1,1,0,1,0,0,0,0,0]]"
6,33,-0.020419207531808373,0.020419207531808373,"[[1,1,0,0,0,0,0,0,0,1],[1,1,1,0,1,0,0,0,0,1]]"
6,34,-0.02116281832836266,0.02116281832836266,"[[1,1,0,0,0,0,0,0,0,1],[1,1,1,0,1,0,0,0,1,0]]"
6,35,-0.021102877226121367,0.021102877226121367,"[[1,1,0,0,0,0,0,0,0,1],[1,1,1,0,1,0,0,0,1,1]]"
6,36,-0.024313231079163708,0.024313231079163708,"[[1,1,0,0,0,0,0,0,0,1],[1,1,1,0,1,0,0,1,0,0]]"
6,37,-0.02424747700925064,0.02424747700925064,"[[1,1,0,0,0,0,0,0,0,1],[1,1,1,0,1,0,0,1,0,1]]"
6,38,-0.025073179606347865,0.025073179606347865,"[[1,1,0,0,0,0,0,0,0,1],[1,1,1,0,1,0,0,1,1,0]]"
6,39,-0.025008448863998726,0.025008448863998726,"[[1,1,0,0,0,0,0,0,0,1],[1,1,1,0,1,0,0,1,1,1]]"
6,40,-0.029975060919797684,0.029975060919797684,"[[1,1,0,0,0,0,0,0,0,1],[1,1,1,0,1,0,1,0,0,0]]"
6,41,-0.029893249470383708,0.029893249470383708,"[[1,1,0,0,0,0,0,0,0,1],[1,1,1,0,1,0,1,0,0,1]]"
6,42,-0.030836150517423402,0.030836150517423402,"[[1,1,0,0,0,0,0,0,0,1],[1,1,1,0,1,0,1,0,1,0]]"
6,43,-0.030755278426676934,0.030755278426676934,"[[1,1,0,0,0,0,0,0,0,1],[1,1,1,0,1,0,1,0,1,1]]"
6,44,-0.034755605277630275,0.034755605277630275,"[[1,1,0,0,0,0,0,0,0,1],[1,1,1,0,1,0,1,1,0,0]]"
6,45,-0.03467031170090346,0.03467031170090346,"[[1,1,0,0,0,0,0,0,0,1],[1,1,1,0,1,0,1,1,0,1]]"
6,46,-0.03570347834666018,0.03570347834666018,"[[1,1,0,0,0,0,0,0,0,1],[1,1,1,0,1,0,1,1,1,0]]"
6,47,-0.035617901422951195,0.035617901422951195,"[[1,1,0,0,0,0,0,0,0,1],[1,1,1,0,1,0,1,1,1,1]]"
6,48,-0.033397863822983716,0.033397863822983716,"[[1,1,0,0,0,0,0,0,0,1],[1,1,1,0,1,1,0,0,0,0]]"
6,49,-0.033263815238804215,0.033263815238804215,"[[1,1,0,0,0,0,0,0,0,1],[1,1,1,0,1,1,0,0,0,1]]"
6,50,-0.03435206917267795,0.03435206917267795,"[[1,1,0,0,0,0,0,0,0,1],[1,1,1,0,1,1,0,0,1,0]]"
6,51,-0.03421829586937839,0.03421829586937839,"[[1,1,0,0,0,0,0,0,0,1],[1,1,1,0,1,1,0,0,1,1]]"
6,52,-0.038683191226628263,0.038683191226628263,"[[1,1,0,0,0,0,0,0,0,1],[1,1,1,0,1,1,0,1,0,0]]"
6,53,-0.03853395886797647,0.03853395886797647,"[[1,1,0,0,0,0,0,0,0,1],[1,1,1,0,1,1,0,1,0,1]]"
6,54,-0.039718468337897245,0.039718468337897245,"[[1,1,0,0,0,0,0,0,0,1],[1,1,1,0,1,1,0,1,1,0]]"
6,55,-0.03956963598269116,0.03956963598269116,"[[1,1,0,0,0,0,0,0,0,1],[1,1,1,0,1,1,0,1,1,1]]"
6,56,-0.046239692863908714,0.046239692863908714,"[[1,1,0,0,0,0,0,0,0,1],[1,1,1,0,1,1,1,0,0,0]]"
6,57,-0.04608341509649555,0.04608341509649555,"[[1,1,0,0,0,0,0,0,0,1],[1,1,1,0,1,1,1,0,0,1]]"
6,58,-0.0473816732666487,0.0473816732666487,"[[1,1,0,0,0,0,0,0,0,1],[1,1,1,0,1,1,1,0,1,0]]"
6,59,-0.04723324669584665,0.04723324669584665,"[[1,1,0,0,0,0,0,0,0,1],[1,1,1,0,1,1,1,0,1,1]]"
6,60,-0.05254319378444948,0.05254319378444948,"[[1,1,0,0,0,0,0,0,0,1],[1,1,1,0,1,1,1,1,0,0]]"
6,61,-0.052394068027394075,0.052394068027394075,"[[1,1,0,0,0,0,0,0,0,1],[1,1,1,0,1,1,1,1,0,1]]"
6,62,-0.05377566668131355,0.05377566668131355,"[[1,1,0,0,0,0,0,0,0,1],[1,1,1,0,1,1,1,1,1,0]]"
6,63,-0.05362730741355804,0.05362730741355804,"[[1,1,0,0,0,0,0,0,0,1],[1,1,1,0,1,1,1,1,1,1]]"
6,64,-0.01953081886308038,0.01953081886308038,"[[1,1,0,0,0,0,0,0,1,0],[1,1,1,0,1,0,0,0,0,0]]"
6,65,-0.019469522338798912,0.019469522338798912,"[[1,1,0,0,0,0,0,0,1,0],[1,1,1,0,1,0,0,0,0,1]]"
6,66,-0.020397291396571933,0.020397291396571933,"[[1,1,0,0,0,0,0,0,1,0],[1,1,1,0,1,0,0,0,1,0]]"
6,67,-0.02033430650978925,0.02033430650978925,"[[1,1,0,0,0,0,0,0,1,0],[1,1,1,0,1,0,0,0,1,1]]"
6,68,-0.023277434378484046,0.023277434378484046,"[[1,1,0,0,0,0,0,0,1,0],[1,1,1,0,1,0,0,1,0,0]]"
6,69,-0.023200485445416894,0.023200485445416894,"[[1,1,0,0,0,0,0,0,1,0],[1,1,1,0,1,0,0,1,0,1]]"
6,70,-0.02422787435358313,0.02422787435358313,"[[1,1,0,0,0,0,0,0,1,0],[1,1,1,0,1,0,0,1,1,0]]"
6,71,-0.024149927733037223,0.024149927733037223,"[[1,1,0,0,0,0,0,0,1,0],[1,1,1,0,1,0,0,1,1,1]]"
6,72,-0.028828928559913876,0.028828928559913876,"[[1,1,0,0,0,0,0,0,1,0],[1,1,1,0,1,0,1,0,0,0]]"
6,73,-0.028745530665967745,0.028745530665967745,"[[1,1,0,0,0,0,0,0,1,0],[1,1,1,0,1,0,1,0,0,1]]"
6,74,-0.02991804643404772,0.02991804643404772,"[[1,1,0,0,0,0,0,0,1,0],[1,1,1,0,1,0,1,0,1,0]]"
6,75,-0.02983295935335394,0.02983295935335394,"[[1,1,0,0,0,0,0,0,1,0],[1,1,1,0,1,0,1,0,1,1]]"
6,76,-0.03346556315526894,0.03346556315526894,"[[1,1,0,0,0,0,0,0,1,0],[1,1,1,0,1,0,1,1,0,0]]"
6,77,-0.033366525909529765,0.033366525909529765,"[[1,1,0,0,0,0,0,0,1,0],[1,1,1,0,1,0,1,1,0,1]]"
6,78,-0.03466098732077128,0.03466098732077128,"[[1,1,0,0,0,0,0,0,1,0],[1,1,1,0,1,0,1,1,1,0]]"
6,79,-0.034560253227832426,0.034560253227832426,"[[1,1,0,0,0,0,0,0,1,0],[1,1,1,0,1,0,1,1,1,1]]"
6,80,-0.0319625904354869,0.0319625904354869,"[[1,1,0,0,0,0,0,0,1,0],[1,1,1,0,1,1,0,0,0,0]]"
6,81,-0.031839494984223914,0.031839494984223914,"[[1,1,0,0,0,0,0,0,1,0],[1,1,1,0,1,1,0,0,0,1]]"
6,82,-0.03315463234371697,0.03315463234371697,"[[1,1,0,0,0,0,0,0,1,0],[1,1,1,0,1,1,0,0,1,0]]"
6,83,-0.03302970527423141,0.03302970527423141,"[[1,1,0,0,0,0,0,0,1,0],[1,1,1,0,1,1,0,0,1,1]]"
6,84,-0.03703973486536478,0.03703973486536478,"[[1,1,0,0,0,0,0,0,1,0],[1,1,1,0,1,1,0,1,0,0]]"
6,85,-0.036903538999218784,0.036903538999218784,"[[1,1,0,0,0,0,0,0,1,0],[1,1,1,0,1,1,0,1,0,1]]"
6,86,-0.03816580913419347,0.03816580913419347,"[[1,1,0,0,0,0,0,0,1,0],[1,1,1,0,1,1,0,1,1,0]]"
6,87,-0.038030012559215634,0.038030012559215634,"[[1,1,0,0,0,0,0,0,1,0],[1,1,1,0,1,1,0,1,1,1]]"
6,88,-0.04455648922054932,0.04455648922054932,"[[1,1,0,0,0,0,0,0,1,0],[1,1,1,0,1,1,1,0,0,0]]"
6,89,-0.04440778761185764,0.04440778761185764,"[[1,1,0,0,0,0,0,0,1,0],[1,1,1,0,1,1,1,0,0,1]]"
6,90,-0.045990962034360795,0.045990962034360795,"[[1,1,0,0,0,0,0,0,1,0],[1,1,1,0,1,1,1,0,1,0]]"
6,91,-0.04584056305257915,0.04584056305257915,"[[1,1,0,0,0,0,0,0,1,0],[1,1,1,0,1,1,1,0,1,1]]"
6,92,-0.0506757188216619,0.0506757188216619,"[[1,1,0,0,0,0,0,0,1,0],[1,1,1,0,1,1,1,1,0,0]]"
6,93,-0.05051062076941996,0.05051062076941996,"[[1,1,0,0,0,0,0,0,1,0],[1,1,1,0,1,1,1,1,0,1]]"
6,94,-0.052002814097324095,0.052002814097324095,"[[1,1,0,0,0,0,0,0,1,0],[1,1,1,0,1,1,1,1,1,0]]"
6,95,-0.051832196518040344,0.051832196518040344,"[[1,1,0,0,0,0,0,0,1,0],[1,1,1,0,1,1,1,1,1,1]]"
6,96,-0.019551910482166833,0.019551910482166833,"[[1,1,0,0,0,0,0,0,1,1],[1,1,1,0,1,0,0,0,0,0]]"
6,97,-0.01948922624567144,0.01948922624567144,"[[1,1,0,0,0,0,0,0,1,1],[1,1,1,0,1,0,0,0,0,1]]"
6,98,-0.02041637909137079,0.02041637909137079,"[[1,1,0,0,0,0,0,0,1,1],[1,1,1,0,1,0,0,0,1,0]]"
6,99,-0.02035181253162483,0.02035181253162483,"[[1,1,0,0,0,0,0,0,1,1],[1,1,1,0,1,0,0,0,1,1]]"
6,100,-0.023293012819718236,0.023293012819718236,"[[1,1,0,0,0,0,0,0,1,1],[1,1,1,0,1,0,0,1,0,0]]"
6,101,-0.02321382113306785,0.02321382113306785,"[[1,1,0,0,0,0,0,0,1,1],[1,1,1,0,1,0,0,1,0,1]]"
6,102,-0.024240225605322865,0.024240225605322865,"[[1,1,0,0,0,0,0,0,1,1],[1,1,1,0,1,0,0,1,1,0]]"
6,103,-0.024161721572205884,0.024161721572205884,"[[1,1,0,0,0,0,0,0,1,1],[1,1,1,0,1,0,0,1,1,1]]"
6,104,-0.028831810643414776,0.028831810643414776,"[[1,1,0,0,0,0,0,0,1,1],[1,1,1,0,1,0,1,0,0,0]]"
6,105,-0.028736034185657785,0.028736034185657785,"[[1,1,0,0,0,0,0,0,1,1],[1,1,1,0,1,0,1,0,0,1]]"
6,106,-0.02991661557048072,0.02991661557048072,"[[1,1,0,0,0,0,0,0,1,1],[1,1,1,0,1,0,1,0,1,0]]"
6,107,-0.029818746576575586,0.029818746576575586,"[[1,1,0,0,0,0,0,0,1,1],[1,1,1,0,1,0,1,0,1,1]]"
6,108,-0.03347665099893364,0.03347665099893364,"[[1,1,0,0,0,0,0,0,1,1],[1,1,1,0,1,0,1,1,0,0]]"
6,109,-0.033374142755451724,0.033374142755451724,"[[1,1,0,0,0,0,0,0,1,1],[1,1,1,0,1,0,1,1,0,1]]"
6,110,-0.034665747634416454,0.034665747634416454,"[[1,1,0,0,0,0,0,0,1,1],[1,1,1,0,1,0,1,1,1,0]]"
6,111,-0.03456567587257497,0.03456567587257497,"[[1,1,0,0,0,0,0,0,1,1],[1,1,1,0,1,0,1,1,1,1]]"
6,112,-0.0319598001045202,0.0319598001045202,"[[1,1,0,0,0,0,0,0,1,1],[1,1,1,0,1,1,0,0,0,0]]"
6,113,-0.03183221448655969,0.03183221448655969,"[[1,1,0,0,0,0,0,0,1,1],[1,1,1,0,1,1,0,0,0,1]]"
6,114,-0.03314990435542765,0.03314990435542765,"[[1,1,0,0,0,0,0,0,1,1],[1,1,1,0,1,1,0,0,1,0]]"
6,115,-0.033020300967851676,0.033020300967851676,"[[1,1,0,0,0,0,0,0,1,1],[1,1,1,0,1,1,0,0,1,1]]"
6,116,-0.03703119474341694,0.03703119474341694,"[[1,1,0,0,0,0,0,0,1,1],[1,1,1,0,1,1,0,1,0,0]]"
6,117,-0.036889637033588066,0.036889637033588066,"[[1,1,0,0,0,0,0,0,1,1],[1,1,1,0,1,1,0,1,0,1]]"
6,118,-0.03815711376124629,0.03815711376124629,"[[1,1,0,0,0,0,0,0,1,1],[1,1,1,0,1,1,0,1,1,0]]"
6,119,-0.038015882199657756,0.038015882199657756,"[[1,1,0,0,0,0,0,0,1,1],[1,1,1,0,1,1,0,1,1,1]]"
6,120,-0.04454475626100568,0.04454475626100568,"[[1,1,0,0,0,0,0,0,1,1],[1,1,1,0,1,1,1,0,0,0]]"
6,121,-0.04439000939186001,0.04439000939186001,"[[1,1,0,0,0,0,0,0,1,1],[1,1,1,0,1,1,1,0,0,1]]"
6,122,-0.04597722097181525,0.04597722097181525,"[[1,1,0,0,0,0,0,0,1,1],[1,1,1,0,1,1,1,0,1,0]]"
6,123,-0.04582060595999268,0.04582060595999268,"[[1,1,0,0,0,0,0,0,1,1],[1,1,1,0,1,1,1,0,1,1]]"
6,124,-0.05065848889705169,0.05065848889705169,"[[1,1,0,0,0,0,0,0,1,1],[1,1,1,0,1,1,1,1,0,0]]"
6,125,-0.050486459717142586,0.050486459717142586,"[[1,1,0,0,0,0,0,0,1,1],[1,1,1,0,1,1,1,1,0,1]]"
6,126,-0.05198541772227255,0.05198541772227255,"[[1,1,0,0,0,0,0,0,1,1],[1,1,1,0,1,1,1,1,1,0]]"
6,127,-0.05180683153376007,0.05180683153376007,"[[1,1,0,0,0,0,0,0,1,1],[1,1,1,0,1,1,1,1,1,1]]"
6,128,-0.01610775887202579,0.01610775887202579,"[[1,1,0,0,0,0,0,1,0,0],[1,1,1,0,1,0,0,0,0,0]]"
6,129,-0.015975501905144712,0.015975501905144712,"[[1,1,0,0,0,0,0,1,0,0],[1,1,1,0,1,0,0,0,0,1]]"
6,130,-0.016399123962829196,0.016399123962829196,"[[1,1,0,0,0,0,0,1,0,0],[1,1,1,0,1,0,0,0,1,0]]"
6,131,-0.016333210310547696,0.016333210310547696,"[[1,1,0,0,0,0,0,1,0,0],[1,1,1,0,1,0,0,0,1,1]]"
6,132,-0.019578039886735996,0.019578039886735996,"[[1,1,0,0,0,0,0,1,0,0],[1,1,1,0,1,0,0,1,0,0]]"
6,133,-0.019513563910824615,0.019513563910824615,"[[1,1,0,0,0,0,0,1,0,0],[1,1,1,0,1,0,0,1,0,1]]"
6,134,-0.020259324242996347,0.020259324242996347,"[[1,1,0,0,0,0,0,1,0,0],[1,1,1,0,1,0,0,1,1,0]]"
6,135,-0.020195296308202323,0.020195296308202323,"[[1,1,0,0,0,0,0,1,0,0],[1,1,1,0,1,0,0,1,1,1]]"
6,136,-0.0244305278719589,0.0244305278719589,"[[1,1,0,0,0,0,0,1,0,0],[1,1,1,0,1,0,1,0,0,0]]"
6,137,-0.0242680653676747,0.0242680653676747,"[[1,1,0,0,0,0,0,1,0,0],[1,1,1,0,1,0,1,0,0,1]]"
6,138,-0.024810166737691843,0.024810166737691843,"[[1,1,0,0,0,0,0,1,0,0],[1,1,1,0,1,0,1,0,1,0]]"
6,139,-0.024713037652856516,0.024713037652856516,"[[1,1,0,0,0,0,0,1,0,0],[1,1,1,0,1,0,1,0,1,1]]"
6,140,-0.02894853379529899,0.02894853379529899,"[[1,1,0,0,0,0,0,1,0,0],[1,1,1,0,1,0,1,1,0,0]]"
6,141,-0.028858468380672804,0.028858468380672804,"[[1,1,0,0,0,0,0,1,0,0],[1,1,1,0,1,0,1,1,0,1]]"
6,142,-0.02981287447380689,0.02981287447380689,"[[1,1,0,0,0,0,0,1,0,0],[1,1,1,0,1,0,1,1,1,0]]"
6,143,-0.029721254132131968,0.029721254132131968,"[[1,1,0,0,0,0,0,1,0,0],[1,1,1,0,1,0,1,1,1,1]]"
6,144,-0.027484119556318135,0.027484119556318135,"[[1,1,0,0,0,0,0,1,0,0],[1,1,1,0,1,1,0,0,0,0]]"
6,145,-0.027240868750307165,0.027240868750307165,"[[1,1,0,0,0,0,0,1,0,0],[1,1,1,0,1,1,0,0,0,1]]"
6,146,-0.027746152354561744,0.027746152354561744,"[[1,1,0,0,0,0,0,1,0,0],[1,1,1,0,1,1,0,0,1,0]]"
6,147,-0.027609748387233048,0.027609748387233048,"[[1,1,0,0,0,0,0,1,0,0],[1,1,1,0,1,1,0,0,1,1]]"
6,148,-0.03205700780724268,0.03205700780724268,"[[1,1,0,0,0,0,0,1,0,0],[1,1,1,0,1,1,0,1,0,0]]"
6,149,-0.031933646389075566,0.031933646389075566,"[[1,1,0,0,0,0,0,1,0,0],[1,1,1,0,1,1,0,1,0,1]]"
6,150,-0.03299808958319116,0.03299808958319116,"[[1,1,0,0,0,0,0,1,0,0],[1,1,1,0,1,1,0,1,1,0]]"
6,151,-0.03287518313561214,0.03287518313561214,"[[1,1,0,0,0,0,0,1,0,0],[1,1,1,0,1,1,0,1,1,1]]"
6,152,-0.03890639407765853,0.03890639407765853,"[[1,1,0,0,0,0,0,1,0,0],[1,1,1,0,1,1,1,0,0,0]]"
6,153,-0.038645515069500036,0.038645515069500036,"[[1,1,0,0,0,0,0,1,0,0],[1,1,1,0,1,1,1,0,0,1]]"
6,154,-0.03927243986828049,0.03927243986828049,"[[1,1,0,0,0,0,0,1,0,0],[1,1,1,0,1,1,1,0,1,0]]"
6,155,-0.039102324005134276,0.039102324005134276,"[[1,1,0,0,0,0,0,1,0,0],[1,1,1,0,1,1,1,0,1,1]]"
6,156,-0.044676125203513405,0.044676125203513405,"[[1,1,0,0,0,0,0,1,0,0],[1,1,1,0,1,1,1,1,0,0]]"
6,157,-0.044524944834861684,0.044524944834861684,"[[1,1,0,0,0,0,0,1,0,0],[1,1,1,0,1,1,1,1,0,1]]"
6,158,-0.04580938488055647,0.04580938488055647,"[[1,1,0,0,0,0,0,1,0,0],[1,1,1,0,1,1,1,1,1,0]]"
6,159,-0.04565865725501784,0.04565865725501784,"[[1,1,0,0,0,0,0,1,0,0],[1,1,1,0,1,1,1,1,1,1]]"
6,160,-0.016127829372413485,0.016127829372413485,"[[1,1,0,0,0,0,0,1,0,1],[1,1,1,0,1,0,0,0,0,0]]"
6,161,-0.01598163940089577,0.01598163940089577,"[[1,1,0,0,0,0,0,1,0,1],[1,1,1,0,1,0,0,0,0,1]]"
6,162,-0.01641131829587631,0.01641131829587631,"[[1,1,0,0,0,0,0,1,0,1],[1,1,1,0,1,0,0,0,1,0]]"
6,163,-0.01634189679427015,0.01634189679427015,"[[1,1,0,0,0,0,0,1,0,1],[1,1,1,0,1,0,0,0,1,1]]"
6,164,-0.019597564627495373,0.019597564627495373,"[[1,1,0,0,0,0,0,1,0,1],[1,1,1,0,1,0,0,1,0,0]]"
6,165,-0.019526736139852275,0.019526736139852275,"[[1,1,0,0,0,0,0,1,0,1],[1,1,1,0,1,0,0,1,0,1]]"
6,166,-0.02027868684927904,0.02027868684927904,"[[1,1,0,0,0,0,0,1,0,1],[1,1,1,0,1,0,0,1,1,0]]"
6,167,-0.020206485349413616,0.020206485349413616,"[[1,1,0,0,0,0,0,1,0,1],[1,1,1,0,1,0,0,1,1,1]]"
6,168,-0.02444244569587964,0.02444244569587964,"[[1,1,0,0,0,0,0,1,0,1],[1,1,1,0,1,0,1,0,0,0]]"
6,169,-0.02426522204561198,0.02426522204561198,"[[1,1,0,0,0,0,0,1,0,1],[1,1,1,0,1,0,1,0,0,1]]"
6,170,-0.02481204728807424,0.02481204728807424,"[[1,1,0,0,0,0,0,1,0,1],[1,1,1,0,1,0,1,0,1,0]]"
6,171,-0.024705570464910242,0.024705570464910242,"[[1,1,0,0,0,0,0,1,0,1],[1,1,1,0,1,0,1,0,1,1]]"
6,172,-0.028938904162876002,0.028938904162876002,"[[1,1,0,0,0,0,0,1,0,1],[1,1,1,0,1,0,1,1,0,0]]"
6,173,-0.028838706406648804,0.028838706406648804,"[[1,1,0,0,0,0,0,1,0,1],[1,1,1,0,1,0,1,1,0,1]]"
6,174,-0.029801086225263732,0.029801086225263732,"[[1,1,0,0,0,0,0,1,0,1],[1,1,1,0,1,0,1,1,1,0]]"
6,175,-0.029701198009159668,0.029701198009159668,"[[1,1,0,0,0,0,0,1,0,1],[1,1,1,0,1,0,1,1,1,1]]"
6,176,-0.027505788453473574,0.027505788453473574,"[[1,1,0,0,0,0,0,1,0,1],[1,1,1,0,1,1,0,0,0,0]]"
6,177,-0.027242206006276515,0.027242206006276515,"[[1,1,0,0,0,0,0,1,0,1],[1,1,1,0,1,1,0,0,0,1]]"
6,178,-0.027748213289573706,0.027748213289573706,"[[1,1,0,0,0,0,0,1,0,1],[1,1,1,0,1,1,0,0,1,0]]"
6,179,-0.027604941723640804,0.027604941723640804,"[[1,1,0,0,0,0,0,1,0,1],[1,1,1,0,1,1,0,0,1,1]]"
6,180,-0.03205177227745502,0.03205177227745502,"[[1,1,0,0,0,0,0,1,0,1],[1,1,1,0,1,1,0,1,0,0]]"
6,181,-0.031923665251469675,0.031923665251469675,"[[1,1,0,0,0,0,0,1,0,1],[1,1,1,0,1,1,0,1,0,1]]"
6,182,-0.032992695207548065,0.032992695207548065,"[[1,1,0,0,0,0,0,1,0,1],[1,1,1,0,1,1,0,1,1,0]]"
6,183,-0.032864898214811394,0.032864898214811394,"[[1,1,0,0,0,0,0,1,0,1],[1,1,1,0,1,1,0,1,1,1]]"
6,184,-0.03890544250026606,0.03890544250026606,"[[1,1,0,0,0,0,0,1,0,1],[1,1,1,0,1,1,1,0,0,0]]"
6,185,-0.038609139810800594,0.038609139810800594,"[[1,1,0,0,0,0,0,1,0,1],[1,1,1,0,1,1,1,0,0,1]]"
6,186,-0.03924515324782405,0.03924515324782405,"[[1,1,0,0,0,0,0,1,0,1],[1,1,1,0,1,1,1,0,1,0]]"
6,187,-0.03905922172947427,0.03905922172947427,"[[1,1,0,0,0,0,0,1,0,1],[1,1,1,0,1,1,1,0,1,1]]"
6,188,-0.04466313309479628,0.04466313309479628,"[[1,1,0,0,0,0,0,1,0,1],[1,1,1,0,1,1,1,1,0,0]]"
6,189,-0.044505687482821986,0.044505687482821986,"[[1,1,0,0,0,0,0,1,0,1],[1,1,1,0,1,1,1,1,0,1]]"
6,190,-0.045796228620789546,0.045796228620789546,"[[1,1,0,0,0,0,0,1,0,1],[1,1,1,0,1,1,1,1,1,0]]"
6,191,-0.045637651085072235,0.045637651085072235,"[[1,1,0,0,0,0,0,1,0,1],[1,1,1,0,1,1,1,1,1,1]]"
6,192,-0.015150123005627054,0.015150123005627054,"[[1,1,0,0,0,0,0,1,1,0],[1,1,1,0,1,0,0,0,0,0]]"
6,193,-0.015053021653161936,0.015053021653161936,"[[1,1,0,0,0,0,0,1,1,0],[1,1,1,0,1,0,0,0,0,1]]"
6,194,-0.01563150710939761,0.01563150710939761,"[[1,1,0,0,0,0,0,1,1,0],[1,1,1,0,1,0,0,0,1,0]]"
6,195,-0.015575767027298501,0.015575767027298501,"[[1,1,0,0,0,0,0,1,1,0],[1,1,1,0,1,0,0,0,1,1]]"
6,196,-0.0185712505892175,0.0185712505892175,"[[1,1,0,0,0,0,0,1,1,0],[1,1,1,0,1,0,0,1,0,0]]"
6,197,-0.018512962270473124,0.018512962270473124,"[[1,1,0,0,0,0,0,1,1,0],[1,1,1,0,1,0,0,1,0,1]]"
6,198,-0.019415600161390458,0.019415600161390458,"[[1,1,0,0,0,0,0,1,1,0],[1,1,1,0,1,0,0,1,1,0]]"
6,199,-0.01935562820648297,0.01935562820648297,"[[1,1,0,0,0,0,0,1,1,0],[1,1,1,0,1,0,0,1,1,1]]"
6,200,-0.023205734184096785,0.023205734184096785,"[[1,1,0,0,0,0,0,1,1,0],[1,1,1,0,1,0,1,0,0,0]]"
6,201,-0.023091008271191794,0.023091008271191794,"[[1,1,0,0,0,0,0,1,1,0],[1,1,1,0,1,0,1,0,0,1]]"
6,202,-0.02386878534432246,0.02386878534432246,"[[1,1,0,0,0,0,0,1,1,0],[1,1,1,0,1,0,1,0,1,0]]"
6,203,-0.0237844120517393,0.0237844120517393,"[[1,1,0,0,0,0,0,1,1,0],[1,1,1,0,1,0,1,0,1,1]]"
6,204,-0.027672789476057467,0.027672789476057467,"[[1,1,0,0,0,0,0,1,1,0],[1,1,1,0,1,0,1,1,0,0]]"
6,205,-0.02759167770548679,0.02759167770548679,"[[1,1,0,0,0,0,0,1,1,0],[1,1,1,0,1,0,1,1,0,1]]"
6,206,-0.028742260374338368,0.028742260374338368,"[[1,1,0,0,0,0,0,1,1,0],[1,1,1,0,1,0,1,1,1,0]]"
6,207,-0.0286594573252895,0.0286594573252895,"[[1,1,0,0,0,0,0,1,1,0],[1,1,1,0,1,0,1,1,1,1]]"
6,208,-0.026073459833439703,0.026073459833439703,"[[1,1,0,0,0,0,0,1,1,0],[1,1,1,0,1,1,0,0,0,0]]"
6,209,-0.025876841006775435,0.025876841006775435,"[[1,1,0,0,0,0,0,1,1,0],[1,1,1,0,1,1,0,0,0,1]]"
6,210,-0.026618591632424873,0.026618591632424873,"[[1,1,0,0,0,0,0,1,1,0],[1,1,1,0,1,1,0,0,1,0]]"
6,211,-0.02648722747772179,0.02648722747772179,"[[1,1,0,0,0,0,0,1,1,0],[1,1,1,0,1,1,0,0,1,1]]"
6,212,-0.030653969968498455,0.030653969968498455,"[[1,1,0,0,0,0,0,1,1,0],[1,1,1,0,1,1,0,1,0,0]]"
6,213,-0.030536817533886138,0.030536817533886138,"[[1,1,0,0,0,0,0,1,1,0],[1,1,1,0,1,1,0,1,0,1]]"
6,214,-0.03171508413235302,0.03171508413235302,"[[1,1,0,0,0,0,0,1,1,0],[1,1,1,0,1,1,0,1,1,0]]"
6,215,-0.03159770994355186,0.03159770994355186,"[[1,1,0,0,0,0,0,1,1,0],[1,1,1,0,1,1,0,1,1,1]]"
6,216,-0.03718507773996837,0.03718507773996837,"[[1,1,0,0,0,0,0,1,1,0],[1,1,1,0,1,1,1,0,0,0]]"
6,217,-0.03697850925647738,0.03697850925647738,"[[1,1,0,0,0,0,0,1,1,0],[1,1,1,0,1,1,1,0,0,1]]"
6,218,-0.03795475862817829,0.03795475862817829,"[[1,1,0,0,0,0,0,1,1,0],[1,1,1,0,1,1,1,0,1,0]]"
6,219,-0.037789604533879036,0.037789604533879036,"[[1,1,0,0,0,0,0,1,1,0],[1,1,1,0,1,1,1,0,1,1]]"
6,220,-0.04298584814358257,0.04298584814358257,"[[1,1,0,0,0,0,0,1,1,0],[1,1,1,0,1,1,1,1,0,0]]"
6,221,-0.042840871517589287,0.042840871517589287,"[[1,1,0,0,0,0,0,1,1,0],[1,1,1,0,1,1,1,1,0,1]]"
6,222,-0.044357952692121325,0.044357952692121325,"[[1,1,0,0,0,0,0,1,1,0],[1,1,1,0,1,1,1,1,1,0]]"
6,223,-0.044211678331087995,0.044211678331087995,"[[1,1,0,0,0,0,0,1,1,0],[1,1,1,0,1,1,1,1,1,1]]"
6,224,-0.015191889314098237,0.015191889314098237,"[[1,1,0,0,0,0,0,1,1,1],[1,1,1,0,1,0,0,0,0,0]]"
6,225,-0.015084300498268345,0.015084300498268345,"[[1,1,0,0,0,0,0,1,1,1],[1,1,1,0,1,0,0,0,0,1]]"
6,226,-0.01566529974951606,0.01566529974951606,"[[1,1,0,0,0,0,0,1,1,1],[1,1,1,0,1,0,0,0,1,0]]"
6,227,-0.01561799375483305,0.01561799375483305,"[[1,1,0,0,0,0,0,1,1,1],[1,1,1,0,1,0,0,0,1,1]]"
6,228,-0.018592417442901073,0.018592417442901073,"[[1,1,0,0,0,0,0,1,1,1],[1,1,1,0,1,0,0,1,0,0]]"
6,229,-0.018532824569224154,0.018532824569224154,"[[1,1,0,0,0,0,0,1,1,1],[1,1,1,0,1,0,0,1,0,1]]"
6,230,-0.019434771385210943,0.019434771385210943,"[[1,1,0,0,0,0,0,1,1,1],[1,1,1,0,1,0,0,1,1,0]]"
6,231,-0.019377787564672948,0.019377787564672948,"[[1,1,0,0,0,0,0,1,1,1],[1,1,1,0,1,0,0,1,1,1]]"
6,232,-0.02322980837265371,0.02322980837265371,"[[1,1,0,0,0,0,0,1,1,1],[1,1,1,0,1,0,1,0,0,0]]"
6,233,-0.02309236437475315,0.02309236437475315,"[[1,1,0,0,0,0,0,1,1,1],[1,1,1,0,1,0,1,0,0,1]]"
6,234,-0.02387686931775239,0.02387686931775239,"[[1,1,0,0,0,0,0,1,1,1],[1,1,1,0,1,0,1,0,1,0]]"
6,235,-0.023775588948360956,0.023775588948360956,"[[1,1,0,0,0,0,0,1,1,1],[1,1,1,0,1,0,1,0,1,1]]"
6,236,-0.0276891376052042,0.0276891376052042,"[[1,1,0,0,0,0,0,1,1,1],[1,1,1,0,1,0,1,1,0,0]]"
6,237,-0.02760503070390006,0.02760503070390006,"[[1,1,0,0,0,0,0,1,1,1],[1,1,1,0,1,0,1,1,0,1]]"
6,238,-0.028756597003920623,0.028756597003920623,"[[1,1,0,0,0,0,0,1,1,1],[1,1,1,0,1,0,1,1,1,0]]"
6,239,-0.02866858152183896,0.02866858152183896,"[[1,1,0,0,0,0,0,1,1,1],[1,1,1,0,1,0,1,1,1,1]]"
6,240,-0.026096550766837492,0.026096550766837492,"[[1,1,0,0,0,0,0,1,1,1],[1,1,1,0,1,1,0,0,0,0]]"
6,241,-0.025881465449233643,0.025881465449233643,"[[1,1,0,0,0,0,0,1,1,1],[1,1,1,0,1,1,0,0,0,1]]"
6,242,-0.026620569251663527,0.026620569251663527,"[[1,1,0,0,0,0,0,1,1,1],[1,1,1,0,1,1,0,0,1,0]]"
6,243,-0.026485477727912054,0.026485477727912054,"[[1,1,0,0,0,0,0,1,1,1],[1,1,1,0,1,1,0,0,1,1]]"
6,244,-0.030650387910886354,0.030650387910886354,"[[1,1,0,0,0,0,0,1,1,1],[1,1,1,0,1,1,0,1,0,0]]"
6,245,-0.030528817602374074,0.030528817602374074,"[[1,1,0,0,0,0,0,1,1,1],[1,1,1,0,1,1,0,1,0,1]]"
6,246,-0.031710793963491704,0.031710793963491704,"[[1,1,0,0,0,0,0,1,1,1],[1,1,1,0,1,1,0,1,1,0]]"
6,247,-0.03158889624117795,0.03158889624117795,"[[1,1,0,0,0,0,0,1,1,1],[1,1,1,0,1,1,0,1,1,1]]"
6,248,-0.03720670399218134,0.03720670399218134,"[[1,1,0,0,0,0,0,1,1,1],[1,1,1,0,1,1,1,0,0,0]]"
6,249,-0.036976225688275195,0.036976225688275195,"[[1,1,0,0,0,0,0,1,1,1],[1,1,1,0,1,1,1,0,0,1]]"
6,250,-0.037950363767213724,0.037950363767213724,"[[1,1,0,0,0,0,0,1,1,1],[1,1,1,0,1,1,1,0,1,0]]"
6,251,-0.0377800326578521,0.0377800326578521,"[[1,1,0,0,0,0,0,1,1,1],[1,1,1,0,1,1,1,0,1,1]]"
6,252,-0.0429745087405525,0.0429745087405525,"[[1,1,0,0,0,0,0,1,1,1],[1,1,1,0,1,1,1,1,0,0]]"
6,253,-0.042823599976424355,0.042823599976424355,"[[1,1,0,0,0,0,0,1,1,1],[1,1,1,0,1,1,1,1,0,1]]"
6,254,-0.0443449613662956,0.0443449613662956,"[[1,1,0,0,0,0,0,1,1,1],[1,1,1,0,1,1,1,1,1,0]]"
6,255,-0.04419260269595733,0.04419260269595733,"[[1,1,0,0,0,0,0,1,1,1],[1,1,1,0,1,1,1,1,1,1]]"
6,256,-0.01314792472189164,0.01314792472189164,"[[1,1,0,0,0,0,1,0,0,0],[1,1,1,0,1,0,0,0,0,0]]"
6,257,-0.013094431500661457,0.013094431500661457,"[[1,1,0,0,0,0,1,0,0,0],[1,1,1,0,1,0,0,0,0,1]]"
6,258,-0.013939571429224315,0.013939571429224315,"[[1,1,0,0,0,0,1,0,0,0],[1,1,1,0,1,0,0,0,1,0]]"
6,259,-0.013872167766438546,0.013872167766438546,"[[1,1,0,0,0,0,1,0,0,0],[1,1,1,0,1,0,0,0,1,1]]"
6,260,-0.017121750215079997,0.017121750215079997,"[[1,1,0,0,0,0,1,0,0,0],[1,1,1,0,1,0,0,1,0,0]]"
6,261,-0.01704869678949806,0.01704869678949806,"[[1,1,0,0,0,0,1,0,0,0],[1,1,1,0,1,0,0,1,0,1]]"
6,262,-0.017837499914869832,0.017837499914869832,"[[1,1,0,0,0,0,1,0,0,0],[1,1,1,0,1,0,0,1,1,0]]"
6,263,-0.017764202305936526,0.017764202305936526,"[[1,1,0,0,0,0,1,0,0,0],[1,1,1,0,1,0,0,1,1,1]]"
6,264,-0.02149462102668779,0.02149462102668779,"[[1,1,0,0,0,0,1,0,0,0],[1,1,1,0,1,0,1,0,0,0]]"
6,265,-0.02141375164487339,0.02141375164487339,"[[1,1,0,0,0,0,1,0,0,0],[1,1,1,0,1,0,1,0,0,1]]"
6,266,-0.022291184496629445,0.022291184496629445,"[[1,1,0,0,0,0,1,0,0,0],[1,1,1,0,1,0,1,0,1,0]]"
6,267,-0.022211532689169047,0.022211532689169047,"[[1,1,0,0,0,0,1,0,0,0],[1,1,1,0,1,0,1,0,1,1]]"
6,268,-0.026069592675200925,0.026069592675200925,"[[1,1,0,0,0,0,1,0,0,0],[1,1,1,0,1,0,1,1,0,0]]"
6,269,-0.025968322534723393,0.025968322534723393,"[[1,1,0,0,0,0,1,0,0,0],[1,1,1,0,1,0,1,1,0,1]]"
6,270,-0.02690997566370047,0.02690997566370047,"[[1,1,0,0,0,0,1,0,0,0],[1,1,1,0,1,0,1,1,1,0]]"
6,271,-0.026809285532711037,0.026809285532711037,"[[1,1,0,0,0,0,1,0,0,0],[1,1,1,0,1,0,1,1,1,1]]"
6,272,-0.024730260525356117,0.024730260525356117,"[[1,1,0,0,0,0,1,0,0,0],[1,1,1,0,1,1,0,0,0,0]]"
6,273,-0.02460493259970855,0.02460493259970855,"[[1,1,0,0,0,0,1,0,0,0],[1,1,1,0,1,1,0,0,0,1]]"
6,274,-0.025643816992455114,0.025643816992455114,"[[1,1,0,0,0,0,1,0,0,0],[1,1,1,0,1,1,0,0,1,0]]"
6,275,-0.02552103186165614,0.02552103186165614,"[[1,1,0,0,0,0,1,0,0,0],[1,1,1,0,1,1,0,0,1,1]]"
6,276,-0.029715255147934452,0.029715255147934452,"[[1,1,0,0,0,0,1,0,0,0],[1,1,1,0,1,1,0,1,0,0]]"
6,277,-0.029587605884190654,0.029587605884190654,"[[1,1,0,0,0,0,1,0,0,0],[1,1,1,0,1,1,0,1,0,1]]"
6,278,-0.030572255065897634,0.030572255065897634,"[[1,1,0,0,0,0,1,0,0,0],[1,1,1,0,1,1,0,1,1,0]]"
6,279,-0.030447228671281114,0.030447228671281114,"[[1,1,0,0,0,0,1,0,0,0],[1,1,1,0,1,1,0,1,1,1]]"
6,280,-0.03529421621653015,0.03529421621653015,"[[1,1,0,0,0,0,1,0,0,0],[1,1,1,0,1,1,1,0,0,0]]"
6,281,-0.03515189502707495,0.03515189502707495,"[[1,1,0,0,0,0,1,0,0,0],[1,1,1,0,1,1,1,0,0,1]]"
6,282,-0.03628585705385999,0.03628585705385999,"[[1,1,0,0,0,0,1,0,0,0],[1,1,1,0,1,1,1,0,1,0]]"
6,283,-0.036143978365640844,0.036143978365640844,"[[1,1,0,0,0,0,1,0,0,0],[1,1,1,0,1,1,1,0,1,1]]"
6,284,-0.04088533997956679,0.04088533997956679,"[[1,1,0,0,0,0,1,0,0,0],[1,1,1,0,1,1,1,1,0,0]]"
6,285,-0.04073621640929234,0.04073621640929234,"[[1,1,0,0,0,0,1,0,0,0],[1,1,1,0,1,1,1,1,0,1]]"
6,286,-0.04195747906544132,0.04195747906544132,"[[1,1,0,0,0,0,1,0,0,0],[1,1,1,0,1,1,1,1,1,0]]"
6,287,-0.0418089760244014,0.0418089760244014,"[[1,1,0,0,0,0,1,0,0,0],[1,1,1,0,1,1,1,1,1,1]]"
6,288,-0.013161516681696094,0.013161516681696094,"[[1,1,0,0,0,0,1,0,0,1],[1,1,1,0,1,0,0,0,0,0]]"
6,289,-0.013095077647067289,0.013095077647067289,"[[1,1,0,0,0,0,1,0,0,1],[1,1,1,0,1,0,0,0,0,1]]"
6,290,-0.013930407681232573,0.013930407681232573,"[[1,1,0,0,0,0,1,0,0,1],[1,1,1,0,1,0,0,0,1,0]]"
6,291,-0.01386087116170264,0.01386087116170264,"[[1,1,0,0,0,0,1,0,0,1],[1,1,1,0,1,0,0,0,1,1]]"
6,292,-0.017115177707433045,0.017115177707433045,"[[1,1,0,0,0,0,1,0,0,1],[1,1,1,0,1,0,0,1,0,0]]"
6,293,-0.017033458780888786,0.017033458780888786,"[[1,1,0,0,0,0,1,0,0,1],[1,1,1,0,1,0,0,1,0,1]]"
6,294,-0.017829874839880973,0.017829874839880973,"[[1,1,0,0,0,0,1,0,0,1],[1,1,1,0,1,0,0,1,1,0]]"
6,295,-0.017749284997484606,0.017749284997484606,"[[1,1,0,0,0,0,1,0,0,1],[1,1,1,0,1,0,0,1,1,1]]"
6,296,-0.021489383566015024,0.021489383566015024,"[[1,1,0,0,0,0,1,0,0,1],[1,1,1,0,1,0,1,0,0,0]]"
6,297,-0.021405992458684277,0.021405992458684277,"[[1,1,0,0,0,0,1,0,0,1],[1,1,1,0,1,0,1,0,0,1]]"
6,298,-0.02228637556366697,0.02228637556366697,"[[1,1,0,0,0,0,1,0,0,1],[1,1,1,0,1,0,1,0,1,0]]"
6,299,-0.02220410017717204,0.02220410017717204,"[[1,1,0,0,0,0,1,0,0,1],[1,1,1,0,1,0,1,0,1,1]]"
6,300,-0.026049654592650982,0.026049654592650982,"[[1,1,0,0,0,0,1,0,0,1],[1,1,1,0,1,0,1,1,0,0]]"
6,301,-0.025945014096744302,0.025945014096744302,"[[1,1,0,0,0,0,1,0,0,1],[1,1,1,0,1,0,1,1,0,1]]"
6,302,-0.0268900056584324,0.0268900056584324,"[[1,1,0,0,0,0,1,0,0,1],[1,1,1,0,1,0,1,1,1,0]]"
6,303,-0.026785815150917748,0.026785815150917748,"[[1,1,0,0,0,0,1,0,0,1],[1,1,1,0,1,0,1,1,1,1]]"
6,304,-0.024693342718919733,0.024693342718919733,"[[1,1,0,0,0,0,1,0,0,1],[1,1,1,0,1,1,0,0,0,0]]"
6,305,-0.024563167473547556,0.024563167473547556,"[[1,1,0,0,0,0,1,0,0,1],[1,1,1,0,1,1,0,0,0,1]]"
6,306,-0.025608325073215595,0.025608325073215595,"[[1,1,0,0,0,0,1,0,0,1],[1,1,1,0,1,1,0,0,1,0]]"
6,307,-0.025480667458327985,0.025480667458327985,"[[1,1,0,0,0,0,1,0,0,1],[1,1,1,0,1,1,0,0,1,1]]"
6,308,-0.0297033443247576,0.0297033443247576,"[[1,1,0,0,0,0,1,0,0,1],[1,1,1,0,1,1,0,1,0,0]]"
6,309,-0.02957064661418078,0.02957064661418078,"[[1,1,0,0,0,0,1,0,0,1],[1,1,1,0,1,1,0,1,0,1]]"
6,310,-0.03056215780257957,0.03056215780257957,"[[1,1,0,0,0,0,1,0,0,1],[1,1,1,0,1,1,0,1,1,0]]"
6,311,-0.030432034586056003,0.030432034586056003,"[[1,1,0,0,0,0,1,0,0,1],[1,1,1,0,1,1,0,1,1,1]]"
6,312,-0.03525483376879931,0.03525483376879931,"[[1,1,0,0,0,0,1,0,0,1],[1,1,1,0,1,1,1,0,0,0]]"
6,313,-0.035107015900101415,0.035107015900101415,"[[1,1,0,0,0,0,1,0,0,1],[1,1,1,0,1,1,1,0,0,1]]"
6,314,-0.03624635532129963,0.03624635532129963,"[[1,1,0,0,0,0,1,0,0,1],[1,1,1,0,1,1,1,0,1,0]]"
6,315,-0.03609882987780364,0.03609882987780364,"[[1,1,0,0,0,0,1,0,0,1],[1,1,1,0,1,1,1,0,1,1]]"
6,316,-0.040854070403142186,0.040854070403142186,"[[1,1,0,0,0,0,1,0,0,1],[1,1,1,0,1,1,1,1,0,0]]"
6,317,-0.04068784078594554,0.04068784078594554,"[[1,1,0,0,0,0,1,0,0,1],[1,1,1,0,1,1,1,1,0,1]]"
6,318,-0.04192396912630999,0.04192396912630999,"[[1,1,0,0,0,0,1,0,0,1],[1,1,1,0,1,1,1,1,1,0]]"
6,319,-0.04175822329524265,0.04175822329524265,"[[1,1,0,0,0,0,1,0,0,1],[1,1,1,0,1,1,1,1,1,1]]"
6,320,-0.012354097045784057,0.012354097045784057,"[[1,1,0,0,0,0,1,0,1,0],[1,1,1,0,1,0,0,0,0,0]]"
6,321,-0.012308272603251139,0.012308272603251139,"[[1,1,0,0,0,0,1,0,1,0],[1,1,1,0,1,0,0,0,0,1]]"
6,322,-0.013274755697335274,0.013274755697335274,"[[1,1,0,0,0,0,1,0,1,0],[1,1,1,0,1,0,0,0,1,0]]"
6,323,-0.013211813267560525,0.013211813267560525,"[[1,1,0,0,0,0,1,0,1,0],[1,1,1,0,1,0,0,0,1,1]]"
6,324,-0.01610629128522515,0.01610629128522515,"[[1,1,0,0,0,0,1,0,1,0],[1,1,1,0,1,0,0,1,0,0]]"
6,325,-0.016041668245616383,0.016041668245616383,"[[1,1,0,0,0,0,1,0,1,0],[1,1,1,0,1,0,0,1,0,1]]"
6,326,-0.016909955029992974,0.016909955029992974,"[[1,1,0,0,0,0,1,0,1,0],[1,1,1,0,1,0,0,1,1,0]]"
6,327,-0.016846725284647347,0.016846725284647347,"[[1,1,0,0,0,0,1,0,1,0],[1,1,1,0,1,0,0,1,1,1]]"
6,328,-0.02049581602941584,0.02049581602941584,"[[1,1,0,0,0,0,1,0,1,0],[1,1,1,0,1,0,1,0,0,0]]"
6,329,-0.020421858679198678,0.020421858679198678,"[[1,1,0,0,0,0,1,0,1,0],[1,1,1,0,1,0,1,0,0,1]]"
6,330,-0.0214767409794973,0.0214767409794973,"[[1,1,0,0,0,0,1,0,1,0],[1,1,1,0,1,0,1,0,1,0]]"
6,331,-0.021401632937189753,0.021401632937189753,"[[1,1,0,0,0,0,1,0,1,0],[1,1,1,0,1,0,1,0,1,1]]"
6,332,-0.024854579022886444,0.024854579022886444,"[[1,1,0,0,0,0,1,0,1,0],[1,1,1,0,1,0,1,1,0,0]]"
6,333,-0.024769025969534248,0.024769025969534248,"[[1,1,0,0,0,0,1,0,1,0],[1,1,1,0,1,0,1,1,0,1]]"
6,334,-0.025822284134522103,0.025822284134522103,"[[1,1,0,0,0,0,1,0,1,0],[1,1,1,0,1,0,1,1,1,0]]"
6,335,-0.025737190903702075,0.025737190903702075,"[[1,1,0,0,0,0,1,0,1,0],[1,1,1,0,1,0,1,1,1,1]]"
6,336,-0.023508526749255316,0.023508526749255316,"[[1,1,0,0,0,0,1,0,1,0],[1,1,1,0,1,1,0,0,0,0]]"
6,337,-0.02339741628916909,0.02339741628916909,"[[1,1,0,0,0,0,1,0,1,0],[1,1,1,0,1,1,0,0,0,1]]"
6,338,-0.024606900629361855,0.024606900629361855,"[[1,1,0,0,0,0,1,0,1,0],[1,1,1,0,1,1,0,0,1,0]]"
6,339,-0.02449625650911383,0.02449625650911383,"[[1,1,0,0,0,0,1,0,1,0],[1,1,1,0,1,1,0,0,1,1]]"
6,340,-0.02801988700144014,0.02801988700144014,"[[1,1,0,0,0,0,1,0,1,0],[1,1,1,0,1,1,0,1,0,0]]"
6,341,-0.027903048736219772,0.027903048736219772,"[[1,1,0,0,0,0,1,0,1,0],[1,1,1,0,1,1,0,1,0,1]]"
6,342,-0.02903350418300505,0.02903350418300505,"[[1,1,0,0,0,0,1,0,1,0],[1,1,1,0,1,1,0,1,1,0]]"
6,343,-0.02892041950147342,0.02892041950147342,"[[1,1,0,0,0,0,1,0,1,0],[1,1,1,0,1,1,0,1,1,1]]"
6,344,-0.03386092484213899,0.03386092484213899,"[[1,1,0,0,0,0,1,0,1,0],[1,1,1,0,1,1,1,0,0,0]]"
6,345,-0.03372528491038511,0.03372528491038511,"[[1,1,0,0,0,0,1,0,1,0],[1,1,1,0,1,1,1,0,0,1]]"
6,346,-0.03510555820093698,0.03510555820093698,"[[1,1,0,0,0,0,1,0,1,0],[1,1,1,0,1,1,1,0,1,0]]"
6,347,-0.03496801649514555,0.03496801649514555,"[[1,1,0,0,0,0,1,0,1,0],[1,1,1,0,1,1,1,0,1,1]]"
6,348,-0.03898840249092759,0.03898840249092759,"[[1,1,0,0,0,0,1,0,1,0],[1,1,1,0,1,1,1,1,0,0]]"
6,349,-0.0388486016496939,0.0388486016496939,"[[1,1,0,0,0,0,1,0,1,0],[1,1,1,0,1,1,1,1,0,1]]"
6,350,-0.040157626871779754,0.040157626871779754,"[[1,1,0,0,0,0,1,0,1,0],[1,1,1,0,1,1,1,1,1,0]]"
6,351,-0.04001823105942345,0.04001823105942345,"[[1,1,0,0,0,0,1,0,1,0],[1,1,1,0,1,1,1,1,1,1]]"
6,352,-0.012371576885484728,0.012371576885484728,"[[1,1,0,0,0,0,1,0,1,1],[1,1,1,0,1,0,0,0,0,0]]"
6,353,-0.012308148913291708,0.012308148913291708,"[[1,1,0,0,0,0,1,0,1,1],[1,1,1,0,1,0,0,0,0,1]]"
6,354,-0.013265939396364864,0.013265939396364864,"[[1,1,0,0,0,0,1,0,1,1],[1,1,1,0,1,0,0,0,1,0]]"
6,355,-0.013201188746473658,0.013201188746473658,"[[1,1,0,0,0,0,1,0,1,1],[1,1,1,0,1,0,0,0,1,1]]"
6,356,-0.01611966688580632,0.01611966688580632,"[[1,1,0,0,0,0,1,0,1,1],[1,1,1,0,1,0,0,1,0,0]]"
6,357,-0.01605322455758706,0.01605322455758706,"[[1,1,0,0,0,0,1,0,1,1],[1,1,1,0,1,0,0,1,0,1]]"
6,358,-0.01692411676262911,0.01692411676262911,"[[1,1,0,0,0,0,1,0,1,1],[1,1,1,0,1,0,0,1,1,0]]"
6,359,-0.01685816053826618,0.01685816053826618,"[[1,1,0,0,0,0,1,0,1,1],[1,1,1,0,1,0,0,1,1,1]]"
6,360,-0.020493406099365393,0.020493406099365393,"[[1,1,0,0,0,0,1,0,1,1],[1,1,1,0,1,0,1,0,0,0]]"
6,361,-0.020417303106046118,0.020417303106046118,"[[1,1,0,0,0,0,1,0,1,1],[1,1,1,0,1,0,1,0,0,1]]"
6,362,-0.021472219264500447,0.021472219264500447,"[[1,1,0,0,0,0,1,0,1,1],[1,1,1,0,1,0,1,0,1,0]]"
6,363,-0.021394813065952988,0.021394813065952988,"[[1,1,0,0,0,0,1,0,1,1],[1,1,1,0,1,0,1,0,1,1]]"
6,364,-0.024850060307948833,0.024850060307948833,"[[1,1,0,0,0,0,1,0,1,1],[1,1,1,0,1,0,1,1,0,0]]"
6,365,-0.024752447582989966,0.024752447582989966,"[[1,1,0,0,0,0,1,0,1,1],[1,1,1,0,1,0,1,1,0,1]]"
6,366,-0.02581526953667842,0.02581526953667842,"[[1,1,0,0,0,0,1,0,1,1],[1,1,1,0,1,0,1,1,1,0]]"
6,367,-0.025717764670983845,0.025717764670983845,"[[1,1,0,0,0,0,1,0,1,1],[1,1,1,0,1,0,1,1,1,1]]"
6,368,-0.023488656389590617,0.023488656389590617,"[[1,1,0,0,0,0,1,0,1,1],[1,1,1,0,1,1,0,0,0,0]]"
6,369,-0.023365780529900255,0.023365780529900255,"[[1,1,0,0,0,0,1,0,1,1],[1,1,1,0,1,1,0,0,0,1]]"
6,370,-0.024584927782186256,0.024584927782186256,"[[1,1,0,0,0,0,1,0,1,1],[1,1,1,0,1,1,0,0,1,0]]"
6,371,-0.02446209901731996,0.02446209901731996,"[[1,1,0,0,0,0,1,0,1,1],[1,1,1,0,1,1,0,0,1,1]]"
6,372,-0.028013902725839,0.028013902725839,"[[1,1,0,0,0,0,1,0,1,1],[1,1,1,0,1,1,0,1,0,0]]"
6,373,-0.027892565117873108,0.027892565117873108,"[[1,1,0,0,0,0,1,0,1,1],[1,1,1,0,1,1,0,1,0,1]]"
6,374,-0.029030238251484528,0.029030238251484528,"[[1,1,0,0,0,0,1,0,1,1],[1,1,1,0,1,1,0,1,1,0]]"
6,375,-0.028910662161171333,0.028910662161171333,"[[1,1,0,0,0,0,1,0,1,1],[1,1,1,0,1,1,0,1,1,1]]"
6,376,-0.03382435161457327,0.03382435161457327,"[[1,1,0,0,0,0,1,0,1,1],[1,1,1,0,1,1,1,0,0,0]]"
6,377,-0.03368356938982306,0.03368356938982306,"[[1,1,0,0,0,0,1,0,1,1],[1,1,1,0,1,1,1,0,0,1]]"
6,378,-0.03506632982582349,0.03506632982582349,"[[1,1,0,0,0,0,1,0,1,1],[1,1,1,0,1,1,1,0,1,0]]"
6,379,-0.03492346359271147,0.03492346359271147,"[[1,1,0,0,0,0,1,0,1,1],[1,1,1,0,1,1,1,0,1,1]]"
6,380,-0.03898001788978998,0.03898001788978998,"[[1,1,0,0,0,0,1,0,1,1],[1,1,1,0,1,1,1,1,0,0]]"
6,381,-0.03883461273929425,0.03883461273929425,"[[1,1,0,0,0,0,1,0,1,1],[1,1,1,0,1,1,1,1,0,1]]"
6,382,-0.04014909491006617,0.04014909491006617,"[[1,1,0,0,0,0,1,0,1,1],[1,1,1,0,1,1,1,1,1,0]]"
6,383,-0.0400040018128496,0.0400040018128496,"[[1,1,0,0,0,0,1,0,1,1],[1,1,1,0,1,1,1,1,1,1]]"
6,384,-0.009380411513600972,0.009380411513600972,"[[1,1,0,0,0,0,1,1,0,0],[1,1,1,0,1,0,0,0,0,0]]"
6,385,-0.009260855099047671,0.009260855099047671,"[[1,1,0,0,0,0,1,1,0,0],[1,1,1,0,1,0,0,0,0,1]]"
6,386,-0.00978807071253593,0.00978807071253593,"[[1,1,0,0,0,0,1,1,0,0],[1,1,1,0,1,0,0,0,1,0]]"
6,387,-0.009720413345934896,0.009720413345934896,"[[1,1,0,0,0,0,1,1,0,0],[1,1,1,0,1,0,0,0,1,1]]"
6,388,-0.012884004358242282,0.012884004358242282,"[[1,1,0,0,0,0,1,1,0,0],[1,1,1,0,1,0,0,1,0,0]]"
6,389,-0.012825360087785597,0.012825360087785597,"[[1,1,0,0,0,0,1,1,0,0],[1,1,1,0,1,0,0,1,0,1]]"
6,390,-0.013489805994783097,0.013489805994783097,"[[1,1,0,0,0,0,1,1,0,0],[1,1,1,0,1,0,0,1,1,0]]"
6,391,-0.013432394712357796,0.013432394712357796,"[[1,1,0,0,0,0,1,1,0,0],[1,1,1,0,1,0,0,1,1,1]]"
6,392,-0.01641415525169839,0.01641415525169839,"[[1,1,0,0,0,0,1,1,0,0],[1,1,1,0,1,0,1,0,0,0]]"
6,393,-0.01628158354591509,0.01628158354591509,"[[1,1,0,0,0,0,1,1,0,0],[1,1,1,0,1,0,1,0,0,1]]"
6,394,-0.016839499213472088,0.016839499213472088,"[[1,1,0,0,0,0,1,1,0,0],[1,1,1,0,1,0,1,0,1,0]]"
6,395,-0.01675737995092222,0.01675737995092222,"[[1,1,0,0,0,0,1,1,0,0],[1,1,1,0,1,0,1,0,1,1]]"
6,396,-0.020763203701101705,0.020763203701101705,"[[1,1,0,0,0,0,1,1,0,0],[1,1,1,0,1,0,1,1,0,0]]"
6,397,-0.020686795979235093,0.020686795979235093,"[[1,1,0,0,0,0,1,1,0,0],[1,1,1,0,1,0,1,1,0,1]]"
6,398,-0.021500536510067315,0.021500536510067315,"[[1,1,0,0,0,0,1,1,0,0],[1,1,1,0,1,0,1,1,1,0]]"
6,399,-0.021421222196147238,0.021421222196147238,"[[1,1,0,0,0,0,1,1,0,0],[1,1,1,0,1,0,1,1,1,1]]"
6,400,-0.019524010802646853,0.019524010802646853,"[[1,1,0,0,0,0,1,1,0,0],[1,1,1,0,1,1,0,0,0,0]]"
6,401,-0.019296459292720638,0.019296459292720638,"[[1,1,0,0,0,0,1,1,0,0],[1,1,1,0,1,1,0,0,0,1]]"
6,402,-0.019832721978842227,0.019832721978842227,"[[1,1,0,0,0,0,1,1,0,0],[1,1,1,0,1,1,0,0,1,0]]"
6,403,-0.019700654907874746,0.019700654907874746,"[[1,1,0,0,0,0,1,1,0,0],[1,1,1,0,1,1,0,0,1,1]]"
6,404,-0.02385776503983237,0.02385776503983237,"[[1,1,0,0,0,0,1,1,0,0],[1,1,1,0,1,1,0,1,0,0]]"
6,405,-0.023749508014046718,0.023749508014046718,"[[1,1,0,0,0,0,1,1,0,0],[1,1,1,0,1,1,0,1,0,1]]"
6,406,-0.024709760876813723,0.024709760876813723,"[[1,1,0,0,0,0,1,1,0,0],[1,1,1,0,1,1,0,1,1,0]]"
6,407,-0.02460110286622559,0.02460110286622559,"[[1,1,0,0,0,0,1,1,0,0],[1,1,1,0,1,1,0,1,1,1]]"
6,408,-0.02882270326682784,0.02882270326682784,"[[1,1,0,0,0,0,1,1,0,0],[1,1,1,0,1,1,1,0,0,0]]"
6,409,-0.028592590702667127,0.028592590702667127,"[[1,1,0,0,0,0,1,1,0,0],[1,1,1,0,1,1,1,0,0,1]]"
6,410,-0.029148364372263865,0.029148364372263865,"[[1,1,0,0,0,0,1,1,0,0],[1,1,1,0,1,1,1,0,1,0]]"
6,411,-0.02900005961269301,0.02900005961269301,"[[1,1,0,0,0,0,1,1,0,0],[1,1,1,0,1,1,1,0,1,1]]"
6,412,-0.03394672142837165,0.03394672142837165,"[[1,1,0,0,0,0,1,1,0,0],[1,1,1,0,1,1,1,1,0,0]]"
6,413,-0.033808358661789197,0.033808358661789197,"[[1,1,0,0,0,0,1,1,0,0],[1,1,1,0,1,1,1,1,0,1]]"
6,414,-0.034924677652320824,0.034924677652320824,"[[1,1,0,0,0,0,1,1,0,0],[1,1,1,0,1,1,1,1,1,0]]"
6,415,-0.03478677987990065,0.03478677987990065,"[[1,1,0,0,0,0,1,1,0,0],[1,1,1,0,1,1,1,1,1,1]]"
6,416,-0.009398635316751927,0.009398635316751927,"[[1,1,0,0,0,0,1,1,0,1],[1,1,1,0,1,0,0,0,0,0]]"
6,417,-0.00927096187609035,0.00927096187609035,"[[1,1,0,0,0,0,1,1,0,1],[1,1,1,0,1,0,0,0,0,1]]"
6,418,-0.009784373872768646,0.009784373872768646,"[[1,1,0,0,0,0,1,1,0,1],[1,1,1,0,1,0,0,0,1,0]]"
6,419,-0.009715332249382947,0.009715332249382947,"[[1,1,0,0,0,0,1,1,0,1],[1,1,1,0,1,0,0,0,1,1]]"
6,420,-0.012879566326990827,0.012879566326990827,"[[1,1,0,0,0,0,1,1,0,1],[1,1,1,0,1,0,0,1,0,0]]"
6,421,-0.012819362542742576,0.012819362542742576,"[[1,1,0,0,0,0,1,1,0,1],[1,1,1,0,1,0,0,1,0,1]]"
6,422,-0.013485791052388996,0.013485791052388996,"[[1,1,0,0,0,0,1,1,0,1],[1,1,1,0,1,0,0,1,1,0]]"
6,423,-0.013426713449325436,0.013426713449325436,"[[1,1,0,0,0,0,1,1,0,1],[1,1,1,0,1,0,0,1,1,1]]"
6,424,-0.016429296466197448,0.016429296466197448,"[[1,1,0,0,0,0,1,1,0,1],[1,1,1,0,1,0,1,0,0,0]]"
6,425,-0.016279016658465015,0.016279016658465015,"[[1,1,0,0,0,0,1,1,0,1],[1,1,1,0,1,0,1,0,0,1]]"
6,426,-0.016842482532151405,0.016842482532151405,"[[1,1,0,0,0,0,1,1,0,1],[1,1,1,0,1,0,1,0,1,0]]"
6,427,-0.016758638985508046,0.016758638985508046,"[[1,1,0,0,0,0,1,1,0,1],[1,1,1,0,1,0,1,0,1,1]]"
6,428,-0.020755781988357987,0.020755781988357987,"[[1,1,0,0,0,0,1,1,0,1],[1,1,1,0,1,0,1,1,0,0]]"
6,429,-0.020673456581087494,0.020673456581087494,"[[1,1,0,0,0,0,1,1,0,1],[1,1,1,0,1,0,1,1,0,1]]"
6,430,-0.021489612400152614,0.021489612400152614,"[[1,1,0,0,0,0,1,1,0,1],[1,1,1,0,1,0,1,1,1,0]]"
6,431,-0.021407789928391447,0.021407789928391447,"[[1,1,0,0,0,0,1,1,0,1],[1,1,1,0,1,0,1,1,1,1]]"
6,432,-0.019519327330166803,0.019519327330166803,"[[1,1,0,0,0,0,1,1,0,1],[1,1,1,0,1,1,0,0,0,0]]"
6,433,-0.019274844456695975,0.019274844456695975,"[[1,1,0,0,0,0,1,1,0,1],[1,1,1,0,1,1,0,0,0,1]]"
6,434,-0.01980490930245712,0.01980490930245712,"[[1,1,0,0,0,0,1,1,0,1],[1,1,1,0,1,1,0,0,1,0]]"
6,435,-0.019668787343560725,0.019668787343560725,"[[1,1,0,0,0,0,1,1,0,1],[1,1,1,0,1,1,0,0,1,1]]"
6,436,-0.0238331375648251,0.0238331375648251,"[[1,1,0,0,0,0,1,1,0,1],[1,1,1,0,1,1,0,1,0,0]]"
6,437,-0.02371384850037518,0.02371384850037518,"[[1,1,0,0,0,0,1,1,0,1],[1,1,1,0,1,1,0,1,0,1]]"
6,438,-0.024683920508095897,0.024683920508095897,"[[1,1,0,0,0,0,1,1,0,1],[1,1,1,0,1,1,0,1,1,0]]"
6,439,-0.02456576083029947,0.02456576083029947,"[[1,1,0,0,0,0,1,1,0,1],[1,1,1,0,1,1,0,1,1,1]]"
6,440,-0.028813988934138765,0.028813988934138765,"[[1,1,0,0,0,0,1,1,0,1],[1,1,1,0,1,1,1,0,0,0]]"
6,441,-0.028562722218001494,0.028562722218001494,"[[1,1,0,0,0,0,1,1,0,1],[1,1,1,0,1,1,1,0,0,1]]"
6,442,-0.02912554317198733,0.02912554317198733,"[[1,1,0,0,0,0,1,1,0,1],[1,1,1,0,1,1,1,0,1,0]]"
6,443,-0.028972754082485837,0.028972754082485837,"[[1,1,0,0,0,0,1,1,0,1],[1,1,1,0,1,1,1,0,1,1]]"
6,444,-0.03390819358354669,0.03390819358354669,"[[1,1,0,0,0,0,1,1,0,1],[1,1,1,0,1,1,1,1,0,0]]"
6,445,-0.03376446641607818,0.03376446641607818,"[[1,1,0,0,0,0,1,1,0,1],[1,1,1,0,1,1,1,1,0,1]]"
6,446,-0.03488601734339624,0.03488601734339624,"[[1,1,0,0,0,0,1,1,0,1],[1,1,1,0,1,1,1,1,1,0]]"
6,447,-0.03474259958615829,0.03474259958615829,"[[1,1,0,0,0,0,1,1,0,1],[1,1,1,0,1,1,1,1,1,1]]"
6,448,-0.008673195948774715,0.008673195948774715,"[[1,1,0,0,0,0,1,1,1,0],[1,1,1,0,1,0,0,0,0,0]]"
6,449,-0.008584766990803839,0.008584766990803839,"[[1,1,0,0,0,0,1,1,1,0],[1,1,1,0,1,0,0,0,0,1]]"
6,450,-0.009242391839587975,0.009242391839587975,"[[1,1,0,0,0,0,1,1,1,0],[1,1,1,0,1,0,0,0,1,0]]"
6,451,-0.009191359432750802,0.009191359432750802,"[[1,1,0,0,0,0,1,1,1,0],[1,1,1,0,1,0,0,0,1,1]]"
6,452,-0.012093839499777053,0.012093839499777053,"[[1,1,0,0,0,0,1,1,1,0],[1,1,1,0,1,0,0,1,0,0]]"
6,453,-0.012046240100654084,0.012046240100654084,"[[1,1,0,0,0,0,1,1,1,0],[1,1,1,0,1,0,0,1,0,1]]"
6,454,-0.012815106663291616,0.012815106663291616,"[[1,1,0,0,0,0,1,1,1,0],[1,1,1,0,1,0,0,1,1,0]]"
6,455,-0.012767836636105758,0.012767836636105758,"[[1,1,0,0,0,0,1,1,1,0],[1,1,1,0,1,0,0,1,1,1]]"
6,456,-0.01550177399609444,0.01550177399609444,"[[1,1,0,0,0,0,1,1,1,0],[1,1,1,0,1,0,1,0,0,0]]"
6,457,-0.015397983004942002,0.015397983004942002,"[[1,1,0,0,0,0,1,1,1,0],[1,1,1,0,1,0,1,0,0,1]]"
6,458,-0.016148741598598196,0.016148741598598196,"[[1,1,0,0,0,0,1,1,1,0],[1,1,1,0,1,0,1,0,1,0]]"
6,459,-0.016071809105367374,0.016071809105367374,"[[1,1,0,0,0,0,1,1,1,0],[1,1,1,0,1,0,1,0,1,1]]"
6,460,-0.019777474762260525,0.019777474762260525,"[[1,1,0,0,0,0,1,1,1,0],[1,1,1,0,1,0,1,1,0,0]]"
6,461,-0.019706113940889582,0.019706113940889582,"[[1,1,0,0,0,0,1,1,1,0],[1,1,1,0,1,0,1,1,0,1]]"
6,462,-0.02069489631074479,0.02069489631074479,"[[1,1,0,0,0,0,1,1,1,0],[1,1,1,0,1,0,1,1,1,0]]"
6,463,-0.02061996746930649,0.02061996746930649,"[[1,1,0,0,0,0,1,1,1,0],[1,1,1,0,1,0,1,1,1,1]]"
6,464,-0.01834236463734949,0.01834236463734949,"[[1,1,0,0,0,0,1,1,1,0],[1,1,1,0,1,1,0,0,0,0]]"
6,465,-0.018166283211214898,0.018166283211214898,"[[1,1,0,0,0,0,1,1,1,0],[1,1,1,0,1,1,0,0,0,1]]"
6,466,-0.018895863292629322,0.018895863292629322,"[[1,1,0,0,0,0,1,1,1,0],[1,1,1,0,1,1,0,0,1,0]]"
6,467,-0.018775808795065588,0.018775808795065588,"[[1,1,0,0,0,0,1,1,1,0],[1,1,1,0,1,1,0,0,1,1]]"
6,468,-0.02254103844010586,0.02254103844010586,"[[1,1,0,0,0,0,1,1,1,0],[1,1,1,0,1,1,0,1,0,0]]"
6,469,-0.022442315703430627,0.022442315703430627,"[[1,1,0,0,0,0,1,1,1,0],[1,1,1,0,1,1,0,1,0,1]]"
6,470,-0.0234459134971872,0.0234459134971872,"[[1,1,0,0,0,0,1,1,1,0],[1,1,1,0,1,1,0,1,1,0]]"
6,471,-0.023348580372780585,0.023348580372780585,"[[1,1,0,0,0,0,1,1,1,0],[1,1,1,0,1,1,0,1,1,1]]"
6,472,-0.027438748618028273,0.027438748618028273,"[[1,1,0,0,0,0,1,1,1,0],[1,1,1,0,1,1,1,0,0,0]]"
6,473,-0.027257130582398936,0.027257130582398936,"[[1,1,0,0,0,0,1,1,1,0],[1,1,1,0,1,1,1,0,0,1]]"
6,474,-0.0281097042187705,0.0281097042187705,"[[1,1,0,0,0,0,1,1,1,0],[1,1,1,0,1,1,1,0,1,0]]"
6,475,-0.027966515711316538,0.027966515711316538,"[[1,1,0,0,0,0,1,1,1,0],[1,1,1,0,1,1,1,0,1,1]]"
6,476,-0.032461256124442374,0.032461256124442374,"[[1,1,0,0,0,0,1,1,1,0],[1,1,1,0,1,1,1,1,0,0]]"
6,477,-0.032339880065191465,0.032339880065191465,"[[1,1,0,0,0,0,1,1,1,0],[1,1,1,0,1,1,1,1,0,1]]"
6,478,-0.03352176038495482,0.03352176038495482,"[[1,1,0,0,0,0,1,1,1,0],[1,1,1,0,1,1,1,1,1,0]]"
6,479,-0.03340079404346422,0.03340079404346422,"[[1,1,0,0,0,0,1,1,1,0],[1,1,1,0,1,1,1,1,1,1]]"
6,480,-0.008695356999451976,0.008695356999451976,"[[1,1,0,0,0,0,1,1,1,1],[1,1,1,0,1,0,0,0,0,0]]"
6,481,-0.008599666104152887,0.008599666104152887,"[[1,1,0,0,0,0,1,1,1,1],[1,1,1,0,1,0,0,0,0,1]]"
6,482,-0.009239336908158306,0.009239336908158306,"[[1,1,0,0,0,0,1,1,1,1],[1,1,1,0,1,0,0,0,1,0]]"
6,483,-0.009199863683104933,0.009199863683104933,"[[1,1,0,0,0,0,1,1,1,1],[1,1,1,0,1,0,0,0,1,1]]"
6,484,-0.012096658038921288,0.012096658038921288,"[[1,1,0,0,0,0,1,1,1,1],[1,1,1,0,1,0,0,1,0,0]]"
6,485,-0.012043562929026592,0.012043562929026592,"[[1,1,0,0,0,0,1,1,1,1],[1,1,1,0,1,0,0,1,0,1]]"
6,486,-0.01281532803622453,0.01281532803622453,"[[1,1,0,0,0,0,1,1,1,1],[1,1,1,0,1,0,0,1,1,0]]"
6,487,-0.012778177122235976,0.012778177122235976,"[[1,1,0,0,0,0,1,1,1,1],[1,1,1,0,1,0,0,1,1,1]]"
6,488,-0.015514148425721512,0.015514148425721512,"[[1,1,0,0,0,0,1,1,1,1],[1,1,1,0,1,0,1,0,0,0]]"
6,489,-0.015399070558519325,0.015399070558519325,"[[1,1,0,0,0,0,1,1,1,1],[1,1,1,0,1,0,1,0,0,1]]"
6,490,-0.016152011290394026,0.016152011290394026,"[[1,1,0,0,0,0,1,1,1,1],[1,1,1,0,1,0,1,0,1,0]]"
6,491,-0.016073693726614154,0.016073693726614154,"[[1,1,0,0,0,0,1,1,1,1],[1,1,1,0,1,0,1,0,1,1]]"
6,492,-0.019771104118876157,0.019771104118876157,"[[1,1,0,0,0,0,1,1,1,1],[1,1,1,0,1,0,1,1,0,0]]"
6,493,-0.01969589272659439,0.01969589272659439,"[[1,1,0,0,0,0,1,1,1,1],[1,1,1,0,1,0,1,1,0,1]]"
6,494,-0.02068419020386603,0.02068419020386603,"[[1,1,0,0,0,0,1,1,1,1],[1,1,1,0,1,0,1,1,1,0]]"
6,495,-0.020607080351599572,0.020607080351599572,"[[1,1,0,0,0,0,1,1,1,1],[1,1,1,0,1,0,1,1,1,1]]"
6,496,-0.01834913558134712,0.01834913558134712,"[[1,1,0,0,0,0,1,1,1,1],[1,1,1,0,1,1,0,0,0,0]]"
6,497,-0.018148525224950512,0.018148525224950512,"[[1,1,0,0,0,0,1,1,1,1],[1,1,1,0,1,1,0,0,0,1]]"
6,498,-0.018875293625595382,0.018875293625595382,"[[1,1,0,0,0,0,1,1,1,1],[1,1,1,0,1,1,0,0,1,0]]"
6,499,-0.018744878129358794,0.018744878129358794,"[[1,1,0,0,0,0,1,1,1,1],[1,1,1,0,1,1,0,0,1,1]]"
6,500,-0.022539123111583192,0.022539123111583192,"[[1,1,0,0,0,0,1,1,1,1],[1,1,1,0,1,1,0,1,0,0]]"
6,501,-0.0224367775781755,0.0224367775781755,"[[1,1,0,0,0,0,1,1,1,1],[1,1,1,0,1,1,0,1,0,1]]"
6,502,-0.02344478318454223,0.02344478318454223,"[[1,1,0,0,0,0,1,1,1,1],[1,1,1,0,1,1,0,1,1,0]]"
6,503,-0.023342689344371923,0.023342689344371923,"[[1,1,0,0,0,0,1,1,1,1],[1,1,1,0,1,1,0,1,1,1]]"
6,504,-0.0274328249601712,0.0274328249601712,"[[1,1,0,0,0,0,1,1,1,1],[1,1,1,0,1,1,1,0,0,0]]"
6,505,-0.02723095836874404,0.02723095836874404,"[[1,1,0,0,0,0,1,1,1,1],[1,1,1,0,1,1,1,0,0,1]]"
6,506,-0.028087224546255545,0.028087224546255545,"[[1,1,0,0,0,0,1,1,1,1],[1,1,1,0,1,1,1,0,1,0]]"
6,507,-0.027939893841258306,0.027939893841258306,"[[1,1,0,0,0,0,1,1,1,1],[1,1,1,0,1,1,1,0,1,1]]"
6,508,-0.03243935761925862,0.03243935761925862,"[[1,1,0,0,0,0,1,1,1,1],[1,1,1,0,1,1,1,1,0,0]]"
6,509,-0.03230335782919454,0.03230335782919454,"[[1,1,0,0,0,0,1,1,1,1],[1,1,1,0,1,1,1,1,0,1]]"
6,510,-0.03349718742811434,0.03349718742811434,"[[1,1,0,0,0,0,1,1,1,1],[1,1,1,0,1,1,1,1,1,0]]"
6,511,-0.033361249722968,0.033361249722968,"[[1,1,0,0,0,0,1,1,1,1],[1,1,1,0,1,1,1,1,1,1]]"
6,512,-0.011276107801444784,0.011276107801444784,"[[1,1,0,0,0,1,0,0,0,0],[1,1,1,0,1,0,0,0,0,0]]"
6,513,-0.01118435114622849,0.01118435114622849,"[[1,1,0,0,0,1,0,0,0,0],[1,1,1,0,1,0,0,0,0,1]]"
6,514,-0.01153134949536182,0.01153134949536182,"[[1,1,0,0,0,1,0,0,0,0],[1,1,1,0,1,0,0,0,1,0]]"
6,515,-0.011449321495994955,0.011449321495994955,"[[1,1,0,0,0,1,0,0,0,0],[1,1,1,0,1,0,0,0,1,1]]"
6,516,-0.01391196946275331,0.01391196946275331,"[[1,1,0,0,0,1,0,0,0,0],[1,1,1,0,1,0,0,1,0,0]]"
6,517,-0.013801718576907518,0.013801718576907518,"[[1,1,0,0,0,1,0,0,0,0],[1,1,1,0,1,0,0,1,0,1]]"
6,518,-0.014192169242065077,0.014192169242065077,"[[1,1,0,0,0,1,0,0,0,0],[1,1,1,0,1,0,0,1,1,0]]"
6,519,-0.014093155330924529,0.014093155330924529,"[[1,1,0,0,0,1,0,0,0,0],[1,1,1,0,1,0,0,1,1,1]]"
6,520,-0.01753136641709642,0.01753136641709642,"[[1,1,0,0,0,1,0,0,0,0],[1,1,1,0,1,0,1,0,0,0]]"
6,521,-0.017403887346662986,0.017403887346662986,"[[1,1,0,0,0,1,0,0,0,0],[1,1,1,0,1,0,1,0,0,1]]"
6,522,-0.017842402640772026,0.017842402640772026,"[[1,1,0,0,0,1,0,0,0,0],[1,1,1,0,1,0,1,0,1,0]]"
6,523,-0.01772464378249968,0.01772464378249968,"[[1,1,0,0,0,1,0,0,0,0],[1,1,1,0,1,0,1,0,1,1]]"
6,524,-0.020741062125006805,0.020741062125006805,"[[1,1,0,0,0,1,0,0,0,0],[1,1,1,0,1,0,1,1,0,0]]"
6,525,-0.02059366142979671,0.02059366142979671,"[[1,1,0,0,0,1,0,0,0,0],[1,1,1,0,1,0,1,1,0,1]]"
6,526,-0.021042496219787633,0.021042496219787633,"[[1,1,0,0,0,1,0,0,0,0],[1,1,1,0,1,0,1,1,1,0]]"
6,527,-0.020898502647698446,0.020898502647698446,"[[1,1,0,0,0,1,0,0,0,0],[1,1,1,0,1,0,1,1,1,1]]"
6,528,-0.01762804324120971,0.01762804324120971,"[[1,1,0,0,0,1,0,0,0,0],[1,1,1,0,1,1,0,0,0,0]]"
6,529,-0.01747014325360543,0.01747014325360543,"[[1,1,0,0,0,1,0,0,0,0],[1,1,1,0,1,1,0,0,0,1]]"
6,530,-0.01782689262688792,0.01782689262688792,"[[1,1,0,0,0,1,0,0,0,0],[1,1,1,0,1,1,0,0,1,0]]"
6,531,-0.017677096667744384,0.017677096667744384,"[[1,1,0,0,0,1,0,0,0,0],[1,1,1,0,1,1,0,0,1,1]]"
6,532,-0.020672388683880157,0.020672388683880157,"[[1,1,0,0,0,1,0,0,0,0],[1,1,1,0,1,1,0,1,0,0]]"
6,533,-0.02049697181285218,0.02049697181285218,"[[1,1,0,0,0,1,0,0,0,0],[1,1,1,0,1,1,0,1,0,1]]"
6,534,-0.02084158273181267,0.02084158273181267,"[[1,1,0,0,0,1,0,0,0,0],[1,1,1,0,1,1,0,1,1,0]]"
6,535,-0.02069583426097604,0.02069583426097604,"[[1,1,0,0,0,1,0,0,0,0],[1,1,1,0,1,1,0,1,1,1]]"
6,536,-0.02520561189054197,0.02520561189054197,"[[1,1,0,0,0,1,0,0,0,0],[1,1,1,0,1,1,1,0,0,0]]"
6,537,-0.02500669822095668,0.02500669822095668,"[[1,1,0,0,0,1,0,0,0,0],[1,1,1,0,1,1,1,0,0,1]]"
6,538,-0.025441219778693798,0.025441219778693798,"[[1,1,0,0,0,1,0,0,0,0],[1,1,1,0,1,1,1,0,1,0]]"
6,539,-0.02530366995387662,0.02530366995387662,"[[1,1,0,0,0,1,0,0,0,0],[1,1,1,0,1,1,1,0,1,1]]"
6,540,-0.028887561978644685,0.028887561978644685,"[[1,1,0,0,0,1,0,0,0,0],[1,1,1,0,1,1,1,1,0,0]]"
6,541,-0.02866813582002264,0.02866813582002264,"[[1,1,0,0,0,1,0,0,0,0],[1,1,1,0,1,1,1,1,0,1]]"
6,542,-0.029123196469042125,0.029123196469042125,"[[1,1,0,0,0,1,0,0,0,0],[1,1,1,0,1,1,1,1,1,0]]"
6,543,-0.029019958319022002,0.029019958319022002,"[[1,1,0,0,0,1,0,0,0,0],[1,1,1,0,1,1,1,1,1,1]]"
6,544,-0.01133232293165501,0.01133232293165501,"[[1,1,0,0,0,1,0,0,0,1],[1,1,1,0,1,0,0,0,0,0]]"
6,545,-0.011241060681891527,0.011241060681891527,"[[1,1,0,0,0,1,0,0,0,1],[1,1,1,0,1,0,0,0,0,1]]"
6,546,-0.011590814852144058,0.011590814852144058,"[[1,1,0,0,0,1,0,0,0,1],[1,1,1,0,1,0,0,0,1,0]]"
6,547,-0.011516273120566998,0.011516273120566998,"[[1,1,0,0,0,1,0,0,0,1],[1,1,1,0,1,0,0,0,1,1]]"
6,548,-0.013970713044743238,0.013970713044743238,"[[1,1,0,0,0,1,0,0,0,1],[1,1,1,0,1,0,0,1,0,0]]"
6,549,-0.01386057068777372,0.01386057068777372,"[[1,1,0,0,0,1,0,0,0,1],[1,1,1,0,1,0,0,1,0,1]]"
6,550,-0.014252826349711468,0.014252826349711468,"[[1,1,0,0,0,1,0,0,0,1],[1,1,1,0,1,0,0,1,1,0]]"
6,551,-0.014147921576495413,0.014147921576495413,"[[1,1,0,0,0,1,0,0,0,1],[1,1,1,0,1,0,0,1,1,1]]"
6,552,-0.017596704977457783,0.017596704977457783,"[[1,1,0,0,0,1,0,0,0,1],[1,1,1,0,1,0,1,0,0,0]]"
6,553,-0.017469180054122284,0.017469180054122284,"[[1,1,0,0,0,1,0,0,0,1],[1,1,1,0,1,0,1,0,0,1]]"
6,554,-0.017910979113917584,0.017910979113917584,"[[1,1,0,0,0,1,0,0,0,1],[1,1,1,0,1,0,1,0,1,0]]"
6,555,-0.017793327127708904,0.017793327127708904,"[[1,1,0,0,0,1,0,0,0,1],[1,1,1,0,1,0,1,0,1,1]]"
6,556,-0.020807978987586392,0.020807978987586392,"[[1,1,0,0,0,1,0,0,0,1],[1,1,1,0,1,0,1,1,0,0]]"
6,557,-0.02065479426943377,0.02065479426943377,"[[1,1,0,0,0,1,0,0,0,1],[1,1,1,0,1,0,1,1,0,1]]"
6,558,-0.02110274022077135,0.02110274022077135,"[[1,1,0,0,0,1,0,0,0,1],[1,1,1,0,1,0,1,1,1,0]]"
6,559,-0.020956902558991485,0.020956902558991485,"[[1,1,0,0,0,1,0,0,0,1],[1,1,1,0,1,0,1,1,1,1]]"
6,560,-0.017678436108666037,0.017678436108666037,"[[1,1,0,0,0,1,0,0,0,1],[1,1,1,0,1,1,0,0,0,0]]"
6,561,-0.017519878910215905,0.017519878910215905,"[[1,1,0,0,0,1,0,0,0,1],[1,1,1,0,1,1,0,0,0,1]]"
6,562,-0.017879480740757594,0.017879480740757594,"[[1,1,0,0,0,1,0,0,0,1],[1,1,1,0,1,1,0,0,1,0]]"
6,563,-0.01772914321722742,0.01772914321722742,"[[1,1,0,0,0,1,0,0,0,1],[1,1,1,0,1,1,0,0,1,1]]"
6,564,-0.020723795673233812,0.020723795673233812,"[[1,1,0,0,0,1,0,0,0,1],[1,1,1,0,1,1,0,1,0,0]]"
6,565,-0.020546298201226797,0.020546298201226797,"[[1,1,0,0,0,1,0,0,0,1],[1,1,1,0,1,1,0,1,0,1]]"
6,566,-0.0208970146237869,0.0208970146237869,"[[1,1,0,0,0,1,0,0,0,1],[1,1,1,0,1,1,0,1,1,0]]"
6,567,-0.020739223733557664,0.020739223733557664,"[[1,1,0,0,0,1,0,0,0,1],[1,1,1,0,1,1,0,1,1,1]]"
6,568,-0.025260279951674534,0.025260279951674534,"[[1,1,0,0,0,1,0,0,0,1],[1,1,1,0,1,1,1,0,0,0]]"
6,569,-0.02505899694308454,0.02505899694308454,"[[1,1,0,0,0,1,0,0,0,1],[1,1,1,0,1,1,1,0,0,1]]"
6,570,-0.02549804818701692,0.02549804818701692,"[[1,1,0,0,0,1,0,0,0,1],[1,1,1,0,1,1,1,0,1,0]]"
6,571,-0.02534616075865627,0.02534616075865627,"[[1,1,0,0,0,1,0,0,0,1],[1,1,1,0,1,1,1,0,1,1]]"
6,572,-0.028942223283706613,0.028942223283706613,"[[1,1,0,0,0,1,0,0,0,1],[1,1,1,0,1,1,1,1,0,0]]"
6,573,-0.028718730789005876,0.028718730789005876,"[[1,1,0,0,0,1,0,0,0,1],[1,1,1,0,1,1,1,1,0,1]]"
6,574,-0.029168707745308317,0.029168707745308317,"[[1,1,0,0,0,1,0,0,0,1],[1,1,1,0,1,1,1,1,1,0]]"
6,575,-0.029062638978942408,0.029062638978942408,"[[1,1,0,0,0,1,0,0,0,1],[1,1,1,0,1,1,1,1,1,1]]"
6,576,-0.010556645321570473,0.010556645321570473,"[[1,1,0,0,0,1,0,0,1,0],[1,1,1,0,1,0,0,0,0,0]]"
6,577,-0.010489620215841591,0.010489620215841591,"[[1,1,0,0,0,1,0,0,1,0],[1,1,1,0,1,0,0,0,0,1]]"
6,578,-0.010950655078200353,0.010950655078200353,"[[1,1,0,0,0,1,0,0,1,0],[1,1,1,0,1,0,0,0,1,0]]"
6,579,-0.010901293699373616,0.010901293699373616,"[[1,1,0,0,0,1,0,0,1,0],[1,1,1,0,1,0,0,0,1,1]]"
6,580,-0.01308154937894467,0.01308154937894467,"[[1,1,0,0,0,1,0,0,1,0],[1,1,1,0,1,0,0,1,0,0]]"
6,581,-0.012992393764124966,0.012992393764124966,"[[1,1,0,0,0,1,0,0,1,0],[1,1,1,0,1,0,0,1,0,1]]"
6,582,-0.013520341119663746,0.013520341119663746,"[[1,1,0,0,0,1,0,0,1,0],[1,1,1,0,1,0,0,1,1,0]]"
6,583,-0.013460690022314658,0.013460690022314658,"[[1,1,0,0,0,1,0,0,1,0],[1,1,1,0,1,0,0,1,1,1]]"
6,584,-0.01658742383673857,0.01658742383673857,"[[1,1,0,0,0,1,0,0,1,0],[1,1,1,0,1,0,1,0,0,0]]"
6,585,-0.01647321368793482,0.01647321368793482,"[[1,1,0,0,0,1,0,0,1,0],[1,1,1,0,1,0,1,0,0,1]]"
6,586,-0.0170628810708885,0.0170628810708885,"[[1,1,0,0,0,1,0,0,1,0],[1,1,1,0,1,0,1,0,1,0]]"
6,587,-0.016952694665026476,0.016952694665026476,"[[1,1,0,0,0,1,0,0,1,0],[1,1,1,0,1,0,1,0,1,1]]"
6,588,-0.01966865102021997,0.01966865102021997,"[[1,1,0,0,0,1,0,0,1,0],[1,1,1,0,1,0,1,1,0,0]]"
6,589,-0.01954006104343605,0.01954006104343605,"[[1,1,0,0,0,1,0,0,1,0],[1,1,1,0,1,0,1,1,0,1]]"
6,590,-0.020134006071912333,0.020134006071912333,"[[1,1,0,0,0,1,0,0,1,0],[1,1,1,0,1,0,1,1,1,0]]"
6,591,-0.0200280618369559,0.0200280618369559,"[[1,1,0,0,0,1,0,0,1,0],[1,1,1,0,1,0,1,1,1,1]]"
6,592,-0.016628747025993915,0.016628747025993915,"[[1,1,0,0,0,1,0,0,1,0],[1,1,1,0,1,1,0,0,0,0]]"
6,593,-0.016484791270881215,0.016484791270881215,"[[1,1,0,0,0,1,0,0,1,0],[1,1,1,0,1,1,0,0,0,1]]"
6,594,-0.01696233553845857,0.01696233553845857,"[[1,1,0,0,0,1,0,0,1,0],[1,1,1,0,1,1,0,0,1,0]]"
6,595,-0.016864364257848707,0.016864364257848707,"[[1,1,0,0,0,1,0,0,1,0],[1,1,1,0,1,1,0,0,1,1]]"
6,596,-0.019471154596729462,0.019471154596729462,"[[1,1,0,0,0,1,0,0,1,0],[1,1,1,0,1,1,0,1,0,0]]"
6,597,-0.0193210561489025,0.0193210561489025,"[[1,1,0,0,0,1,0,0,1,0],[1,1,1,0,1,1,0,1,0,1]]"
6,598,-0.019852491413653677,0.019852491413653677,"[[1,1,0,0,0,1,0,0,1,0],[1,1,1,0,1,1,0,1,1,0]]"
6,599,-0.01974846952407408,0.01974846952407408,"[[1,1,0,0,0,1,0,0,1,0],[1,1,1,0,1,1,0,1,1,1]]"
6,600,-0.02398168858319437,0.02398168858319437,"[[1,1,0,0,0,1,0,0,1,0],[1,1,1,0,1,1,1,0,0,0]]"
6,601,-0.023795880550791244,0.023795880550791244,"[[1,1,0,0,0,1,0,0,1,0],[1,1,1,0,1,1,1,0,0,1]]"
6,602,-0.024372116741469097,0.024372116741469097,"[[1,1,0,0,0,1,0,0,1,0],[1,1,1,0,1,1,1,0,1,0]]"
6,603,-0.024270632272371057,0.024270632272371057,"[[1,1,0,0,0,1,0,0,1,0],[1,1,1,0,1,1,1,0,1,1]]"
6,604,-0.027402881117079385,0.027402881117079385,"[[1,1,0,0,0,1,0,0,1,0],[1,1,1,0,1,1,1,1,0,0]]"
6,605,-0.02723468090866894,0.02723468090866894,"[[1,1,0,0,0,1,0,0,1,0],[1,1,1,0,1,1,1,1,0,1]]"
6,606,-0.027902167017700742,0.027902167017700742,"[[1,1,0,0,0,1,0,0,1,0],[1,1,1,0,1,1,1,1,1,0]]"
6,607,-0.027812660850215266,0.027812660850215266,"[[1,1,0,0,0,1,0,0,1,0],[1,1,1,0,1,1,1,1,1,1]]"
6,608,-0.01061374399548514,0.01061374399548514,"[[1,1,0,0,0,1,0,0,1,1],[1,1,1,0,1,0,0,0,0,0]]"
6,609,-0.010556171474278852,0.010556171474278852,"[[1,1,0,0,0,1,0,0,1,1],[1,1,1,0,1,0,0,0,0,1]]"
6,610,-0.011018227689485604,0.011018227689485604,"[[1,1,0,0,0,1,0,0,1,1],[1,1,1,0,1,0,0,0,1,0]]"
6,611,-0.010968618630911316,0.010968618630911316,"[[1,1,0,0,0,1,0,0,1,1],[1,1,1,0,1,0,0,0,1,1]]"
6,612,-0.013144737625068667,0.013144737625068667,"[[1,1,0,0,0,1,0,0,1,1],[1,1,1,0,1,0,0,1,0,0]]"
6,613,-0.013056238628808756,0.013056238628808756,"[[1,1,0,0,0,1,0,0,1,1],[1,1,1,0,1,0,0,1,0,1]]"
6,614,-0.013588254891148142,0.013588254891148142,"[[1,1,0,0,0,1,0,0,1,1],[1,1,1,0,1,0,0,1,1,0]]"
6,615,-0.013527402067872878,0.013527402067872878,"[[1,1,0,0,0,1,0,0,1,1],[1,1,1,0,1,0,0,1,1,1]]"
6,616,-0.016653641590107758,0.016653641590107758,"[[1,1,0,0,0,1,0,0,1,1],[1,1,1,0,1,0,1,0,0,0]]"
6,617,-0.016539752938981803,0.016539752938981803,"[[1,1,0,0,0,1,0,0,1,1],[1,1,1,0,1,0,1,0,0,1]]"
6,618,-0.017131304853878954,0.017131304853878954,"[[1,1,0,0,0,1,0,0,1,1],[1,1,1,0,1,0,1,0,1,0]]"
6,619,-0.01702088548182206,0.01702088548182206,"[[1,1,0,0,0,1,0,0,1,1],[1,1,1,0,1,0,1,0,1,1]]"
6,620,-0.019738532462335808,0.019738532462335808,"[[1,1,0,0,0,1,0,0,1,1],[1,1,1,0,1,0,1,1,0,0]]"
6,621,-0.019602814893314315,0.019602814893314315,"[[1,1,0,0,0,1,0,0,1,1],[1,1,1,0,1,0,1,1,0,1]]"
6,622,-0.020197302564295014,0.020197302564295014,"[[1,1,0,0,0,1,0,0,1,1],[1,1,1,0,1,0,1,1,1,0]]"
6,623,-0.020083004416396162,0.020083004416396162,"[[1,1,0,0,0,1,0,0,1,1],[1,1,1,0,1,0,1,1,1,1]]"
6,624,-0.01668023838554273,0.01668023838554273,"[[1,1,0,0,0,1,0,0,1,1],[1,1,1,0,1,1,0,0,0,0]]"
6,625,-0.016535945452516042,0.016535945452516042,"[[1,1,0,0,0,1,0,0,1,1],[1,1,1,0,1,1,0,0,0,1]]"
6,626,-0.017026588284293417,0.017026588284293417,"[[1,1,0,0,0,1,0,0,1,1],[1,1,1,0,1,1,0,0,1,0]]"
6,627,-0.01693295362838253,0.01693295362838253,"[[1,1,0,0,0,1,0,0,1,1],[1,1,1,0,1,1,0,0,1,1]]"
6,628,-0.01952841191031615,0.01952841191031615,"[[1,1,0,0,0,1,0,0,1,1],[1,1,1,0,1,1,0,1,0,0]]"
6,629,-0.0193764549169997,0.0193764549169997,"[[1,1,0,0,0,1,0,0,1,1],[1,1,1,0,1,1,0,1,0,1]]"
6,630,-0.019912241643029818,0.019912241643029818,"[[1,1,0,0,0,1,0,0,1,1],[1,1,1,0,1,1,0,1,1,0]]"
6,631,-0.019813308044027467,0.019813308044027467,"[[1,1,0,0,0,1,0,0,1,1],[1,1,1,0,1,1,0,1,1,1]]"
6,632,-0.024037052079727776,0.024037052079727776,"[[1,1,0,0,0,1,0,0,1,1],[1,1,1,0,1,1,1,0,0,0]]"
6,633,-0.02384924429608646,0.02384924429608646,"[[1,1,0,0,0,1,0,0,1,1],[1,1,1,0,1,1,1,0,0,1]]"
6,634,-0.024429451490366346,0.024429451490366346,"[[1,1,0,0,0,1,0,0,1,1],[1,1,1,0,1,1,1,0,1,0]]"
6,635,-0.02431458591285395,0.02431458591285395,"[[1,1,0,0,0,1,0,0,1,1],[1,1,1,0,1,1,1,0,1,1]]"
6,636,-0.02746257874553205,0.02746257874553205,"[[1,1,0,0,0,1,0,0,1,1],[1,1,1,0,1,1,1,1,0,0]]"
6,637,-0.02727988496753854,0.02727988496753854,"[[1,1,0,0,0,1,0,0,1,1],[1,1,1,0,1,1,1,1,0,1]]"
6,638,-0.0279525628654222,0.0279525628654222,"[[1,1,0,0,0,1,0,0,1,1],[1,1,1,0,1,1,1,1,1,0]]"
6,639,-0.02786035628394276,0.02786035628394276,"[[1,1,0,0,0,1,0,0,1,1],[1,1,1,0,1,1,1,1,1,1]]"
6,640,-0.008189165099590966,0.008189165099590966,"[[1,1,0,0,0,1,0,1,0,0],[1,1,1,0,1,0,0,0,0,0]]"
6,641,-0.00812703838984224,0.00812703838984224,"[[1,1,0,0,0,1,0,1,0,0],[1,1,1,0,1,0,0,0,0,1]]"
6,642,-0.008516729493908514,0.008516729493908514,"[[1,1,0,0,0,1,0,1,0,0],[1,1,1,0,1,0,0,0,1,0]]"
6,643,-0.008468764085318808,0.008468764085318808,"[[1,1,0,0,0,1,0,1,0,0],[1,1,1,0,1,0,0,0,1,1]]"
6,644,-0.010708734263309497,0.010708734263309497,"[[1,1,0,0,0,1,0,1,0,0],[1,1,1,0,1,0,0,1,0,0]]"
6,645,-0.01064147209610994,0.01064147209610994,"[[1,1,0,0,0,1,0,1,0,0],[1,1,1,0,1,0,0,1,0,1]]"
6,646,-0.010989118435093578,0.010989118435093578,"[[1,1,0,0,0,1,0,1,0,0],[1,1,1,0,1,0,0,1,1,0]]"
6,647,-0.010942190446808199,0.010942190446808199,"[[1,1,0,0,0,1,0,1,0,0],[1,1,1,0,1,0,0,1,1,1]]"
6,648,-0.0136265565427726,0.0136265565427726,"[[1,1,0,0,0,1,0,1,0,0],[1,1,1,0,1,0,1,0,0,0]]"
6,649,-0.013512907624258214,0.013512907624258214,"[[1,1,0,0,0,1,0,1,0,0],[1,1,1,0,1,0,1,0,0,1]]"
6,650,-0.013951240994700471,0.013951240994700471,"[[1,1,0,0,0,1,0,1,0,0],[1,1,1,0,1,0,1,0,1,0]]"
6,651,-0.013848701230210292,0.013848701230210292,"[[1,1,0,0,0,1,0,1,0,0],[1,1,1,0,1,0,1,0,1,1]]"
6,652,-0.016701982709894606,0.016701982709894606,"[[1,1,0,0,0,1,0,1,0,0],[1,1,1,0,1,0,1,1,0,0]]"
6,653,-0.016586535874101093,0.016586535874101093,"[[1,1,0,0,0,1,0,1,0,0],[1,1,1,0,1,0,1,1,0,1]]"
6,654,-0.016995864949151746,0.016995864949151746,"[[1,1,0,0,0,1,0,1,0,0],[1,1,1,0,1,0,1,1,1,0]]"
6,655,-0.016882882178541996,0.016882882178541996,"[[1,1,0,0,0,1,0,1,0,0],[1,1,1,0,1,0,1,1,1,1]]"
6,656,-0.013941278975458257,0.013941278975458257,"[[1,1,0,0,0,1,0,1,0,0],[1,1,1,0,1,1,0,0,0,0]]"
6,657,-0.0138087344035157,0.0138087344035157,"[[1,1,0,0,0,1,0,1,0,0],[1,1,1,0,1,1,0,0,0,1]]"
6,658,-0.01415883320378367,0.01415883320378367,"[[1,1,0,0,0,1,0,1,0,0],[1,1,1,0,1,1,0,0,1,0]]"
6,659,-0.01407076287018123,0.01407076287018123,"[[1,1,0,0,0,1,0,1,0,0],[1,1,1,0,1,1,0,0,1,1]]"
6,660,-0.016638375152715087,0.016638375152715087,"[[1,1,0,0,0,1,0,1,0,0],[1,1,1,0,1,1,0,1,0,0]]"
6,661,-0.016491409470981613,0.016491409470981613,"[[1,1,0,0,0,1,0,1,0,0],[1,1,1,0,1,1,0,1,0,1]]"
6,662,-0.016816173752997196,0.016816173752997196,"[[1,1,0,0,0,1,0,1,0,0],[1,1,1,0,1,1,0,1,1,0]]"
6,663,-0.016717862758896362,0.016717862758896362,"[[1,1,0,0,0,1,0,1,0,0],[1,1,1,0,1,1,0,1,1,1]]"
6,664,-0.020729874274638394,0.020729874274638394,"[[1,1,0,0,0,1,0,1,0,0],[1,1,1,0,1,1,1,0,0,0]]"
6,665,-0.02055565369206212,0.02055565369206212,"[[1,1,0,0,0,1,0,1,0,0],[1,1,1,0,1,1,1,0,0,1]]"
6,666,-0.020981304162840175,0.020981304162840175,"[[1,1,0,0,0,1,0,1,0,0],[1,1,1,0,1,1,1,0,1,0]]"
6,667,-0.020810577433452958,0.020810577433452958,"[[1,1,0,0,0,1,0,1,0,0],[1,1,1,0,1,1,1,0,1,1]]"
6,668,-0.023990740994198845,0.023990740994198845,"[[1,1,0,0,0,1,0,1,0,0],[1,1,1,0,1,1,1,1,0,0]]"
6,669,-0.023800973635637362,0.023800973635637362,"[[1,1,0,0,0,1,0,1,0,0],[1,1,1,0,1,1,1,1,0,1]]"
6,670,-0.024214723487391055,0.024214723487391055,"[[1,1,0,0,0,1,0,1,0,0],[1,1,1,0,1,1,1,1,1,0]]"
6,671,-0.02409914903147178,0.02409914903147178,"[[1,1,0,0,0,1,0,1,0,0],[1,1,1,0,1,1,1,1,1,1]]"
6,672,-0.00823980382761235,0.00823980382761235,"[[1,1,0,0,0,1,0,1,0,1],[1,1,1,0,1,0,0,0,0,0]]"
6,673,-0.008184204556606019,0.008184204556606019,"[[1,1,0,0,0,1,0,1,0,1],[1,1,1,0,1,0,0,0,0,1]]"
6,674,-0.00857768442051243,0.00857768442051243,"[[1,1,0,0,0,1,0,1,0,1],[1,1,1,0,1,0,0,0,1,0]]"
6,675,-0.00852930478545741,0.00852930478545741,"[[1,1,0,0,0,1,0,1,0,1],[1,1,1,0,1,0,0,0,1,1]]"
6,676,-0.010767370532786062,0.010767370532786062,"[[1,1,0,0,0,1,0,1,0,1],[1,1,1,0,1,0,0,1,0,0]]"
6,677,-0.01070939772039447,0.01070939772039447,"[[1,1,0,0,0,1,0,1,0,1],[1,1,1,0,1,0,0,1,0,1]]"
6,678,-0.011059497856670127,0.011059497856670127,"[[1,1,0,0,0,1,0,1,0,1],[1,1,1,0,1,0,0,1,1,0]]"
6,679,-0.011010288233222443,0.011010288233222443,"[[1,1,0,0,0,1,0,1,0,1],[1,1,1,0,1,0,0,1,1,1]]"
6,680,-0.013684929131371116,0.013684929131371116,"[[1,1,0,0,0,1,0,1,0,1],[1,1,1,0,1,0,1,0,0,0]]"
6,681,-0.013571364794249967,0.013571364794249967,"[[1,1,0,0,0,1,0,1,0,1],[1,1,1,0,1,0,1,0,0,1]]"
6,682,-0.014013778495998084,0.014013778495998084,"[[1,1,0,0,0,1,0,1,0,1],[1,1,1,0,1,0,1,0,1,0]]"
6,683,-0.013911515236785361,0.013911515236785361,"[[1,1,0,0,0,1,0,1,0,1],[1,1,1,0,1,0,1,0,1,1]]"
6,684,-0.016768792022463622,0.016768792022463622,"[[1,1,0,0,0,1,0,1,0,1],[1,1,1,0,1,0,1,1,0,0]]"
6,685,-0.01665355223328853,0.01665355223328853,"[[1,1,0,0,0,1,0,1,0,1],[1,1,1,0,1,0,1,1,0,1]]"
6,686,-0.017056271671957005,0.017056271671957005,"[[1,1,0,0,0,1,0,1,0,1],[1,1,1,0,1,0,1,1,1,0]]"
6,687,-0.016943379919875132,0.016943379919875132,"[[1,1,0,0,0,1,0,1,0,1],[1,1,1,0,1,0,1,1,1,1]]"
6,688,-0.013995007876011281,0.013995007876011281,"[[1,1,0,0,0,1,0,1,0,1],[1,1,1,0,1,1,0,0,0,0]]"
6,689,-0.013871721589347172,0.013871721589347172,"[[1,1,0,0,0,1,0,1,0,1],[1,1,1,0,1,1,0,0,0,1]]"
6,690,-0.014224068949750628,0.014224068949750628,"[[1,1,0,0,0,1,0,1,0,1],[1,1,1,0,1,1,0,0,1,0]]"
6,691,-0.014133033292476789,0.014133033292476789,"[[1,1,0,0,0,1,0,1,0,1],[1,1,1,0,1,1,0,0,1,1]]"
6,692,-0.016688372745697348,0.016688372745697348,"[[1,1,0,0,0,1,0,1,0,1],[1,1,1,0,1,1,0,1,0,0]]"
6,693,-0.01653991662938211,0.01653991662938211,"[[1,1,0,0,0,1,0,1,0,1],[1,1,1,0,1,1,0,1,0,1]]"
6,694,-0.016879609680564317,0.016879609680564317,"[[1,1,0,0,0,1,0,1,0,1],[1,1,1,0,1,1,0,1,1,0]]"
6,695,-0.016785340699149155,0.016785340699149155,"[[1,1,0,0,0,1,0,1,0,1],[1,1,1,0,1,1,0,1,1,1]]"
6,696,-0.020789143851745434,0.020789143851745434,"[[1,1,0,0,0,1,0,1,0,1],[1,1,1,0,1,1,1,0,0,0]]"
6,697,-0.020613097171391353,0.020613097171391353,"[[1,1,0,0,0,1,0,1,0,1],[1,1,1,0,1,1,1,0,0,1]]"
6,698,-0.021035374866594438,0.021035374866594438,"[[1,1,0,0,0,1,0,1,0,1],[1,1,1,0,1,1,1,0,1,0]]"
6,699,-0.020862714391564265,0.020862714391564265,"[[1,1,0,0,0,1,0,1,0,1],[1,1,1,0,1,1,1,0,1,1]]"
6,700,-0.024045017122908786,0.024045017122908786,"[[1,1,0,0,0,1,0,1,0,1],[1,1,1,0,1,1,1,1,0,0]]"
6,701,-0.02385302734822171,0.02385302734822171,"[[1,1,0,0,0,1,0,1,0,1],[1,1,1,0,1,1,1,1,0,1]]"
6,702,-0.024271523495419514,0.024271523495419514,"[[1,1,0,0,0,1,0,1,0,1],[1,1,1,0,1,1,1,1,1,0]]"
6,703,-0.024142235787844232,0.024142235787844232,"[[1,1,0,0,0,1,0,1,0,1],[1,1,1,0,1,1,1,1,1,1]]"
6,704,-0.007682036672812326,0.007682036672812326,"[[1,1,0,0,0,1,0,1,1,0],[1,1,1,0,1,0,0,0,0,0]]"
6,705,-0.007631358424640362,0.007631358424640362,"[[1,1,0,0,0,1,0,1,1,0],[1,1,1,0,1,0,0,0,0,1]]"
6,706,-0.008153791242427225,0.008153791242427225,"[[1,1,0,0,0,1,0,1,1,0],[1,1,1,0,1,0,0,0,1,0]]"
6,707,-0.008105288891046466,0.008105288891046466,"[[1,1,0,0,0,1,0,1,1,0],[1,1,1,0,1,0,0,0,1,1]]"
6,708,-0.01009578455343421,0.01009578455343421,"[[1,1,0,0,0,1,0,1,1,0],[1,1,1,0,1,0,0,1,0,0]]"
6,709,-0.010049114556507784,0.010049114556507784,"[[1,1,0,0,0,1,0,1,1,0],[1,1,1,0,1,0,0,1,0,1]]"
6,710,-0.010578062746078372,0.010578062746078372,"[[1,1,0,0,0,1,0,1,1,0],[1,1,1,0,1,0,0,1,1,0]]"
6,711,-0.010535033628167345,0.010535033628167345,"[[1,1,0,0,0,1,0,1,1,0],[1,1,1,0,1,0,0,1,1,1]]"
6,712,-0.012826109595215187,0.012826109595215187,"[[1,1,0,0,0,1,0,1,1,0],[1,1,1,0,1,0,1,0,0,0]]"
6,713,-0.012726020673163162,0.012726020673163162,"[[1,1,0,0,0,1,0,1,1,0],[1,1,1,0,1,0,1,0,0,1]]"
6,714,-0.013270065966077596,0.013270065966077596,"[[1,1,0,0,0,1,0,1,1,0],[1,1,1,0,1,0,1,0,1,0]]"
6,715,-0.01317738765996807,0.01317738765996807,"[[1,1,0,0,0,1,0,1,1,0],[1,1,1,0,1,0,1,0,1,1]]"
6,716,-0.01580317011681863,0.01580317011681863,"[[1,1,0,0,0,1,0,1,1,0],[1,1,1,0,1,0,1,1,0,0]]"
6,717,-0.015701354884737163,0.015701354884737163,"[[1,1,0,0,0,1,0,1,1,0],[1,1,1,0,1,0,1,1,0,1]]"
6,718,-0.01624767391539054,0.01624767391539054,"[[1,1,0,0,0,1,0,1,1,0],[1,1,1,0,1,0,1,1,1,0]]"
6,719,-0.0161491051158052,0.0161491051158052,"[[1,1,0,0,0,1,0,1,1,0],[1,1,1,0,1,0,1,1,1,1]]"
6,720,-0.013112066550910899,0.013112066550910899,"[[1,1,0,0,0,1,0,1,1,0],[1,1,1,0,1,1,0,0,0,0]]"
6,721,-0.013028347060397792,0.013028347060397792,"[[1,1,0,0,0,1,0,1,1,0],[1,1,1,0,1,1,0,0,0,1]]"
6,722,-0.013626940366104543,0.013626940366104543,"[[1,1,0,0,0,1,0,1,1,0],[1,1,1,0,1,1,0,0,1,0]]"
6,723,-0.013539093249497102,0.013539093249497102,"[[1,1,0,0,0,1,0,1,1,0],[1,1,1,0,1,1,0,0,1,1]]"
6,724,-0.015649674145363602,0.015649674145363602,"[[1,1,0,0,0,1,0,1,1,0],[1,1,1,0,1,1,0,1,0,0]]"
6,725,-0.015561913124215144,0.015561913124215144,"[[1,1,0,0,0,1,0,1,1,0],[1,1,1,0,1,1,0,1,0,1]]"
6,726,-0.016128491121174777,0.016128491121174777,"[[1,1,0,0,0,1,0,1,1,0],[1,1,1,0,1,1,0,1,1,0]]"
6,727,-0.016044298945411872,0.016044298945411872,"[[1,1,0,0,0,1,0,1,1,0],[1,1,1,0,1,1,0,1,1,1]]"
6,728,-0.01964256115129234,0.01964256115129234,"[[1,1,0,0,0,1,0,1,1,0],[1,1,1,0,1,1,1,0,0,0]]"
6,729,-0.01948160931750116,0.01948160931750116,"[[1,1,0,0,0,1,0,1,1,0],[1,1,1,0,1,1,1,0,0,1]]"
6,730,-0.020073040113671888,0.020073040113671888,"[[1,1,0,0,0,1,0,1,1,0],[1,1,1,0,1,1,1,0,1,0]]"
6,731,-0.019912057185014986,0.019912057185014986,"[[1,1,0,0,0,1,0,1,1,0],[1,1,1,0,1,1,1,0,1,1]]"
6,732,-0.022730468375176192,0.022730468375176192,"[[1,1,0,0,0,1,0,1,1,0],[1,1,1,0,1,1,1,1,0,0]]"
6,733,-0.02256072169950854,0.02256072169950854,"[[1,1,0,0,0,1,0,1,1,0],[1,1,1,0,1,1,1,1,0,1]]"
6,734,-0.023125466710958175,0.023125466710958175,"[[1,1,0,0,0,1,0,1,1,0],[1,1,1,0,1,1,1,1,1,0]]"
6,735,-0.02304807375945507,0.02304807375945507,"[[1,1,0,0,0,1,0,1,1,0],[1,1,1,0,1,1,1,1,1,1]]"
6,736,-0.007737860471804137,0.007737860471804137,"[[1,1,0,0,0,1,0,1,1,1],[1,1,1,0,1,0,0,0,0,0]]"
6,737,-0.007686863250608876,0.007686863250608876,"[[1,1,0,0,0,1,0,1,1,1],[1,1,1,0,1,0,0,0,0,1]]"
6,738,-0.008210644881347262,0.008210644881347262,"[[1,1,0,0,0,1,0,1,1,1],[1,1,1,0,1,0,0,0,1,0]]"
6,739,-0.0081618751318363,0.0081618751318363,"[[1,1,0,0,0,1,0,1,1,1],[1,1,1,0,1,0,0,0,1,1]]"
6,740,-0.010162989074912145,0.010162989074912145,"[[1,1,0,0,0,1,0,1,1,1],[1,1,1,0,1,0,0,1,0,0]]"
6,741,-0.010116287613416075,0.010116287613416075,"[[1,1,0,0,0,1,0,1,1,1],[1,1,1,0,1,0,0,1,0,1]]"
6,742,-0.010646588891738761,0.010646588891738761,"[[1,1,0,0,0,1,0,1,1,1],[1,1,1,0,1,0,0,1,1,0]]"
6,743,-0.010599873624904858,0.010599873624904858,"[[1,1,0,0,0,1,0,1,1,1],[1,1,1,0,1,0,0,1,1,1]]"
6,744,-0.01288555566592398,0.01288555566592398,"[[1,1,0,0,0,1,0,1,1,1],[1,1,1,0,1,0,1,0,0,0]]"
6,745,-0.012785919203132323,0.012785919203132323,"[[1,1,0,0,0,1,0,1,1,1],[1,1,1,0,1,0,1,0,0,1]]"
6,746,-0.013331789619227773,0.013331789619227773,"[[1,1,0,0,0,1,0,1,1,1],[1,1,1,0,1,0,1,0,1,0]]"
6,747,-0.013239707204615965,0.013239707204615965,"[[1,1,0,0,0,1,0,1,1,1],[1,1,1,0,1,0,1,0,1,1]]"
6,748,-0.015871017999161883,0.015871017999161883,"[[1,1,0,0,0,1,0,1,1,1],[1,1,1,0,1,0,1,1,0,0]]"
6,749,-0.015769306850121508,0.015769306850121508,"[[1,1,0,0,0,1,0,1,1,1],[1,1,1,0,1,0,1,1,0,1]]"
6,750,-0.016309082270426687,0.016309082270426687,"[[1,1,0,0,0,1,0,1,1,1],[1,1,1,0,1,0,1,1,1,0]]"
6,751,-0.01621103079301588,0.01621103079301588,"[[1,1,0,0,0,1,0,1,1,1],[1,1,1,0,1,0,1,1,1,1]]"
6,752,-0.013180267206114564,0.013180267206114564,"[[1,1,0,0,0,1,0,1,1,1],[1,1,1,0,1,1,0,0,0,0]]"
6,753,-0.013094611704808176,0.013094611704808176,"[[1,1,0,0,0,1,0,1,1,1],[1,1,1,0,1,1,0,0,0,1]]"
6,754,-0.013687965650100336,0.013687965650100336,"[[1,1,0,0,0,1,0,1,1,1],[1,1,1,0,1,1,0,0,1,0]]"
6,755,-0.013597997883816517,0.013597997883816517,"[[1,1,0,0,0,1,0,1,1,1],[1,1,1,0,1,1,0,0,1,1]]"
6,756,-0.015718244652855342,0.015718244652855342,"[[1,1,0,0,0,1,0,1,1,1],[1,1,1,0,1,1,0,1,0,0]]"
6,757,-0.015628458687687866,0.015628458687687866,"[[1,1,0,0,0,1,0,1,1,1],[1,1,1,0,1,1,0,1,0,1]]"
6,758,-0.01619788545462951,0.01619788545462951,"[[1,1,0,0,0,1,0,1,1,1],[1,1,1,0,1,1,0,1,1,0]]"
6,759,-0.016111552177962243,0.016111552177962243,"[[1,1,0,0,0,1,0,1,1,1],[1,1,1,0,1,1,0,1,1,1]]"
6,760,-0.019702709770248288,0.019702709770248288,"[[1,1,0,0,0,1,0,1,1,1],[1,1,1,0,1,1,1,0,0,0]]"
6,761,-0.019540296369713942,0.019540296369713942,"[[1,1,0,0,0,1,0,1,1,1],[1,1,1,0,1,1,1,0,0,1]]"
6,762,-0.020126161750076393,0.020126161750076393,"[[1,1,0,0,0,1,0,1,1,1],[1,1,1,0,1,1,1,0,1,0]]"
6,763,-0.019963555143887923,0.019963555143887923,"[[1,1,0,0,0,1,0,1,1,1],[1,1,1,0,1,1,1,0,1,1]]"
6,764,-0.022788325780317652,0.022788325780317652,"[[1,1,0,0,0,1,0,1,1,1],[1,1,1,0,1,1,1,1,0,0]]"
6,765,-0.022616888089983734,0.022616888089983734,"[[1,1,0,0,0,1,0,1,1,1],[1,1,1,0,1,1,1,1,0,1]]"
6,766,-0.023185622494838434,0.023185622494838434,"[[1,1,0,0,0,1,0,1,1,1],[1,1,1,0,1,1,1,1,1,0]]"
6,767,-0.02309598968766473,0.02309598968766473,"[[1,1,0,0,0,1,0,1,1,1],[1,1,1,0,1,1,1,1,1,1]]"
6,768,-0.005855341434797256,0.005855341434797256,"[[1,1,0,0,0,1,1,0,0,0],[1,1,1,0,1,0,0,0,0,0]]"
6,769,-0.005769095365145395,0.005769095365145395,"[[1,1,0,0,0,1,1,0,0,0],[1,1,1,0,1,0,0,0,0,1]]"
6,770,-0.006168872375593293,0.006168872375593293,"[[1,1,0,0,0,1,1,0,0,0],[1,1,1,0,1,0,0,0,1,0]]"
6,771,-0.006096424380488486,0.006096424380488486,"[[1,1,0,0,0,1,1,0,0,0],[1,1,1,0,1,0,0,0,1,1]]"
6,772,-0.008156718988002836,0.008156718988002836,"[[1,1,0,0,0,1,1,0,0,0],[1,1,1,0,1,0,0,1,0,0]]"
6,773,-0.00805999741033227,0.00805999741033227,"[[1,1,0,0,0,1,1,0,0,0],[1,1,1,0,1,0,0,1,0,1]]"
6,774,-0.008375609822138488,0.008375609822138488,"[[1,1,0,0,0,1,1,0,0,0],[1,1,1,0,1,0,0,1,1,0]]"
6,775,-0.00829437548878619,0.00829437548878619,"[[1,1,0,0,0,1,1,0,0,0],[1,1,1,0,1,0,0,1,1,1]]"
6,776,-0.010689369058804566,0.010689369058804566,"[[1,1,0,0,0,1,1,0,0,0],[1,1,1,0,1,0,1,0,0,0]]"
6,777,-0.010601476192442023,0.010601476192442023,"[[1,1,0,0,0,1,1,0,0,0],[1,1,1,0,1,0,1,0,0,1]]"
6,778,-0.01106518308310898,0.01106518308310898,"[[1,1,0,0,0,1,1,0,0,0],[1,1,1,0,1,0,1,0,1,0]]"
6,779,-0.010982003182012095,0.010982003182012095,"[[1,1,0,0,0,1,1,0,0,0],[1,1,1,0,1,0,1,0,1,1]]"
6,780,-0.013656035488783453,0.013656035488783453,"[[1,1,0,0,0,1,1,0,0,0],[1,1,1,0,1,0,1,1,0,0]]"
6,781,-0.013549805480970954,0.013549805480970954,"[[1,1,0,0,0,1,1,0,0,0],[1,1,1,0,1,0,1,1,0,1]]"
6,782,-0.013947379704431584,0.013947379704431584,"[[1,1,0,0,0,1,1,0,0,0],[1,1,1,0,1,0,1,1,1,0]]"
6,783,-0.013858704897898555,0.013858704897898555,"[[1,1,0,0,0,1,1,0,0,0],[1,1,1,0,1,0,1,1,1,1]]"
6,784,-0.011185582758794643,0.011185582758794643,"[[1,1,0,0,0,1,1,0,0,0],[1,1,1,0,1,1,0,0,0,0]]"
6,785,-0.01107272202800793,0.01107272202800793,"[[1,1,0,0,0,1,1,0,0,0],[1,1,1,0,1,1,0,0,0,1]]"
6,786,-0.011492904824626296,0.011492904824626296,"[[1,1,0,0,0,1,1,0,0,0],[1,1,1,0,1,1,0,0,1,0]]"
6,787,-0.011387539252406204,0.011387539252406204,"[[1,1,0,0,0,1,1,0,0,0],[1,1,1,0,1,1,0,0,1,1]]"
6,788,-0.01413429221212751,0.01413429221212751,"[[1,1,0,0,0,1,1,0,0,0],[1,1,1,0,1,1,0,1,0,0]]"
6,789,-0.014012406682437946,0.014012406682437946,"[[1,1,0,0,0,1,1,0,0,0],[1,1,1,0,1,1,0,1,0,1]]"
6,790,-0.01437731981470589,0.01437731981470589,"[[1,1,0,0,0,1,1,0,0,0],[1,1,1,0,1,1,0,1,1,0]]"
6,791,-0.01428559607264368,0.01428559607264368,"[[1,1,0,0,0,1,1,0,0,0],[1,1,1,0,1,1,0,1,1,1]]"
6,792,-0.01767675689894863,0.01767675689894863,"[[1,1,0,0,0,1,1,0,0,0],[1,1,1,0,1,1,1,0,0,0]]"
6,793,-0.01754031723412991,0.01754031723412991,"[[1,1,0,0,0,1,1,0,0,0],[1,1,1,0,1,1,1,0,0,1]]"
6,794,-0.017898437959539312,0.017898437959539312,"[[1,1,0,0,0,1,1,0,0,0],[1,1,1,0,1,1,1,0,1,0]]"
6,795,-0.017811532561207186,0.017811532561207186,"[[1,1,0,0,0,1,1,0,0,0],[1,1,1,0,1,1,1,0,1,1]]"
6,796,-0.020703555862917236,0.020703555862917236,"[[1,1,0,0,0,1,1,0,0,0],[1,1,1,0,1,1,1,1,0,0]]"
6,797,-0.020553980596621328,0.020553980596621328,"[[1,1,0,0,0,1,1,0,0,0],[1,1,1,0,1,1,1,1,0,1]]"
6,798,-0.020972676868874034,0.020972676868874034,"[[1,1,0,0,0,1,1,0,0,0],[1,1,1,0,1,1,1,1,1,0]]"
6,799,-0.02090597845026493,0.02090597845026493,"[[1,1,0,0,0,1,1,0,0,0],[1,1,1,0,1,1,1,1,1,1]]"
6,800,-0.0058897723959623095,0.0058897723959623095,"[[1,1,0,0,0,1,1,0,0,1],[1,1,1,0,1,0,0,0,0,0]]"
6,801,-0.005805040514056873,0.005805040514056873,"[[1,1,0,0,0,1,1,0,0,1],[1,1,1,0,1,0,0,0,0,1]]"
6,802,-0.006197641743679567,0.006197641743679567,"[[1,1,0,0,0,1,1,0,0,1],[1,1,1,0,1,0,0,0,1,0]]"
6,803,-0.006135674535632438,0.006135674535632438,"[[1,1,0,0,0,1,1,0,0,1],[1,1,1,0,1,0,0,0,1,1]]"
6,804,-0.008190856332853134,0.008190856332853134,"[[1,1,0,0,0,1,1,0,0,1],[1,1,1,0,1,0,0,1,0,0]]"
6,805,-0.008094153917546065,0.008094153917546065,"[[1,1,0,0,0,1,1,0,0,1],[1,1,1,0,1,0,0,1,0,1]]"
6,806,-0.00841588455646581,0.00841588455646581,"[[1,1,0,0,0,1,1,0,0,1],[1,1,1,0,1,0,0,1,1,0]]"
6,807,-0.008334956819284915,0.008334956819284915,"[[1,1,0,0,0,1,1,0,0,1],[1,1,1,0,1,0,0,1,1,1]]"
6,808,-0.01074829304742742,0.01074829304742742,"[[1,1,0,0,0,1,1,0,0,1],[1,1,1,0,1,0,1,0,0,0]]"
6,809,-0.010652993619249047,0.010652993619249047,"[[1,1,0,0,0,1,1,0,0,1],[1,1,1,0,1,0,1,0,0,1]]"
6,810,-0.011121386434788492,0.011121386434788492,"[[1,1,0,0,0,1,1,0,0,1],[1,1,1,0,1,0,1,0,1,0]]"
6,811,-0.011038920311185928,0.011038920311185928,"[[1,1,0,0,0,1,1,0,0,1],[1,1,1,0,1,0,1,0,1,1]]"
6,812,-0.013714971757684151,0.013714971757684151,"[[1,1,0,0,0,1,1,0,0,1],[1,1,1,0,1,0,1,1,0,0]]"
6,813,-0.013609099986927786,0.013609099986927786,"[[1,1,0,0,0,1,1,0,0,1],[1,1,1,0,1,0,1,1,0,1]]"
6,814,-0.01401154036919766,0.01401154036919766,"[[1,1,0,0,0,1,1,0,0,1],[1,1,1,0,1,0,1,1,1,0]]"
6,815,-0.013919999439616883,0.013919999439616883,"[[1,1,0,0,0,1,1,0,0,1],[1,1,1,0,1,0,1,1,1,1]]"
6,816,-0.011234505010932134,0.011234505010932134,"[[1,1,0,0,0,1,1,0,0,1],[1,1,1,0,1,1,0,0,0,0]]"
6,817,-0.011115730387492697,0.011115730387492697,"[[1,1,0,0,0,1,1,0,0,1],[1,1,1,0,1,1,0,0,0,1]]"
6,818,-0.011541918995079533,0.011541918995079533,"[[1,1,0,0,0,1,1,0,0,1],[1,1,1,0,1,1,0,0,1,0]]"
6,819,-0.011435878269246892,0.011435878269246892,"[[1,1,0,0,0,1,1,0,0,1],[1,1,1,0,1,1,0,0,1,1]]"
6,820,-0.014189041677610332,0.014189041677610332,"[[1,1,0,0,0,1,1,0,0,1],[1,1,1,0,1,1,0,1,0,0]]"
6,821,-0.014066293875935849,0.014066293875935849,"[[1,1,0,0,0,1,1,0,0,1],[1,1,1,0,1,1,0,1,0,1]]"
6,822,-0.014437646557925694,0.014437646557925694,"[[1,1,0,0,0,1,1,0,0,1],[1,1,1,0,1,1,0,1,1,0]]"
6,823,-0.014337897704008291,0.014337897704008291,"[[1,1,0,0,0,1,1,0,0,1],[1,1,1,0,1,1,0,1,1,1]]"
6,824,-0.017735705752644097,0.017735705752644097,"[[1,1,0,0,0,1,1,0,0,1],[1,1,1,0,1,1,1,0,0,0]]"
6,825,-0.01759838663769008,0.01759838663769008,"[[1,1,0,0,0,1,1,0,0,1],[1,1,1,0,1,1,1,0,0,1]]"
6,826,-0.017959556972291915,0.017959556972291915,"[[1,1,0,0,0,1,1,0,0,1],[1,1,1,0,1,1,1,0,1,0]]"
6,827,-0.017863216111519507,0.017863216111519507,"[[1,1,0,0,0,1,1,0,0,1],[1,1,1,0,1,1,1,0,1,1]]"
6,828,-0.020764119589160416,0.020764119589160416,"[[1,1,0,0,0,1,1,0,0,1],[1,1,1,0,1,1,1,1,0,0]]"
6,829,-0.020608402547485114,0.020608402547485114,"[[1,1,0,0,0,1,1,0,0,1],[1,1,1,0,1,1,1,1,0,1]]"
6,830,-0.021027980778349026,0.021027980778349026,"[[1,1,0,0,0,1,1,0,0,1],[1,1,1,0,1,1,1,1,1,0]]"
6,831,-0.020960035328994323,0.020960035328994323,"[[1,1,0,0,0,1,1,0,0,1],[1,1,1,0,1,1,1,1,1,1]]"
6,832,-0.005317983489661618,0.005317983489661618,"[[1,1,0,0,0,1,1,0,1,0],[1,1,1,0,1,0,0,0,0,0]]"
6,833,-0.005269002246090981,0.005269002246090981,"[[1,1,0,0,0,1,1,0,1,0],[1,1,1,0,1,0,0,0,0,1]]"
6,834,-0.0057449984231678,0.0057449984231678,"[[1,1,0,0,0,1,1,0,1,0],[1,1,1,0,1,0,0,0,1,0]]"
6,835,-0.005702303616642407,0.005702303616642407,"[[1,1,0,0,0,1,1,0,1,0],[1,1,1,0,1,0,0,0,1,1]]"
6,836,-0.0074957415412721775,0.0074957415412721775,"[[1,1,0,0,0,1,1,0,1,0],[1,1,1,0,1,0,0,1,0,0]]"
6,837,-0.007423407752579896,0.007423407752579896,"[[1,1,0,0,0,1,1,0,1,0],[1,1,1,0,1,0,0,1,0,1]]"
6,838,-0.007850753895128066,0.007850753895128066,"[[1,1,0,0,0,1,1,0,1,0],[1,1,1,0,1,0,0,1,1,0]]"
6,839,-0.007808840978574392,0.007808840978574392,"[[1,1,0,0,0,1,1,0,1,0],[1,1,1,0,1,0,0,1,1,1]]"
6,840,-0.009995901433385204,0.009995901433385204,"[[1,1,0,0,0,1,1,0,1,0],[1,1,1,0,1,0,1,0,0,0]]"
6,841,-0.009915813679587384,0.009915813679587384,"[[1,1,0,0,0,1,1,0,1,0],[1,1,1,0,1,0,1,0,0,1]]"
6,842,-0.010476874853907449,0.010476874853907449,"[[1,1,0,0,0,1,1,0,1,0],[1,1,1,0,1,0,1,0,1,0]]"
6,843,-0.010405529886877329,0.010405529886877329,"[[1,1,0,0,0,1,1,0,1,0],[1,1,1,0,1,0,1,0,1,1]]"
6,844,-0.012860235466369458,0.012860235466369458,"[[1,1,0,0,0,1,1,0,1,0],[1,1,1,0,1,0,1,1,0,0]]"
6,845,-0.01277793985677956,0.01277793985677956,"[[1,1,0,0,0,1,1,0,1,0],[1,1,1,0,1,0,1,1,0,1]]"
6,846,-0.013319397872725396,0.013319397872725396,"[[1,1,0,0,0,1,1,0,1,0],[1,1,1,0,1,0,1,1,1,0]]"
6,847,-0.01326171099578146,0.01326171099578146,"[[1,1,0,0,0,1,1,0,1,0],[1,1,1,0,1,0,1,1,1,1]]"
6,848,-0.010418045096780286,0.010418045096780286,"[[1,1,0,0,0,1,1,0,1,0],[1,1,1,0,1,1,0,0,0,0]]"
6,849,-0.010315540755117598,0.010315540755117598,"[[1,1,0,0,0,1,1,0,1,0],[1,1,1,0,1,1,0,0,0,1]]"
6,850,-0.010845069562887076,0.010845069562887076,"[[1,1,0,0,0,1,1,0,1,0],[1,1,1,0,1,1,0,0,1,0]]"
6,851,-0.010784893947024135,0.010784893947024135,"[[1,1,0,0,0,1,1,0,1,0],[1,1,1,0,1,1,0,0,1,1]]"
6,852,-0.013268813555464784,0.013268813555464784,"[[1,1,0,0,0,1,1,0,1,0],[1,1,1,0,1,1,0,1,0,0]]"
6,853,-0.013171468088444726,0.013171468088444726,"[[1,1,0,0,0,1,1,0,1,0],[1,1,1,0,1,1,0,1,0,1]]"
6,854,-0.013705582629402347,0.013705582629402347,"[[1,1,0,0,0,1,1,0,1,0],[1,1,1,0,1,1,0,1,1,0]]"
6,855,-0.01365436287376835,0.01365436287376835,"[[1,1,0,0,0,1,1,0,1,0],[1,1,1,0,1,1,0,1,1,1]]"
6,856,-0.016715955475587123,0.016715955475587123,"[[1,1,0,0,0,1,1,0,1,0],[1,1,1,0,1,1,1,0,0,0]]"
6,857,-0.01659391342295042,0.01659391342295042,"[[1,1,0,0,0,1,1,0,1,0],[1,1,1,0,1,1,1,0,0,1]]"
6,858,-0.01710310366490794,0.01710310366490794,"[[1,1,0,0,0,1,1,0,1,0],[1,1,1,0,1,1,1,0,1,0]]"
6,859,-0.017045473202977227,0.017045473202977227,"[[1,1,0,0,0,1,1,0,1,0],[1,1,1,0,1,1,1,0,1,1]]"
6,860,-0.019630253346847294,0.019630253346847294,"[[1,1,0,0,0,1,1,0,1,0],[1,1,1,0,1,1,1,1,0,0]]"
6,861,-0.019523631137955764,0.019523631137955764,"[[1,1,0,0,0,1,1,0,1,0],[1,1,1,0,1,1,1,1,0,1]]"
6,862,-0.020131854815862608,0.020131854815862608,"[[1,1,0,0,0,1,1,0,1,0],[1,1,1,0,1,1,1,1,1,0]]"
6,863,-0.020075670728583576,0.020075670728583576,"[[1,1,0,0,0,1,1,0,1,0],[1,1,1,0,1,1,1,1,1,1]]"
6,864,-0.0053590273215219615,0.0053590273215219615,"[[1,1,0,0,0,1,1,0,1,1],[1,1,1,0,1,0,0,0,0,0]]"
6,865,-0.005317183013499204,0.005317183013499204,"[[1,1,0,0,0,1,1,0,1,1],[1,1,1,0,1,0,0,0,0,1]]"
6,866,-0.0057835047170300335,0.0057835047170300335,"[[1,1,0,0,0,1,1,0,1,1],[1,1,1,0,1,0,0,0,1,0]]"
6,867,-0.005740243066639696,0.005740243066639696,"[[1,1,0,0,0,1,1,0,1,1],[1,1,1,0,1,0,0,0,1,1]]"
6,868,-0.0075358987503321125,0.0075358987503321125,"[[1,1,0,0,0,1,1,0,1,1],[1,1,1,0,1,0,0,1,0,0]]"
6,869,-0.0074703998204389945,0.0074703998204389945,"[[1,1,0,0,0,1,1,0,1,1],[1,1,1,0,1,0,0,1,0,1]]"
6,870,-0.007902625633729026,0.007902625633729026,"[[1,1,0,0,0,1,1,0,1,1],[1,1,1,0,1,0,0,1,1,0]]"
6,871,-0.00786029339076315,0.00786029339076315,"[[1,1,0,0,0,1,1,0,1,1],[1,1,1,0,1,0,0,1,1,1]]"
6,872,-0.010050146818811154,0.010050146818811154,"[[1,1,0,0,0,1,1,0,1,1],[1,1,1,0,1,0,1,0,0,0]]"
6,873,-0.009968776681511155,0.009968776681511155,"[[1,1,0,0,0,1,1,0,1,1],[1,1,1,0,1,0,1,0,0,1]]"
6,874,-0.010533164600266104,0.010533164600266104,"[[1,1,0,0,0,1,1,0,1,1],[1,1,1,0,1,0,1,0,1,0]]"
6,875,-0.010462898219144073,0.010462898219144073,"[[1,1,0,0,0,1,1,0,1,1],[1,1,1,0,1,0,1,0,1,1]]"
6,876,-0.012924905736591465,0.012924905736591465,"[[1,1,0,0,0,1,1,0,1,1],[1,1,1,0,1,0,1,1,0,0]]"
6,877,-0.01284358151773477,0.01284358151773477,"[[1,1,0,0,0,1,1,0,1,1],[1,1,1,0,1,0,1,1,0,1]]"
6,878,-0.013387270050926096,0.013387270050926096,"[[1,1,0,0,0,1,1,0,1,1],[1,1,1,0,1,0,1,1,1,0]]"
6,879,-0.013325694496748454,0.013325694496748454,"[[1,1,0,0,0,1,1,0,1,1],[1,1,1,0,1,0,1,1,1,1]]"
6,880,-0.010463866681416235,0.010463866681416235,"[[1,1,0,0,0,1,1,0,1,1],[1,1,1,0,1,1,0,0,0,0]]"
6,881,-0.010371137913646172,0.010371137913646172,"[[1,1,0,0,0,1,1,0,1,1],[1,1,1,0,1,1,0,0,0,1]]"
6,882,-0.010907269870099238,0.010907269870099238,"[[1,1,0,0,0,1,1,0,1,1],[1,1,1,0,1,1,0,0,1,0]]"
6,883,-0.010845695667177736,0.010845695667177736,"[[1,1,0,0,0,1,1,0,1,1],[1,1,1,0,1,1,0,0,1,1]]"
6,884,-0.01332987650450974,0.01332987650450974,"[[1,1,0,0,0,1,1,0,1,1],[1,1,1,0,1,1,0,1,0,0]]"
6,885,-0.013232468431401348,0.013232468431401348,"[[1,1,0,0,0,1,1,0,1,1],[1,1,1,0,1,1,0,1,0,1]]"
6,886,-0.013770463939372144,0.013770463939372144,"[[1,1,0,0,0,1,1,0,1,1],[1,1,1,0,1,1,0,1,1,0]]"
6,887,-0.013721500024528113,0.013721500024528113,"[[1,1,0,0,0,1,1,0,1,1],[1,1,1,0,1,1,0,1,1,1]]"
6,888,-0.016776148962861684,0.016776148962861684,"[[1,1,0,0,0,1,1,0,1,1],[1,1,1,0,1,1,1,0,0,0]]"
6,889,-0.016653616111630916,0.016653616111630916,"[[1,1,0,0,0,1,1,0,1,1],[1,1,1,0,1,1,1,0,0,1]]"
6,890,-0.017165591138370642,0.017165591138370642,"[[1,1,0,0,0,1,1,0,1,1],[1,1,1,0,1,1,1,0,1,0]]"
6,891,-0.017099639533372415,0.017099639533372415,"[[1,1,0,0,0,1,1,0,1,1],[1,1,1,0,1,1,1,0,1,1]]"
6,892,-0.019696296311225336,0.019696296311225336,"[[1,1,0,0,0,1,1,0,1,1],[1,1,1,0,1,1,1,1,0,0]]"
6,893,-0.019580610784045483,0.019580610784045483,"[[1,1,0,0,0,1,1,0,1,1],[1,1,1,0,1,1,1,1,0,1]]"
6,894,-0.020191947434196986,0.020191947434196986,"[[1,1,0,0,0,1,1,0,1,1],[1,1,1,0,1,1,1,1,1,0]]"
6,895,-0.020134926173034414,0.020134926173034414,"[[1,1,0,0,0,1,1,0,1,1],[1,1,1,0,1,1,1,1,1,1]]"
6,896,-0.003756020111705227,0.003756020111705227,"[[1,1,0,0,0,1,1,1,0,0],[1,1,1,0,1,0,0,0,0,0]]"
6,897,-0.00370453432608018,0.00370453432608018,"[[1,1,0,0,0,1,1,1,0,0],[1,1,1,0,1,0,0,0,0,1]]"
6,898,-0.004007878693325963,0.004007878693325963,"[[1,1,0,0,0,1,1,1,0,0],[1,1,1,0,1,0,0,0,1,0]]"
6,899,-0.003970920905190799,0.003970920905190799,"[[1,1,0,0,0,1,1,1,0,0],[1,1,1,0,1,0,0,0,1,1]]"
6,900,-0.005679916868641389,0.005679916868641389,"[[1,1,0,0,0,1,1,1,0,0],[1,1,1,0,1,0,0,1,0,0]]"
6,901,-0.005628683971007989,0.005628683971007989,"[[1,1,0,0,0,1,1,1,0,0],[1,1,1,0,1,0,0,1,0,1]]"
6,902,-0.005946204059373918,0.005946204059373918,"[[1,1,0,0,0,1,1,1,0,0],[1,1,1,0,1,0,0,1,1,0]]"
6,903,-0.0059084878919044735,0.0059084878919044735,"[[1,1,0,0,0,1,1,1,0,0],[1,1,1,0,1,0,0,1,1,1]]"
6,904,-0.007595816135245091,0.007595816135245091,"[[1,1,0,0,0,1,1,1,0,0],[1,1,1,0,1,0,1,0,0,0]]"
6,905,-0.007530653635347685,0.007530653635347685,"[[1,1,0,0,0,1,1,1,0,0],[1,1,1,0,1,0,1,0,0,1]]"
6,906,-0.008067859047047784,0.008067859047047784,"[[1,1,0,0,0,1,1,1,0,0],[1,1,1,0,1,0,1,0,1,0]]"
6,907,-0.007999686161425101,0.007999686161425101,"[[1,1,0,0,0,1,1,1,0,0],[1,1,1,0,1,0,1,0,1,1]]"
6,908,-0.01049586872454608,0.01049586872454608,"[[1,1,0,0,0,1,1,1,0,0],[1,1,1,0,1,0,1,1,0,0]]"
6,909,-0.01042158011314549,0.01042158011314549,"[[1,1,0,0,0,1,1,1,0,0],[1,1,1,0,1,0,1,1,0,1]]"
6,910,-0.010766541191066101,0.010766541191066101,"[[1,1,0,0,0,1,1,1,0,0],[1,1,1,0,1,0,1,1,1,0]]"
6,911,-0.010701980352950464,0.010701980352950464,"[[1,1,0,0,0,1,1,1,0,0],[1,1,1,0,1,0,1,1,1,1]]"
6,912,-0.008097295104108086,0.008097295104108086,"[[1,1,0,0,0,1,1,1,0,0],[1,1,1,0,1,1,0,0,0,0]]"
6,913,-0.008013500253328906,0.008013500253328906,"[[1,1,0,0,0,1,1,1,0,0],[1,1,1,0,1,1,0,0,0,1]]"
6,914,-0.008490814978813507,0.008490814978813507,"[[1,1,0,0,0,1,1,1,0,0],[1,1,1,0,1,1,0,0,1,0]]"
6,915,-0.00842859947532565,0.00842859947532565,"[[1,1,0,0,0,1,1,1,0,0],[1,1,1,0,1,1,0,0,1,1]]"
6,916,-0.010871271299103305,0.010871271299103305,"[[1,1,0,0,0,1,1,1,0,0],[1,1,1,0,1,1,0,1,0,0]]"
6,917,-0.010774652403235791,0.010774652403235791,"[[1,1,0,0,0,1,1,1,0,0],[1,1,1,0,1,1,0,1,0,1]]"
6,918,-0.011100141934574443,0.011100141934574443,"[[1,1,0,0,0,1,1,1,0,0],[1,1,1,0,1,1,0,1,1,0]]"
6,919,-0.011043608352593519,0.011043608352593519,"[[1,1,0,0,0,1,1,1,0,0],[1,1,1,0,1,1,0,1,1,1]]"
6,920,-0.013854670278140295,0.013854670278140295,"[[1,1,0,0,0,1,1,1,0,0],[1,1,1,0,1,1,1,0,0,0]]"
6,921,-0.013739600757169606,0.013739600757169606,"[[1,1,0,0,0,1,1,1,0,0],[1,1,1,0,1,1,1,0,0,1]]"
6,922,-0.014138747379988445,0.014138747379988445,"[[1,1,0,0,0,1,1,1,0,0],[1,1,1,0,1,1,1,0,1,0]]"
6,923,-0.014034283752718788,0.014034283752718788,"[[1,1,0,0,0,1,1,1,0,0],[1,1,1,0,1,1,1,0,1,1]]"
6,924,-0.016709819133076106,0.016709819133076106,"[[1,1,0,0,0,1,1,1,0,0],[1,1,1,0,1,1,1,1,0,0]]"
6,925,-0.01658265404735455,0.01658265404735455,"[[1,1,0,0,0,1,1,1,0,0],[1,1,1,0,1,1,1,1,0,1]]"
6,926,-0.016928161078474026,0.016928161078474026,"[[1,1,0,0,0,1,1,1,0,0],[1,1,1,0,1,1,1,1,1,0]]"
6,927,-0.016860263963595013,0.016860263963595013,"[[1,1,0,0,0,1,1,1,0,0],[1,1,1,0,1,1,1,1,1,1]]"
6,928,-0.003785849847277104,0.003785849847277104,"[[1,1,0,0,0,1,1,1,0,1],[1,1,1,0,1,0,0,0,0,0]]"
6,929,-0.0037342471086546127,0.0037342471086546127,"[[1,1,0,0,0,1,1,1,0,1],[1,1,1,0,1,0,0,0,0,1]]"
6,930,-0.0040497413656711894,0.0040497413656711894,"[[1,1,0,0,0,1,1,1,0,1],[1,1,1,0,1,0,0,0,1,0]]"
6,931,-0.004013047255711792,0.004013047255711792,"[[1,1,0,0,0,1,1,1,0,1],[1,1,1,0,1,0,0,0,1,1]]"
6,932,-0.005714780610455608,0.005714780610455608,"[[1,1,0,0,0,1,1,1,0,1],[1,1,1,0,1,0,0,1,0,0]]"
6,933,-0.005668750492434233,0.005668750492434233,"[[1,1,0,0,0,1,1,1,0,1],[1,1,1,0,1,0,0,1,0,1]]"
6,934,-0.005990395058972701,0.005990395058972701,"[[1,1,0,0,0,1,1,1,0,1],[1,1,1,0,1,0,0,1,1,0]]"
6,935,-0.0059522801081269,0.0059522801081269,"[[1,1,0,0,0,1,1,1,0,1],[1,1,1,0,1,0,0,1,1,1]]"
6,936,-0.007665876411594722,0.007665876411594722,"[[1,1,0,0,0,1,1,1,0,1],[1,1,1,0,1,0,1,0,0,0]]"
6,937,-0.007602910807801016,0.007602910807801016,"[[1,1,0,0,0,1,1,1,0,1],[1,1,1,0,1,0,1,0,0,1]]"
6,938,-0.008117877335048594,0.008117877335048594,"[[1,1,0,0,0,1,1,1,0,1],[1,1,1,0,1,0,1,0,1,0]]"
6,939,-0.008050588717984452,0.008050588717984452,"[[1,1,0,0,0,1,1,1,0,1],[1,1,1,0,1,0,1,0,1,1]]"
6,940,-0.010554686466589538,0.010554686466589538,"[[1,1,0,0,0,1,1,1,0,1],[1,1,1,0,1,0,1,1,0,0]]"
6,941,-0.01048145743570137,0.01048145743570137,"[[1,1,0,0,0,1,1,1,0,1],[1,1,1,0,1,0,1,1,0,1]]"
6,942,-0.010828609839413942,0.010828609839413942,"[[1,1,0,0,0,1,1,1,0,1],[1,1,1,0,1,0,1,1,1,0]]"
6,943,-0.010765244513628654,0.010765244513628654,"[[1,1,0,0,0,1,1,1,0,1],[1,1,1,0,1,0,1,1,1,1]]"
6,944,-0.008155509747320733,0.008155509747320733,"[[1,1,0,0,0,1,1,1,0,1],[1,1,1,0,1,1,0,0,0,0]]"
6,945,-0.008084256600468367,0.008084256600468367,"[[1,1,0,0,0,1,1,1,0,1],[1,1,1,0,1,1,0,0,0,1]]"
6,946,-0.008544515718862316,0.008544515718862316,"[[1,1,0,0,0,1,1,1,0,1],[1,1,1,0,1,1,0,0,1,0]]"
6,947,-0.008480610789566112,0.008480610789566112,"[[1,1,0,0,0,1,1,1,0,1],[1,1,1,0,1,1,0,0,1,1]]"
6,948,-0.010922810481079192,0.010922810481079192,"[[1,1,0,0,0,1,1,1,0,1],[1,1,1,0,1,1,0,1,0,0]]"
6,949,-0.01083491201569782,0.01083491201569782,"[[1,1,0,0,0,1,1,1,0,1],[1,1,1,0,1,1,0,1,0,1]]"
6,950,-0.011166853761974736,0.011166853761974736,"[[1,1,0,0,0,1,1,1,0,1],[1,1,1,0,1,1,0,1,1,0]]"
6,951,-0.011109014833986543,0.011109014833986543,"[[1,1,0,0,0,1,1,1,0,1],[1,1,1,0,1,1,0,1,1,1]]"
6,952,-0.013916285361038732,0.013916285361038732,"[[1,1,0,0,0,1,1,1,0,1],[1,1,1,0,1,1,1,0,0,0]]"
6,953,-0.01380075630835791,0.01380075630835791,"[[1,1,0,0,0,1,1,1,0,1],[1,1,1,0,1,1,1,0,0,1]]"
6,954,-0.01420420266444901,0.01420420266444901,"[[1,1,0,0,0,1,1,1,0,1],[1,1,1,0,1,1,1,0,1,0]]"
6,955,-0.014099441226778742,0.014099441226778742,"[[1,1,0,0,0,1,1,1,0,1],[1,1,1,0,1,1,1,0,1,1]]"
6,956,-0.01676846232735523,0.01676846232735523,"[[1,1,0,0,0,1,1,1,0,1],[1,1,1,0,1,1,1,1,0,0]]"
6,957,-0.016640571138191586,0.016640571138191586,"[[1,1,0,0,0,1,1,1,0,1],[1,1,1,0,1,1,1,1,0,1]]"
6,958,-0.016990192514873798,0.016990192514873798,"[[1,1,0,0,0,1,1,1,0,1],[1,1,1,0,1,1,1,1,1,0]]"
6,959,-0.01691366181381621,0.01691366181381621,"[[1,1,0,0,0,1,1,1,0,1],[1,1,1,0,1,1,1,1,1,1]]"
6,960,-0.0034586902059500486,0.0034586902059500486,"[[1,1,0,0,0,1,1,1,1,0],[1,1,1,0,1,0,0,0,0,0]]"
6,961,-0.0034106617562482612,0.0034106617562482612,"[[1,1,0,0,0,1,1,1,1,0],[1,1,1,0,1,0,0,0,0,1]]"
6,962,-0.003809307762153634,0.003809307762153634,"[[1,1,0,0,0,1,1,1,1,0],[1,1,1,0,1,0,0,0,1,0]]"
6,963,-0.00377129996372319,0.00377129996372319,"[[1,1,0,0,0,1,1,1,1,0],[1,1,1,0,1,0,0,0,1,1]]"
6,964,-0.005255922415476335,0.005255922415476335,"[[1,1,0,0,0,1,1,1,1,0],[1,1,1,0,1,0,0,1,0,0]]"
6,965,-0.0052194046468604085,0.0052194046468604085,"[[1,1,0,0,0,1,1,1,1,0],[1,1,1,0,1,0,0,1,0,1]]"
6,966,-0.005649074313563017,0.005649074313563017,"[[1,1,0,0,0,1,1,1,1,0],[1,1,1,0,1,0,0,1,1,0]]"
6,967,-0.005617324766201559,0.005617324766201559,"[[1,1,0,0,0,1,1,1,1,0],[1,1,1,0,1,0,0,1,1,1]]"
6,968,-0.007026085227800219,0.007026085227800219,"[[1,1,0,0,0,1,1,1,1,0],[1,1,1,0,1,0,1,0,0,0]]"
6,969,-0.006975334790501764,0.006975334790501764,"[[1,1,0,0,0,1,1,1,1,0],[1,1,1,0,1,0,1,0,0,1]]"
6,970,-0.007597464929657321,0.007597464929657321,"[[1,1,0,0,0,1,1,1,1,0],[1,1,1,0,1,0,1,0,1,0]]"
6,971,-0.007539906919014612,0.007539906919014612,"[[1,1,0,0,0,1,1,1,1,0],[1,1,1,0,1,0,1,0,1,1]]"
6,972,-0.009863365411690486,0.009863365411690486,"[[1,1,0,0,0,1,1,1,1,0],[1,1,1,0,1,0,1,1,0,0]]"
6,973,-0.009807855589826346,0.009807855589826346,"[[1,1,0,0,0,1,1,1,1,0],[1,1,1,0,1,0,1,1,0,1]]"
6,974,-0.010285620675835556,0.010285620675835556,"[[1,1,0,0,0,1,1,1,1,0],[1,1,1,0,1,0,1,1,1,0]]"
6,975,-0.010240917814549517,0.010240917814549517,"[[1,1,0,0,0,1,1,1,1,0],[1,1,1,0,1,0,1,1,1,1]]"
6,976,-0.007513970850858399,0.007513970850858399,"[[1,1,0,0,0,1,1,1,1,0],[1,1,1,0,1,1,0,0,0,0]]"
6,977,-0.007463915917960996,0.007463915917960996,"[[1,1,0,0,0,1,1,1,1,0],[1,1,1,0,1,1,0,0,0,1]]"
6,978,-0.00811872029328667,0.00811872029328667,"[[1,1,0,0,0,1,1,1,1,0],[1,1,1,0,1,1,0,0,1,0]]"
6,979,-0.008056688022328127,0.008056688022328127,"[[1,1,0,0,0,1,1,1,1,0],[1,1,1,0,1,1,0,0,1,1]]"
6,980,-0.01017969160438597,0.01017969160438597,"[[1,1,0,0,0,1,1,1,1,0],[1,1,1,0,1,1,0,1,0,0]]"
6,981,-0.010126677660338892,0.010126677660338892,"[[1,1,0,0,0,1,1,1,1,0],[1,1,1,0,1,1,0,1,0,1]]"
6,982,-0.010656844358447775,0.010656844358447775,"[[1,1,0,0,0,1,1,1,1,0],[1,1,1,0,1,1,0,1,1,0]]"
6,983,-0.010606861058449445,0.010606861058449445,"[[1,1,0,0,0,1,1,1,1,0],[1,1,1,0,1,1,0,1,1,1]]"
6,984,-0.013044204962922516,0.013044204962922516,"[[1,1,0,0,0,1,1,1,1,0],[1,1,1,0,1,1,1,0,0,0]]"
6,985,-0.012942694620055458,0.012942694620055458,"[[1,1,0,0,0,1,1,1,1,0],[1,1,1,0,1,1,1,0,0,1]]"
6,986,-0.013461963428407274,0.013461963428407274,"[[1,1,0,0,0,1,1,1,1,0],[1,1,1,0,1,1,1,0,1,0]]"
6,987,-0.013367358423056284,0.013367358423056284,"[[1,1,0,0,0,1,1,1,1,0],[1,1,1,0,1,1,1,0,1,1]]"
6,988,-0.015802381826623534,0.015802381826623534,"[[1,1,0,0,0,1,1,1,1,0],[1,1,1,0,1,1,1,1,0,0]]"
6,989,-0.01569732282829318,0.01569732282829318,"[[1,1,0,0,0,1,1,1,1,0],[1,1,1,0,1,1,1,1,0,1]]"
6,990,-0.01620741208661644,0.01620741208661644,"[[1,1,0,0,0,1,1,1,1,0],[1,1,1,0,1,1,1,1,1,0]]"
6,991,-0.016167586615963493,0.016167586615963493,"[[1,1,0,0,0,1,1,1,1,0],[1,1,1,0,1,1,1,1,1,1]]"
6,992,-0.003486033610989965,0.003486033610989965,"[[1,1,0,0,0,1,1,1,1,1],[1,1,1,0,1,0,0,0,0,0]]"
6,993,-0.003438142873341148,0.003438142873341148,"[[1,1,0,0,0,1,1,1,1,1],[1,1,1,0,1,0,0,0,0,1]]"
6,994,-0.003846211906032816,0.003846211906032816,"[[1,1,0,0,0,1,1,1,1,1],[1,1,1,0,1,0,0,0,1,0]]"
6,995,-0.003806669375531935,0.003806669375531935,"[[1,1,0,0,0,1,1,1,1,1],[1,1,1,0,1,0,0,0,1,1]]"
6,996,-0.005297033398710723,0.005297033398710723,"[[1,1,0,0,0,1,1,1,1,1],[1,1,1,0,1,0,0,1,0,0]]"
6,997,-0.005260362567166305,0.005260362567166305,"[[1,1,0,0,0,1,1,1,1,1],[1,1,1,0,1,0,0,1,0,1]]"
6,998,-0.005692507389027498,0.005692507389027498,"[[1,1,0,0,0,1,1,1,1,1],[1,1,1,0,1,0,0,1,1,0]]"
6,999,-0.005660752615032483,0.005660752615032483,"[[1,1,0,0,0,1,1,1,1,1],[1,1,1,0,1,0,0,1,1,1]]"
6,1000,-0.007098287476745802,0.007098287476745802,"[[1,1,0,0,0,1,1,1,1,1],[1,1,1,0,1,0,1,0,0,0]]"
6,1001,-0.0070501150731257425,0.0070501150731257425,"[[1,1,0,0,0,1,1,1,1,1],[1,1,1,0,1,0,1,0,0,1]]"
6,1002,-0.007646806395021046,0.007646806395021046,"[[1,1,0,0,0,1,1,1,1,1],[1,1,1,0,1,0,1,0,1,0]]"
6,1003,-0.0075964680374886314,0.0075964680374886314,"[[1,1,0,0,0,1,1,1,1,1],[1,1,1,0,1,0,1,0,1,1]]"
6,1004,-0.009925576826434475,0.009925576826434475,"[[1,1,0,0,0,1,1,1,1,1],[1,1,1,0,1,0,1,1,0,0]]"
6,1005,-0.009871608717824573,0.009871608717824573,"[[1,1,0,0,0,1,1,1,1,1],[1,1,1,0,1,0,1,1,0,1]]"
6,1006,-0.010351428265600076,0.010351428265600076,"[[1,1,0,0,0,1,1,1,1,1],[1,1,1,0,1,0,1,1,1,0]]"
6,1007,-0.01031010479174435,0.01031010479174435,"[[1,1,0,0,0,1,1,1,1,1],[1,1,1,0,1,0,1,1,1,1]]"
6,1008,-0.007584122513209723,0.007584122513209723,"[[1,1,0,0,0,1,1,1,1,1],[1,1,1,0,1,1,0,0,0,0]]"
6,1009,-0.007533582616222327,0.007533582616222327,"[[1,1,0,0,0,1,1,1,1,1],[1,1,1,0,1,1,0,0,0,1]]"
6,1010,-0.008168569161374171,0.008168569161374171,"[[1,1,0,0,0,1,1,1,1,1],[1,1,1,0,1,1,0,0,1,0]]"
6,1011,-0.008105015981617843,0.008105015981617843,"[[1,1,0,0,0,1,1,1,1,1],[1,1,1,0,1,1,0,0,1,1]]"
6,1012,-0.010244677464952334,0.010244677464952334,"[[1,1,0,0,0,1,1,1,1,1],[1,1,1,0,1,1,0,1,0,0]]"
6,1013,-0.01019071493843159,0.01019071493843159,"[[1,1,0,0,0,1,1,1,1,1],[1,1,1,0,1,1,0,1,0,1]]"
6,1014,-0.010722892197947132,0.010722892197947132,"[[1,1,0,0,0,1,1,1,1,1],[1,1,1,0,1,1,0,1,1,0]]"
6,1015,-0.01067229738537502,0.01067229738537502,"[[1,1,0,0,0,1,1,1,1,1],[1,1,1,0,1,1,0,1,1,1]]"
6,1016,-0.013106893007450073,0.013106893007450073,"[[1,1,0,0,0,1,1,1,1,1],[1,1,1,0,1,1,1,0,0,0]]"
6,1017,-0.013005298349090522,0.013005298349090522,"[[1,1,0,0,0,1,1,1,1,1],[1,1,1,0,1,1,1,0,0,1]]"
6,1018,-0.013526599187145298,0.013526599187145298,"[[1,1,0,0,0,1,1,1,1,1],[1,1,1,0,1,1,1,0,1,0]]"
6,1019,-0.013432025805961405,0.013432025805961405,"[[1,1,0,0,0,1,1,1,1,1],[1,1,1,0,1,1,1,0,1,1]]"
6,1020,-0.01586548173207752,0.01586548173207752,"[[1,1,0,0,0,1,1,1,1,1],[1,1,1,0,1,1,1,1,0,0]]"
6,1021,-0.0157602704422275,0.0157602704422275,"[[1,1,0,0,0,1,1,1,1,1],[1,1,1,0,1,1,1,1,0,1]]"
6,1022,-0.0162714687096491,0.0162714687096491,"[[1,1,0,0,0,1,1,1,1,1],[1,1,1,0,1,1,1,1,1,0]]"
6,1023,-0.016225806646168687,0.016225806646168687,"[[1,1,0,0,0,1,1,1,1,1],[1,1,1,0,1,1,1,1,1,1]]"
7,0,-0.02049156790387248,0.02049156790387248,"[[1,1,0,0,0,0,0,0,0,0],[1,1,1,0,1,0,0,0,0,0]]"
7,1,-0.02044060958410835,0.02044060958410835,"[[1,1,0,0,0,0,0,0,0,0],[1,1,1,0,1,0,0,0,0,1]]"
7,2,-0.021176507084161644,0.021176507084161644,"[[1,1,0,0,0,0,0,0,0,0],[1,1,1,0,1,0,0,0,1,0]]"
7,3,-0.02112662054198365,0.02112662054198365,"[[1,1,0,0,0,0,0,0,0,0],[1,1,1,0,1,0,0,0,1,1]]"
7,4,-0.02431721078953733,0.02431721078953733,"[[1,1,0,0,0,0,0,0,0,0],[1,1,1,0,1,0,0,1,0,0]]"
7,5,-0.024253816602770775,0.024253816602770775,"[[1,1,0,0,0,0,0,0,0,0],[1,1,1,0,1,0,0,1,0,1]]"
7,6,-0.02507765323940179,0.02507765323940179,"[[1,1,0,0,0,0,0,0,0,0],[1,1,1,0,1,0,0,1,1,0]]"
7,7,-0.025015414669369497,0.025015414669369497,"[[1,1,0,0,0,0,0,0,0,0],[1,1,1,0,1,0,0,1,1,1]]"
7,8,-0.030011012181250893,0.030011012181250893,"[[1,1,0,0,0,0,0,0,0,0],[1,1,1,0,1,0,1,0,0,0]]"
7,9,-0.02993223141370336,0.02993223141370336,"[[1,1,0,0,0,0,0,0,0,0],[1,1,1,0,1,0,1,0,0,1]]"
7,10,-0.030872617032431483,0.030872617032431483,"[[1,1,0,0,0,0,0,0,0,0],[1,1,1,0,1,0,1,0,1,0]]"
7,11,-0.030794910023222807,0.030794910023222807,"[[1,1,0,0,0,0,0,0,0,0],[1,1,1,0,1,0,1,0,1,1]]"
7,12,-0.03476753649010935,0.03476753649010935,"[[1,1,0,0,0,0,0,0,0,0],[1,1,1,0,1,0,1,1,0,0]]"
7,13,-0.03468584851413483,0.03468584851413483,"[[1,1,0,0,0,0,0,0,0,0],[1,1,1,0,1,0,1,1,0,1]]"
7,14,-0.03571594300059023,0.03571594300059023,"[[1,1,0,0,0,0,0,0,0,0],[1,1,1,0,1,0,1,1,1,0]]"
7,15,-0.03563532703583378,0.03563532703583378,"[[1,1,0,0,0,0,0,0,0,0],[1,1,1,0,1,0,1,1,1,1]]"
7,16,-0.03340268091317307,0.03340268091317307,"[[1,1,0,0,0,0,0,0,0,0],[1,1,1,0,1,1,0,0,0,0]]"
7,17,-0.033273233748953024,0.033273233748953024,"[[1,1,0,0,0,0,0,0,0,0],[1,1,1,0,1,1,0,0,0,1]]"
7,18,-0.03435757719937868,0.03435757719937868,"[[1,1,0,0,0,0,0,0,0,0],[1,1,1,0,1,1,0,0,1,0]]"
7,19,-0.034228758507170866,0.034228758507170866,"[[1,1,0,0,0,0,0,0,0,0],[1,1,1,0,1,1,0,0,1,1]]"
7,20,-0.038695829488238756,0.038695829488238756,"[[1,1,0,0,0,0,0,0,0,0],[1,1,1,0,1,1,0,1,0,0]]"
7,21,-0.03855236038045344,0.03855236038045344,"[[1,1,0,0,0,0,0,0,0,0],[1,1,1,0,1,1,0,1,0,1]]"
7,22,-0.0397312539419625,0.0397312539419625,"[[1,1,0,0,0,0,0,0,0,0],[1,1,1,0,1,1,0,1,1,0]]"
7,23,-0.039588322255940785,0.039588322255940785,"[[1,1,0,0,0,0,0,0,0,0],[1,1,1,0,1,1,0,1,1,1]]"
7,24,-0.046283678576553,0.046283678576553,"[[1,1,0,0,0,0,0,0,0,0],[1,1,1,0,1,1,1,0,0,0]]"
7,25,-0.04612879069963634,0.04612879069963634,"[[1,1,0,0,0,0,0,0,0,0],[1,1,1,0,1,1,1,0,0,1]]"
7,26,-0.04743564026308606,0.04743564026308606,"[[1,1,0,0,0,0,0,0,0,0],[1,1,1,0,1,1,1,0,1,0]]"
7,27,-0.047281197850414534,0.047281197850414534,"[[1,1,0,0,0,0,0,0,0,0],[1,1,1,0,1,1,1,0,1,1]]"
7,28,-0.05259237755477945,0.05259237755477945,"[[1,1,0,0,0,0,0,0,0,0],[1,1,1,0,1,1,1,1,0,0]]"
7,29,-0.05244379737071302,0.05244379737071302,"[[1,1,0,0,0,0,0,0,0,0],[1,1,1,0,1,1,1,1,0,1]]"
7,30,-0.053825412121846127,0.053825412121846127,"[[1,1,0,0,0,0,0,0,0,0],[1,1,1,0,1,1,1,1,1,0]]"
7,31,-0.05368435103419758,0.05368435103419758,"[[1,1,0,0,0,0,0,0,0,0],[1,1,1,0,1,1,1,1,1,1]]"
7,32,-0.020480091221001185,0.020480091221001185,"[[1,1,0,0,0,0,0,0,0,1],[1,1,1,0,1,0,0,0,0,0]]"
7,33,-0.020419207531808373,0.020419207531808373,"[[1,1,0,0,0,0,0,0,0,1],[1,1,1,0,1,0,0,0,0,1]]"
7,34,-0.02116281832836266,0.02116281832836266,"[[1,1,0,0,0,0,0,0,0,1],[1,1,1,0,1,0,0,0,1,0]]"
7,35,-0.021102877226121367,0.021102877226121367,"[[1,1,0,0,0,0,0,0,0,1],[1,1,1,0,1,0,0,0,1,1]]"
7,36,-0.024313231079163708,0.024313231079163708,"[[1,1,0,0,0,0,0,0,0,1],[1,1,1,0,1,0,0,1,0,0]]"
7,37,-0.02424747700925064,0.02424747700925064,"[[1,1,0,0,0,0,0,0,0,1],[1,1,1,0,1,0,0,1,0,1]]"
7,38,-0.025073179606347865,0.025073179606347865,"[[1,1,0,0,0,0,0,0,0,1],[1,1,1,0,1,0,0,1,1,0]]"
7,39,-0.025008448863998726,0.025008448863998726,"[[1,1,0,0,0,0,0,0,0,1],[1,1,1,0,1,0,0,1,1,1]]"
7,40,-0.029975060919797684,0.029975060919797684,"[[1,1,0,0,0,0,0,0,0,1],[1,1,1,0,1,0,1,0,0,0]]"
7,41,-0.029893249470383708,0.029893249470383708,"[[1,1,0,0,0,0,0,0,0,1],[1,1,1,0,1,0,1,0,0,1]]"
7,42,-0.030836150517423402,0.030836150517423402,"[[1,1,0,0,0,0,0,0,0,1],[1,1,1,0,1,0,1,0,1,0]]"
7,43,-0.030755278426676934,0.030755278426676934,"[[1,1,0,0,0,0,0,0,0,1],[1,1,1,0,1,0,1,0,1,1]]"
7,44,-0.034755605277630275,0.034755605277630275,"[[1,1,0,0,0,0,0,0,0,1],[1,1,1,0,1,0,1,1,0,0]]"
7,45,-0.03467031170090346,0.03467031170090346,"[[1,1,0,0,0,0,0,0,0,1],[1,1,1,0,1,0,1,1,0,1]]"
7,46,-0.03570347834666018,0.03570347834666018,"[[1,1,0,0,0,0,0,0,0,1],[1,1,1,0,1,0,1,1,1,0]]"
7,47,-0.035617901422951195,0.035617901422951195,"[[1,1,0,0,0,0,0,0,0,1],[1,1,1,0,1,0,1,1,1,1]]"
7,48,-0.033397863822983716,0.033397863822983716,"[[1,1,0,0,0,0,0,0,0,1],[1,1,1,0,1,1,0,0,0,0]]"
7,49,-0.033263815238804215,0.033263815238804215,"[[1,1,0,0,0,0,0,0,0,1],[1,1,1,0,1,1,0,0,0,1]]"
7,50,-0.03435206917267795,0.03435206917267795,"[[1,1,0,0,0,0,0,0,0,1],[1,1,1,0,1,1,0,0,1,0]]"
7,51,-0.03421829586937839,0.03421829586937839,"[[1,1,0,0,0,0,0,0,0,1],[1,1,1,0,1,1,0,0,1,1]]"
7,52,-0.038683191226628263,0.038683191226628263,"[[1,1,0,0,0,0,0,0,0,1],[1,1,1,0,1,1,0,1,0,0]]"
7,53,-0.03853395886797647,0.03853395886797647,"[[1,1,0,0,0,0,0,0,0,1],[1,1,1,0,1,1,0,1,0,1]]"
7,54,-0.039718468337897245,0.039718468337897245,"[[1,1,0,0,0,0,0,0,0,1],[1,1,1,0,1,1,0,1,1,0]]"
7,55,-0.03956963598269116,0.03956963598269116,"[[1,1,0,0,0,0,0,0,0,1],[1,1,1,0,1,1,0,1,1,1]]"
7,56,-0.046239692863908714,0.046239692863908714,"[[1,1,0,0,0,0,0,0,0,1],[1,1,1,0,1,1,1,0,0,0]]"
7,57,-0.04608341509649555,0.04608341509649555,"[[1,1,0,0,0,0,0,0,0,1],[1,1,1,0,1,1,1,0,0,1]]"
7,58,-0.0473816732666487,0.0473816732666487,"[[1,1,0,0,0,0,0,0,0,1],[1,1,1,0,1,1,1,0,1,0]]"
7,59,-0.04723324669584665,0.04723324669584665,"[[1,1,0,0,0,0,0,0,0,1],[1,1,1,0,1,1,1,0,1,1]]"
7,60,-0.05254319378444948,0.05254319378444948,"[[1,1,0,0,0,0,0,0,0,1],[1,1,1,0,1,1,1,1,0,0]]"
7,61,-0.052394068027394075,0.052394068027394075,"[[1,1,0,0,0,0,0,0,0,1],[1,1,1,0,1,1,1,1,0,1]]"
7,62,-0.05377566668131355,0.05377566668131355,"[[1,1,0,0,0,0,0,0,0,1],[1,1,1,0,1,1,1,1,1,0]]"
7,63,-0.05362730741355804,0.05362730741355804,"[[1,1,0,0,0,0,0,0,0,1],[1,1,1,0,1,1,1,1,1,1]]"
7,64,-0.01953081886308038,0.01953081886308038,"[[1,1,0,0,0,0,0,0,1,0],[1,1,1,0,1,0,0,0,0,0]]"
7,65,-0.019469522338798912,0.019469522338798912,"[[1,1,0,0,0,0,0,0,1,0],[1,1,1,0,1,0,0,0,0,1]]"
7,66,-0.020397291396571933,0.020397291396571933,"[[1,1,0,0,0,0,0,0,1,0],[1,1,1,0,1,0,0,0,1,0]]"
7,67,-0.02033430650978925,0.02033430650978925,"[[1,1,0,0,0,0,0,0,1,0],[1,1,1,0,1,0,0,0,1,1]]"
7,68,-0.023277434378484046,0.023277434378484046,"[[1,1,0,0,0,0,0,0,1,0],[1,1,1,0,1,0,0,1,0,0]]"
7,69,-0.023200485445416894,0.023200485445416894,"[[1,1,0,0,0,0,0,0,1,0],[1,1,1,0,1,0,0,1,0,1]]"
7,70,-0.02422787435358313,0.02422787435358313,"[[1,1,0,0,0,0,0,0,1,0],[1,1,1,0,1,0,0,1,1,0]]"
7,71,-0.024149927733037223,0.024149927733037223,"[[1,1,0,0,0,0,0,0,1,0],[1,1,1,0,1,0,0,1,1,1]]"
7,72,-0.028828928559913876,0.028828928559913876,"[[1,1,0,0,0,0,0,0,1,0],[1,1,1,0,1,0,1,0,0,0]]"
7,73,-0.028745530665967745,0.028745530665967745,"[[1,1,0,0,0,0,0,0,1,0],[1,1,1,0,1,0,1,0,0,1]]"
7,74,-0.02991804643404772,0.02991804643404772,"[[1,1,0,0,0,0,0,0,1,0],[1,1,1,0,1,0,1,0,1,0]]"
7,75,-0.02983295935335394,0.02983295935335394,"[[1,1,0,0,0,0,0,0,1,0],[1,1,1,0,1,0,1,0,1,1]]"
7,76,-0.03346556315526894,0.03346556315526894,"[[1,1,0,0,0,0,0,0,1,0],[1,1,1,0,1,0,1,1,0,0]]"
7,77,-0.033366525909529765,0.033366525909529765,"[[1,1,0,0,0,0,0,0,1,0],[1,1,1,0,1,0,1,1,0,1]]"
7,78,-0.03466098732077128,0.03466098732077128,"[[1,1,0,0,0,0,0,0,1,0],[1,1,1,0,1,0,1,1,1,0]]"
7,79,-0.034560253227832426,0.034560253227832426,"[[1,1,0,0,0,0,0,0,1,0],[1,1,1,0,1,0,1,1,1,1]]"
7,80,-0.0319625904354869,0.0319625904354869,"[[1,1,0,0,0,0,0,0,1,0],[1,1,1,0,1,1,0,0,0,0]]"
7,81,-0.031839494984223914,0.031839494984223914,"[[1,1,0,0,0,0,0,0,1,0],[1,1,1,0,1,1,0,0,0,1]]"
7,82,-0.03315463234371697,0.03315463234371697,"[[1,1,0,0,0,0,0,0,1,0],[1,1,1,0,1,1,0,0,1,0]]"
7,83,-0.03302970527423141,0.03302970527423141,"[[1,1,0,0,0,0,0,0,1,0],[1,1,1,0,1,1,0,0,1,1]]"
7,84,-0.03703973486536478,0.03703973486536478,"[[1,1,0,0,0,0,0,0,1,0],[1,1,1,0,1,1,0,1,0,0]]"
7,85,-0.036903538999218784,0.036903538999218784,"[[1,1,0,0,0,0,0,0,1,0],[1,1,1,0,1,1,0,1,0,1]]"
7,86,-0.03816580913419347,0.03816580913419347,"[[1,1,0,0,0,0,0,0,1,0],[1,1,1,0,1,1,0,1,1,0]]"
7,87,-0.038030012559215634,0.038030012559215634,"[[1,1,0,0,0,0,0,0,1,0],[1,1,1,0,1,1,0,1,1,1]]"
7,88,-0.04455648922054932,0.04455648922054932,"[[1,1,0,0,0,0,0,0,1,0],[1,1,1,0,1,1,1,0,0,0]]"
7,89,-0.04440778761185764,0.04440778761185764,"[[1,1,0,0,0,0,0,0,1,0],[1,1,1,0,1,1,1,0,0,1]]"
7,90,-0.045990962034360795,0.045990962034360795,"[[1,1,0,0,0,0,0,0,1,0],[1,1,1,0,1,1,1,0,1,0]]"
7,91,-0.04584056305257915,0.04584056305257915,"[[1,1,0,0,0,0,0,0,1,0],[1,1,1,0,1,1,1,0,1,1]]"
7,92,-0.0506757188216619,0.0506757188216619,"[[1,1,0,0,0,0,0,0,1,0],[1,1,1,0,1,1,1,1,0,0]]"
7,93,-0.05051062076941996,0.05051062076941996,"[[1,1,0,0,0,0,0,0,1,0],[1,1,1,0,1,1,1,1,0,1]]"
7,94,-0.052002814097324095,0.052002814097324095,"[[1,1,0,0,0,0,0,0,1,0],[1,1,1,0,1,1,1,1,1,0]]"
7,95,-0.051832196518040344,0.051832196518040344,"[[1,1,0,0,0,0,0,0,1,0],[1,1,1,0,1,1,1,1,1,1]]"
7,96,-0.019551910482166833,0.019551910482166833,"[[1,1,0,0,0,0,0,0,1,1],[1,1,1,0,1,0,0,0,0,0]]"
7,97,-0.01948922624567144,0.01948922624567144,"[[1,1,0,0,0,0,0,0,1,1],[1,1,1,0,1,0,0,0,0,1]]"
7,98,-0.02041637909137079,0.02041637909137079,"[[1,1,0,0,0,0,0,0,1,1],[1,1,1,0,1,0,0,0,1,0]]"
7,99,-0.02035181253162483,0.02035181253162483,"[[1,1,0,0,0,0,0,0,1,1],[1,1,1,0,1,0,0,0,1,1]]"
7,100,-0.023293012819718236,0.023293012819718236,"[[1,1,0,0,0,0,0,0,1,1],[1,1,1,0,1,0,0,1,0,0]]"
7,101,-0.02321382113306785,0.02321382113306785,"[[1,1,0,0,0,0,0,0,1,1],[1,1,1,0,1,0,0,1,0,1]]"
7,102,-0.024240225605322865,0.024240225605322865,"[[1,1,0,0,0,0,0,0,1,1],[1,1,1,0,1,0,0,1,1,0]]"
7,103,-0.024161721572205884,0.024161721572205884,"[[1,1,0,0,0,0,0,0,1,1],[1,1,1,0,1,0,0,1,1,1]]"
7,104,-0.028831810643414776,0.028831810643414776,"[[1,1,0,0,0,0,0,0,1,1],[1,1,1,0,1,0,1,0,0,0]]"
7,105,-0.028736034185657785,0.028736034185657785,"[[1,1,0,0,0,0,0,0,1,1],[1,1,1,0,1,0,1,0,0,1]]"
7,106,-0.02991661557048072,0.02991661557048072,"[[1,1,0,0,0,0,0,0,1,1],[1,1,1,0,1,0,1,0,1,0]]"
7,107,-0.029818746576575586,0.029818746576575586,"[[1,1,0,0,0,0,0,0,1,1],[1,1,1,0,1,0,1,0,1,1]]"
7,108,-0.03347665099893364,0.03347665099893364,"[[1,1,0,0,0,0,0,0,1,1],[1,1,1,0,1,0,1,1,0,0]]"
7,109,-0.033374142755451724,0.033374142755451724,"[[1,1,0,0,0,0,0,0,1,1],[1,1,1,0,1,0,1,1,0,1]]"
7,110,-0.034665747634416454,0.034665747634416454,"[[1,1,0,0,0,0,0,0,1,1],[1,1,1,0,1,0,1,1,1,0]]"
7,111,-0.03456567587257497,0.03456567587257497,"[[1,1,0,0,0,0,0,0,1,1],[1,1,1,0,1,0,1,1,1,1]]"
7,112,-0.0319598001045202,0.0319598001045202,"[[1,1,0,0,0,0,0,0,1,1],[1,1,1,0,1,1,0,0,0,0]]"
7,113,-0.03183221448655969,0.03183221448655969,"[[1,1,0,0,0,0,0,0,1,1],[1,1,1,0,1,1,0,0,0,1]]"
7,114,-0.03314990435542765,0.03314990435542765,"[[1,1,0,0,0,0,0,0,1,1],[1,1,1,0,1,1,0,0,1,0]]"
7,115,-0.033020300967851676,0.033020300967851676,"[[1,1,0,0,0,0,0,0,1,1],[1,1,1,0,1,1,0,0,1,1]]"
7,116,-0.03703119474341694,0.03703119474341694,"[[1,1,0,0,0,0,0,0,1,1],[1,1,1,0,1,1,0,1,0,0]]"
7,117,-0.036889637033588066,0.036889637033588066,"[[1,1,0,0,0,0,0,0,1,1],[1,1,1,0,1,1,0,1,0,1]]"
7,118,-0.03815711376124629,0.03815711376124629,"[[1,1,0,0,0,0,0,0,1,1],[1,1,1,0,1,1,0,1,1,0]]"
7,119,-0.038015882199657756,0.038015882199657756,"[[1,1,0,0,0,0,0,0,1,1],[1,1,1,0,1,1,0,1,1,1]]"
7,120,-0.04454475626100568,0.04454475626100568,"[[1,1,0,0,0,0,0,0,1,1],[1,1,1,0,1,1,1,0,0,0]]"
7,121,-0.04439000939186001,0.04439000939186001,"[[1,1,0,0,0,0,0,0,1,1],[1,1,1,0,1,1,1,0,0,1]]"
7,122,-0.04597722097181525,0.04597722097181525,"[[1,1,0,0,0,0,0,0,1,1],[1,1,1,0,1,1,1,0,1,0]]"
7,123,-0.04582060595999268,0.04582060595999268,"[[1,1,0,0,0,0,0,0,1,1],[1,1,1,0,1,1,1,0,1,1]]"
7,124,-0.05065848889705169,0.05065848889705169,"[[1,1,0,0,0,0,0,0,1,1],[1,1,1,0,1,1,1,1,0,0]]"
7,125,-0.050486459717142586,0.050486459717142586,"[[1,1,0,0,0,0,0,0,1,1],[1,1,1,0,1,1,1,1,0,1]]"
7,126,-0.05198541772227255,0.05198541772227255,"[[1,1,0,0,0,0,0,0,1,1],[1,1,1,0,1,1,1,1,1,0]]"
7,127,-0.05180683153376007,0.05180683153376007,"[[1,1,0,0,0,0,0,0,1,1],[1,1,1,0,1,1,1,1,1,1]]"
7,128,-0.01610775887202579,0.01610775887202579,"[[1,1,0,0,0,0,0,1,0,0],[1,1,1,0,1,0,0,0,0,0]]"
7,129,-0.015975501905144712,0.015975501905144712,"[[1,1,0,0,0,0,0,1,0,0],[1,1,1,0,1,0,0,0,0,1]]"
7,130,-0.016399123962829196,0.016399123962829196,"[[1,1,0,0,0,0,0,1,0,0],[1,1,1,0,1,0,0,0,1,0]]"
7,131,-0.016333210310547696,0.016333210310547696,"[[1,1,0,0,0,0,0,1,0,0],[1,1,1,0,1,0,0,0,1,1]]"
7,132,-0.019578039886735996,0.019578039886735996,"[[1,1,0,0,0,0,0,1,0,0],[1,1,1,0,1,0,0,1,0,0]]"
7,133,-0.019513563910824615,0.019513563910824615,"[[1,1,0,0,0,0,0,1,0,0],[1,1,1,0,1,0,0,1,0,1]]"
7,134,-0.020259324242996347,0.020259324242996347,"[[1,1,0,0,0,0,0,1,0,0],[1,1,1,0,1,0,0,1,1,0]]"
7,135,-0.020195296308202323,0.020195296308202323,"[[1,1,0,0,0,0,0,1,0,0],[1,1,1,0,1,0,0,1,1,1]]"
7,136,-0.0244305278719589,0.0244305278719589,"[[1,1,0,0,0,0,0,1,0,0],[1,1,1,0,1,0,1,0,0,0]]"
7,137,-0.0242680653676747,0.0242680653676747,"[[1,1,0,0,0,0,0,1,0,0],[1,1,1,0,1,0,1,0,0,1]]"
7,138,-0.024810166737691843,0.024810166737691843,"[[1,1,0,0,0,0,0,1,0,0],[1,1,1,0,1,0,1,0,1,0]]"
7,139,-0.024713037652856516,0.024713037652856516,"[[1,1,0,0,0,0,0,1,0,0],[1,1,1,0,1,0,1,0,1,1]]"
7,140,-0.02894853379529899,0.02894853379529899,"[[1,1,0,0,0,0,0,1,0,0],[1,1,1,0,1,0,1,1,0,0]]"
7,141,-0.028858468380672804,0.028858468380672804,"[[1,1,0,0,0,0,0,1,0,0],[1,1,1,0,1,0,1,1,0,1]]"
7,142,-0.02981287447380689,0.02981287447380689,"[[1,1,0,0,0,0,0,1,0,0],[1,1,1,0,1,0,1,1,1,0]]"
7,143,-0.029721254132131968,0.029721254132131968,"[[1,1,0,0,0,0,0,1,0,0],[1,1,1,0,1,0,1,1,1,1]]"
7,144,-0.027484119556318135,0.027484119556318135,"[[1,1,0,0,0,0,0,1,0,0],[1,1,1,0,1,1,0,0,0,0]]"
7,145,-0.027240868750307165,0.027240868750307165,"[[1,1,0,0,0,0,0,1,0,0],[1,1,1,0,1,1,0,0,0,1]]"
7,146,-0.027746152354561744,0.027746152354561744,"[[1,1,0,0,0,0,0,1,0,0],[1,1,1,0,1,1,0,0,1,0]]"
7,147,-0.027609748387233048,0.027609748387233048,"[[1,1,0,0,0,0,0,1,0,0],[1,1,1,0,1,1,0,0,1,1]]"
7,148,-0.03205700780724268,0.03205700780724268,"[[1,1,0,0,0,0,0,1,0,0],[1,1,1,0,1,1,0,1,0,0]]"
7,149,-0.031933646389075566,0.031933646389075566,"[[1,1,0,0,0,0,0,1,0,0],[1,1,1,0,1,1,0,1,0,1]]"
7,150,-0.03299808958319116,0.03299808958319116,"[[1,1,0,0,0,0,0,1,0,0],[1,1,1,0,1,1,0,1,1,0]]"
7,151,-0.03287518313561214,0.03287518313561214,"[[1,1,0,0,0,0,0,1,0,0],[1,1,1,0,1,1,0,1,1,1]]"
7,152,-0.03890639407765853,0.03890639407765853,"[[1,1,0,0,0,0,0,1,0,0],[1,1,1,0,1,1,1,0,0,0]]"
7,153,-0.038645515069500036,0.038645515069500036,"[[1,1,0,0,0,0,0,1,0,0],[1,1,1,0,1,1,1,0,0,1]]"
7,154,-0.03927243986828049,0.03927243986828049,"[[1,1,0,0,0,0,0,1,0,0],[1,1,1,0,1,1,1,0,1,0]]"
7,155,-0.039102324005134276,0.039102324005134276,"[[1,1,0,0,0,0,0,1,0,0],[1,1,1,0,1,1,1,0,1,1]]"
7,156,-0.044676125203513405,0.044676125203513405,"[[1,1,0,0,0,0,0,1,0,0],[1,1,1,0,1,1,1,1,0,0]]"
7,157,-0.044524944834861684,0.044524944834861684,"[[1,1,0,0,0,0,0,1,0,0],[1,1,1,0,1,1,1,1,0,1]]"
7,158,-0.04580938488055647,0.04580938488055647,"[[1,1,0,0,0,0,0,1,0,0],[1,1,1,0,1,1,1,1,1,0]]"
7,159,-0.04565865725501784,0.04565865725501784,"[[1,1,0,0,0,0,0,1,0,0],[1,1,1,0,1,1,1,1,1,1]]"
7,160,-0.016127829372413485,0.016127829372413485,"[[1,1,0,0,0,0,0,1,0,1],[1,1,1,0,1,0,0,0,0,0]]"
7,161,-0.01598163940089577,0.01598163940089577,"[[1,1,0,0,0,0,0,1,0,1],[1,1,1,0,1,0,0,0,0,1]]"
7,162,-0.01641131829587631,0.01641131829587631,"[[1,1,0,0,0,0,0,1,0,1],[1,1,1,0,1,0,0,0,1,0]]"
7,163,-0.01634189679427015,0.01634189679427015,"[[1,1,0,0,0,0,0,1,0,1],[1,1,1,0,1,0,0,0,1,1]]"
7,164,-0.019597564627495373,0.019597564627495373,"[[1,1,0,0,0,0,0,1,0,1],[1,1,1,0,1,0,0,1,0,0]]"
7,165,-0.019526736139852275,0.019526736139852275,"[[1,1,0,0,0,0,0,1,0,1],[1,1,1,0,1,0,0,1,0,1]]"
7,166,-0.02027868684927904,0.02027868684927904,"[[1,1,0,0,0,0,0,1,0,1],[1,1,1,0,1,0,0,1,1,0]]"
7,167,-0.020206485349413616,0.020206485349413616,"[[1,1,0,0,0,0,0,1,0,1],[1,1,1,0,1,0,0,1,1,1]]"
7,168,-0.02444244569587964,0.02444244569587964,"[[1,1,0,0,0,0,0,1,0,1],[1,1,1,0,1,0,1,0,0,0]]"
7,169,-0.02426522204561198,0.02426522204561198,"[[1,1,0,0,0,0,0,1,0,1],[1,1,1,0,1,0,1,0,0,1]]"
7,170,-0.02481204728807424,0.02481204728807424,"[[1,1,0,0,0,0,0,1,0,1],[1,1,1,0,1,0,1,0,1,0]]"
7,171,-0.024705570464910242,0.024705570464910242,"[[1,1,0,0,0,0,0,1,0,1],[1,1,1,0,1,0,1,0,1,1]]"
7,172,-0.028938904162876002,0.028938904162876002,"[[1,1,0,0,0,0,0,1,0,1],[1,1,1,0,1,0,1,1,0,0]]"
7,173,-0.028838706406648804,0.028838706406648804,"[[1,1,0,0,0,0,0,1,0,1],[1,1,1,0,1,0,1,1,0,1]]"
7,174,-0.029801086225263732,0.029801086225263732,"[[1,1,0,0,0,0,0,1,0,1],[1,1,1,0,1,0,1,1,1,0]]"
7,175,-0.029701198009159668,0.029701198009159668,"[[1,1,0,0,0,0,0,1,0,1],[1,1,1,0,1,0,1,1,1,1]]"
7,176,-0.027505788453473574,0.027505788453473574,"[[1,1,0,0,0,0,0,1,0,1],[1,1,1,0,1,1,0,0,0,0]]"
7,177,-0.027242206006276515,0.027242206006276515,"[[1,1,0,0,0,0,0,1,0,1],[1,1,1,0,1,1,0,0,0,1]]"
7,178,-0.027748213289573706,0.027748213289573706,"[[1,1,0,0,0,0,0,1,0,1],[1,1,1,0,1,1,0,0,1,0]]"
7,179,-0.027604941723640804,0.027604941723640804,"[[1,1,0,0,0,0,0,1,0,1],[1,1,1,0,1,1,0,0,1,1]]"
7,180,-0.03205177227745502,0.03205177227745502,"[[1,1,0,0,0,0,0,1,0,1],[1,1,1,0,1,1,0,1,0,0]]"
7,181,-0.031923665251469675,0.031923665251469675,"[[1,1,0,0,0,0,0,1,0,1],[1,1,1,0,1,1,0,1,0,1]]"
7,182,-0.032992695207548065,0.032992695207548065,"[[1,1,0,0,0,0,0,1,0,1],[1,1,1,0,1,1,0,1,1,0]]"
7,183,-0.032864898214811394,0.032864898214811394,"[[1,1,0,0,0,0,0,1,0,1],[1,1,1,0,1,1,0,1,1,1]]"
7,184,-0.03890544250026606,0.03890544250026606,"[[1,1,0,0,0,0,0,1,0,1],[1,1,1,0,1,1,1,0,0,0]]"
7,185,-0.038609139810800594,0.038609139810800594,"[[1,1,0,0,0,0,0,1,0,1],[1,1,1,0,1,1,1,0,0,1]]"
7,186,-0.03924515324782405,0.03924515324782405,"[[1,1,0,0,0,0,0,1,0,1],[1,1,1,0,1,1,1,0,1,0]]"
7,187,-0.03905922172947427,0.03905922172947427,"[[1,1,0,0,0,0,0,1,0,1],[1,1,1,0,1,1,1,0,1,1]]"
7,188,-0.04466313309479628,0.04466313309479628,"[[1,1,0,0,0,0,0,1,0,1],[1,1,1,0,1,1,1,1,0,0]]"
7,189,-0.044505687482821986,0.044505687482821986,"[[1,1,0,0,0,0,0,1,0,1],[1,1,1,0,1,1,1,1,0,1]]"
7,190,-0.045796228620789546,0.045796228620789546,"[[1,1,0,0,0,0,0,1,0,1],[1,1,1,0,1,1,1,1,1,0]]"
7,191,-0.045637651085072235,0.045637651085072235,"[[1,1,0,0,0,0,0,1,0,1],[1,1,1,0,1,1,1,1,1,1]]"
7,192,-0.015150123005627054,0.015150123005627054,"[[1,1,0,0,0,0,0,1,1,0],[1,1,1,0,1,0,0,0,0,0]]"
7,193,-0.015053021653161936,0.015053021653161936,"[[1,1,0,0,0,0,0,1,1,0],[1,1,1,0,1,0,0,0,0,1]]"
7,194,-0.01563150710939761,0.01563150710939761,"[[1,1,0,0,0,0,0,1,1,0],[1,1,1,0,1,0,0,0,1,0]]"
7,195,-0.015575767027298501,0.015575767027298501,"[[1,1,0,0,0,0,0,1,1,0],[1,1,1,0,1,0,0,0,1,1]]"
7,196,-0.0185712505892175,0.0185712505892175,"[[1,1,0,0,0,0,0,1,1,0],[1,1,1,0,1,0,0,1,0,0]]"
7,197,-0.018512962270473124,0.018512962270473124,"[[1,1,0,0,0,0,0,1,1,0],[1,1,1,0,1,0,0,1,0,1]]"
7,198,-0.019415600161390458,0.019415600161390458,"[[1,1,0,0,0,0,0,1,1,0],[1,1,1,0,1,0,0,1,1,0]]"
7,199,-0.01935562820648297,0.01935562820648297,"[[1,1,0,0,0,0,0,1,1,0],[1,1,1,0,1,0,0,1,1,1]]"
7,200,-0.023205734184096785,0.023205734184096785,"[[1,1,0,0,0,0,0,1,1,0],[1,1,1,0,1,0,1,0,0,0]]"
7,201,-0.023091008271191794,0.023091008271191794,"[[1,1,0,0,0,0,0,1,1,0],[1,1,1,0,1,0,1,0,0,1]]"
7,202,-0.02386878534432246,0.02386878534432246,"[[1,1,0,0,0,0,0,1,1,0],[1,1,1,0,1,0,1,0,1,0]]"
7,203,-0.0237844120517393,0.0237844120517393,"[[1,1,0,0,0,0,0,1,1,0],[1,1,1,0,1,0,1,0,1,1]]"
7,204,-0.027672789476057467,0.027672789476057467,"[[1,1,0,0,0,0,0,1,1,0],[1,1,1,0,1,0,1,1,0,0]]"
7,205,-0.02759167770548679,0.02759167770548679,"[[1,1,0,0,0,0,0,1,1,0],[1,1,1,0,1,0,1,1,0,1]]"
7,206,-0.028742260374338368,0.028742260374338368,"[[1,1,0,0,0,0,0,1,1,0],[1,1,1,0,1,0,1,1,1,0]]"
7,207,-0.0286594573252895,0.0286594573252895,"[[1,1,0,0,0,0,0,1,1,0],[1,1,1,0,1,0,1,1,1,1]]"
7,208,-0.026073459833439703,0.026073459833439703,"[[1,1,0,0,0,0,0,1,1,0],[1,1,1,0,1,1,0,0,0,0]]"
7,209,-0.025876841006775435,0.025876841006775435,"[[1,1,0,0,0,0,0,1,1,0],[1,1,1,0,1,1,0,0,0,1]]"
7,210,-0.026618591632424873,0.026618591632424873,"[[1,1,0,0,0,0,0,1,1,0],[1,1,1,0,1,1,0,0,1,0]]"
7,211,-0.02648722747772179,0.02648722747772179,"[[1,1,0,0,0,0,0,1,1,0],[1,1,1,0,1,1,0,0,1,1]]"
7,212,-0.030653969968498455,0.030653969968498455,"[[1,1,0,0,0,0,0,1,1,0],[1,1,1,0,1,1,0,1,0,0]]"
7,213,-0.030536817533886138,0.030536817533886138,"[[1,1,0,0,0,0,0,1,1,0],[1,1,1,0,1,1,0,1,0,1]]"
7,214,-0.03171508413235302,0.03171508413235302,"[[1,1,0,0,0,0,0,1,1,0],[1,1,1,0,1,1,0,1,1,0]]"
7,215,-0.03159770994355186,0.03159770994355186,"[[1,1,0,0,0,0,0,1,1,0],[1,1,1,0,1,1,0,1,1,1]]"
7,216,-0.03718507773996837,0.03718507773996837,"[[1,1,0,0,0,0,0,1,1,0],[1,1,1,0,1,1,1,0,0,0]]"
7,217,-0.03697850925647738,0.03697850925647738,"[[1,1,0,0,0,0,0,1,1,0],[1,1,1,0,1,1,1,0,0,1]]"
7,218,-0.03795475862817829,0.03795475862817829,"[[1,1,0,0,0,0,0,1,1,0],[1,1,1,0,1,1,1,0,1,0]]"
7,219,-0.037789604533879036,0.037789604533879036,"[[1,1,0,0,0,0,0,1,1,0],[1,1,1,0,1,1,1,0,1,1]]"
7,220,-0.04298584814358257,0.04298584814358257,"[[1,1,0,0,0,0,0,1,1,0],[1,1,1,0,1,1,1,1,0,0]]"
7,221,-0.042840871517589287,0.042840871517589287,"[[1,1,0,0,0,0,0,1,1,0],[1,1,1,0,1,1,1,1,0,1]]"
7,222,-0.044357952692121325,0.044357952692121325,"[[1,1,0,0,0,0,0,1,1,0],[1,1,1,0,1,1,1,1,1,0]]"
7,223,-0.044211678331087995,0.044211678331087995,"[[1,1,0,0,0,0,0,1,1,0],[1,1,1,0,1,1,1,1,1,1]]"
7,224,-0.015191889314098237,0.015191889314098237,"[[1,1,0,0,0,0,0,1,1,1],[1,1,1,0,1,0,0,0,0,0]]"
7,225,-0.015084300498268345,0.015084300498268345,"[[1,1,0,0,0,0,0,1,1,1],[1,1,1,0,1,0,0,0,0,1]]"
7,226,-0.01566529974951606,0.01566529974951606,"[[1,1,0,0,0,0,0,1,1,1],[1,1,1,0,1,0,0,0,1,0]]"
7,227,-0.01561799375483305,0.01561799375483305,"[[1,1,0,0,0,0,0,1,1,1],[1,1,1,0,1,0,0,0,1,1]]"
7,228,-0.018592417442901073,0.018592417442901073,"[[1,1,0,0,0,0,0,1,1,1],[1,1,1,0,1,0,0,1,0,0]]"
7,229,-0.018532824569224154,0.018532824569224154,"[[1,1,0,0,0,0,0,1,1,1],[1,1,1,0,1,0,0,1,0,1]]"
7,230,-0.019434771385210943,0.019434771385210943,"[[1,1,0,0,0,0,0,1,1,1],[1,1,1,0,1,0,0,1,1,0]]"
7,231,-0.019377787564672948,0.019377787564672948,"[[1,1,0,0,0,0,0,1,1,1],[1,1,1,0,1,0,0,1,1,1]]"
7,232,-0.02322980837265371,0.02322980837265371,"[[1,1,0,0,0,0,0,1,1,1],[1,1,1,0,1,0,1,0,0,0]]"
7,233,-0.02309236437475315,0.02309236437475315,"[[1,1,0,0,0,0,0,1,1,1],[1,1,1,0,1,0,1,0,0,1]]"
7,234,-0.02387686931775239,0.02387686931775239,"[[1,1,0,0,0,0,0,1,1,1],[1,1,1,0,1,0,1,0,1,0]]"
7,235,-0.023775588948360956,0.023775588948360956,"[[1,1,0,0,0,0,0,1,1,1],[1,1,1,0,1,0,1,0,1,1]]"
7,236,-0.0276891376052042,0.0276891376052042,"[[1,1,0,0,0,0,0,1,1,1],[1,1,1,0,1,0,1,1,0,0]]"
7,237,-0.02760503070390006,0.02760503070390006,"[[1,1,0,0,0,0,0,1,1,1],[1,1,1,0,1,0,1,1,0,1]]"
7,238,-0.028756597003920623,0.028756597003920623,"[[1,1,0,0,0,0,0,1,1,1],[1,1,1,0,1,0,1,1,1,0]]"
7,239,-0.02866858152183896,0.02866858152183896,"[[1,1,0,0,0,0,0,1,1,1],[1,1,1,0,1,0,1,1,1,1]]"
7,240,-0.026096550766837492,0.026096550766837492,"[[1,1,0,0,0,0,0,1,1,1],[1,1,1,0,1,1,0,0,0,0]]"
7,241,-0.025881465449233643,0.025881465449233643,"[[1,1,0,0,0,0,0,1,1,1],[1,1,1,0,1,1,0,0,0,1]]"
7,242,-0.026620569251663527,0.026620569251663527,"[[1,1,0,0,0,0,0,1,1,1],[1,1,1,0,1,1,0,0,1,0]]"
7,243,-0.026485477727912054,0.026485477727912054,"[[1,1,0,0,0,0,0,1,1,1],[1,1,1,0,1,1,0,0,1,1]]"
7,244,-0.030650387910886354,0.030650387910886354,"[[1,1,0,0,0,0,0,1,1,1],[1,1,1,0,1,1,0,1,0,0]]"
7,245,-0.030528817602374074,0.030528817602374074,"[[1,1,0,0,0,0,0,1,1,1],[1,1,1,0,1,1,0,1,0,1]]"
7,246,-0.031710793963491704,0.031710793963491704,"[[1,1,0,0,0,0,0,1,1,1],[1,1,1,0,1,1,0,1,1,0]]"
7,247,-0.03158889624117795,0.03158889624117795,"[[1,1,0,0,0,0,0,1,1,1],[1,1,1,0,1,1,0,1,1,1]]"
7,248,-0.03720670399218134,0.03720670399218134,"[[1,1,0,0,0,0,0,1,1,1],[1,1,1,0,1,1,1,0,0,0]]"
7,249,-0.036976225688275195,0.036976225688275195,"[[1,1,0,0,0,0,0,1,1,1],[1,1,1,0,1,1,1,0,0,1]]"
7,250,-0.037950363767213724,0.037950363767213724,"[[1,1,0,0,0,0,0,1,1,1],[1,1,1,0,1,1,1,0,1,0]]"
7,251,-0.0377800326578521,0.0377800326578521,"[[1,1,0,0,0,0,0,1,1,1],[1,1,1,0,1,1,1,0,1,1]]"
7,252,-0.0429745087405525,0.0429745087405525,"[[1,1,0,0,0,0,0,1,1,1],[1,1,1,0,1,1,1,1,0,0]]"
7,253,-0.042823599976424355,0.042823599976424355,"[[1,1,0,0,0,0,0,1,1,1],[1,1,1,0,1,1,1,1,0,1]]"
7,254,-0.0443449613662956,0.0443449613662956,"[[1,1,0,0,0,0,0,1,1,1],[1,1,1,0,1,1,1,1,1,0]]"
7,255,-0.04419260269595733,0.04419260269595733,"[[1,1,0,0,0,0,0,1,1,1],[1,1,1,0,1,1,1,1,1,1]]"
7,256,-0.01314792472189164,0.01314792472189164,"[[1,1,0,0,0,0,1,0,0,0],[1,1,1,0,1,0,0,0,0,0]]"
7,257,-0.013094431500661457,0.013094431500661457,"[[1,1,0,0,0,0,1,0,0,0],[1,1,1,0,1,0,0,0,0,1]]"
7,258,-0.013939571429224315,0.013939571429224315,"[[1,1,0,0,0,0,1,0,0,0],[1,1,1,0,1,0,0,0,1,0]]"
7,259,-0.013872167766438546,0.013872167766438546,"[[1,1,0,0,0,0,1,0,0,0],[1,1,1,0,1,0,0,0,1,1]]"
7,260,-0.017121750215079997,0.017121750215079997,"[[1,1,0,0,0,0,1,0,0,0],[1,1,1,0,1,0,0,1,0,0]]"
7,261,-0.01704869678949806,0.01704869678949806,"[[1,1,0,0,0,0,1,0,0,0],[1,1,1,0,1,0,0,1,0,1]]"
7,262,-0.017837499914869832,0.017837499914869832,"[[1,1,0,0,0,0,1,0,0,0],[1,1,1,0,1,0,0,1,1,0]]"
7,263,-0.017764202305936526,0.017764202305936526,"[[1,1,0,0,0,0,1,0,0,0],[1,1,1,0,1,0,0,1,1,1]]"
7,264,-0.02149462102668779,0.02149462102668779,"[[1,1,0,0,0,0,1,0,0,0],[1,1,1,0,1,0,1,0,0,0]]"
7,265,-0.02141375164487339,0.02141375164487339,"[[1,1,0,0,0,0,1,0,0,0],[1,1,1,0,1,0,1,0,0,1]]"
7,266,-0.022291184496629445,0.022291184496629445,"[[1,1,0,0,0,0,1,0,0,0],[1,1,1,0,1,0,1,0,1,0]]"
7,267,-0.022211532689169047,0.022211532689169047,"[[1,1,0,0,0,0,1,0,0,0],[1,1,1,0,1,0,1,0,1,1]]"
7,268,-0.026069592675200925,0.026069592675200925,"[[1,1,0,0,0,0,1,0,0,0],[1,1,1,0,1,0,1,1,0,0]]"
7,269,-0.025968322534723393,0.025968322534723393,"[[1,1,0,0,0,0,1,0,0,0],[1,1,1,0,1,0,1,1,0,1]]"
7,270,-0.02690997566370047,0.02690997566370047,"[[1,1,0,0,0,0,1,0,0,0],[1,1,1,0,1,0,1,1,1,0]]"
7,271,-0.026809285532711037,0.026809285532711037,"[[1,1,0,0,0,0,1,0,0,0],[1,1,1,0,1,0,1,1,1,1]]"
7,272,-0.024730260525356117,0.024730260525356117,"[[1,1,0,0,0,0,1,0,0,0],[1,1,1,0,1,1,0,0,0,0]]"
7,273,-0.02460493259970855,0.02460493259970855,"[[1,1,0,0,0,0,1,0,0,0],[1,1,1,0,1,1,0,0,0,1]]"
7,274,-0.025643816992455114,0.025643816992455114,"[[1,1,0,0,0,0,1,0,0,0],[1,1,1,0,1,1,0,0,1,0]]"
7,275,-0.02552103186165614,0.02552103186165614,"[[1,1,0,0,0,0,1,0,0,0],[1,1,1,0,1,1,0,0,1,1]]"
7,276,-0.029715255147934452,0.029715255147934452,"[[1,1,0,0,0,0,1,0,0,0],[1,1,1,0,1,1,0,1,0,0]]"
7,277,-0.029587605884190654,0.029587605884190654,"[[1,1,0,0,0,0,1,0,0,0],[1,1,1,0,1,1,0,1,0,1]]"
7,278,-0.030572255065897634,0.030572255065897634,"[[1,1,0,0,0,0,1,0,0,0],[1,1,1,0,1,1,0,1,1,0]]"
7,279,-0.030447228671281114,0.030447228671281114,"[[1,1,0,0,0,0,1,0,0,0],[1,1,1,0,1,1,0,1,1,1]]"
7,280,-0.03529421621653015,0.03529421621653015,"[[1,1,0,0,0,0,1,0,0,0],[1,1,1,0,1,1,1,0,0,0]]"
7,281,-0.03515189502707495,0.03515189502707495,"[[1,1,0,0,0,0,1,0,0,0],[1,1,1,0,1,1,1,0,0,1]]"
7,282,-0.03628585705385999,0.03628585705385999,"[[1,1,0,0,0,0,1,0,0,0],[1,1,1,0,1,1,1,0,1,0]]"
7,283,-0.036143978365640844,0.036143978365640844,"[[1,1,0,0,0,0,1,0,0,0],[1,1,1,0,1,1,1,0,1,1]]"
7,284,-0.04088533997956679,0.04088533997956679,"[[1,1,0,0,0,0,1,0,0,0],[1,1,1,0,1,1,1,1,0,0]]"
7,285,-0.04073621640929234,0.04073621640929234,"[[1,1,0,0,0,0,1,0,0,0],[1,1,1,0,1,1,1,1,0,1]]"
7,286,-0.04195747906544132,0.04195747906544132,"[[1,1,0,0,0,0,1,0,0,0],[1,1,1,0,1,1,1,1,1,0]]"
7,287,-0.0418089760244014,0.0418089760244014,"[[1,1,0,0,0,0,1,0,0,0],[1,1,1,0,1,1,1,1,1,1]]"
7,288,-0.013161516681696094,0.013161516681696094,"[[1,1,0,0,0,0,1,0,0,1],[1,1,1,0,1,0,0,0,0,0]]"
7,289,-0.013095077647067289,0.013095077647067289,"[[1,1,0,0,0,0,1,0,0,1],[1,1,1,0,1,0,0,0,0,1]]"
7,290,-0.013930407681232573,0.013930407681232573,"[[1,1,0,0,0,0,1,0,0,1],[1,1,1,0,1,0,0,0,1,0]]"
7,291,-0.01386087116170264,0.01386087116170264,"[[1,1,0,0,0,0,1,0,0,1],[1,1,1,0,1,0,0,0,1,1]]"
7,292,-0.017115177707433045,0.017115177707433045,"[[1,1,0,0,0,0,1,0,0,1],[1,1,1,0,1,0,0,1,0,0]]"
7,293,-0.017033458780888786,0.017033458780888786,"[[1,1,0,0,0,0,1,0,0,1],[1,1,1,0,1,0,0,1,0,1]]"
7,294,-0.017829874839880973,0.017829874839880973,"[[1,1,0,0,0,0,1,0,0,1],[1,1,1,0,1,0,0,1,1,0]]"
7,295,-0.017749284997484606,0.017749284997484606,"[[1,1,0,0,0,0,1,0,0,1],[1,1,1,0,1,0,0,1,1,1]]"
7,296,-0.021489383566015024,0.021489383566015024,"[[1,1,0,0,0,0,1,0,0,1],[1,1,1,0,1,0,1,0,0,0]]"
7,297,-0.021405992458684277,0.021405992458684277,"[[1,1,0,0,0,0,1,0,0,1],[1,1,1,0,1,0,1,0,0,1]]"
7,298,-0.02228637556366697,0.02228637556366697,"[[1,1,0,0,0,0,1,0,0,1],[1,1,1,0,1,0,1,0,1,0]]"
7,299,-0.02220410017717204,0.02220410017717204,"[[1,1,0,0,0,0,1,0,0,1],[1,1,1,0,1,0,1,0,1,1]]"
7,300,-0.026049654592650982,0.026049654592650982,"[[1,1,0,0,0,0,1,0,0,1],[1,1,1,0,1,0,1,1,0,0]]"
7,301,-0.025945014096744302,0.025945014096744302,"[[1,1,0,0,0,0,1,0,0,1],[1,1,1,0,1,0,1,1,0,1]]"
7,302,-0.0268900056584324,0.0268900056584324,"[[1,1,0,0,0,0,1,0,0,1],[1,1,1,0,1,0,1,1,1,0]]"
7,303,-0.026785815150917748,0.026785815150917748,"[[1,1,0,0,0,0,1,0,0,1],[1,1,1,0,1,0,1,1,1,1]]"
7,304,-0.024693342718919733,0.024693342718919733,"[[1,1,0,0,0,0,1,0,0,1],[1,1,1,0,1,1,0,0,0,0]]"
7,305,-0.024563167473547556,0.024563167473547556,"[[1,1,0,0,0,0,1,0,0,1],[1,1,1,0,1,1,0,0,0,1]]"
7,306,-0.025608325073215595,0.025608325073215595,"[[1,1,0,0,0,0,1,0,0,1],[1,1,1,0,1,1,0,0,1,0]]"
7,307,-0.025480667458327985,0.025480667458327985,"[[1,1,0,0,0,0,1,0,0,1],[1,1,1,0,1,1,0,0,1,1]]"
7,308,-0.0297033443247576,0.0297033443247576,"[[1,1,0,0,0,0,1,0,0,1],[1,1,1,0,1,1,0,1,0,0]]"
7,309,-0.02957064661418078,0.02957064661418078,"[[1,1,0,0,0,0,1,0,0,1],[1,1,1,0,1,1,0,1,0,1]]"
7,310,-0.03056215780257957,0.03056215780257957,"[[1,1,0,0,0,0,1,0,0,1],[1,1,1,0,1,1,0,1,1,0]]"
7,311,-0.030432034586056003,0.030432034586056003,"[[1,1,0,0,0,0,1,0,0,1],[1,1,1,0,1,1,0,1,1,1]]"
7,312,-0.03525483376879931,0.03525483376879931,"[[1,1,0,0,0,0,1,0,0,1],[1,1,1,0,1,1,1,0,0,0]]"
7,313,-0.035107015900101415,0.035107015900101415,"[[1,1,0,0,0,0,1,0,0,1],[1,1,1,0,1,1,1,0,0,1]]"
7,314,-0.03624635532129963,0.03624635532129963,"[[1,1,0,0,0,0,1,0,0,1],[1,1,1,0,1,1,1,0,1,0]]"
7,315,-0.03609882987780364,0.03609882987780364,"[[1,1,0,0,0,0,1,0,0,1],[1,1,1,0,1,1,1,0,1,1]]"
7,316,-0.040854070403142186,0.040854070403142186,"[[1,1,0,0,0,0,1,0,0,1],[1,1,1,0,1,1,1,1,0,0]]"
7,317,-0.04068784078594554,0.04068784078594554,"[[1,1,0,0,0,0,1,0,0,1],[1,1,1,0,1,1,1,1,0,1]]"
7,318,-0.04192396912630999,0.04192396912630999,"[[1,1,0,0,0,0,1,0,0,1],[1,1,1,0,1,1,1,1,1,0]]"
7,319,-0.04175822329524265,0.04175822329524265,"[[1,1,0,0,0,0,1,0,0,1],[1,1,1,0,1,1,1,1,1,1]]"
7,320,-0.012354097045784057,0.012354097045784057,"[[1,1,0,0,0,0,1,0,1,0],[1,1,1,0,1,0,0,0,0,0]]"
7,321,-0.012308272603251139,0.012308272603251139,"[[1,1,0,0,0,0,1,0,1,0],[1,1,1,0,1,0,0,0,0,1]]"
7,322,-0.013274755697335274,0.013274755697335274,"[[1,1,0,0,0,0,1,0,1,0],[1,1,1,0,1,0,0,0,1,0]]"
7,323,-0.013211813267560525,0.013211813267560525,"[[1,1,0,0,0,0,1,0,1,0],[1,1,1,0,1,0,0,0,1,1]]"
7,324,-0.01610629128522515,0.01610629128522515,"[[1,1,0,0,0,0,1,0,1,0],[1,1,1,0,1,0,0,1,0,0]]"
7,325,-0.016041668245616383,0.016041668245616383,"[[1,1,0,0,0,0,1,0,1,0],[1,1,1,0,1,0,0,1,0,1]]"
7,326,-0.016909955029992974,0.016909955029992974,"[[1,1,0,0,0,0,1,0,1,0],[1,1,1,0,1,0,0,1,1,0]]"
7,327,-0.016846725284647347,0.016846725284647347,"[[1,1,0,0,0,0,1,0,1,0],[1,1,1,0,1,0,0,1,1,1]]"
7,328,-0.02049581602941584,0.02049581602941584,"[[1,1,0,0,0,0,1,0,1,0],[1,1,1,0,1,0,1,0,0,0]]"
7,329,-0.020421858679198678,0.020421858679198678,"[[1,1,0,0,0,0,1,0,1,0],[1,1,1,0,1,0,1,0,0,1]]"
7,330,-0.0214767409794973,0.0214767409794973,"[[1,1,0,0,0,0,1,0,1,0],[1,1,1,0,1,0,1,0,1,0]]"
7,331,-0.021401632937189753,0.021401632937189753,"[[1,1,0,0,0,0,1,0,1,0],[1,1,1,0,1,0,1,0,1,1]]"
7,332,-0.024854579022886444,0.024854579022886444,"[[1,1,0,0,0,0,1,0,1,0],[1,1,1,0,1,0,1,1,0,0]]"
7,333,-0.024769025969534248,0.024769025969534248,"[[1,1,0,0,0,0,1,0,1,0],[1,1,1,0,1,0,1,1,0,1]]"
7,334,-0.025822284134522103,0.025822284134522103,"[[1,1,0,0,0,0,1,0,1,0],[1,1,1,0,1,0,1,1,1,0]]"
7,335,-0.025737190903702075,0.025737190903702075,"[[1,1,0,0,0,0,1,0,1,0],[1,1,1,0,1,0,1,1,1,1]]"
7,336,-0.023508526749255316,0.023508526749255316,"[[1,1,0,0,0,0,1,0,1,0],[1,1,1,0,1,1,0,0,0,0]]"
7,337,-0.02339741628916909,0.02339741628916909,"[[1,1,0,0,0,0,1,0,1,0],[1,1,1,0,1,1,0,0,0,1]]"
7,338,-0.024606900629361855,0.024606900629361855,"[[1,1,0,0,0,0,1,0,1,0],[1,1,1,0,1,1,0,0,1,0]]"
7,339,-0.02449625650911383,0.02449625650911383,"[[1,1,0,0,0,0,1,0,1,0],[1,1,1,0,1,1,0,0,1,1]]"
7,340,-0.02801988700144014,0.02801988700144014,"[[1,1,0,0,0,0,1,0,1,0],[1,1,1,0,1,1,0,1,0,0]]"
7,341,-0.027903048736219772,0.027903048736219772,"[[1,1,0,0,0,0,1,0,1,0],[1,1,1,0,1,1,0,1,0,1]]"
7,342,-0.02903350418300505,0.02903350418300505,"[[1,1,0,0,0,0,1,0,1,0],[1,1,1,0,1,1,0,1,1,0]]"
7,343,-0.02892041950147342,0.02892041950147342,"[[1,1,0,0,0,0,1,0,1,0],[1,1,1,0,1,1,0,1,1,1]]"
7,344,-0.03386092484213899,0.03386092484213899,"[[1,1,0,0,0,0,1,0,1,0],[1,1,1,0,1,1,1,0,0,0]]"
7,345,-0.03372528491038511,0.03372528491038511,"[[1,1,0,0,0,0,1,0,1,0],[1,1,1,0,1,1,1,0,0,1]]"
7,346,-0.03510555820093698,0.03510555820093698,"[[1,1,0,0,0,0,1,0,1,0],[1,1,1,0,1,1,1,0,1,0]]"
7,347,-0.03496801649514555,0.03496801649514555,"[[1,1,0,0,0,0,1,0,1,0],[1,1,1,0,1,1,1,0,1,1]]"
7,348,-0.03898840249092759,0.03898840249092759,"[[1,1,0,0,0,0,1,0,1,0],[1,1,1,0,1,1,1,1,0,0]]"
7,349,-0.0388486016496939,0.0388486016496939,"[[1,1,0,0,0,0,1,0,1,0],[1,1,1,0,1,1,1,1,0,1]]"
7,350,-0.040157626871779754,0.040157626871779754,"[[1,1,0,0,0,0,1,0,1,0],[1,1,1,0,1,1,1,1,1,0]]"
7,351,-0.04001823105942345,0.04001823105942345,"[[1,1,0,0,0,0,1,0,1,0],[1,1,1,0,1,1,1,1,1,1]]"
7,352,-0.012371576885484728,0.012371576885484728,"[[1,1,0,0,0,0,1,0,1,1],[1,1,1,0,1,0,0,0,0,0]]"
7,353,-0.012308148913291708,0.012308148913291708,"[[1,1,0,0,0,0,1,0,1,1],[1,1,1,0,1,0,0,0,0,1]]"
7,354,-0.013265939396364864,0.013265939396364864,"[[1,1,0,0,0,0,1,0,1,1],[1,1,1,0,1,0,0,0,1,0]]"
7,355,-0.013201188746473658,0.013201188746473658,"[[1,1,0,0,0,0,1,0,1,1],[1,1,1,0,1,0,0,0,1,1]]"
7,356,-0.01611966688580632,0.01611966688580632,"[[1,1,0,0,0,0,1,0,1,1],[1,1,1,0,1,0,0,1,0,0]]"
7,357,-0.01605322455758706,0.01605322455758706,"[[1,1,0,0,0,0,1,0,1,1],[1,1,1,0,1,0,0,1,0,1]]"
7,358,-0.01692411676262911,0.01692411676262911,"[[1,1,0,0,0,0,1,0,1,1],[1,1,1,0,1,0,0,1,1,0]]"
7,359,-0.01685816053826618,0.01685816053826618,"[[1,1,0,0,0,0,1,0,1,1],[1,1,1,0,1,0,0,1,1,1]]"
7,360,-0.020493406099365393,0.020493406099365393,"[[1,1,0,0,0,0,1,0,1,1],[1,1,1,0,1,0,1,0,0,0]]"
7,361,-0.020417303106046118,0.020417303106046118,"[[1,1,0,0,0,0,1,0,1,1],[1,1,1,0,1,0,1,0,0,1]]"
7,362,-0.021472219264500447,0.021472219264500447,"[[1,1,0,0,0,0,1,0,1,1],[1,1,1,0,1,0,1,0,1,0]]"
7,363,-0.021394813065952988,0.021394813065952988,"[[1,1,0,0,0,0,1,0,1,1],[1,1,1,0,1,0,1,0,1,1]]"
7,364,-0.024850060307948833,0.024850060307948833,"[[1,1,0,0,0,0,1,0,1,1],[1,1,1,0,1,0,1,1,0,0]]"
7,365,-0.024752447582989966,0.024752447582989966,"[[1,1,0,0,0,0,1,0,1,1],[1,1,1,0,1,0,1,1,0,1]]"
7,366,-0.02581526953667842,0.02581526953667842,"[[1,1,0,0,0,0,1,0,1,1],[1,1,1,0,1,0,1,1,1,0]]"
7,367,-0.025717764670983845,0.025717764670983845,"[[1,1,0,0,0,0,1,0,1,1],[1,1,1,0,1,0,1,1,1,1]]"
7,368,-0.023488656389590617,0.023488656389590617,"[[1,1,0,0,0,0,1,0,1,1],[1,1,1,0,1,1,0,0,0,0]]"
7,369,-0.023365780529900255,0.023365780529900255,"[[1,1,0,0,0,0,1,0,1,1],[1,1,1,0,1,1,0,0,0,1]]"
7,370,-0.024584927782186256,0.024584927782186256,"[[1,1,0,0,0,0,1,0,1,1],[1,1,1,0,1,1,0,0,1,0]]"
7,371,-0.02446209901731996,0.02446209901731996,"[[1,1,0,0,0,0,1,0,1,1],[1,1,1,0,1,1,0,0,1,1]]"
7,372,-0.028013902725839,0.028013902725839,"[[1,1,0,0,0,0,1,0,1,1],[1,1,1,0,1,1,0,1,0,0]]"
7,373,-0.027892565117873108,0.027892565117873108,"[[1,1,0,0,0,0,1,0,1,1],[1,1,1,0,1,1,0,1,0,1]]"
7,374,-0.029030238251484528,0.029030238251484528,"[[1,1,0,0,0,0,1,0,1,1],[1,1,1,0,1,1,0,1,1,0]]"
7,375,-0.028910662161171333,0.028910662161171333,"[[1,1,0,0,0,0,1,0,1,1],[1,1,1,0,1,1,0,1,1,1]]"
7,376,-0.03382435161457327,0.03382435161457327,"[[1,1,0,0,0,0,1,0,1,1],[1,1,1,0,1,1,1,0,0,0]]"
7,377,-0.03368356938982306,0.03368356938982306,"[[1,1,0,0,0,0,1,0,1,1],[1,1,1,0,1,1,1,0,0,1]]"
7,378,-0.03506632982582349,0.03506632982582349,"[[1,1,0,0,0,0,1,0,1,1],[1,1,1,0,1,1,1,0,1,0]]"
7,379,-0.03492346359271147,0.03492346359271147,"[[1,1,0,0,0,0,1,0,1,1],[1,1,1,0,1,1,1,0,1,1]]"
7,380,-0.03898001788978998,0.03898001788978998,"[[1,1,0,0,0,0,1,0,1,1],[1,1,1,0,1,1,1,1,0,0]]"
7,381,-0.03883461273929425,0.03883461273929425,"[[1,1,0,0,0,0,1,0,1,1],[1,1,1,0,1,1,1,1,0,1]]"
7,382,-0.04014909491006617,0.04014909491006617,"[[1,1,0,0,0,0,1,0,1,1],[1,1,1,0,1,1,1,1,1,0]]"
7,383,-0.0400040018128496,0.0400040018128496,"[[1,1,0,0,0,0,1,0,1,1],[1,1,1,0,1,1,1,1,1,1]]"
7,384,-0.009380411513600972,0.009380411513600972,"[[1,1,0,0,0,0,1,1,0,0],[1,1,1,0,1,0,0,0,0,0]]"
7,385,-0.009260855099047671,0.009260855099047671,"[[1,1,0,0,0,0,1,1,0,0],[1,1,1,0,1,0,0,0,0,1]]"
7,386,-0.00978807071253593,0.00978807071253593,"[[1,1,0,0,0,0,1,1,0,0],[1,1,1,0,1,0,0,0,1,0]]"
7,387,-0.009720413345934896,0.009720413345934896,"[[1,1,0,0,0,0,1,1,0,0],[1,1,1,0,1,0,0,0,1,1]]"
7,388,-0.012884004358242282,0.012884004358242282,"[[1,1,0,0,0,0,1,1,0,0],[1,1,1,0,1,0,0,1,0,0]]"
7,389,-0.012825360087785597,0.012825360087785597,"[[1,1,0,0,0,0,1,1,0,0],[1,1,1,0,1,0,0,1,0,1]]"
7,390,-0.013489805994783097,0.013489805994783097,"[[1,1,0,0,0,0,1,1,0,0],[1,1,1,0,1,0,0,1,1,0]]"
7,391,-0.013432394712357796,0.013432394712357796,"[[1,1,0,0,0,0,1,1,0,0],[1,1,1,0,1,0,0,1,1,1]]"
7,392,-0.01641415525169839,0.01641415525169839,"[[1,1,0,0,0,0,1,1,0,0],[1,1,1,0,1,0,1,0,0,0]]"
7,393,-0.01628158354591509,0.01628158354591509,"[[1,1,0,0,0,0,1,1,0,0],[1,1,1,0,1,0,1,0,0,1]]"
7,394,-0.016839499213472088,0.016839499213472088,"[[1,1,0,0,0,0,1,1,0,0],[1,1,1,0,1,0,1,0,1,0]]"
7,395,-0.01675737995092222,0.01675737995092222,"[[1,1,0,0,0,0,1,1,0,0],[1,1,1,0,1,0,1,0,1,1]]"
7,396,-0.020763203701101705,0.020763203701101705,"[[1,1,0,0,0,0,1,1,0,0],[1,1,1,0,1,0,1,1,0,0]]"
7,397,-0.020686795979235093,0.020686795979235093,"[[1,1,0,0,0,0,1,1,0,0],[1,1,1,0,1,0,1,1,0,1]]"
7,398,-0.021500536510067315,0.021500536510067315,"[[1,1,0,0,0,0,1,1,0,0],[1,1,1,0,1,0,1,1,1,0]]"
7,399,-0.021421222196147238,0.021421222196147238,"[[1,1,0,0,0,0,1,1,0,0],[1,1,1,0,1,0,1,1,1,1]]"
7,400,-0.019524010802646853,0.019524010802646853,"[[1,1,0,0,0,0,1,1,0,0],[1,1,1,0,1,1,0,0,0,0]]"
7,401,-0.019296459292720638,0.019296459292720638,"[[1,1,0,0,0,0,1,1,0,0],[1,1,1,0,1,1,0,0,0,1]]"
7,402,-0.019832721978842227,0.019832721978842227,"[[1,1,0,0,0,0,1,1,0,0],[1,1,1,0,1,1,0,0,1,0]]"
7,403,-0.019700654907874746,0.019700654907874746,"[[1,1,0,0,0,0,1,1,0,0],[1,1,1,0,1,1,0,0,1,1]]"
7,404,-0.02385776503983237,0.02385776503983237,"[[1,1,0,0,0,0,1,1,0,0],[1,1,1,0,1,1,0,1,0,0]]"
7,405,-0.023749508014046718,0.023749508014046718,"[[1,1,0,0,0,0,1,1,0,0],[1,1,1,0,1,1,0,1,0,1]]"
7,406,-0.024709760876813723,0.024709760876813723,"[[1,1,0,0,0,0,1,1,0,0],[1,1,1,0,1,1,0,1,1,0]]"
7,407,-0.02460110286622559,0.02460110286622559,"[[1,1,0,0,0,0,1,1,0,0],[1,1,1,0,1,1,0,1,1,1]]"
7,408,-0.02882270326682784,0.02882270326682784,"[[1,1,0,0,0,0,1,1,0,0],[1,1,1,0,1,1,1,0,0,0]]"
7,409,-0.028592590702667127,0.028592590702667127,"[[1,1,0,0,0,0,1,1,0,0],[1,1,1,0,1,1,1,0,0,1]]"
7,410,-0.029148364372263865,0.029148364372263865,"[[1,1,0,0,0,0,1,1,0,0],[1,1,1,0,1,1,1,0,1,0]]"
7,411,-0.02900005961269301,0.02900005961269301,"[[1,1,0,0,0,0,1,1,0,0],[1,1,1,0,1,1,1,0,1,1]]"
7,412,-0.03394672142837165,0.03394672142837165,"[[1,1,0,0,0,0,1,1,0,0],[1,1,1,0,1,1,1,1,0,0]]"
7,413,-0.033808358661789197,0.033808358661789197,"[[1,1,0,0,0,0,1,1,0,0],[1,1,1,0,1,1,1,1,0,1]]"
7,414,-0.034924677652320824,0.034924677652320824,"[[1,1,0,0,0,0,1,1,0,0],[1,1,1,0,1,1,1,1,1,0]]"
7,415,-0.03478677987990065,0.03478677987990065,"[[1,1,0,0,0,0,1,1,0,0],[1,1,1,0,1,1,1,1,1,1]]"
7,416,-0.009398635316751927,0.009398635316751927,"[[1,1,0,0,0,0,1,1,0,1],[1,1,1,0,1,0,0,0,0,0]]"
7,417,-0.00927096187609035,0.00927096187609035,"[[1,1,0,0,0,0,1,1,0,1],[1,1,1,0,1,0,0,0,0,1]]"
7,418,-0.009784373872768646,0.009784373872768646,"[[1,1,0,0,0,0,1,1,0,1],[1,1,1,0,1,0,0,0,1,0]]"
7,419,-0.009715332249382947,0.009715332249382947,"[[1,1,0,0,0,0,1,1,0,1],[1,1,1,0,1,0,0,0,1,1]]"
7,420,-0.012879566326990827,0.012879566326990827,"[[1,1,0,0,0,0,1,1,0,1],[1,1,1,0,1,0,0,1,0,0]]"
7,421,-0.012819362542742576,0.012819362542742576,"[[1,1,0,0,0,0,1,1,0,1],[1,1,1,0,1,0,0,1,0,1]]"
7,422,-0.013485791052388996,0.013485791052388996,"[[1,1,0,0,0,0,1,1,0,1],[1,1,1,0,1,0,0,1,1,0]]"
7,423,-0.013426713449325436,0.013426713449325436,"[[1,1,0,0,0,0,1,1,0,1],[1,1,1,0,1,0,0,1,1,1]]"
7,424,-0.016429296466197448,0.016429296466197448,"[[1,1,0,0,0,0,1,1,0,1],[1,1,1,0,1,0,1,0,0,0]]"
7,425,-0.016279016658465015,0.016279016658465015,"[[1,1,0,0,0,0,1,1,0,1],[1,1,1,0,1,0,1,0,0,1]]"
7,426,-0.016842482532151405,0.016842482532151405,"[[1,1,0,0,0,0,1,1,0,1],[1,1,1,0,1,0,1,0,1,0]]"
7,427,-0.016758638985508046,0.016758638985508046,"[[1,1,0,0,0,0,1,1,0,1],[1,1,1,0,1,0,1,0,1,1]]"
7,428,-0.020755781988357987,0.020755781988357987,"[[1,1,0,0,0,0,1,1,0,1],[1,1,1,0,1,0,1,1,0,0]]"
7,429,-0.020673456581087494,0.020673456581087494,"[[1,1,0,0,0,0,1,1,0,1],[1,1,1,0,1,0,1,1,0,1]]"
7,430,-0.021489612400152614,0.021489612400152614,"[[1,1,0,0,0,0,1,1,0,1],[1,1,1,0,1,0,1,1,1,0]]"
7,431,-0.021407789928391447,0.021407789928391447,"[[1,1,0,0,0,0,1,1,0,1],[1,1,1,0,1,0,1,1,1,1]]"
7,432,-0.019519327330166803,0.019519327330166803,"[[1,1,0,0,0,0,1,1,0,1],[1,1,1,0,1,1,0,0,0,0]]"
7,433,-0.019274844456695975,0.019274844456695975,"[[1,1,0,0,0,0,1,1,0,1],[1,1,1,0,1,1,0,0,0,1]]"
7,434,-0.01980490930245712,0.01980490930245712,"[[1,1,0,0,0,0,1,1,0,1],[1,1,1,0,1,1,0,0,1,0]]"
7,435,-0.019668787343560725,0.019668787343560725,"[[1,1,0,0,0,0,1,1,0,1],[1,1,1,0,1,1,0,0,1,1]]"
7,436,-0.0238331375648251,0.0238331375648251,"[[1,1,0,0,0,0,1,1,0,1],[1,1,1,0,1,1,0,1,0,0]]"
7,437,-0.02371384850037518,0.02371384850037518,"[[1,1,0,0,0,0,1,1,0,1],[1,1,1,0,1,1,0,1,0,1]]"
7,438,-0.024683920508095897,0.024683920508095897,"[[1,1,0,0,0,0,1,1,0,1],[1,1,1,0,1,1,0,1,1,0]]"
7,439,-0.02456576083029947,0.02456576083029947,"[[1,1,0,0,0,0,1,1,0,1],[1,1,1,0,1,1,0,1,1,1]]"
7,440,-0.028813988934138765,0.028813988934138765,"[[1,1,0,0,0,0,1,1,0,1],[1,1,1,0,1,1,1,0,0,0]]"
7,441,-0.028562722218001494,0.028562722218001494,"[[1,1,0,0,0,0,1,1,0,1],[1,1,1,0,1,1,1,0,0,1]]"
7,442,-0.02912554317198733,0.02912554317198733,"[[1,1,0,0,0,0,1,1,0,1],[1,1,1,0,1,1,1,0,1,0]]"
7,443,-0.028972754082485837,0.028972754082485837,"[[1,1,0,0,0,0,1,1,0,1],[1,1,1,0,1,1,1,0,1,1]]"
7,444,-0.03390819358354669,0.03390819358354669,"[[1,1,0,0,0,0,1,1,0,1],[1,1,1,0,1,1,1,1,0,0]]"
7,445,-0.03376446641607818,0.03376446641607818,"[[1,1,0,0,0,0,1,1,0,1],[1,1,1,0,1,1,1,1,0,1]]"
7,446,-0.03488601734339624,0.03488601734339624,"[[1,1,0,0,0,0,1,1,0,1],[1,1,1,0,1,1,1,1,1,0]]"
7,447,-0.03474259958615829,0.03474259958615829,"[[1,1,0,0,0,0,1,1,0,1],[1,1,1,0,1,1,1,1,1,1]]"
7,448,-0.008673195948774715,0.008673195948774715,"[[1,1,0,0,0,0,1,1,1,0],[1,1,1,0,1,0,0,0,0,0]]"
7,449,-0.008584766990803839,0.008584766990803839,"[[1,1,0,0,0,0,1,1,1,0],[1,1,1,0,1,0,0,0,0,1]]"
7,450,-0.009242391839587975,0.009242391839587975,"[[1,1,0,0,0,0,1,1,1,0],[1,1,1,0,1,0,0,0,1,0]]"
7,451,-0.009191359432750802,0.009191359432750802,"[[1,1,0,0,0,0,1,1,1,0],[1,1,1,0,1,0,0,0,1,1]]"
7,452,-0.012093839499777053,0.012093839499777053,"[[1,1,0,0,0,0,1,1,1,0],[1,1,1,0,1,0,0,1,0,0]]"
7,453,-0.012046240100654084,0.012046240100654084,"[[1,1,0,0,0,0,1,1,1,0],[1,1,1,0,1,0,0,1,0,1]]"
7,454,-0.012815106663291616,0.012815106663291616,"[[1,1,0,0,0,0,1,1,1,0],[1,1,1,0,1,0,0,1,1,0]]"
7,455,-0.012767836636105758,0.012767836636105758,"[[1,1,0,0,0,0,1,1,1,0],[1,1,1,0,1,0,0,1,1,1]]"
7,456,-0.01550177399609444,0.01550177399609444,"[[1,1,0,0,0,0,1,1,1,0],[1,1,1,0,1,0,1,0,0,0]]"
7,457,-0.015397983004942002,0.015397983004942002,"[[1,1,0,0,0,0,1,1,1,0],[1,1,1,0,1,0,1,0,0,1]]"
7,458,-0.016148741598598196,0.016148741598598196,"[[1,1,0,0,0,0,1,1,1,0],[1,1,1,0,1,0,1,0,1,0]]"
7,459,-0.016071809105367374,0.016071809105367374,"[[1,1,0,0,0,0,1,1,1,0],[1,1,1,0,1,0,1,0,1,1]]"
7,460,-0.019777474762260525,0.019777474762260525,"[[1,1,0,0,0,0,1,1,1,0],[1,1,1,0,1,0,1,1,0,0]]"
7,461,-0.019706113940889582,0.019706113940889582,"[[1,1,0,0,0,0,1,1,1,0],[1,1,1,0,1,0,1,1,0,1]]"
7,462,-0.02069489631074479,0.02069489631074479,"[[1,1,0,0,0,0,1,1,1,0],[1,1,1,0,1,0,1,1,1,0]]"
7,463,-0.02061996746930649,0.02061996746930649,"[[1,1,0,0,0,0,1,1,1,0],[1,1,1,0,1,0,1,1,1,1]]"
7,464,-0.01834236463734949,0.01834236463734949,"[[1,1,0,0,0,0,1,1,1,0],[1,1,1,0,1,1,0,0,0,0]]"
7,465,-0.018166283211214898,0.018166283211214898,"[[1,1,0,0,0,0,1,1,1,0],[1,1,1,0,1,1,0,0,0,1]]"
7,466,-0.018895863292629322,0.018895863292629322,"[[1,1,0,0,0,0,1,1,1,0],[1,1,1,0,1,1,0,0,1,0]]"
7,467,-0.018775808795065588,0.018775808795065588,"[[1,1,0,0,0,0,1,1,1,0],[1,1,1,0,1,1,0,0,1,1]]"
7,468,-0.02254103844010586,0.02254103844010586,"[[1,1,0,0,0,0,1,1,1,0],[1,1,1,0,1,1,0,1,0,0]]"
7,469,-0.022442315703430627,0.022442315703430627,"[[1,1,0,0,0,0,1,1,1,0],[1,1,1,0,1,1,0,1,0,1]]"
7,470,-0.0234459134971872,0.0234459134971872,"[[1,1,0,0,0,0,1,1,1,0],[1,1,1,0,1,1,0,1,1,0]]"
7,471,-0.023348580372780585,0.023348580372780585,"[[1,1,0,0,0,0,1,1,1,0],[1,1,1,0,1,1,0,1,1,1]]"
7,472,-0.027438748618028273,0.027438748618028273,"[[1,1,0,0,0,0,1,1,1,0],[1,1,1,0,1,1,1,0,0,0]]"
7,473,-0.027257130582398936,0.027257130582398936,"[[1,1,0,0,0,0,1,1,1,0],[1,1,1,0,1,1,1,0,0,1]]"
7,474,-0.0281097042187705,0.0281097042187705,"[[1,1,0,0,0,0,1,1,1,0],[1,1,1,0,1,1,1,0,1,0]]"
7,475,-0.027966515711316538,0.027966515711316538,"[[1,1,0,0,0,0,1,1,1,0],[1,1,1,0,1,1,1,0,1,1]]"
7,476,-0.032461256124442374,0.032461256124442374,"[[1,1,0,0,0,0,1,1,1,0],[1,1,1,0,1,1,1,1,0,0]]"
7,477,-0.032339880065191465,0.032339880065191465,"[[1,1,0,0,0,0,1,1,1,0],[1,1,1,0,1,1,1,1,0,1]]"
7,478,-0.03352176038495482,0.03352176038495482,"[[1,1,0,0,0,0,1,1,1,0],[1,1,1,0,1,1,1,1,1,0]]"
7,479,-0.03340079404346422,0.03340079404346422,"[[1,1,0,0,0,0,1,1,1,0],[1,1,1,0,1,1,1,1,1,1]]"
7,480,-0.008695356999451976,0.008695356999451976,"[[1,1,0,0,0,0,1,1,1,1],[1,1,1,0,1,0,0,0,0,0]]"
7,481,-0.008599666104152887,0.008599666104152887,"[[1,1,0,0,0,0,1,1,1,1],[1,1,1,0,1,0,0,0,0,1]]"
7,482,-0.009239336908158306,0.009239336908158306,"[[1,1,0,0,0,0,1,1,1,1],[1,1,1,0,1,0,0,0,1,0]]"
7,483,-0.009199863683104933,0.009199863683104933,"[[1,1,0,0,0,0,1,1,1,1],[1,1,1,0,1,0,0,0,1,1]]"
7,484,-0.012096658038921288,0.012096658038921288,"[[1,1,0,0,0,0,1,1,1,1],[1,1,1,0,1,0,0,1,0,0]]"
7,485,-0.012043562929026592,0.012043562929026592,"[[1,1,0,0,0,0,1,1,1,1],[1,1,1,0,1,0,0,1,0,1]]"
7,486,-0.01281532803622453,0.01281532803622453,"[[1,1,0,0,0,0,1,1,1,1],[1,1,1,0,1,0,0,1,1,0]]"
7,487,-0.012778177122235976,0.012778177122235976,"[[1,1,0,0,0,0,1,1,1,1],[1,1,1,0,1,0,0,1,1,1]]"
7,488,-0.015514148425721512,0.015514148425721512,"[[1,1,0,0,0,0,1,1,1,1],[1,1,1,0,1,0,1,0,0,0]]"
7,489,-0.015399070558519325,0.015399070558519325,"[[1,1,0,0,0,0,1,1,1,1],[1,1,1,0,1,0,1,0,0,1]]"
7,490,-0.016152011290394026,0.016152011290394026,"[[1,1,0,0,0,0,1,1,1,1],[1,1,1,0,1,0,1,0,1,0]]"
7,491,-0.016073693726614154,0.016073693726614154,"[[1,1,0,0,0,0,1,1,1,1],[1,1,1,0,1,0,1,0,1,1]]"
7,492,-0.019771104118876157,0.019771104118876157,"[[1,1,0,0,0,0,1,1,1,1],[1,1,1,0,1,0,1,1,0,0]]"
7,493,-0.01969589272659439,0.01969589272659439,"[[1,1,0,0,0,0,1,1,1,1],[1,1,1,0,1,0,1,1,0,1]]"
7,494,-0.02068419020386603,0.02068419020386603,"[[1,1,0,0,0,0,1,1,1,1],[1,1,1,0,1,0,1,1,1,0]]"
7,495,-0.020607080351599572,0.020607080351599572,"[[1,1,0,0,0,0,1,1,1,1],[1,1,1,0,1,0,1,1,1,1]]"
7,496,-0.01834913558134712,0.01834913558134712,"[[1,1,0,0,0,0,1,1,1,1],[1,1,1,0,1,1,0,0,0,0]]"
7,497,-0.018148525224950512,0.018148525224950512,"[[1,1,0,0,0,0,1,1,1,1],[1,1,1,0,1,1,0,0,0,1]]"
7,498,-0.018875293625595382,0.018875293625595382,"[[1,1,0,0,0,0,1,1,1,1],[1,1,1,0,1,1,0,0,1,0]]"
7,499,-0.018744878129358794,0.018744878129358794,"[[1,1,0,0,0,0,1,1,1,1],[1,1,1,0,1,1,0,0,1,1]]"
7,500,-0.022539123111583192,0.022539123111583192,"[[1,1,0,0,0,0,1,1,1,1],[1,1,1,0,1,1,0,1,0,0]]"
7,501,-0.0224367775781755,0.0224367775781755,"[[1,1,0,0,0,0,1,1,1,1],[1,1,1,0,1,1,0,1,0,1]]"
7,502,-0.02344478318454223,0.02344478318454223,"[[1,1,0,0,0,0,1,1,1,1],[1,1,1,0,1,1,0,1,1,0]]"
7,503,-0.023342689344371923,0.023342689344371923,"[[1,1,0,0,0,0,1,1,1,1],[1,1,1,0,1,1,0,1,1,1]]"
7,504,-0.0274328249601712,0.0274328249601712,"[[1,1,0,0,0,0,1,1,1,1],[1,1,1,0,1,1,1,0,0,0]]"
7,505,-0.02723095836874404,0.02723095836874404,"[[1,1,0,0,0,0,1,1,1,1],[1,1,1,0,1,1,1,0,0,1]]"
7,506,-0.028087224546255545,0.028087224546255545,"[[1,1,0,0,0,0,1,1,1,1],[1,1,1,0,1,1,1,0,1,0]]"
7,507,-0.027939893841258306,0.027939893841258306,"[[1,1,0,0,0,0,1,1,1,1],[1,1,1,0,1,1,1,0,1,1]]"
7,508,-0.03243935761925862,0.03243935761925862,"[[1,1,0,0,0,0,1,1,1,1],[1,1,1,0,1,1,1,1,0,0]]"
7,509,-0.03230335782919454,0.03230335782919454,"[[1,1,0,0,0,0,1,1,1,1],[1,1,1,0,1,1,1,1,0,1]]"
7,510,-0.03349718742811434,0.03349718742811434,"[[1,1,0,0,0,0,1,1,1,1],[1,1,1,0,1,1,1,1,1,0]]"
7,511,-0.033361249722968,0.033361249722968,"[[1,1,0,0,0,0,1,1,1,1],[1,1,1,0,1,1,1,1,1,1]]"
7,512,-0.011276107801444784,0.011276107801444784,"[[1,1,0,0,0,1,0,0,0,0],[1,1,1,0,1,0,0,0,0,0]]"
7,513,-0.01118435114622849,0.01118435114622849,"[[1,1,0,0,0,1,0,0,0,0],[1,1,1,0,1,0,0,0,0,1]]"
7,514,-0.01153134949536182,0.01153134949536182,"[[1,1,0,0,0,1,0,0,0,0],[1,1,1,0,1,0,0,0,1,0]]"
7,515,-0.011449321495994955,0.011449321495994955,"[[1,1,0,0,0,1,0,0,0,0],[1,1,1,0,1,0,0,0,1,1]]"
7,516,-0.01391196946275331,0.01391196946275331,"[[1,1,0,0,0,1,0,0,0,0],[1,1,1,0,1,0,0,1,0,0]]"
7,517,-0.013801718576907518,0.013801718576907518,"[[1,1,0,0,0,1,0,0,0,0],[1,1,1,0,1,0,0,1,0,1]]"
7,518,-0.014192169242065077,0.014192169242065077,"[[1,1,0,0,0,1,0,0,0,0],[1,1,1,0,1,0,0,1,1,0]]"
7,519,-0.014093155330924529,0.014093155330924529,"[[1,1,0,0,0,1,0,0,0,0],[1,1,1,0,1,0,0,1,1,1]]"
7,520,-0.01753136641709642,0.01753136641709642,"[[1,1,0,0,0,1,0,0,0,0],[1,1,1,0,1,0,1,0,0,0]]"
7,521,-0.017403887346662986,0.017403887346662986,"[[1,1,0,0,0,1,0,0,0,0],[1,1,1,0,1,0,1,0,0,1]]"
7,522,-0.017842402640772026,0.017842402640772026,"[[1,1,0,0,0,1,0,0,0,0],[1,1,1,0,1,0,1,0,1,0]]"
7,523,-0.01772464378249968,0.01772464378249968,"[[1,1,0,0,0,1,0,0,0,0],[1,1,1,0,1,0,1,0,1,1]]"
7,524,-0.020741062125006805,0.020741062125006805,"[[1,1,0,0,0,1,0,0,0,0],[1,1,1,0,1,0,1,1,0,0]]"
7,525,-0.02059366142979671,0.02059366142979671,"[[1,1,0,0,0,1,0,0,0,0],[1,1,1,0,1,0,1,1,0,1]]"
7,526,-0.021042496219787633,0.021042496219787633,"[[1,1,0,0,0,1,0,0,0,0],[1,1,1,0,1,0,1,1,1,0]]"
7,527,-0.020898502647698446,0.020898502647698446,"[[1,1,0,0,0,1,0,0,0,0],[1,1,1,0,1,0,1,1,1,1]]"
7,528,-0.01762804324120971,0.01762804324120971,"[[1,1,0,0,0,1,0,0,0,0],[1,1,1,0,1,1,0,0,0,0]]"
7,529,-0.01747014325360543,0.01747014325360543,"[[1,1,0,0,0,1,0,0,0,0],[1,1,1,0,1,1,0,0,0,1]]"
7,530,-0.01782689262688792,0.01782689262688792,"[[1,1,0,0,0,1,0,0,0,0],[1,1,1,0,1,1,0,0,1,0]]"
7,531,-0.017677096667744384,0.017677096667744384,"[[1,1,0,0,0,1,0,0,0,0],[1,1,1,0,1,1,0,0,1,1]]"
7,532,-0.020672388683880157,0.020672388683880157,"[[1,1,0,0,0,1,0,0,0,0],[1,1,1,0,1,1,0,1,0,0]]"
7,533,-0.02049697181285218,0.02049697181285218,"[[1,1,0,0,0,1,0,0,0,0],[1,1,1,0,1,1,0,1,0,1]]"
7,534,-0.02084158273181267,0.02084158273181267,"[[1,1,0,0,0,1,0,0,0,0],[1,1,1,0,1,1,0,1,1,0]]"
7,535,-0.02069583426097604,0.02069583426097604,"[[1,1,0,0,0,1,0,0,0,0],[1,1,1,0,1,1,0,1,1,1]]"
7,536,-0.02520561189054197,0.02520561189054197,"[[1,1,0,0,0,1,0,0,0,0],[1,1,1,0,1,1,1,0,0,0]]"
7,537,-0.02500669822095668,0.02500669822095668,"[[1,1,0,0,0,1,0,0,0,0],[1,1,1,0,1,1,1,0,0,1]]"
7,538,-0.025441219778693798,0.025441219778693798,"[[1,1,0,0,0,1,0,0,0,0],[1,1,1,0,1,1,1,0,1,0]]"
7,539,-0.02530366995387662,0.02530366995387662,"[[1,1,0,0,0,1,0,0,0,0],[1,1,1,0,1,1,1,0,1,1]]"
7,540,-0.028887561978644685,0.028887561978644685,"[[1,1,0,0,0,1,0,0,0,0],[1,1,1,0,1,1,1,1,0,0]]"
7,541,-0.02866813582002264,0.02866813582002264,"[[1,1,0,0,0,1,0,0,0,0],[1,1,1,0,1,1,1,1,0,1]]"
7,542,-0.029123196469042125,0.029123196469042125,"[[1,1,0,0,0,1,0,0,0,0],[1,1,1,0,1,1,1,1,1,0]]"
7,543,-0.029019958319022002,0.029019958319022002,"[[1,1,0,0,0,1,0,0,0,0],[1,1,1,0,1,1,1,1,1,1]]"
7,544,-0.01133232293165501,0.01133232293165501,"[[1,1,0,0,0,1,0,0,0,1],[1,1,1,0,1,0,0,0,0,0]]"
7,545,-0.011241060681891527,0.011241060681891527,"[[1,1,0,0,0,1,0,0,0,1],[1,1,1,0,1,0,0,0,0,1]]"
7,546,-0.011590814852144058,0.011590814852144058,"[[1,1,0,0,0,1,0,0,0,1],[1,1,1,0,1,0,0,0,1,0]]"
7,547,-0.011516273120566998,0.011516273120566998,"[[1,1,0,0,0,1,0,0,0,1],[1,1,1,0,1,0,0,0,1,1]]"
7,548,-0.013970713044743238,0.013970713044743238,"[[1,1,0,0,0,1,0,0,0,1],[1,1,1,0,1,0,0,1,0,0]]"
7,549,-0.01386057068777372,0.01386057068777372,"[[1,1,0,0,0,1,0,0,0,1],[1,1,1,0,1,0,0,1,0,1]]"
7,550,-0.014252826349711468,0.014252826349711468,"[[1,1,0,0,0,1,0,0,0,1],[1,1,1,0,1,0,0,1,1,0]]"
7,551,-0.014147921576495413,0.014147921576495413,"[[1,1,0,0,0,1,0,0,0,1],[1,1,1,0,1,0,0,1,1,1]]"
7,552,-0.017596704977457783,0.017596704977457783,"[[1,1,0,0,0,1,0,0,0,1],[1,1,1,0,1,0,1,0,0,0]]"
7,553,-0.017469180054122284,0.017469180054122284,"[[1,1,0,0,0,1,0,0,0,1],[1,1,1,0,1,0,1,0,0,1]]"
7,554,-0.017910979113917584,0.017910979113917584,"[[1,1,0,0,0,1,0,0,0,1],[1,1,1,0,1,0,1,0,1,0]]"
7,555,-0.017793327127708904,0.017793327127708904,"[[1,1,0,0,0,1,0,0,0,1],[1,1,1,0,1,0,1,0,1,1]]"
7,556,-0.020807978987586392,0.020807978987586392,"[[1,1,0,0,0,1,0,0,0,1],[1,1,1,0,1,0,1,1,0,0]]"
7,557,-0.02065479426943377,0.02065479426943377,"[[1,1,0,0,0,1,0,0,0,1],[1,1,1,0,1,0,1,1,0,1]]"
7,558,-0.02110274022077135,0.02110274022077135,"[[1,1,0,0,0,1,0,0,0,1],[1,1,1,0,1,0,1,1,1,0]]"
7,559,-0.020956902558991485,0.020956902558991485,"[[1,1,0,0,0,1,0,0,0,1],[1,1,1,0,1,0,1,1,1,1]]"
7,560,-0.017678436108666037,0.017678436108666037,"[[1,1,0,0,0,1,0,0,0,1],[1,1,1,0,1,1,0,0,0,0]]"
7,561,-0.017519878910215905,0.017519878910215905,"[[1,1,0,0,0,1,0,0,0,1],[1,1,1,0,1,1,0,0,0,1]]"
7,562,-0.017879480740757594,0.017879480740757594,"[[1,1,0,0,0,1,0,0,0,1],[1,1,1,0,1,1,0,0,1,0]]"
7,563,-0.01772914321722742,0.01772914321722742,"[[1,1,0,0,0,1,0,0,0,1],[1,1,1,0,1,1,0,0,1,1]]"
7,564,-0.020723795673233812,0.020723795673233812,"[[1,1,0,0,0,1,0,0,0,1],[1,1,1,0,1,1,0,1,0,0]]"
7,565,-0.020546298201226797,0.020546298201226797,"[[1,1,0,0,0,1,0,0,0,1],[1,1,1,0,1,1,0,1,0,1]]"
7,566,-0.0208970146237869,0.0208970146237869,"[[1,1,0,0,0,1,0,0,0,1],[1,1,1,0,1,1,0,1,1,0]]"
7,567,-0.020739223733557664,0.020739223733557664,"[[1,1,0,0,0,1,0,0,0,1],[1,1,1,0,1,1,0,1,1,1]]"
7,568,-0.025260279951674534,0.025260279951674534,"[[1,1,0,0,0,1,0,0,0,1],[1,1,1,0,1,1,1,0,0,0]]"
7,569,-0.02505899694308454,0.02505899694308454,"[[1,1,0,0,0,1,0,0,0,1],[1,1,1,0,1,1,1,0,0,1]]"
7,570,-0.02549804818701692,0.02549804818701692,"[[1,1,0,0,0,1,0,0,0,1],[1,1,1,0,1,1,1,0,1,0]]"
7,571,-0.02534616075865627,0.02534616075865627,"[[1,1,0,0,0,1,0,0,0,1],[1,1,1,0,1,1,1,0,1,1]]"
7,572,-0.028942223283706613,0.028942223283706613,"[[1,1,0,0,0,1,0,0,0,1],[1,1,1,0,1,1,1,1,0,0]]"
7,573,-0.028718730789005876,0.028718730789005876,"[[1,1,0,0,0,1,0,0,0,1],[1,1,1,0,1,1,1,1,0,1]]"
7,574,-0.029168707745308317,0.029168707745308317,"[[1,1,0,0,0,1,0,0,0,1],[1,1,1,0,1,1,1,1,1,0]]"
7,575,-0.029062638978942408,0.029062638978942408,"[[1,1,0,0,0,1,0,0,0,1],[1,1,1,0,1,1,1,1,1,1]]"
7,576,-0.010556645321570473,0.010556645321570473,"[[1,1,0,0,0,1,0,0,1,0],[1,1,1,0,1,0,0,0,0,0]]"
7,577,-0.010489620215841591,0.010489620215841591,"[[1,1,0,0,0,1,0,0,1,0],[1,1,1,0,1,0,0,0,0,1]]"
7,578,-0.010950655078200353,0.010950655078200353,"[[1,1,0,0,0,1,0,0,1,0],[1,1,1,0,1,0,0,0,1,0]]"
7,579,-0.010901293699373616,0.010901293699373616,"[[1,1,0,0,0,1,0,0,1,0],[1,1,1,0,1,0,0,0,1,1]]"
7,580,-0.01308154937894467,0.01308154937894467,"[[1,1,0,0,0,1,0,0,1,0],[1,1,1,0,1,0,0,1,0,0]]"
7,581,-0.012992393764124966,0.012992393764124966,"[[1,1,0,0,0,1,0,0,1,0],[1,1,1,0,1,0,0,1,0,1]]"
7,582,-0.013520341119663746,0.013520341119663746,"[[1,1,0,0,0,1,0,0,1,0],[1,1,1,0,1,0,0,1,1,0]]"
7,583,-0.013460690022314658,0.013460690022314658,"[[1,1,0,0,0,1,0,0,1,0],[1,1,1,0,1,0,0,1,1,1]]"
7,584,-0.01658742383673857,0.01658742383673857,"[[1,1,0,0,0,1,0,0,1,0],[1,1,1,0,1,0,1,0,0,0]]"
7,585,-0.01647321368793482,0.01647321368793482,"[[1,1,0,0,0,1,0,0,1,0],[1,1,1,0,1,0,1,0,0,1]]"
7,586,-0.0170628810708885,0.0170628810708885,"[[1,1,0,0,0,1,0,0,1,0],[1,1,1,0,1,0,1,0,1,0]]"
7,587,-0.016952694665026476,0.016952694665026476,"[[1,1,0,0,0,1,0,0,1,0],[1,1,1,0,1,0,1,0,1,1]]"
7,588,-0.01966865102021997,0.01966865102021997,"[[1,1,0,0,0,1,0,0,1,0],[1,1,1,0,1,0,1,1,0,0]]"
7,589,-0.01954006104343605,0.01954006104343605,"[[1,1,0,0,0,1,0,0,1,0],[1,1,1,0,1,0,1,1,0,1]]"
7,590,-0.020134006071912333,0.020134006071912333,"[[1,1,0,0,0,1,0,0,1,0],[1,1,1,0,1,0,1,1,1,0]]"
7,591,-0.0200280618369559,0.0200280618369559,"[[1,1,0,0,0,1,0,0,1,0],[1,1,1,0,1,0,1,1,1,1]]"
7,592,-0.016628747025993915,0.016628747025993915,"[[1,1,0,0,0,1,0,0,1,0],[1,1,1,0,1,1,0,0,0,0]]"
7,593,-0.016484791270881215,0.016484791270881215,"[[1,1,0,0,0,1,0,0,1,0],[1,1,1,0,1,1,0,0,0,1]]"
7,594,-0.01696233553845857,0.01696233553845857,"[[1,1,0,0,0,1,0,0,1,0],[1,1,1,0,1,1,0,0,1,0]]"
7,595,-0.016864364257848707,0.016864364257848707,"[[1,1,0,0,0,1,0,0,1,0],[1,1,1,0,1,1,0,0,1,1]]"
7,596,-0.019471154596729462,0.019471154596729462,"[[1,1,0,0,0,1,0,0,1,0],[1,1,1,0,1,1,0,1,0,0]]"
7,597,-0.0193210561489025,0.0193210561489025,"[[1,1,0,0,0,1,0,0,1,0],[1,1,1,0,1,1,0,1,0,1]]"
7,598,-0.019852491413653677,0.019852491413653677,"[[1,1,0,0,0,1,0,0,1,0],[1,1,1,0,1,1,0,1,1,0]]"
7,599,-0.01974846952407408,0.01974846952407408,"[[1,1,0,0,0,1,0,0,1,0],[1,1,1,0,1,1,0,1,1,1]]"
7,600,-0.02398168858319437,0.02398168858319437,"[[1,1,0,0,0,1,0,0,1,0],[1,1,1,0,1,1,1,0,0,0]]"
7,601,-0.023795880550791244,0.023795880550791244,"[[1,1,0,0,0,1,0,0,1,0],[1,1,1,0,1,1,1,0,0,1]]"
7,602,-0.024372116741469097,0.024372116741469097,"[[1,1,0,0,0,1,0,0,1,0],[1,1,1,0,1,1,1,0,1,0]]"
7,603,-0.024270632272371057,0.024270632272371057,"[[1,1,0,0,0,1,0,0,1,0],[1,1,1,0,1,1,1,0,1,1]]"
7,604,-0.027402881117079385,0.027402881117079385,"[[1,1,0,0,0,1,0,0,1,0],[1,1,1,0,1,1,1,1,0,0]]"
7,605,-0.02723468090866894,0.02723468090866894,"[[1,1,0,0,0,1,0,0,1,0],[1,1,1,0,1,1,1,1,0,1]]"
7,606,-0.027902167017700742,0.027902167017700742,"[[1,1,0,0,0,1,0,0,1,0],[1,1,1,0,1,1,1,1,1,0]]"
7,607,-0.027812660850215266,0.027812660850215266,"[[1,1,0,0,0,1,0,0,1,0],[1,1,1,0,1,1,1,1,1,1]]"
7,608,-0.01061374399548514,0.01061374399548514,"[[1,1,0,0,0,1,0,0,1,1],[1,1,1,0,1,0,0,0,0,0]]"
7,609,-0.010556171474278852,0.010556171474278852,"[[1,1,0,0,0,1,0,0,1,1],[1,1,1,0,1,0,0,0,0,1]]"
7,610,-0.011018227689485604,0.011018227689485604,"[[1,1,0,0,0,1,0,0,1,1],[1,1,1,0,1,0,0,0,1,0]]"
7,611,-0.010968618630911316,0.010968618630911316,"[[1,1,0,0,0,1,0,0,1,1],[1,1,1,0,1,0,0,0,1,1]]"
7,612,-0.013144737625068667,0.013144737625068667,"[[1,1,0,0,0,1,0,0,1,1],[1,1,1,0,1,0,0,1,0,0]]"
7,613,-0.013056238628808756,0.013056238628808756,"[[1,1,0,0,0,1,0,0,1,1],[1,1,1,0,1,0,0,1,0,1]]"
7,614,-0.013588254891148142,0.013588254891148142,"[[1,1,0,0,0,1,0,0,1,1],[1,1,1,0,1,0,0,1,1,0]]"
7,615,-0.013527402067872878,0.013527402067872878,"[[1,1,0,0,0,1,0,0,1,1],[1,1,1,0,1,0,0,1,1,1]]"
7,616,-0.016653641590107758,0.016653641590107758,"[[1,1,0,0,0,1,0,0,1,1],[1,1,1,0,1,0,1,0,0,0]]"
7,617,-0.016539752938981803,0.016539752938981803,"[[1,1,0,0,0,1,0,0,1,1],[1,1,1,0,1,0,1,0,0,1]]"
7,618,-0.017131304853878954,0.017131304853878954,"[[1,1,0,0,0,1,0,0,1,1],[1,1,1,0,1,0,1,0,1,0]]"
7,619,-0.01702088548182206,0.01702088548182206,"[[1,1,0,0,0,1,0,0,1,1],[1,1,1,0,1,0,1,0,1,1]]"
7,620,-0.019738532462335808,0.019738532462335808,"[[1,1,0,0,0,1,0,0,1,1],[1,1,1,0,1,0,1,1,0,0]]"
7,621,-0.019602814893314315,0.019602814893314315,"[[1,1,0,0,0,1,0,0,1,1],[1,1,1,0,1,0,1,1,0,1]]"
7,622,-0.020197302564295014,0.020197302564295014,"[[1,1,0,0,0,1,0,0,1,1],[1,1,1,0,1,0,1,1,1,0]]"
7,623,-0.020083004416396162,0.020083004416396162,"[[1,1,0,0,0,1,0,0,1,1],[1,1,1,0,1,0,1,1,1,1]]"
7,624,-0.01668023838554273,0.01668023838554273,"[[1,1,0,0,0,1,0,0,1,1],[1,1,1,0,1,1,0,0,0,0]]"
7,625,-0.016535945452516042,0.016535945452516042,"[[1,1,0,0,0,1,0,0,1,1],[1,1,1,0,1,1,0,0,0,1]]"
7,626,-0.017026588284293417,0.017026588284293417,"[[1,1,0,0,0,1,0,0,1,1],[1,1,1,0,1,1,0,0,1,0]]"
7,627,-0.01693295362838253,0.01693295362838253,"[[1,1,0,0,0,1,0,0,1,1],[1,1,1,0,1,1,0,0,1,1]]"
7,628,-0.01952841191031615,0.01952841191031615,"[[1,1,0,0,0,1,0,0,1,1],[1,1,1,0,1,1,0,1,0,0]]"
7,629,-0.0193764549169997,0.0193764549169997,"[[1,1,0,0,0,1,0,0,1,1],[1,1,1,0,1,1,0,1,0,1]]"
7,630,-0.019912241643029818,0.019912241643029818,"[[1,1,0,0,0,1,0,0,1,1],[1,1,1,0,1,1,0,1,1,0]]"
7,631,-0.019813308044027467,0.019813308044027467,"[[1,1,0,0,0,1,0,0,1,1],[1,1,1,0,1,1,0,1,1,1]]"
7,632,-0.024037052079727776,0.024037052079727776,"[[1,1,0,0,0,1,0,0,1,1],[1,1,1,0,1,1,1,0,0,0]]"
7,633,-0.02384924429608646,0.02384924429608646,"[[1,1,0,0,0,1,0,0,1,1],[1,1,1,0,1,1,1,0,0,1]]"
7,634,-0.024429451490366346,0.024429451490366346,"[[1,1,0,0,0,1,0,0,1,1],[1,1,1,0,1,1,1,0,1,0]]"
7,635,-0.02431458591285395,0.02431458591285395,"[[1,1,0,0,0,1,0,0,1,1],[1,1,1,0,1,1,1,0,1,1]]"
7,636,-0.02746257874553205,0.02746257874553205,"[[1,1,0,0,0,1,0,0,1,1],[1,1,1,0,1,1,1,1,0,0]]"
7,637,-0.02727988496753854,0.02727988496753854,"[[1,1,0,0,0,1,0,0,1,1],[1,1,1,0,1,1,1,1,0,1]]"
7,638,-0.0279525628654222,0.0279525628654222,"[[1,1,0,0,0,1,0,0,1,1],[1,1,1,0,1,1,1,1,1,0]]"
7,639,-0.02786035628394276,0.02786035628394276,"[[1,1,0,0,0,1,0,0,1,1],[1,1,1,0,1,1,1,1,1,1]]"
7,640,-0.008189165099590966,0.008189165099590966,"[[1,1,0,0,0,1,0,1,0,0],[1,1,1,0,1,0,0,0,0,0]]"
7,641,-0.00812703838984224,0.00812703838984224,"[[1,1,0,0,0,1,0,1,0,0],[1,1,1,0,1,0,0,0,0,1]]"
7,642,-0.008516729493908514,0.008516729493908514,"[[1,1,0,0,0,1,0,1,0,0],[1,1,1,0,1,0,0,0,1,0]]"
7,643,-0.008468764085318808,0.008468764085318808,"[[1,1,0,0,0,1,0,1,0,0],[1,1,1,0,1,0,0,0,1,1]]"
7,644,-0.010708734263309497,0.010708734263309497,"[[1,1,0,0,0,1,0,1,0,0],[1,1,1,0,1,0,0,1,0,0]]"
7,645,-0.01064147209610994,0.01064147209610994,"[[1,1,0,0,0,1,0,1,0,0],[1,1,1,0,1,0,0,1,0,1]]"
7,646,-0.010989118435093578,0.010989118435093578,"[[1,1,0,0,0,1,0,1,0,0],[1,1,1,0,1,0,0,1,1,0]]"
7,647,-0.010942190446808199,0.010942190446808199,"[[1,1,0,0,0,1,0,1,0,0],[1,1,1,0,1,0,0,1,1,1]]"
7,648,-0.0136265565427726,0.0136265565427726,"[[1,1,0,0,0,1,0,1,0,0],[1,1,1,0,1,0,1,0,0,0]]"
7,649,-0.013512907624258214,0.013512907624258214,"[[1,1,0,0,0,1,0,1,0,0],[1,1,1,0,1,0,1,0,0,1]]"
7,650,-0.013951240994700471,0.013951240994700471,"[[1,1,0,0,0,1,0,1,0,0],[1,1,1,0,1,0,1,0,1,0]]"
7,651,-0.013848701230210292,0.013848701230210292,"[[1,1,0,0,0,1,0,1,0,0],[1,1,1,0,1,0,1,0,1,1]]"
7,652,-0.016701982709894606,0.016701982709894606,"[[1,1,0,0,0,1,0,1,0,0],[1,1,1,0,1,0,1,1,0,0]]"
7,653,-0.016586535874101093,0.016586535874101093,"[[1,1,0,0,0,1,0,1,0,0],[1,1,1,0,1,0,1,1,0,1]]"
7,654,-0.016995864949151746,0.016995864949151746,"[[1,1,0,0,0,1,0,1,0,0],[1,1,1,0,1,0,1,1,1,0]]"
7,655,-0.016882882178541996,0.016882882178541996,"[[1,1,0,0,0,1,0,1,0,0],[1,1,1,0,1,0,1,1,1,1]]"
7,656,-0.013941278975458257,0.013941278975458257,"[[1,1,0,0,0,1,0,1,0,0],[1,1,1,0,1,1,0,0,0,0]]"
7,657,-0.0138087344035157,0.0138087344035157,"[[1,1,0,0,0,1,0,1,0,0],[1,1,1,0,1,1,0,0,0,1]]"
7,658,-0.01415883320378367,0.01415883320378367,"[[1,1,0,0,0,1,0,1,0,0],[1,1,1,0,1,1,0,0,1,0]]"
7,659,-0.01407076287018123,0.01407076287018123,"[[1,1,0,0,0,1,0,1,0,0],[1,1,1,0,1,1,0,0,1,1]]"
7,660,-0.016638375152715087,0.016638375152715087,"[[1,1,0,0,0,1,0,1,0,0],[1,1,1,0,1,1,0,1,0,0]]"
7,661,-0.016491409470981613,0.016491409470981613,"[[1,1,0,0,0,1,0,1,0,0],[1,1,1,0,1,1,0,1,0,1]]"
7,662,-0.016816173752997196,0.016816173752997196,"[[1,1,0,0,0,1,0,1,0,0],[1,1,1,0,1,1,0,1,1,0]]"
7,663,-0.016717862758896362,0.016717862758896362,"[[1,1,0,0,0,1,0,1,0,0],[1,1,1,0,1,1,0,1,1,1]]"
7,664,-0.020729874274638394,0.020729874274638394,"[[1,1,0,0,0,1,0,1,0,0],[1,1,1,0,1,1,1,0,0,0]]"
7,665,-0.02055565369206212,0.02055565369206212,"[[1,1,0,0,0,1,0,1,0,0],[1,1,1,0,1,1,1,0,0,1]]"
7,666,-0.020981304162840175,0.020981304162840175,"[[1,1,0,0,0,1,0,1,0,0],[1,1,1,0,1,1,1,0,1,0]]"
7,667,-0.020810577433452958,0.020810577433452958,"[[1,1,0,0,0,1,0,1,0,0],[1,1,1,0,1,1,1,0,1,1]]"
7,668,-0.023990740994198845,0.023990740994198845,"[[1,1,0,0,0,1,0,1,0,0],[1,1,1,0,1,1,1,1,0,0]]"
7,669,-0.023800973635637362,0.023800973635637362,"[[1,1,0,0,0,1,0,1,0,0],[1,1,1,0,1,1,1,1,0,1]]"
7,670,-0.024214723487391055,0.024214723487391055,"[[1,1,0,0,0,1,0,1,0,0],[1,1,1,0,1,1,1,1,1,0]]"
7,671,-0.02409914903147178,0.02409914903147178,"[[1,1,0,0,0,1,0,1,0,0],[1,1,1,0,1,1,1,1,1,1]]"
7,672,-0.00823980382761235,0.00823980382761235,"[[1,1,0,0,0,1,0,1,0,1],[1,1,1,0,1,0,0,0,0,0]]"
7,673,-0.008184204556606019,0.008184204556606019,"[[1,1,0,0,0,1,0,1,0,1],[1,1,1,0,1,0,0,0,0,1]]"
7,674,-0.00857768442051243,0.00857768442051243,"[[1,1,0,0,0,1,0,1,0,1],[1,1,1,0,1,0,0,0,1,0]]"
7,675,-0.00852930478545741,0.00852930478545741,"[[1,1,0,0,0,1,0,1,0,1],[1,1,1,0,1,0,0,0,1,1]]"
7,676,-0.010767370532786062,0.010767370532786062,"[[1,1,0,0,0,1,0,1,0,1],[1,1,1,0,1,0,0,1,0,0]]"
7,677,-0.01070939772039447,0.01070939772039447,"[[1,1,0,0,0,1,0,1,0,1],[1,1,1,0,1,0,0,1,0,1]]"
7,678,-0.011059497856670127,0.011059497856670127,"[[1,1,0,0,0,1,0,1,0,1],[1,1,1,0,1,0,0,1,1,0]]"
7,679,-0.011010288233222443,0.011010288233222443,"[[1,1,0,0,0,1,0,1,0,1],[1,1,1,0,1,0,0,1,1,1]]"
7,680,-0.013684929131371116,0.013684929131371116,"[[1,1,0,0,0,1,0,1,0,1],[1,1,1,0,1,0,1,0,0,0]]"
7,681,-0.013571364794249967,0.013571364794249967,"[[1,1,0,0,0,1,0,1,0,1],[1,1,1,0,1,0,1,0,0,1]]"
7,682,-0.014013778495998084,0.014013778495998084,"[[1,1,0,0,0,1,0,1,0,1],[1,1,1,0,1,0,1,0,1,0]]"
7,683,-0.013911515236785361,0.013911515236785361,"[[1,1,0,0,0,1,0,1,0,1],[1,1,1,0,1,0,1,0,1,1]]"
7,684,-0.016768792022463622,0.016768792022463622,"[[1,1,0,0,0,1,0,1,0,1],[1,1,1,0,1,0,1,1,0,0]]"
7,685,-0.01665355223328853,0.01665355223328853,"[[1,1,0,0,0,1,0,1,0,1],[1,1,1,0,1,0,1,1,0,1]]"
7,686,-0.017056271671957005,0.017056271671957005,"[[1,1,0,0,0,1,0,1,0,1],[1,1,1,0,1,0,1,1,1,0]]"
7,687,-0.016943379919875132,0.016943379919875132,"[[1,1,0,0,0,1,0,1,0,1],[1,1,1,0,1,0,1,1,1,1]]"
7,688,-0.013995007876011281,0.013995007876011281,"[[1,1,0,0,0,1,0,1,0,1],[1,1,1,0,1,1,0,0,0,0]]"
7,689,-0.013871721589347172,0.013871721589347172,"[[1,1,0,0,0,1,0,1,0,1],[1,1,1,0,1,1,0,0,0,1]]"
7,690,-0.014224068949750628,0.014224068949750628,"[[1,1,0,0,0,1,0,1,0,1],[1,1,1,0,1,1,0,0,1,0]]"
7,691,-0.014133033292476789,0.014133033292476789,"[[1,1,0,0,0,1,0,1,0,1],[1,1,1,0,1,1,0,0,1,1]]"
7,692,-0.016688372745697348,0.016688372745697348,"[[1,1,0,0,0,1,0,1,0,1],[1,1,1,0,1,1,0,1,0,0]]"
7,693,-0.01653991662938211,0.01653991662938211,"[[1,1,0,0,0,1,0,1,0,1],[1,1,1,0,1,1,0,1,0,1]]"
7,694,-0.016879609680564317,0.016879609680564317,"[[1,1,0,0,0,1,0,1,0,1],[1,1,1,0,1,1,0,1,1,0]]"
7,695,-0.016785340699149155,0.016785340699149155,"[[1,1,0,0,0,1,0,1,0,1],[1,1,1,0,1,1,0,1,1,1]]"
7,696,-0.020789143851745434,0.020789143851745434,"[[1,1,0,0,0,1,0,1,0,1],[1,1,1,0,1,1,1,0,0,0]]"
7,697,-0.020613097171391353,0.020613097171391353,"[[1,1,0,0,0,1,0,1,0,1],[1,1,1,0,1,1,1,0,0,1]]"
7,698,-0.021035374866594438,0.021035374866594438,"[[1,1,0,0,0,1,0,1,0,1],[1,1,1,0,1,1,1,0,1,0]]"
7,699,-0.020862714391564265,0.020862714391564265,"[[1,1,0,0,0,1,0,1,0,1],[1,1,1,0,1,1,1,0,1,1]]"
7,700,-0.024045017122908786,0.024045017122908786,"[[1,1,0,0,0,1,0,1,0,1],[1,1,1,0,1,1,1,1,0,0]]"
7,701,-0.02385302734822171,0.02385302734822171,"[[1,1,0,0,0,1,0,1,0,1],[1,1,1,0,1,1,1,1,0,1]]"
7,702,-0.024271523495419514,0.024271523495419514,"[[1,1,0,0,0,1,0,1,0,1],[1,1,1,0,1,1,1,1,1,0]]"
7,703,-0.024142235787844232,0.024142235787844232,"[[1,1,0,0,0,1,0,1,0,1],[1,1,1,0,1,1,1,1,1,1]]"
7,704,-0.007682036672812326,0.007682036672812326,"[[1,1,0,0,0,1,0,1,1,0],[1,1,1,0,1,0,0,0,0,0]]"
7,705,-0.007631358424640362,0.007631358424640362,"[[1,1,0,0,0,1,0,1,1,0],[1,1,1,0,1,0,0,0,0,1]]"
7,706,-0.008153791242427225,0.008153791242427225,"[[1,1,0,0,0,1,0,1,1,0],[1,1,1,0,1,0,0,0,1,0]]"
7,707,-0.008105288891046466,0.008105288891046466,"[[1,1,0,0,0,1,0,1,1,0],[1,1,1,0,1,0,0,0,1,1]]"
7,708,-0.01009578455343421,0.01009578455343421,"[[1,1,0,0,0,1,0,1,1,0],[1,1,1,0,1,0,0,1,0,0]]"
7,709,-0.010049114556507784,0.010049114556507784,"[[1,1,0,0,0,1,0,1,1,0],[1,1,1,0,1,0,0,1,0,1]]"
7,710,-0.010578062746078372,0.010578062746078372,"[[1,1,0,0,0,1,0,1,1,0],[1,1,1,0,1,0,0,1,1,0]]"
7,711,-0.010535033628167345,0.010535033628167345,"[[1,1,0,0,0,1,0,1,1,0],[1,1,1,0,1,0,0,1,1,1]]"
7,712,-0.012826109595215187,0.012826109595215187,"[[1,1,0,0,0,1,0,1,1,0],[1,1,1,0,1,0,1,0,0,0]]"
7,713,-0.012726020673163162,0.012726020673163162,"[[1,1,0,0,0,1,0,1,1,0],[1,1,1,0,1,0,1,0,0,1]]"
7,714,-0.013270065966077596,0.013270065966077596,"[[1,1,0,0,0,1,0,1,1,0],[1,1,1,0,1,0,1,0,1,0]]"
7,715,-0.01317738765996807,0.01317738765996807,"[[1,1,0,0,0,1,0,1,1,0],[1,1,1,0,1,0,1,0,1,1]]"
7,716,-0.01580317011681863,0.01580317011681863,"[[1,1,0,0,0,1,0,1,1,0],[1,1,1,0,1,0,1,1,0,0]]"
7,717,-0.015701354884737163,0.015701354884737163,"[[1,1,0,0,0,1,0,1,1,0],[1,1,1,0,1,0,1,1,0,1]]"
7,718,-0.01624767391539054,0.01624767391539054,"[[1,1,0,0,0,1,0,1,1,0],[1,1,1,0,1,0,1,1,1,0]]"
7,719,-0.0161491051158052,0.0161491051158052,"[[1,1,0,0,0,1,0,1,1,0],[1,1,1,0,1,0,1,1,1,1]]"
7,720,-0.013112066550910899,0.013112066550910899,"[[1,1,0,0,0,1,0,1,1,0],[1,1,1,0,1,1,0,0,0,0]]"
7,721,-0.013028347060397792,0.013028347060397792,"[[1,1,0,0,0,1,0,1,1,0],[1,1,1,0,1,1,0,0,0,1]]"
7,722,-0.013626940366104543,0.013626940366104543,"[[1,1,0,0,0,1,0,1,1,0],[1,1,1,0,1,1,0,0,1,0]]"
7,723,-0.013539093249497102,0.013539093249497102,"[[1,1,0,0,0,1,0,1,1,0],[1,1,1,0,1,1,0,0,1,1]]"
7,724,-0.015649674145363602,0.015649674145363602,"[[1,1,0,0,0,1,0,1,1,0],[1,1,1,0,1,1,0,1,0,0]]"
7,725,-0.015561913124215144,0.015561913124215144,"[[1,1,0,0,0,1,0,1,1,0],[1,1,1,0,1,1,0,1,0,1]]"
7,726,-0.016128491121174777,0.016128491121174777,"[[1,1,0,0,0,1,0,1,1,0],[1,1,1,0,1,1,0,1,1,0]]"
7,727,-0.016044298945411872,0.016044298945411872,"[[1,1,0,0,0,1,0,1,1,0],[1,1,1,0,1,1,0,1,1,1]]"
7,728,-0.01964256115129234,0.01964256115129234,"[[1,1,0,0,0,1,0,1,1,0],[1,1,1,0,1,1,1,0,0,0]]"
7,729,-0.01948160931750116,0.01948160931750116,"[[1,1,0,0,0,1,0,1,1,0],[1,1,1,0,1,1,1,0,0,1]]"
7,730,-0.020073040113671888,0.020073040113671888,"[[1,1,0,0,0,1,0,1,1,0],[1,1,1,0,1,1,1,0,1,0]]"
7,731,-0.019912057185014986,0.019912057185014986,"[[1,1,0,0,0,1,0,1,1,0],[1,1,1,0,1,1,1,0,1,1]]"
7,732,-0.022730468375176192,0.022730468375176192,"[[1,1,0,0,0,1,0,1,1,0],[1,1,1,0,1,1,1,1,0,0]]"
7,733,-0.02256072169950854,0.02256072169950854,"[[1,1,0,0,0,1,0,1,1,0],[1,1,1,0,1,1,1,1,0,1]]"
7,734,-0.023125466710958175,0.023125466710958175,"[[1,1,0,0,0,1,0,1,1,0],[1,1,1,0,1,1,1,1,1,0]]"
7,735,-0.02304807375945507,0.02304807375945507,"[[1,1,0,0,0,1,0,1,1,0],[1,1,1,0,1,1,1,1,1,1]]"
7,736,-0.007737860471804137,0.007737860471804137,"[[1,1,0,0,0,1,0,1,1,1],[1,1,1,0,1,0,0,0,0,0]]"
7,737,-0.007686863250608876,0.007686863250608876,"[[1,1,0,0,0,1,0,1,1,1],[1,1,1,0,1,0,0,0,0,1]]"
7,738,-0.008210644881347262,0.008210644881347262,"[[1,1,0,0,0,1,0,1,1,1],[1,1,1,0,1,0,0,0,1,0]]"
7,739,-0.0081618751318363,0.0081618751318363,"[[1,1,0,0,0,1,0,1,1,1],[1,1,1,0,1,0,0,0,1,1]]"
7,740,-0.010162989074912145,0.010162989074912145,"[[1,1,0,0,0,1,0,1,1,1],[1,1,1,0,1,0,0,1,0,0]]"
7,741,-0.010116287613416075,0.010116287613416075,"[[1,1,0,0,0,1,0,1,1,1],[1,1,1,0,1,0,0,1,0,1]]"
7,742,-0.010646588891738761,0.010646588891738761,"[[1,1,0,0,0,1,0,1,1,1],[1,1,1,0,1,0,0,1,1,0]]"
7,743,-0.010599873624904858,0.010599873624904858,"[[1,1,0,0,0,1,0,1,1,1],[1,1,1,0,1,0,0,1,1,1]]"
7,744,-0.01288555566592398,0.01288555566592398,"[[1,1,0,0,0,1,0,1,1,1],[1,1,1,0,1,0,1,0,0,0]]"
7,745,-0.012785919203132323,0.012785919203132323,"[[1,1,0,0,0,1,0,1,1,1],[1,1,1,0,1,0,1,0,0,1]]"
7,746,-0.013331789619227773,0.013331789619227773,"[[1,1,0,0,0,1,0,1,1,1],[1,1,1,0,1,0,1,0,1,0]]"
7,747,-0.013239707204615965,0.013239707204615965,"[[1,1,0,0,0,1,0,1,1,1],[1,1,1,0,1,0,1,0,1,1]]"
7,748,-0.015871017999161883,0.015871017999161883,"[[1,1,0,0,0,1,0,1,1,1],[1,1,1,0,1,0,1,1,0,0]]"
7,749,-0.015769306850121508,0.015769306850121508,"[[1,1,0,0,0,1,0,1,1,1],[1,1,1,0,1,0,1,1,0,1]]"
7,750,-0.016309082270426687,0.016309082270426687,"[[1,1,0,0,0,1,0,1,1,1],[1,1,1,0,1,0,1,1,1,0]]"
7,751,-0.01621103079301588,0.01621103079301588,"[[1,1,0,0,0,1,0,1,1,1],[1,1,1,0,1,0,1,1,1,1]]"
7,752,-0.013180267206114564,0.013180267206114564,"[[1,1,0,0,0,1,0,1,1,1],[1,1,1,0,1,1,0,0,0,0]]"
7,753,-0.013094611704808176,0.013094611704808176,"[[1,1,0,0,0,1,0,1,1,1],[1,1,1,0,1,1,0,0,0,1]]"
7,754,-0.013687965650100336,0.013687965650100336,"[[1,1,0,0,0,1,0,1,1,1],[1,1,1,0,1,1,0,0,1,0]]"
7,755,-0.013597997883816517,0.013597997883816517,"[[1,1,0,0,0,1,0,1,1,1],[1,1,1,0,1,1,0,0,1,1]]"
7,756,-0.015718244652855342,0.015718244652855342,"[[1,1,0,0,0,1,0,1,1,1],[1,1,1,0,1,1,0,1,0,0]]"
7,757,-0.015628458687687866,0.015628458687687866,"[[1,1,0,0,0,1,0,1,1,1],[1,1,1,0,1,1,0,1,0,1]]"
7,758,-0.01619788545462951,0.01619788545462951,"[[1,1,0,0,0,1,0,1,1,1],[1,1,1,0,1,1,0,1,1,0]]"
7,759,-0.016111552177962243,0.016111552177962243,"[[1,1,0,0,0,1,0,1,1,1],[1,1,1,0,1,1,0,1,1,1]]"
7,760,-0.019702709770248288,0.019702709770248288,"[[1,1,0,0,0,1,0,1,1,1],[1,1,1,0,1,1,1,0,0,0]]"
7,761,-0.019540296369713942,0.019540296369713942,"[[1,1,0,0,0,1,0,1,1,1],[1,1,1,0,1,1,1,0,0,1]]"
7,762,-0.020126161750076393,0.020126161750076393,"[[1,1,0,0,0,1,0,1,1,1],[1,1,1,0,1,1,1,0,1,0]]"
7,763,-0.019963555143887923,0.019963555143887923,"[[1,1,0,0,0,1,0,1,1,1],[1,1,1,0,1,1,1,0,1,1]]"
7,764,-0.022788325780317652,0.022788325780317652,"[[1,1,0,0,0,1,0,1,1,1],[1,1,1,0,1,1,1,1,0,0]]"
7,765,-0.022616888089983734,0.022616888089983734,"[[1,1,0,0,0,1,0,1,1,1],[1,1,1,0,1,1,1,1,0,1]]"
7,766,-0.023185622494838434,0.023185622494838434,"[[1,1,0,0,0,1,0,1,1,1],[1,1,1,0,1,1,1,1,1,0]]"
7,767,-0.02309598968766473,0.02309598968766473,"[[1,1,0,0,0,1,0,1,1,1],[1,1,1,0,1,1,1,1,1,1]]"
7,768,-0.005855341434797256,0.005855341434797256,"[[1,1,0,0,0,1,1,0,0,0],[1,1,1,0,1,0,0,0,0,0]]"
7,769,-0.005769095365145395,0.005769095365145395,"[[1,1,0,0,0,1,1,0,0,0],[1,1,1,0,1,0,0,0,0,1]]"
7,770,-0.006168872375593293,0.006168872375593293,"[[1,1,0,0,0,1,1,0,0,0],[1,1,1,0,1,0,0,0,1,0]]"
7,771,-0.006096424380488486,0.006096424380488486,"[[1,1,0,0,0,1,1,0,0,0],[1,1,1,0,1,0,0,0,1,1]]"
7,772,-0.008156718988002836,0.008156718988002836,"[[1,1,0,0,0,1,1,0,0,0],[1,1,1,0,1,0,0,1,0,0]]"
7,773,-0.00805999741033227,0.00805999741033227,"[[1,1,0,0,0,1,1,0,0,0],[1,1,1,0,1,0,0,1,0,1]]"
7,774,-0.008375609822138488,0.008375609822138488,"[[1,1,0,0,0,1,1,0,0,0],[1,1,1,0,1,0,0,1,1,0]]"
7,775,-0.00829437548878619,0.00829437548878619,"[[1,1,0,0,0,1,1,0,0,0],[1,1,1,0,1,0,0,1,1,1]]"
7,776,-0.010689369058804566,0.010689369058804566,"[[1,1,0,0,0,1,1,0,0,0],[1,1,1,0,1,0,1,0,0,0]]"
7,777,-0.010601476192442023,0.010601476192442023,"[[1,1,0,0,0,1,1,0,0,0],[1,1,1,0,1,0,1,0,0,1]]"
7,778,-0.01106518308310898,0.01106518308310898,"[[1,1,0,0,0,1,1,0,0,0],[1,1,1,0,1,0,1,0,1,0]]"
7,779,-0.010982003182012095,0.010982003182012095,"[[1,1,0,0,0,1,1,0,0,0],[1,1,1,0,1,0,1,0,1,1]]"
7,780,-0.013656035488783453,0.013656035488783453,"[[1,1,0,0,0,1,1,0,0,0],[1,1,1,0,1,0,1,1,0,0]]"
7,781,-0.013549805480970954,0.013549805480970954,"[[1,1,0,0,0,1,1,0,0,0],[1,1,1,0,1,0,1,1,0,1]]"
7,782,-0.013947379704431584,0.013947379704431584,"[[1,1,0,0,0,1,1,0,0,0],[1,1,1,0,1,0,1,1,1,0]]"
7,783,-0.013858704897898555,0.013858704897898555,"[[1,1,0,0,0,1,1,0,0,0],[1,1,1,0,1,0,1,1,1,1]]"
7,784,-0.011185582758794643,0.011185582758794643,"[[1,1,0,0,0,1,1,0,0,0],[1,1,1,0,1,1,0,0,0,0]]"
7,785,-0.01107272202800793,0.01107272202800793,"[[1,1,0,0,0,1,1,0,0,0],[1,1,1,0,1,1,0,0,0,1]]"
7,786,-0.011492904824626296,0.011492904824626296,"[[1,1,0,0,0,1,1,0,0,0],[1,1,1,0,1,1,0,0,1,0]]"
7,787,-0.011387539252406204,0.011387539252406204,"[[1,1,0,0,0,1,1,0,0,0],[1,1,1,0,1,1,0,0,1,1]]"
7,788,-0.01413429221212751,0.01413429221212751,"[[1,1,0,0,0,1,1,0,0,0],[1,1,1,0,1,1,0,1,0,0]]"
7,789,-0.014012406682437946,0.014012406682437946,"[[1,1,0,0,0,1,1,0,0,0],[1,1,1,0,1,1,0,1,0,1]]"
7,790,-0.01437731981470589,0.01437731981470589,"[[1,1,0,0,0,1,1,0,0,0],[1,1,1,0,1,1,0,1,1,0]]"
7,791,-0.01428559607264368,0.01428559607264368,"[[1,1,0,0,0,1,1,0,0,0],[1,1,1,0,1,1,0,1,1,1]]"
7,792,-0.01767675689894863,0.01767675689894863,"[[1,1,0,0,0,1,1,0,0,0],[1,1,1,0,1,1,1,0,0,0]]"
7,793,-0.01754031723412991,0.01754031723412991,"[[1,1,0,0,0,1,1,0,0,0],[1,1,1,0,1,1,1,0,0,1]]"
7,794,-0.017898437959539312,0.017898437959539312,"[[1,1,0,0,0,1,1,0,0,0],[1,1,1,0,1,1,1,0,1,0]]"
7,795,-0.017811532561207186,0.017811532561207186,"[[1,1,0,0,0,1,1,0,0,0],[1,1,1,0,1,1,1,0,1,1]]"
7,796,-0.020703555862917236,0.020703555862917236,"[[1,1,0,0,0,1,1,0,0,0],[1,1,1,0,1,1,1,1,0,0]]"
7,797,-0.020553980596621328,0.020553980596621328,"[[1,1,0,0,0,1,1,0,0,0],[1,1,1,0,1,1,1,1,0,1]]"
7,798,-0.020972676868874034,0.020972676868874034,"[[1,1,0,0,0,1,1,0,0,0],[1,1,1,0,1,1,1,1,1,0]]"
7,799,-0.02090597845026493,0.02090597845026493,"[[1,1,0,0,0,1,1,0,0,0],[1,1,1,0,1,1,1,1,1,1]]"
7,800,-0.0058897723959623095,0.0058897723959623095,"[[1,1,0,0,0,1,1,0,0,1],[1,1,1,0,1,0,0,0,0,0]]"
7,801,-0.005805040514056873,0.005805040514056873,"[[1,1,0,0,0,1,1,0,0,1],[1,1,1,0,1,0,0,0,0,1]]"
7,802,-0.006197641743679567,0.006197641743679567,"[[1,1,0,0,0,1,1,0,0,1],[1,1,1,0,1,0,0,0,1,0]]"
7,803,-0.006135674535632438,0.006135674535632438,"[[1,1,0,0,0,1,1,0,0,1],[1,1,1,0,1,0,0,0,1,1]]"
7,804,-0.008190856332853134,0.008190856332853134,"[[1,1,0,0,0,1,1,0,0,1],[1,1,1,0,1,0,0,1,0,0]]"
7,805,-0.008094153917546065,0.008094153917546065,"[[1,1,0,0,0,1,1,0,0,1],[1,1,1,0,1,0,0,1,0,1]]"
7,806,-0.00841588455646581,0.00841588455646581,"[[1,1,0,0,0,1,1,0,0,1],[1,1,1,0,1,0,0,1,1,0]]"
7,807,-0.008334956819284915,0.008334956819284915,"[[1,1,0,0,0,1,1,0,0,1],[1,1,1,0,1,0,0,1,1,1]]"
7,808,-0.01074829304742742,0.01074829304742742,"[[1,1,0,0,0,1,1,0,0,1],[1,1,1,0,1,0,1,0,0,0]]"
7,809,-0.010652993619249047,0.010652993619249047,"[[1,1,0,0,0,1,1,0,0,1],[1,1,1,0,1,0,1,0,0,1]]"
7,810,-0.011121386434788492,0.011121386434788492,"[[1,1,0,0,0,1,1,0,0,1],[1,1,1,0,1,0,1,0,1,0]]"
7,811,-0.011038920311185928,0.011038920311185928,"[[1,1,0,0,0,1,1,0,0,1],[1,1,1,0,1,0,1,0,1,1]]"
7,812,-0.013714971757684151,0.013714971757684151,"[[1,1,0,0,0,1,1,0,0,1],[1,1,1,0,1,0,1,1,0,0]]"
7,813,-0.013609099986927786,0.013609099986927786,"[[1,1,0,0,0,1,1,0,0,1],[1,1,1,0,1,0,1,1,0,1]]"
7,814,-0.01401154036919766,0.01401154036919766,"[[1,1,0,0,0,1,1,0,0,1],[1,1,1,0,1,0,1,1,1,0]]"
7,815,-0.013919999439616883,0.013919999439616883,"[[1,1,0,0,0,1,1,0,0,1],[1,1,1,0,1,0,1,1,1,1]]"
7,816,-0.011234505010932134,0.011234505010932134,"[[1,1,0,0,0,1,1,0,0,1],[1,1,1,0,1,1,0,0,0,0]]"
7,817,-0.011115730387492697,0.011115730387492697,"[[1,1,0,0,0,1,1,0,0,1],[1,1,1,0,1,1,0,0,0,1]]"
7,818,-0.011541918995079533,0.011541918995079533,"[[1,1,0,0,0,1,1,0,0,1],[1,1,1,0,1,1,0,0,1,0]]"
7,819,-0.011435878269246892,0.011435878269246892,"[[1,1,0,0,0,1,1,0,0,1],[1,1,1,0,1,1,0,0,1,1]]"
7,820,-0.014189041677610332,0.014189041677610332,"[[1,1,0,0,0,1,1,0,0,1],[1,1,1,0,1,1,0,1,0,0]]"
7,821,-0.014066293875935849,0.014066293875935849,"[[1,1,0,0,0,1,1,0,0,1],[1,1,1,0,1,1,0,1,0,1]]"
7,822,-0.014437646557925694,0.014437646557925694,"[[1,1,0,0,0,1,1,0,0,1],[1,1,1,0,1,1,0,1,1,0]]"
7,823,-0.014337897704008291,0.014337897704008291,"[[1,1,0,0,0,1,1,0,0,1],[1,1,1,0,1,1,0,1,1,1]]"
7,824,-0.017735705752644097,0.017735705752644097,"[[1,1,0,0,0,1,1,0,0,1],[1,1,1,0,1,1,1,0,0,0]]"
7,825,-0.01759838663769008,0.01759838663769008,"[[1,1,0,0,0,1,1,0,0,1],[1,1,1,0,1,1,1,0,0,1]]"
7,826,-0.017959556972291915,0.017959556972291915,"[[1,1,0,0,0,1,1,0,0,1],[1,1,1,0,1,1,1,0,1,0]]"
7,827,-0.017863216111519507,0.017863216111519507,"[[1,1,0,0,0,1,1,0,0,1],[1,1,1,0,1,1,1,0,1,1]]"
7,828,-0.020764119589160416,0.020764119589160416,"[[1,1,0,0,0,1,1,0,0,1],[1,1,1,0,1,1,1,1,0,0]]"
7,829,-0.020608402547485114,0.020608402547485114,"[[1,1,0,0,0,1,1,0,0,1],[1,1,1,0,1,1,1,1,0,1]]"
7,830,-0.021027980778349026,0.021027980778349026,"[[1,1,0,0,0,1,1,0,0,1],[1,1,1,0,1,1,1,1,1,0]]"
7,831,-0.020960035328994323,0.020960035328994323,"[[1,1,0,0,0,1,1,0,0,1],[1,1,1,0,1,1,1,1,1,1]]"
7,832,-0.005317983489661618,0.005317983489661618,"[[1,1,0,0,0,1,1,0,1,0],[1,1,1,0,1,0,0,0,0,0]]"
7,833,-0.005269002246090981,0.005269002246090981,"[[1,1,0,0,0,1,1,0,1,0],[1,1,1,0,1,0,0,0,0,1]]"
7,834,-0.0057449984231678,0.0057449984231678,"[[1,1,0,0,0,1,1,0,1,0],[1,1,1,0,1,0,0,0,1,0]]"
7,835,-0.005702303616642407,0.005702303616642407,"[[1,1,0,0,0,1,1,0,1,0],[1,1,1,0,1,0,0,0,1,1]]"
7,836,-0.0074957415412721775,0.0074957415412721775,"[[1,1,0,0,0,1,1,0,1,0],[1,1,1,0,1,0,0,1,0,0]]"
7,837,-0.007423407752579896,0.007423407752579896,"[[1,1,0,0,0,1,1,0,1,0],[1,1,1,0,1,0,0,1,0,1]]"
7,838,-0.007850753895128066,0.007850753895128066,"[[1,1,0,0,0,1,1,0,1,0],[1,1,1,0,1,0,0,1,1,0]]"
7,839,-0.007808840978574392,0.007808840978574392,"[[1,1,0,0,0,1,1,0,1,0],[1,1,1,0,1,0,0,1,1,1]]"
7,840,-0.009995901433385204,0.009995901433385204,"[[1,1,0,0,0,1,1,0,1,0],[1,1,1,0,1,0,1,0,0,0]]"
7,841,-0.009915813679587384,0.009915813679587384,"[[1,1,0,0,0,1,1,0,1,0],[1,1,1,0,1,0,1,0,0,1]]"
7,842,-0.010476874853907449,0.010476874853907449,"[[1,1,0,0,0,1,1,0,1,0],[1,1,1,0,1,0,1,0,1,0]]"
7,843,-0.010405529886877329,0.010405529886877329,"[[1,1,0,0,0,1,1,0,1,0],[1,1,1,0,1,0,1,0,1,1]]"
7,844,-0.012860235466369458,0.012860235466369458,"[[1,1,0,0,0,1,1,0,1,0],[1,1,1,0,1,0,1,1,0,0]]"
7,845,-0.01277793985677956,0.01277793985677956,"[[1,1,0,0,0,1,1,0,1,0],[1,1,1,0,1,0,1,1,0,1]]"
7,846,-0.013319397872725396,0.013319397872725396,"[[1,1,0,0,0,1,1,0,1,0],[1,1,1,0,1,0,1,1,1,0]]"
7,847,-0.01326171099578146,0.01326171099578146,"[[1,1,0,0,0,1,1,0,1,0],[1,1,1,0,1,0,1,1,1,1]]"
7,848,-0.010418045096780286,0.010418045096780286,"[[1,1,0,0,0,1,1,0,1,0],[1,1,1,0,1,1,0,0,0,0]]"
7,849,-0.010315540755117598,0.010315540755117598,"[[1,1,0,0,0,1,1,0,1,0],[1,1,1,0,1,1,0,0,0,1]]"
7,850,-0.010845069562887076,0.010845069562887076,"[[1,1,0,0,0,1,1,0,1,0],[1,1,1,0,1,1,0,0,1,0]]"
7,851,-0.010784893947024135,0.010784893947024135,"[[1,1,0,0,0,1,1,0,1,0],[1,1,1,0,1,1,0,0,1,1]]"
7,852,-0.013268813555464784,0.013268813555464784,"[[1,1,0,0,0,1,1,0,1,0],[1,1,1,0,1,1,0,1,0,0]]"
7,853,-0.013171468088444726,0.013171468088444726,"[[1,1,0,0,0,1,1,0,1,0],[1,1,1,0,1,1,0,1,0,1]]"
7,854,-0.013705582629402347,0.013705582629402347,"[[1,1,0,0,0,1,1,0,1,0],[1,1,1,0,1,1,0,1,1,0]]"
7,855,-0.01365436287376835,0.01365436287376835,"[[1,1,0,0,0,1,1,0,1,0],[1,1,1,0,1,1,0,1,1,1]]"
7,856,-0.016715955475587123,0.016715955475587123,"[[1,1,0,0,0,1,1,0,1,0],[1,1,1,0,1,1,1,0,0,0]]"
7,857,-0.01659391342295042,0.01659391342295042,"[[1,1,0,0,0,1,1,0,1,0],[1,1,1,0,1,1,1,0,0,1]]"
7,858,-0.01710310366490794,0.01710310366490794,"[[1,1,0,0,0,1,1,0,1,0],[1,1,1,0,1,1,1,0,1,0]]"
7,859,-0.017045473202977227,0.017045473202977227,"[[1,1,0,0,0,1,1,0,1,0],[1,1,1,0,1,1,1,0,1,1]]"
7,860,-0.019630253346847294,0.019630253346847294,"[[1,1,0,0,0,1,1,0,1,0],[1,1,1,0,1,1,1,1,0,0]]"
7,861,-0.019523631137955764,0.019523631137955764,"[[1,1,0,0,0,1,1,0,1,0],[1,1,1,0,1,1,1,1,0,1]]"
7,862,-0.020131854815862608,0.020131854815862608,"[[1,1,0,0,0,1,1,0,1,0],[1,1,1,0,1,1,1,1,1,0]]"
7,863,-0.020075670728583576,0.020075670728583576,"[[1,1,0,0,0,1,1,0,1,0],[1,1,1,0,1,1,1,1,1,1]]"
7,864,-0.0053590273215219615,0.0053590273215219615,"[[1,1,0,0,0,1,1,0,1,1],[1,1,1,0,1,0,0,0,0,0]]"
7,865,-0.005317183013499204,0.005317183013499204,"[[1,1,0,0,0,1,1,0,1,1],[1,1,1,0,1,0,0,0,0,1]]"
7,866,-0.0057835047170300335,0.0057835047170300335,"[[1,1,0,0,0,1,1,0,1,1],[1,1,1,0,1,0,0,0,1,0]]"
7,867,-0.005740243066639696,0.005740243066639696,"[[1,1,0,0,0,1,1,0,1,1],[1,1,1,0,1,0,0,0,1,1]]"
7,868,-0.0075358987503321125,0.0075358987503321125,"[[1,1,0,0,0,1,1,0,1,1],[1,1,1,0,1,0,0,1,0,0]]"
7,869,-0.0074703998204389945,0.0074703998204389945,"[[1,1,0,0,0,1,1,0,1,1],[1,1,1,0,1,0,0,1,0,1]]"
7,870,-0.007902625633729026,0.007902625633729026,"[[1,1,0,0,0,1,1,0,1,1],[1,1,1,0,1,0,0,1,1,0]]"
7,871,-0.00786029339076315,0.00786029339076315,"[[1,1,0,0,0,1,1,0,1,1],[1,1,1,0,1,0,0,1,1,1]]"
7,872,-0.010050146818811154,0.010050146818811154,"[[1,1,0,0,0,1,1,0,1,1],[1,1,1,0,1,0,1,0,0,0]]"
7,873,-0.009968776681511155,0.009968776681511155,"[[1,1,0,0,0,1,1,0,1,1],[1,1,1,0,1,0,1,0,0,1]]"
7,874,-0.010533164600266104,0.010533164600266104,"[[1,1,0,0,0,1,1,0,1,1],[1,1,1,0,1,0,1,0,1,0]]"
7,875,-0.010462898219144073,0.010462898219144073,"[[1,1,0,0,0,1,1,0,1,1],[1,1,1,0,1,0,1,0,1,1]]"
7,876,-0.012924905736591465,0.012924905736591465,"[[1,1,0,0,0,1,1,0,1,1],[1,1,1,0,1,0,1,1,0,0]]"
7,877,-0.01284358151773477,0.01284358151773477,"[[1,1,0,0,0,1,1,0,1,1],[1,1,1,0,1,0,1,1,0,1]]"
7,878,-0.013387270050926096,0.013387270050926096,"[[1,1,0,0,0,1,1,0,1,1],[1,1,1,0,1,0,1,1,1,0]]"
7,879,-0.013325694496748454,0.013325694496748454,"[[1,1,0,0,0,1,1,0,1,1],[1,1,1,0,1,0,1,1,1,1]]"
7,880,-0.010463866681416235,0.010463866681416235,"[[1,1,0,0,0,1,1,0,1,1],[1,1,1,0,1,1,0,0,0,0]]"
7,881,-0.010371137913646172,0.010371137913646172,"[[1,1,0,0,0,1,1,0,1,1],[1,1,1,0,1,1,0,0,0,1]]"
7,882,-0.010907269870099238,0.010907269870099238,"[[1,1,0,0,0,1,1,0,1,1],[1,1,1,0,1,1,0,0,1,0]]"
7,883,-0.010845695667177736,0.010845695667177736,"[[1,1,0,0,0,1,1,0,1,1],[1,1,1,0,1,1,0,0,1,1]]"
7,884,-0.01332987650450974,0.01332987650450974,"[[1,1,0,0,0,1,1,0,1,1],[1,1,1,0,1,1,0,1,0,0]]"
7,885,-0.013232468431401348,0.013232468431401348,"[[1,1,0,0,0,1,1,0,1,1],[1,1,1,0,1,1,0,1,0,1]]"
7,886,-0.013770463939372144,0.013770463939372144,"[[1,1,0,0,0,1,1,0,1,1],[1,1,1,0,1,1,0,1,1,0]]"
7,887,-0.013721500024528113,0.013721500024528113,"[[1,1,0,0,0,1,1,0,1,1],[1,1,1,0,1,1,0,1,1,1]]"
7,888,-0.016776148962861684,0.016776148962861684,"[[1,1,0,0,0,1,1,0,1,1],[1,1,1,0,1,1,1,0,0,0]]"
7,889,-0.016653616111630916,0.016653616111630916,"[[1,1,0,0,0,1,1,0,1,1],[1,1,1,0,1,1,1,0,0,1]]"
7,890,-0.017165591138370642,0.017165591138370642,"[[1,1,0,0,0,1,1,0,1,1],[1,1,1,0,1,1,1,0,1,0]]"
7,891,-0.017099639533372415,0.017099639533372415,"[[1,1,0,0,0,1,1,0,1,1],[1,1,1,0,1,1,1,0,1,1]]"
7,892,-0.019696296311225336,0.019696296311225336,"[[1,1,0,0,0,1,1,0,1,1],[1,1,1,0,1,1,1,1,0,0]]"
7,893,-0.019580610784045483,0.019580610784045483,"[[1,1,0,0,0,1,1,0,1,1],[1,1,1,0,1,1,1,1,0,1]]"
7,894,-0.020191947434196986,0.020191947434196986,"[[1,1,0,0,0,1,1,0,1,1],[1,1,1,0,1,1,1,1,1,0]]"
7,895,-0.020134926173034414,0.020134926173034414,"[[1,1,0,0,0,1,1,0,1,1],[1,1,1,0,1,1,1,1,1,1]]"
7,896,-0.003756020111705227,0.003756020111705227,"[[1,1,0,0,0,1,1,1,0,0],[1,1,1,0,1,0,0,0,0,0]]"
7,897,-0.00370453432608018,0.00370453432608018,"[[1,1,0,0,0,1,1,1,0,0],[1,1,1,0,1,0,0,0,0,1]]"
7,898,-0.004007878693325963,0.004007878693325963,"[[1,1,0,0,0,1,1,1,0,0],[1,1,1,0,1,0,0,0,1,0]]"
7,899,-0.003970920905190799,0.003970920905190799,"[[1,1,0,0,0,1,1,1,0,0],[1,1,1,0,1,0,0,0,1,1]]"
7,900,-0.005679916868641389,0.005679916868641389,"[[1,1,0,0,0,1,1,1,0,0],[1,1,1,0,1,0,0,1,0,0]]"
7,901,-0.005628683971007989,0.005628683971007989,"[[1,1,0,0,0,1,1,1,0,0],[1,1,1,0,1,0,0,1,0,1]]"
7,902,-0.005946204059373918,0.005946204059373918,"[[1,1,0,0,0,1,1,1,0,0],[1,1,1,0,1,0,0,1,1,0]]"
7,903,-0.0059084878919044735,0.0059084878919044735,"[[1,1,0,0,0,1,1,1,0,0],[1,1,1,0,1,0,0,1,1,1]]"
7,904,-0.007595816135245091,0.007595816135245091,"[[1,1,0,0,0,1,1,1,0,0],[1,1,1,0,1,0,1,0,0,0]]"
7,905,-0.007530653635347685,0.007530653635347685,"[[1,1,0,0,0,1,1,1,0,0],[1,1,1,0,1,0,1,0,0,1]]"
7,906,-0.008067859047047784,0.008067859047047784,"[[1,1,0,0,0,1,1,1,0,0],[1,1,1,0,1,0,1,0,1,0]]"
7,907,-0.007999686161425101,0.007999686161425101,"[[1,1,0,0,0,1,1,1,0,0],[1,1,1,0,1,0,1,0,1,1]]"
7,908,-0.01049586872454608,0.01049586872454608,"[[1,1,0,0,0,1,1,1,0,0],[1,1,1,0,1,0,1,1,0,0]]"
7,909,-0.01042158011314549,0.01042158011314549,"[[1,1,0,0,0,1,1,1,0,0],[1,1,1,0,1,0,1,1,0,1]]"
7,910,-0.010766541191066101,0.010766541191066101,"[[1,1,0,0,0,1,1,1,0,0],[1,1,1,0,1,0,1,1,1,0]]"
7,911,-0.010701980352950464,0.010701980352950464,"[[1,1,0,0,0,1,1,1,0,0],[1,1,1,0,1,0,1,1,1,1]]"
7,912,-0.008097295104108086,0.008097295104108086,"[[1,1,0,0,0,1,1,1,0,0],[1,1,1,0,1,1,0,0,0,0]]"
7,913,-0.008013500253328906,0.008013500253328906,"[[1,1,0,0,0,1,1,1,0,0],[1,1,1,0,1,1,0,0,0,1]]"
7,914,-0.008490814978813507,0.008490814978813507,"[[1,1,0,0,0,1,1,1,0,0],[1,1,1,0,1,1,0,0,1,0]]"
7,915,-0.00842859947532565,0.00842859947532565,"[[1,1,0,0,0,1,1,1,0,0],[1,1,1,0,1,1,0,0,1,1]]"
7,916,-0.010871271299103305,0.010871271299103305,"[[1,1,0,0,0,1,1,1,0,0],[1,1,1,0,1,1,0,1,0,0]]"
7,917,-0.010774652403235791,0.010774652403235791,"[[1,1,0,0,0,1,1,1,0,0],[1,1,1,0,1,1,0,1,0,1]]"
7,918,-0.011100141934574443,0.011100141934574443,"[[1,1,0,0,0,1,1,1,0,0],[1,1,1,0,1,1,0,1,1,0]]"
7,919,-0.011043608352593519,0.011043608352593519,"[[1,1,0,0,0,1,1,1,0,0],[1,1,1,0,1,1,0,1,1,1]]"
7,920,-0.013854670278140295,0.013854670278140295,"[[1,1,0,0,0,1,1,1,0,0],[1,1,1,0,1,1,1,0,0,0]]"
7,921,-0.013739600757169606,0.013739600757169606,"[[1,1,0,0,0,1,1,1,0,0],[1,1,1,0,1,1,1,0,0,1]]"
7,922,-0.014138747379988445,0.014138747379988445,"[[1,1,0,0,0,1,1,1,0,0],[1,1,1,0,1,1,1,0,1,0]]"
7,923,-0.014034283752718788,0.014034283752718788,"[[1,1,0,0,0,1,1,1,0,0],[1,1,1,0,1,1,1,0,1,1]]"
7,924,-0.016709819133076106,0.016709819133076106,"[[1,1,0,0,0,1,1,1,0,0],[1,1,1,0,1,1,1,1,0,0]]"
7,925,-0.01658265404735455,0.01658265404735455,"[[1,1,0,0,0,1,1,1,0,0],[1,1,1,0,1,1,1,1,0,1]]"
7,926,-0.016928161078474026,0.016928161078474026,"[[1,1,0,0,0,1,1,1,0,0],[1,1,1,0,1,1,1,1,1,0]]"
7,927,-0.016860263963595013,0.016860263963595013,"[[1,1,0,0,0,1,1,1,0,0],[1,1,1,0,1,1,1,1,1,1]]"
7,928,-0.003785849847277104,0.003785849847277104,"[[1,1,0,0,0,1,1,1,0,1],[1,1,1,0,1,0,0,0,0,0]]"
7,929,-0.0037342471086546127,0.0037342471086546127,"[[1,1,0,0,0,1,1,1,0,1],[1,1,1,0,1,0,0,0,0,1]]"
7,930,-0.0040497413656711894,0.0040497413656711894,"[[1,1,0,0,0,1,1,1,0,1],[1,1,1,0,1,0,0,0,1,0]]"
7,931,-0.004013047255711792,0.004013047255711792,"[[1,1,0,0,0,1,1,1,0,1],[1,1,1,0,1,0,0,0,1,1]]"
7,932,-0.005714780610455608,0.005714780610455608,"[[1,1,0,0,0,1,1,1,0,1],[1,1,1,0,1,0,0,1,0,0]]"
7,933,-0.005668750492434233,0.005668750492434233,"[[1,1,0,0,0,1,1,1,0,1],[1,1,1,0,1,0,0,1,0,1]]"
7,934,-0.005990395058972701,0.005990395058972701,"[[1,1,0,0,0,1,1,1,0,1],[1,1,1,0,1,0,0,1,1,0]]"
7,935,-0.0059522801081269,0.0059522801081269,"[[1,1,0,0,0,1,1,1,0,1],[1,1,1,0,1,0,0,1,1,1]]"
7,936,-0.007665876411594722,0.007665876411594722,"[[1,1,0,0,0,1,1,1,0,1],[1,1,1,0,1,0,1,0,0,0]]"
7,937,-0.007602910807801016,0.007602910807801016,"[[1,1,0,0,0,1,1,1,0,1],[1,1,1,0,1,0,1,0,0,1]]"
7,938,-0.008117877335048594,0.008117877335048594,"[[1,1,0,0,0,1,1,1,0,1],[1,1,1,0,1,0,1,0,1,0]]"
7,939,-0.008050588717984452,0.008050588717984452,"[[1,1,0,0,0,1,1,1,0,1],[1,1,1,0,1,0,1,0,1,1]]"
7,940,-0.010554686466589538,0.010554686466589538,"[[1,1,0,0,0,1,1,1,0,1],[1,1,1,0,1,0,1,1,0,0]]"
7,941,-0.01048145743570137,0.01048145743570137,"[[1,1,0,0,0,1,1,1,0,1],[1,1,1,0,1,0,1,1,0,1]]"
7,942,-0.010828609839413942,0.010828609839413942,"[[1,1,0,0,0,1,1,1,0,1],[1,1,1,0,1,0,1,1,1,0]]"
7,943,-0.010765244513628654,0.010765244513628654,"[[1,1,0,0,0,1,1,1,0,1],[1,1,1,0,1,0,1,1,1,1]]"
7,944,-0.008155509747320733,0.008155509747320733,"[[1,1,0,0,0,1,1,1,0,1],[1,1,1,0,1,1,0,0,0,0]]"
7,945,-0.008084256600468367,0.008084256600468367,"[[1,1,0,0,0,1,1,1,0,1],[1,1,1,0,1,1,0,0,0,1]]"
7,946,-0.008544515718862316,0.008544515718862316,"[[1,1,0,0,0,1,1,1,0,1],[1,1,1,0,1,1,0,0,1,0]]"
7,947,-0.008480610789566112,0.008480610789566112,"[[1,1,0,0,0,1,1,1,0,1],[1,1,1,0,1,1,0,0,1,1]]"
7,948,-0.010922810481079192,0.010922810481079192,"[[1,1,0,0,0,1,1,1,0,1],[1,1,1,0,1,1,0,1,0,0]]"
7,949,-0.01083491201569782,0.01083491201569782,"[[1,1,0,0,0,1,1,1,0,1],[1,1,1,0,1,1,0,1,0,1]]"
7,950,-0.011166853761974736,0.011166853761974736,"[[1,1,0,0,0,1,1,1,0,1],[1,1,1,0,1,1,0,1,1,0]]"
7,951,-0.011109014833986543,0.011109014833986543,"[[1,1,0,0,0,1,1,1,0,1],[1,1,1,0,1,1,0,1,1,1]]"
7,952,-0.013916285361038732,0.013916285361038732,"[[1,1,0,0,0,1,1,1,0,1],[1,1,1,0,1,1,1,0,0,0]]"
7,953,-0.01380075630835791,0.01380075630835791,"[[1,1,0,0,0,1,1,1,0,1],[1,1,1,0,1,1,1,0,0,1]]"
7,954,-0.01420420266444901,0.01420420266444901,"[[1,1,0,0,0,1,1,1,0,1],[1,1,1,0,1,1,1,0,1,0]]"
7,955,-0.014099441226778742,0.014099441226778742,"[[1,1,0,0,0,1,1,1,0,1],[1,1,1,0,1,1,1,0,1,1]]"
7,956,-0.01676846232735523,0.01676846232735523,"[[1,1,0,0,0,1,1,1,0,1],[1,1,1,0,1,1,1,1,0,0]]"
7,957,-0.016640571138191586,0.016640571138191586,"[[1,1,0,0,0,1,1,1,0,1],[1,1,1,0,1,1,1,1,0,1]]"
7,958,-0.016990192514873798,0.016990192514873798,"[[1,1,0,0,0,1,1,1,0,1],[1,1,1,0,1,1,1,1,1,0]]"
7,959,-0.01691366181381621,0.01691366181381621,"[[1,1,0,0,0,1,1,1,0,1],[1,1,1,0,1,1,1,1,1,1]]"
7,960,-0.0034586902059500486,0.0034586902059500486,"[[1,1,0,0,0,1,1,1,1,0],[1,1,1,0,1,0,0,0,0,0]]"
7,961,-0.0034106617562482612,0.0034106617562482612,"[[1,1,0,0,0,1,1,1,1,0],[1,1,1,0,1,0,0,0,0,1]]"
7,962,-0.003809307762153634,0.003809307762153634,"[[1,1,0,0,0,1,1,1,1,0],[1,1,1,0,1,0,0,0,1,0]]"
7,963,-0.00377129996372319,0.00377129996372319,"[[1,1,0,0,0,1,1,1,1,0],[1,1,1,0,1,0,0,0,1,1]]"
7,964,-0.005255922415476335,0.005255922415476335,"[[1,1,0,0,0,1,1,1,1,0],[1,1,1,0,1,0,0,1,0,0]]"
7,965,-0.0052194046468604085,0.0052194046468604085,"[[1,1,0,0,0,1,1,1,1,0],[1,1,1,0,1,0,0,1,0,1]]"
7,966,-0.005649074313563017,0.005649074313563017,"[[1,1,0,0,0,1,1,1,1,0],[1,1,1,0,1,0,0,1,1,0]]"
7,967,-0.005617324766201559,0.005617324766201559,"[[1,1,0,0,0,1,1,1,1,0],[1,1,1,0,1,0,0,1,1,1]]"
7,968,-0.007026085227800219,0.007026085227800219,"[[1,1,0,0,0,1,1,1,1,0],[1,1,1,0,1,0,1,0,0,0]]"
7,969,-0.006975334790501764,0.006975334790501764,"[[1,1,0,0,0,1,1,1,1,0],[1,1,1,0,1,0,1,0,0,1]]"
7,970,-0.007597464929657321,0.007597464929657321,"[[1,1,0,0,0,1,1,1,1,0],[1,1,1,0,1,0,1,0,1,0]]"
7,971,-0.007539906919014612,0.007539906919014612,"[[1,1,0,0,0,1,1,1,1,0],[1,1,1,0,1,0,1,0,1,1]]"
7,972,-0.009863365411690486,0.009863365411690486,"[[1,1,0,0,0,1,1,1,1,0],[1,1,1,0,1,0,1,1,0,0]]"
7,973,-0.009807855589826346,0.009807855589826346,"[[1,1,0,0,0,1,1,1,1,0],[1,1,1,0,1,0,1,1,0,1]]"
7,974,-0.010285620675835556,0.010285620675835556,"[[1,1,0,0,0,1,1,1,1,0],[1,1,1,0,1,0,1,1,1,0]]"
7,975,-0.010240917814549517,0.010240917814549517,"[[1,1,0,0,0,1,1,1,1,0],[1,1,1,0,1,0,1,1,1,1]]"
7,976,-0.007513970850858399,0.007513970850858399,"[[1,1,0,0,0,1,1,1,1,0],[1,1,1,0,1,1,0,0,0,0]]"
7,977,-0.007463915917960996,0.007463915917960996,"[[1,1,0,0,0,1,1,1,1,0],[1,1,1,0,1,1,0,0,0,1]]"
7,978,-0.00811872029328667,0.00811872029328667,"[[1,1,0,0,0,1,1,1,1,0],[1,1,1,0,1,1,0,0,1,0]]"
7,979,-0.008056688022328127,0.008056688022328127,"[[1,1,0,0,0,1,1,1,1,0],[1,1,1,0,1,1,0,0,1,1]]"
7,980,-0.01017969160438597,0.01017969160438597,"[[1,1,0,0,0,1,1,1,1,0],[1,1,1,0,1,1,0,1,0,0]]"
7,981,-0.010126677660338892,0.010126677660338892,"[[1,1,0,0,0,1,1,1,1,0],[1,1,1,0,1,1,0,1,0,1]]"
7,982,-0.010656844358447775,0.010656844358447775,"[[1,1,0,0,0,1,1,1,1,0],[1,1,1,0,1,1,0,1,1,0]]"
7,983,-0.010606861058449445,0.010606861058449445,"[[1,1,0,0,0,1,1,1,1,0],[1,1,1,0,1,1,0,1,1,1]]"
7,984,-0.013044204962922516,0.013044204962922516,"[[1,1,0,0,0,1,1,1,1,0],[1,1,1,0,1,1,1,0,0,0]]"
7,985,-0.012942694620055458,0.012942694620055458,"[[1,1,0,0,0,1,1,1,1,0],[1,1,1,0,1,1,1,0,0,1]]"
7,986,-0.013461963428407274,0.013461963428407274,"[[1,1,0,0,0,1,1,1,1,0],[1,1,1,0,1,1,1,0,1,0]]"
7,987,-0.013367358423056284,0.013367358423056284,"[[1,1,0,0,0,1,1,1,1,0],[1,1,1,0,1,1,1,0,1,1]]"
7,988,-0.015802381826623534,0.015802381826623534,"[[1,1,0,0,0,1,1,1,1,0],[1,1,1,0,1,1,1,1,0,0]]"
7,989,-0.01569732282829318,0.01569732282829318,"[[1,1,0,0,0,1,1,1,1,0],[1,1,1,0,1,1,1,1,0,1]]"
7,990,-0.01620741208661644,0.01620741208661644,"[[1,1,0,0,0,1,1,1,1,0],[1,1,1,0,1,1,1,1,1,0]]"
7,991,-0.016167586615963493,0.016167586615963493,"[[1,1,0,0,0,1,1,1,1,0],[1,1,1,0,1,1,1,1,1,1]]"
7,992,-0.003486033610989965,0.003486033610989965,"[[1,1,0,0,0,1,1,1,1,1],[1,1,1,0,1,0,0,0,0,0]]"
7,993,-0.003438142873341148,0.003438142873341148,"[[1,1,0,0,0,1,1,1,1,1],[1,1,1,0,1,0,0,0,0,1]]"
7,994,-0.003846211906032816,0.003846211906032816,"[[1,1,0,0,0,1,1,1,1,1],[1,1,1,0,1,0,0,0,1,0]]"
7,995,-0.003806669375531935,0.003806669375531935,"[[1,1,0,0,0,1,1,1,1,1],[1,1,1,0,1,0,0,0,1,1]]"
7,996,-0.005297033398710723,0.005297033398710723,"[[1,1,0,0,0,1,1,1,1,1],[1,1,1,0,1,0,0,1,0,0]]"
7,997,-0.005260362567166305,0.005260362567166305,"[[1,1,0,0,0,1,1,1,1,1],[1,1,1,0,1,0,0,1,0,1]]"
7,998,-0.005692507389027498,0.005692507389027498,"[[1,1,0,0,0,1,1,1,1,1],[1,1,1,0,1,0,0,1,1,0]]"
7,999,-0.005660752615032483,0.005660752615032483,"[[1,1,0,0,0,1,1,1,1,1],[1,1,1,0,1,0,0,1,1,1]]"
7,1000,-0.007098287476745802,0.007098287476745802,"[[1,1,0,0,0,1,1,1,1,1],[1,1,1,0,1,0,1,0,0,0]]"
7,1001,-0.0070501150731257425,0.0070501150731257425,"[[1,1,0,0,0,1,1,1,1,1],[1,1,1,0,1,0,1,0,0,1]]"
7,1002,-0.007646806395021046,0.007646806395021046,"[[1,1,0,0,0,1,1,1,1,1],[1,1,1,0,1,0,1,0,1,0]]"
7,1003,-0.0075964680374886314,0.0075964680374886314,"[[1,1,0,0,0,1,1,1,1,1],[1,1,1,0,1,0,1,0,1,1]]"
7,1004,-0.009925576826434475,0.009925576826434475,"[[1,1,0,0,0,1,1,1,1,1],[1,1,1,0,1,0,1,1,0,0]]"
7,1005,-0.009871608717824573,0.009871608717824573,"[[1,1,0,0,0,1,1,1,1,1],[1,1,1,0,1,0,1,1,0,1]]"
7,1006,-0.010351428265600076,0.010351428265600076,"[[1,1,0,0,0,1,1,1,1,1],[1,1,1,0,1,0,1,1,1,0]]"
7,1007,-0.01031010479174435,0.01031010479174435,"[[1,1,0,0,0,1,1,1,1,1],[1,1,1,0,1,0,1,1,1,1]]"
7,1008,-0.007584122513209723,0.007584122513209723,"[[1,1,0,0,0,1,1,1,1,1],[1,1,1,0,1,1,0,0,0,0]]"
7,1009,-0.007533582616222327,0.007533582616222327,"[[1,1,0,0,0,1,1,1,1,1],[1,1,1,0,1,1,0,0,0,1]]"
7,1010,-0.008168569161374171,0.008168569161374171,"[[1,1,0,0,0,1,1,1,1,1],[1,1,1,0,1,1,0,0,1,0]]"
7,1011,-0.008105015981617843,0.008105015981617843,"[[1,1,0,0,0,1,1,1,1,1],[1,1,1,0,1,1,0,0,1,1]]"
7,1012,-0.010244677464952334,0.010244677464952334,"[[1,1,0,0,0,1,1,1,1,1],[1,1,1,0,1,1,0,1,0,0]]"
7,1013,-0.01019071493843159,0.01019071493843159,"[[1,1,0,0,0,1,1,1,1,1],[1,1,1,0,1,1,0,1,0,1]]"
7,1014,-0.010722892197947132,0.010722892197947132,"[[1,1,0,0,0,1,1,1,1,1],[1,1,1,0,1,1,0,1,1,0]]"
7,1015,-0.01067229738537502,0.01067229738537502,"[[1,1,0,0,0,1,1,1,1,1],[1,1,1,0,1,1,0,1,1,1]]"
7,1016,-0.013106893007450073,0.013106893007450073,"[[1,1,0,0,0,1,1,1,1,1],[1,1,1,0,1,1,1,0,0,0]]"
7,1017,-0.013005298349090522,0.013005298349090522,"[[1,1,0,0,0,1,1,1,1,1],[1,1,1,0,1,1,1,0,0,1]]"
7,1018,-0.013526599187145298,0.013526599187145298,"[[1,1,0,0,0,1,1,1,1,1],[1,1,1,0,1,1,1,0,1,0]]"
7,1019,-0.013432025805961405,0.013432025805961405,"[[1,1,0,0,0,1,1,1,1,1],[1,1,1,0,1,1,1,0,1,1]]"
7,1020,-0.01586548173207752,0.01586548173207752,"[[1,1,0,0,0,1,1,1,1,1],[1,1,1,0,1,1,1,1,0,0]]"
7,1021,-0.0157602704422275,0.0157602704422275,"[[1,1,0,0,0,1,1,1,1,1],[1,1,1,0,1,1,1,1,0,1]]"
7,1022,-0.0162714687096491,0.0162714687096491,"[[1,1,0,0,0,1,1,1,1,1],[1,1,1,0,1,1,1,1,1,0]]"
7,1023,-0.016225806646168687,0.016225806646168687,"[[1,1,0,0,0,1,1,1,1,1],[1,1,1,0,1,1,1,1,1,1]]"
8,0,-0.02049156790387248,0.02049156790387248,"[[1,1,0,0,0,0,0,0,0,0],[1,1,1,0,1,0,0,0,0,0]]"
8,1,-0.02044060958410835,0.02044060958410835,"[[1,1,0,0,0,0,0,0,0,0],[1,1,1,0,1,0,0,0,0,1]]"
8,2,-0.021176507084161644,0.021176507084161644,"[[1,1,0,0,0,0,0,0,0,0],[1,1,1,0,1,0,0,0,1,0]]"
8,3,-0.02112662054198365,0.02112662054198365,"[[1,1,0,0,0,0,0,0,0,0],[1,1,1,0,1,0,0,0,1,1]]"
8,4,-0.02431721078953733,0.02431721078953733,"[[1,1,0,0,0,0,0,0,0,0],[1,1,1,0,1,0,0,1,0,0]]"
8,5,-0.024253816602770775,0.024253816602770775,"[[1,1,0,0,0,0,0,0,0,0],[1,1,1,0,1,0,0,1,0,1]]"
8,6,-0.02507765323940179,0.02507765323940179,"[[1,1,0,0,0,0,0,0,0,0],[1,1,1,0,1,0,0,1,1,0]]"
8,7,-0.025015414669369497,0.025015414669369497,"[[1,1,0,0,0,0,0,0,0,0],[1,1,1,0,1,0,0,1,1,1]]"
8,8,-0.030011012181250893,0.030011012181250893,"[[1,1,0,0,0,0,0,0,0,0],[1,1,1,0,1,0,1,0,0,0]]"
8,9,-0.02993223141370336,0.02993223141370336,"[[1,1,0,0,0,0,0,0,0,0],[1,1,1,0,1,0,1,0,0,1]]"
8,10,-0.030872617032431483,0.030872617032431483,"[[1,1,0,0,0,0,0,0,0,0],[1,1,1,0,1,0,1,0,1,0]]"
8,11,-0.030794910023222807,0.030794910023222807,"[[1,1,0,0,0,0,0,0,0,0],[1,1,1,0,1,0,1,0,1,1]]"
8,12,-0.03476753649010935,0.03476753649010935,"[[1,1,0,0,0,0,0,0,0,0],[1,1,1,0,1,0,1,1,0,0]]"
8,13,-0.03468584851413483,0.03468584851413483,"[[1,1,0,0,0,0,0,0,0,0],[1,1,1,0,1,0,1,1,0,1]]"
8,14,-0.03571594300059023,0.03571594300059023,"[[1,1,0,0,0,0,0,0,0,0],[1,1,1,0,1,0,1,1,1,0]]"
8,15,-0.03563532703583378,0.03563532703583378,"[[1,1,0,0,0,0,0,0,0,0],[1,1,1,0,1,0,1,1,1,1]]"
8,16,-0.03340268091317307,0.03340268091317307,"[[1,1,0,0,0,0,0,0,0,0],[1,1,1,0,1,1,0,0,0,0]]"
8,17,-0.033273233748953024,0.033273233748953024,"[[1,1,0,0,0,0,0,0,0,0],[1,1,1,0,1,1,0,0,0,1]]"
8,18,-0.03435757719937868,0.03435757719937868,"[[1,1,0,0,0,0,0,0,0,0],[1,1,1,0,1,1,0,0,1,0]]"
8,19,-0.034228758507170866,0.034228758507170866,"[[1,1,0,0,0,0,0,0,0,0],[1,1,1,0,1,1,0,0,1,1]]"
8,20,-0.038695829488238756,0.038695829488238756,"[[1,1,0,0,0,0,0,0,0,0],[1,1,1,0,1,1,0,1,0,0]]"
8,21,-0.03855236038045344,0.03855236038045344,"[[1,1,0,0,0,0,0,0,0,0],[1,1,1,0,1,1,0,1,0,1]]"
8,22,-0.0397312539419625,0.0397312539419625,"[[1,1,0,0,0,0,0,0,0,0],[1,1,1,0,1,1,0,1,1,0]]"
8,23,-0.039588322255940785,0.039588322255940785,"[[1,1,0,0,0,0,0,0,0,0],[1,1,1,0,1,1,0,1,1,1]]"
8,24,-0.046283678576553,0.046283678576553,"[[1,1,0,0,0,0,0,0,0,0],[1,1,1,0,1,1,1,0,0,0]]"
8,25,-0.04612879069963634,0.04612879069963634,"[[1,1,0,0,0,0,0,0,0,0],[1,1,1,0,1,1,1,0,0,1]]"
8,26,-0.04743564026308606,0.04743564026308606,"[[1,1,0,0,0,0,0,0,0,0],[1,1,1,0,1,1,1,0,1,0]]"
8,27,-0.047281197850414534,0.047281197850414534,"[[1,1,0,0,0,0,0,0,0,0],[1,1,1,0,1,1,1,0,1,1]]"
8,28,-0.05259237755477945,0.05259237755477945,"[[1,1,0,0,0,0,0,0,0,0],[1,1,1,0,1,1,1,1,0,0]]"
8,29,-0.05244379737071302,0.05244379737071302,"[[1,1,0,0,0,0,0,0,0,0],[1,1,1,0,1,1,1,1,0,1]]"
8,30,-0.053825412121846127,0.053825412121846127,"[[1,1,0,0,0,0,0,0,0,0],[1,1,1,0,1,1,1,1,1,0]]"
8,31,-0.05368435103419758,0.05368435103419758,"[[1,1,0,0,0,0,0,0,0,0],[1,1,1,0,1,1,1,1,1,1]]"
8,32,-0.020480091221001185,0.020480091221001185,"[[1,1,0,0,0,0,0,0,0,1],[1,1,1,0,1,0,0,0,0,0]]"
8,33,-0.020419207531808373,0.020419207531808373,"[[1,1,0,0,0,0,0,0,0,1],[1,1,1,0,1,0,0,0,0,1]]"
8,34,-0.02116281832836266,0.02116281832836266,"[[1,1,0,0,0,0,0,0,0,1],[1,1,1,0,1,0,0,0,1,0]]"
8,35,-0.021102877226121367,0.021102877226121367,"[[1,1,0,0,0,0,0,0,0,1],[1,1,1,0,1,0,0,0,1,1]]"
8,36,-0.024313231079163708,0.024313231079163708,"[[1,1,0,0,0,0,0,0,0,1],[1,1,1,0,1,0,0,1,0,0]]"
8,37,-0.02424747700925064,0.02424747700925064,"[[1,1,0,0,0,0,0,0,0,1],[1,1,1,0,1,0,0,1,0,1]]"
8,38,-0.025073179606347865,0.025073179606347865,"[[1,1,0,0,0,0,0,0,0,1],[1,1,1,0,1,0,0,1,1,0]]"
8,39,-0.025008448863998726,0.025008448863998726,"[[1,1,0,0,0,0,0,0,0,1],[1,1,1,0,1,0,0,1,1,1]]"
8,40,-0.029975060919797684,0.029975060919797684,"[[1,1,0,0,0,0,0,0,0,1],[1,1,1,0,1,0,1,0,0,0]]"
8,41,-0.029893249470383708,0.029893249470383708,"[[1,1,0,0,0,0,0,0,0,1],[1,1,1,0,1,0,1,0,0,1]]"
8,42,-0.030836150517423402,0.030836150517423402,"[[1,1,0,0,0,0,0,0,0,1],[1,1,1,0,1,0,1,0,1,0]]"
8,43,-0.030755278426676934,0.030755278426676934,"[[1,1,0,0,0,0,0,0,0,1],[1,1,1,0,1,0,1,0,1,1]]"
8,44,-0.034755605277630275,0.034755605277630275,"[[1,1,0,0,0,0,0,0,0,1],[1,1,1,0,1,0,1,1,0,0]]"
8,45,-0.03467031170090346,0.03467031170090346,"[[1,1,0,0,0,0,0,0,0,1],[1,1,1,0,1,0,1,1,0,1]]"
8,46,-0.03570347834666018,0.03570347834666018,"[[1,1,0,0,0,0,0,0,0,1],[1,1,1,0,1,0,1,1,1,0]]"
8,47,-0.035617901422951195,0.035617901422951195,"[[1,1,0,0,0,0,0,0,0,1],[1,1,1,0,1,0,1,1,1,1]]"
8,48,-0.033397863822983716,0.033397863822983716,"[[1,1,0,0,0,0,0,0,0,1],[1,1,1,0,1,1,0,0,0,0]]"
8,49,-0.033263815238804215,0.033263815238804215,"[[1,1,0,0,0,0,0,0,0,1],[1,1,1,0,1,1,0,0,0,1]]"
8,50,-0.03435206917267795,0.03435206917267795,"[[1,1,0,0,0,0,0,0,0,1],[1,1,1,0,1,1,0,0,1,0]]"
8,51,-0.03421829586937839,0.03421829586937839,"[[1,1,0,0,0,0,0,0,0,1],[1,1,1,0,1,1,0,0,1,1]]"
8,52,-0.038683191226628263,0.038683191226628263,"[[1,1,0,0,0,0,0,0,0,1],[1,1,1,0,1,1,0,1,0,0]]"
8,53,-0.03853395886797647,0.03853395886797647,"[[1,1,0,0,0,0,0,0,0,1],[1,1,1,0,1,1,0,1,0,1]]"
8,54,-0.039718468337897245,0.039718468337897245,"[[1,1,0,0,0,0,0,0,0,1],[1,1,1,0,1,1,0,1,1,0]]"
8,55,-0.03956963598269116,0.03956963598269116,"[[1,1,0,0,0,0,0,0,0,1],[1,1,1,0,1,1,0,1,1,1]]"
8,56,-0.046239692863908714,0.046239692863908714,"[[1,1,0,0,0,0,0,0,0,1],[1,1,1,0,1,1,1,0,0,0]]"
8,57,-0.04608341509649555,0.04608341509649555,"[[1,1,0,0,0,0,0,0,0,1],[1,1,1,0,1,1,1,0,0,1]]"
8,58,-0.0473816732666487,0.0473816732666487,"[[1,1,0,0,0,0,0,0,0,1],[1,1,1,0,1,1,1,0,1,0]]"
8,59,-0.04723324669584665,0.04723324669584665,"[[1,1,0,0,0,0,0,0,0,1],[1,1,1,0,1,1,1,0,1,1]]"
8,60,-0.05254319378444948,0.05254319378444948,"[[1,1,0,0,0,0,0,0,0,1],[1,1,1,0,1,1,1,1,0,0]]"
8,61,-0.052394068027394075,0.052394068027394075,"[[1,1,0,0,0,0,0,0,0,1],[1,1,1,0,1,1,1,1,0,1]]"
8,62,-0.05377566668131355,0.05377566668131355,"[[1,1,0,0,0,0,0,0,0,1],[1,1,1,0,1,1,1,1,1,0]]"
8,63,-0.05362730741355804,0.05362730741355804,"[[1,1,0,0,0,0,0,0,0,1],[1,1,1,0,1,1,1,1,1,1]]"
8,64,-0.01953081886308038,0.01953081886308038,"[[1,1,0,0,0,0,0,0,1,0],[1,1,1,0,1,0,0,0,0,0]]"
8,65,-0.019469522338798912,0.019469522338798912,"[[1,1,0,0,0,0,0,0,1,0],[1,1,1,0,1,0,0,0,0,1]]"
8,66,-0.020397291396571933,0.020397291396571933,"[[1,1,0,0,0,0,0,0,1,0],[1,1,1,0,1,0,0,0,1,0]]"
8,67,-0.02033430650978925,0.02033430650978925,"[[1,1,0,0,0,0,0,0,1,0],[1,1,1,0,1,0,0,0,1,1]]"
8,68,-0.023277434378484046,0.023277434378484046,"[[1,1,0,0,0,0,0,0,1,0],[1,1,1,0,1,0,0,1,0,0]]"
8,69,-0.023200485445416894,0.023200485445416894,"[[1,1,0,0,0,0,0,0,1,0],[1,1,1,0,1,0,0,1,0,1]]"
8,70,-0.02422787435358313,0.02422787435358313,"[[1,1,0,0,0,0,0,0,1,0],[1,1,1,0,1,0,0,1,1,0]]"
8,71,-0.024149927733037223,0.024149927733037223,"[[1,1,0,0,0,0,0,0,1,0],[1,1,1,0,1,0,0,1,1,1]]"
8,72,-0.028828928559913876,0.028828928559913876,"[[1,1,0,0,0,0,0,0,1,0],[1,1,1,0,1,0,1,0,0,0]]"
8,73,-0.028745530665967745,0.028745530665967745,"[[1,1,0,0,0,0,0,0,1,0],[1,1,1,0,1,0,1,0,0,1]]"
8,74,-0.02991804643404772,0.02991804643404772,"[[1,1,0,0,0,0,0,0,1,0],[1,1,1,0,1,0,1,0,1,0]]"
8,75,-0.02983295935335394,0.02983295935335394,"[[1,1,0,0,0,0,0,0,1,0],[1,1,1,0,1,0,1,0,1,1]]"
8,76,-0.03346556315526894,0.03346556315526894,"[[1,1,0,0,0,0,0,0,1,0],[1,1,1,0,1,0,1,1,0,0]]"
8,77,-0.033366525909529765,0.033366525909529765,"[[1,1,0,0,0,0,0,0,1,0],[1,1,1,0,1,0,1,1,0,1]]"
8,78,-0.03466098732077128,0.03466098732077128,"[[1,1,0,0,0,0,0,0,1,0],[1,1,1,0,1,0,1,1,1,0]]"
8,79,-0.034560253227832426,0.034560253227832426,"[[1,1,0,0,0,0,0,0,1,0],[1,1,1,0,1,0,1,1,1,1]]"
8,80,-0.0319625904354869,0.0319625904354869,"[[1,1,0,0,0,0,0,0,1,0],[1,1,1,0,1,1,0,0,0,0]]"
8,81,-0.031839494984223914,0.031839494984223914,"[[1,1,0,0,0,0,0,0,1,0],[1,1,1,0,1,1,0,0,0,1]]"
8,82,-0.03315463234371697,0.03315463234371697,"[[1,1,0,0,0,0,0,0,1,0],[1,1,1,0,1,1,0,0,1,0]]"
8,83,-0.03302970527423141,0.03302970527423141,"[[1,1,0,0,0,0,0,0,1,0],[1,1,1,0,1,1,0,0,1,1]]"
8,84,-0.03703973486536478,0.03703973486536478,"[[1,1,0,0,0,0,0,0,1,0],[1,1,1,0,1,1,0,1,0,0]]"
8,85,-0.036903538999218784,0.036903538999218784,"[[1,1,0,0,0,0,0,0,1,0],[1,1,1,0,1,1,0,1,0,1]]"
8,86,-0.03816580913419347,0.03816580913419347,"[[1,1,0,0,0,0,0,0,1,0],[1,1,1,0,1,1,0,1,1,0]]"
8,87,-0.038030012559215634,0.038030012559215634,"[[1,1,0,0,0,0,0,0,1,0],[1,1,1,0,1,1,0,1,1,1]]"
8,88,-0.04455648922054932,0.04455648922054932,"[[1,1,0,0,0,0,0,0,1,0],[1,1,1,0,1,1,1,0,0,0]]"
8,89,-0.04440778761185764,0.04440778761185764,"[[1,1,0,0,0,0,0,0,1,0],[1,1,1,0,1,1,1,0,0,1]]"
8,90,-0.045990962034360795,0.045990962034360795,"[[1,1,0,0,0,0,0,0,1,0],[1,1,1,0,1,1,1,0,1,0]]"
8,91,-0.04584056305257915,0.04584056305257915,"[[1,1,0,0,0,0,0,0,1,0],[1,1,1,0,1,1,1,0,1,1]]"
8,92,-0.0506757188216619,0.0506757188216619,"[[1,1,0,0,0,0,0,0,1,0],[1,1,1,0,1,1,1,1,0,0]]"
8,93,-0.05051062076941996,0.05051062076941996,"[[1,1,0,0,0,0,0,0,1,0],[1,1,1,0,1,1,1,1,0,1]]"
8,94,-0.052002814097324095,0.052002814097324095,"[[1,1,0,0,0,0,0,0,1,0],[1,1,1,0,1,1,1,1,1,0]]"
8,95,-0.051832196518040344,0.051832196518040344,"[[1,1,0,0,0,0,0,0,1,0],[1,1,1,0,1,1,1,1,1,1]]"
8,96,-0.019551910482166833,0.019551910482166833,"[[1,1,0,0,0,0,0,0,1,1],[1,1,1,0,1,0,0,0,0,0]]"
8,97,-0.01948922624567144,0.01948922624567144,"[[1,1,0,0,0,0,0,0,1,1],[1,1,1,0,1,0,0,0,0,1]]"
8,98,-0.02041637909137079,0.02041637909137079,"[[1,1,0,0,0,0,0,0,1,1],[1,1,1,0,1,0,0,0,1,0]]"
8,99,-0.02035181253162483,0.02035181253162483,"[[1,1,0,0,0,0,0,0,1,1],[1,1,1,0,1,0,0,0,1,1]]"
8,100,-0.023293012819718236,0.023293012819718236,"[[1,1,0,0,0,0,0,0,1,1],[1,1,1,0,1,0,0,1,0,0]]"
8,101,-0.02321382113306785,0.02321382113306785,"[[1,1,0,0,0,0,0,0,1,1],[1,1,1,0,1,0,0,1,0,1]]"
8,102,-0.024240225605322865,0.024240225605322865,"[[1,1,0,0,0,0,0,0,1,1],[1,1,1,0,1,0,0,1,1,0]]"
8,103,-0.024161721572205884,0.024161721572205884,"[[1,1,0,0,0,0,0,0,1,1],[1,1,1,0,1,0,0,1,1,1]]"
8,104,-0.028831810643414776,0.028831810643414776,"[[1,1,0,0,0,0,0,0,1,1],[1,1,1,0,1,0,1,0,0,0]]"
8,105,-0.028736034185657785,0.028736034185657785,"[[1,1,0,0,0,0,0,0,1,1],[1,1,1,0,1,0,1,0,0,1]]"
8,106,-0.02991661557048072,0.02991661557048072,"[[1,1,0,0,0,0,0,0,1,1],[1,1,1,0,1,0,1,0,1,0]]"
8,107,-0.029818746576575586,0.029818746576575586,"[[1,1,0,0,0,0,0,0,1,1],[1,1,1,0,1,0,1,0,1,1]]"
8,108,-0.03347665099893364,0.03347665099893364,"[[1,1,0,0,0,0,0,0,1,1],[1,1,1,0,1,0,1,1,0,0]]"
8,109,-0.033374142755451724,0.033374142755451724,"[[1,1,0,0,0,0,0,0,1,1],[1,1,1,0,1,0,1,1,0,1]]"
8,110,-0.034665747634416454,0.034665747634416454,"[[1,1,0,0,0,0,0,0,1,1],[1,1,1,0,1,0,1,1,1,0]]"
8,111,-0.03456567587257497,0.03456567587257497,"[[1,1,0,0,0,0,0,0,1,1],[1,1,1,0,1,0,1,1,1,1]]"
8,112,-0.0319598001045202,0.0319598001045202,"[[1,1,0,0,0,0,0,0,1,1],[1,1,1,0,1,1,0,0,0,0]]"
8,113,-0.03183221448655969,0.03183221448655969,"[[1,1,0,0,0,0,0,0,1,1],[1,1,1,0,1,1,0,0,0,1]]"
8,114,-0.03314990435542765,0.03314990435542765,"[[1,1,0,0,0,0,0,0,1,1],[1,1,1,0,1,1,0,0,1,0]]"
8,115,-0.033020300967851676,0.033020300967851676,"[[1,1,0,0,0,0,0,0,1,1],[1,1,1,0,1,1,0,0,1,1]]"
8,116,-0.03703119474341694,0.03703119474341694,"[[1,1,0,0,0,0,0,0,1,1],[1,1,1,0,1,1,0,1,0,0]]"
8,117,-0.036889637033588066,0.036889637033588066,"[[1,1,0,0,0,0,0,0,1,1],[1,1,1,0,1,1,0,1,0,1]]"
8,118,-0.03815711376124629,0.03815711376124629,"[[1,1,0,0,0,0,0,0,1,1],[1,1,1,0,1,1,0,1,1,0]]"
8,119,-0.038015882199657756,0.038015882199657756,"[[1,1,0,0,0,0,0,0,1,1],[1,1,1,0,1,1,0,1,1,1]]"
8,120,-0.04454475626100568,0.04454475626100568,"[[1,1,0,0,0,0,0,0,1,1],[1,1,1,0,1,1,1,0,0,0]]"
8,121,-0.04439000939186001,0.04439000939186001,"[[1,1,0,0,0,0,0,0,1,1],[1,1,1,0,1,1,1,0,0,1]]"
8,122,-0.04597722097181525,0.04597722097181525,"[[1,1,0,0,0,0,0,0,1,1],[1,1,1,0,1,1,1,0,1,0]]"
8,123,-0.04582060595999268,0.04582060595999268,"[[1,1,0,0,0,0,0,0,1,1],[1,1,1,0,1,1,1,0,1,1]]"
8,124,-0.05065848889705169,0.05065848889705169,"[[1,1,0,0,0,0,0,0,1,1],[1,1,1,0,1,1,1,1,0,0]]"
8,125,-0.050486459717142586,0.050486459717142586,"[[1,1,0,0,0,0,0,0,1,1],[1,1,1,0,1,1,1,1,0,1]]"
8,126,-0.05198541772227255,0.05198541772227255,"[[1,1,0,0,0,0,0,0,1,1],[1,1,1,0,1,1,1,1,1,0]]"
8,127,-0.05180683153376007,0.05180683153376007,"[[1,1,0,0,0,0,0,0,1,1],[1,1,1,0,1,1,1,1,1,1]]"
8,128,-0.01610775887202579,0.01610775887202579,"[[1,1,0,0,0,0,0,1,0,0],[1,1,1,0,1,0,0,0,0,0]]"
8,129,-0.015975501905144712,0.015975501905144712,"[[1,1,0,0,0,0,0,1,0,0],[1,1,1,0,1,0,0,0,0,1]]"
8,130,-0.016399123962829196,0.016399123962829196,"[[1,1,0,0,0,0,0,1,0,0],[1,1,1,0,1,0,0,0,1,0]]"
8,131,-0.016333210310547696,0.016333210310547696,"[[1,1,0,0,0,0,0,1,0,0],[1,1,1,0,1,0,0,0,1,1]]"
8,132,-0.019578039886735996,0.019578039886735996,"[[1,1,0,0,0,0,0,1,0,0],[1,1,1,0,1,0,0,1,0,0]]"
8,133,-0.019513563910824615,0.019513563910824615,"[[1,1,0,0,0,0,0,1,0,0],[1,1,1,0,1,0,0,1,0,1]]"
8,134,-0.020259324242996347,0.020259324242996347,"[[1,1,0,0,0,0,0,1,0,0],[1,1,1,0,1,0,0,1,1,0]]"
8,135,-0.020195296308202323,0.020195296308202323,"[[1,1,0,0,0,0,0,1,0,0],[1,1,1,0,1,0,0,1,1,1]]"
8,136,-0.0244305278719589,0.0244305278719589,"[[1,1,0,0,0,0,0,1,0,0],[1,1,1,0,1,0,1,0,0,0]]"
8,137,-0.0242680653676747,0.0242680653676747,"[[1,1,0,0,0,0,0,1,0,0],[1,1,1,0,1,0,1,0,0,1]]"
8,138,-0.024810166737691843,0.024810166737691843,"[[1,1,0,0,0,0,0,1,0,0],[1,1,1,0,1,0,1,0,1,0]]"
8,139,-0.024713037652856516,0.024713037652856516,"[[1,1,0,0,0,0,0,1,0,0],[1,1,1,0,1,0,1,0,1,1]]"
8,140,-0.02894853379529899,0.02894853379529899,"[[1,1,0,0,0,0,0,1,0,0],[1,1,1,0,1,0,1,1,0,0]]"
8,141,-0.028858468380672804,0.028858468380672804,"[[1,1,0,0,0,0,0,1,0,0],[1,1,1,0,1,0,1,1,0,1]]"
8,142,-0.02981287447380689,0.02981287447380689,"[[1,1,0,0,0,0,0,1,0,0],[1,1,1,0,1,0,1,1,1,0]]"
8,143,-0.029721254132131968,0.029721254132131968,"[[1,1,0,0,0,0,0,1,0,0],[1,1,1,0,1,0,1,1,1,1]]"
8,144,-0.027484119556318135,0.027484119556318135,"[[1,1,0,0,0,0,0,1,0,0],[1,1,1,0,1,1,0,0,0,0]]"
8,145,-0.027240868750307165,0.027240868750307165,"[[1,1,0,0,0,0,0,1,0,0],[1,1,1,0,1,1,0,0,0,1]]"
8,146,-0.027746152354561744,0.027746152354561744,"[[1,1,0,0,0,0,0,1,0,0],[1,1,1,0,1,1,0,0,1,0]]"
8,147,-0.027609748387233048,0.027609748387233048,"[[1,1,0,0,0,0,0,1,0,0],[1,1,1,0,1,1,0,0,1,1]]"
8,148,-0.03205700780724268,0.03205700780724268,"[[1,1,0,0,0,0,0,1,0,0],[1,1,1,0,1,1,0,1,0,0]]"
8,149,-0.031933646389075566,0.031933646389075566,"[[1,1,0,0,0,0,0,1,0,0],[1,1,1,0,1,1,0,1,0,1]]"
8,150,-0.03299808958319116,0.03299808958319116,"[[1,1,0,0,0,0,0,1,0,0],[1,1,1,0,1,1,0,1,1,0]]"
8,151,-0.03287518313561214,0.03287518313561214,"[[1,1,0,0,0,0,0,1,0,0],[1,1,1,0,1,1,0,1,1,1]]"
8,152,-0.03890639407765853,0.03890639407765853,"[[1,1,0,0,0,0,0,1,0,0],[1,1,1,0,1,1,1,0,0,0]]"
8,153,-0.038645515069500036,0.038645515069500036,"[[1,1,0,0,0,0,0,1,0,0],[1,1,1,0,1,1,1,0,0,1]]"
8,154,-0.03927243986828049,0.03927243986828049,"[[1,1,0,0,0,0,0,1,0,0],[1,1,1,0,1,1,1,0,1,0]]"
8,155,-0.039102324005134276,0.039102324005134276,"[[1,1,0,0,0,0,0,1,0,0],[1,1,1,0,1,1,1,0,1,1]]"
8,156,-0.044676125203513405,0.044676125203513405,"[[1,1,0,0,0,0,0,1,0,0],[1,1,1,0,1,1,1,1,0,0]]"
8,157,-0.044524944834861684,0.044524944834861684,"[[1,1,0,0,0,0,0,1,0,0],[1,1,1,0,1,1,1,1,0,1]]"
8,158,-0.04580938488055647,0.04580938488055647,"[[1,1,0,0,0,0,0,1,0,0],[1,1,1,0,1,1,1,1,1,0]]"
8,159,-0.04565865725501784,0.04565865725501784,"[[1,1,0,0,0,0,0,1,0,0],[1,1,1,0,1,1,1,1,1,1]]"
8,160,-0.016127829372413485,0.016127829372413485,"[[1,1,0,0,0,0,0,1,0,1],[1,1,1,0,1,0,0,0,0,0]]"
8,161,-0.01598163940089577,0.01598163940089577,"[[1,1,0,0,0,0,0,1,0,1],[1,1,1,0,1,0,0,0,0,1]]"
8,162,-0.01641131829587631,0.01641131829587631,"[[1,1,0,0,0,0,0,1,0,1],[1,1,1,0,1,0,0,0,1,0]]"
8,163,-0.01634189679427015,0.01634189679427015,"[[1,1,0,0,0,0,0,1,0,1],[1,1,1,0,1,0,0,0,1,1]]"
8,164,-0.019597564627495373,0.019597564627495373,"[[1,1,0,0,0,0,0,1,0,1],[1,1,1,0,1,0,0,1,0,0]]"
8,165,-0.019526736139852275,0.019526736139852275,"[[1,1,0,0,0,0,0,1,0,1],[1,1,1,0,1,0,0,1,0,1]]"
8,166,-0.02027868684927904,0.02027868684927904,"[[1,1,0,0,0,0,0,1,0,1],[1,1,1,0,1,0,0,1,1,0]]"
8,167,-0.020206485349413616,0.020206485349413616,"[[1,1,0,0,0,0,0,1,0,1],[1,1,1,0,1,0,0,1,1,1]]"
8,168,-0.02444244569587964,0.02444244569587964,"[[1,1,0,0,0,0,0,1,0,1],[1,1,1,0,1,0,1,0,0,0]]"
8,169,-0.02426522204561198,0.02426522204561198,"[[1,1,0,0,0,0,0,1,0,1],[1,1,1,0,1,0,1,0,0,1]]"
8,170,-0.02481204728807424,0.02481204728807424,"[[1,1,0,0,0,0,0,1,0,1],[1,1,1,0,1,0,1,0,1,0]]"
8,171,-0.024705570464910242,0.024705570464910242,"[[1,1,0,0,0,0,0,1,0,1],[1,1,1,0,1,0,1,0,1,1]]"
8,172,-0.028938904162876002,0.028938904162876002,"[[1,1,0,0,0,0,0,1,0,1],[1,1,1,0,1,0,1,1,0,0]]"
8,173,-0.028838706406648804,0.028838706406648804,"[[1,1,0,0,0,0,0,1,0,1],[1,1,1,0,1,0,1,1,0,1]]"
8,174,-0.029801086225263732,0.029801086225263732,"[[1,1,0,0,0,0,0,1,0,1],[1,1,1,0,1,0,1,1,1,0]]"
8,175,-0.029701198009159668,0.029701198009159668,"[[1,1,0,0,0,0,0,1,0,1],[1,1,1,0,1,0,1,1,1,1]]"
8,176,-0.027505788453473574,0.027505788453473574,"[[1,1,0,0,0,0,0,1,0,1],[1,1,1,0,1,1,0,0,0,0]]"
8,177,-0.027242206006276515,0.027242206006276515,"[[1,1,0,0,0,0,0,1,0,1],[1,1,1,0,1,1,0,0,0,1]]"
8,178,-0.027748213289573706,0.027748213289573706,"[[1,1,0,0,0,0,0,1,0,1],[1,1,1,0,1,1,0,0,1,0]]"
8,179,-0.027604941723640804,0.027604941723640804,"[[1,1,0,0,0,0,0,1,0,1],[1,1,1,0,1,1,0,0,1,1]]"
8,180,-0.03205177227745502,0.03205177227745502,"[[1,1,0,0,0,0,0,1,0,1],[1,1,1,0,1,1,0,1,0,0]]"
8,181,-0.031923665251469675,0.031923665251469675,"[[1,1,0,0,0,0,0,1,0,1],[1,1,1,0,1,1,0,1,0,1]]"
8,182,-0.032992695207548065,0.032992695207548065,"[[1,1,0,0,0,0,0,1,0,1],[1,1,1,0,1,1,0,1,1,0]]"
8,183,-0.032864898214811394,0.032864898214811394,"[[1,1,0,0,0,0,0,1,0,1],[1,1,1,0,1,1,0,1,1,1]]"
8,184,-0.03890544250026606,0.03890544250026606,"[[1,1,0,0,0,0,0,1,0,1],[1,1,1,0,1,1,1,0,0,0]]"
8,185,-0.038609139810800594,0.038609139810800594,"[[1,1,0,0,0,0,0,1,0,1],[1,1,1,0,1,1,1,0,0,1]]"
8,186,-0.03924515324782405,0.03924515324782405,"[[1,1,0,0,0,0,0,1,0,1],[1,1,1,0,1,1,1,0,1,0]]"
8,187,-0.03905922172947427,0.03905922172947427,"[[1,1,0,0,0,0,0,1,0,1],[1,1,1,0,1,1,1,0,1,1]]"
8,188,-0.04466313309479628,0.04466313309479628,"[[1,1,0,0,0,0,0,1,0,1],[1,1,1,0,1,1,1,1,0,0]]"
8,189,-0.044505687482821986,0.044505687482821986,"[[1,1,0,0,0,0,0,1,0,1],[1,1,1,0,1,1,1,1,0,1]]"
8,190,-0.045796228620789546,0.045796228620789546,"[[1,1,0,0,0,0,0,1,0,1],[1,1,1,0,1,1,1,1,1,0]]"
8,191,-0.045637651085072235,0.045637651085072235,"[[1,1,0,0,0,0,0,1,0,1],[1,1,1,0,1,1,1,1,1,1]]"
8,192,-0.015150123005627054,0.015150123005627054,"[[1,1,0,0,0,0,0,1,1,0],[1,1,1,0,1,0,0,0,0,0]]"
8,193,-0.015053021653161936,0.015053021653161936,"[[1,1,0,0,0,0,0,1,1,0],[1,1,1,0,1,0,0,0,0,1]]"
8,194,-0.01563150710939761,0.01563150710939761,"[[1,1,0,0,0,0,0,1,1,0],[1,1,1,0,1,0,0,0,1,0]]"
8,195,-0.015575767027298501,0.015575767027298501,"[[1,1,0,0,0,0,0,1,1,0],[1,1,1,0,1,0,0,0,1,1]]"
8,196,-0.0185712505892175,0.0185712505892175,"[[1,1,0,0,0,0,0,1,1,0],[1,1,1,0,1,0,0,1,0,0]]"
8,197,-0.018512962270473124,0.018512962270473124,"[[1,1,0,0,0,0,0,1,1,0],[1,1,1,0,1,0,0,1,0,1]]"
8,198,-0.019415600161390458,0.019415600161390458,"[[1,1,0,0,0,0,0,1,1,0],[1,1,1,0,1,0,0,1,1,0]]"
8,199,-0.01935562820648297,0.01935562820648297,"[[1,1,0,0,0,0,0,1,1,0],[1,1,1,0,1,0,0,1,1,1]]"
8,200,-0.023205734184096785,0.023205734184096785,"[[1,1,0,0,0,0,0,1,1,0],[1,1,1,0,1,0,1,0,0,0]]"
8,201,-0.023091008271191794,0.023091008271191794,"[[1,1,0,0,0,0,0,1,1,0],[1,1,1,0,1,0,1,0,0,1]]"
8,202,-0.02386878534432246,0.02386878534432246,"[[1,1,0,0,0,0,0,1,1,0],[1,1,1,0,1,0,1,0,1,0]]"
8,203,-0.0237844120517393,0.0237844120517393,"[[1,1,0,0,0,0,0,1,1,0],[1,1,1,0,1,0,1,0,1,1]]"
8,204,-0.027672789476057467,0.027672789476057467,"[[1,1,0,0,0,0,0,1,1,0],[1,1,1,0,1,0,1,1,0,0]]"
8,205,-0.02759167770548679,0.02759167770548679,"[[1,1,0,0,0,0,0,1,1,0],[1,1,1,0,1,0,1,1,0,1]]"
8,206,-0.028742260374338368,0.028742260374338368,"[[1,1,0,0,0,0,0,1,1,0],[1,1,1,0,1,0,1,1,1,0]]"
8,207,-0.0286594573252895,0.0286594573252895,"[[1,1,0,0,0,0,0,1,1,0],[1,1,1,0,1,0,1,1,1,1]]"
8,208,-0.026073459833439703,0.026073459833439703,"[[1,1,0,0,0,0,0,1,1,0],[1,1,1,0,1,1,0,0,0,0]]"
8,209,-0.025876841006775435,0.025876841006775435,"[[1,1,0,0,0,0,0,1,1,0],[1,1,1,0,1,1,0,0,0,1]]"
8,210,-0.026618591632424873,0.026618591632424873,"[[1,1,0,0,0,0,0,1,1,0],[1,1,1,0,1,1,0,0,1,0]]"
8,211,-0.02648722747772179,0.02648722747772179,"[[1,1,0,0,0,0,0,1,1,0],[1,1,1,0,1,1,0,0,1,1]]"
8,212,-0.030653969968498455,0.030653969968498455,"[[1,1,0,0,0,0,0,1,1,0],[1,1,1,0,1,1,0,1,0,0]]"
8,213,-0.030536817533886138,0.030536817533886138,"[[1,1,0,0,0,0,0,1,1,0],[1,1,1,0,1,1,0,1,0,1]]"
8,214,-0.03171508413235302,0.03171508413235302,"[[1,1,0,0,0,0,0,1,1,0],[1,1,1,0,1,1,0,1,1,0]]"
8,215,-0.03159770994355186,0.03159770994355186,"[[1,1,0,0,0,0,0,1,1,0],[1,1,1,0,1,1,0,1,1,1]]"
8,216,-0.03718507773996837,0.03718507773996837,"[[1,1,0,0,0,0,0,1,1,0],[1,1,1,0,1,1,1,0,0,0]]"
8,217,-0.03697850925647738,0.03697850925647738,"[[1,1,0,0,0,0,0,1,1,0],[1,1,1,0,1,1,1,0,0,1]]"
8,218,-0.03795475862817829,0.03795475862817829,"[[1,1,0,0,0,0,0,1,1,0],[1,1,1,0,1,1,1,0,1,0]]"
8,219,-0.037789604533879036,0.037789604533879036,"[[1,1,0,0,0,0,0,1,1,0],[1,1,1,0,1,1,1,0,1,1]]"
8,220,-0.04298584814358257,0.04298584814358257,"[[1,1,0,0,0,0,0,1,1,0],[1,1,1,0,1,1,1,1,0,0]]"
8,221,-0.042840871517589287,0.042840871517589287,"[[1,1,0,0,0,0,0,1,1,0],[1,1,1,0,1,1,1,1,0,1]]"
8,222,-0.044357952692121325,0.044357952692121325,"[[1,1,0,0,0,0,0,1,1,0],[1,1,1,0,1,1,1,1,1,0]]"
8,223,-0.044211678331087995,0.044211678331087995,"[[1,1,0,0,0,0,0,1,1,0],[1,1,1,0,1,1,1,1,1,1]]"
8,224,-0.015191889314098237,0.015191889314098237,"[[1,1,0,0,0,0,0,1,1,1],[1,1,1,0,1,0,0,0,0,0]]"
8,225,-0.015084300498268345,0.015084300498268345,"[[1,1,0,0,0,0,0,1,1,1],[1,1,1,0,1,0,0,0,0,1]]"
8,226,-0.01566529974951606,0.01566529974951606,"[[1,1,0,0,0,0,0,1,1,1],[1,1,1,0,1,0,0,0,1,0]]"
8,227,-0.01561799375483305,0.01561799375483305,"[[1,1,0,0,0,0,0,1,1,1],[1,1,1,0,1,0,0,0,1,1]]"
8,228,-0.018592417442901073,0.018592417442901073,"[[1,1,0,0,0,0,0,1,1,1],[1,1,1,0,1,0,0,1,0,0]]"
8,229,-0.018532824569224154,0.018532824569224154,"[[1,1,0,0,0,0,0,1,1,1],[1,1,1,0,1,0,0,1,0,1]]"
8,230,-0.019434771385210943,0.019434771385210943,"[[1,1,0,0,0,0,0,1,1,1],[1,1,1,0,1,0,0,1,1,0]]"
8,231,-0.019377787564672948,0.019377787564672948,"[[1,1,0,0,0,0,0,1,1,1],[1,1,1,0,1,0,0,1,1,1]]"
8,232,-0.02322980837265371,0.02322980837265371,"[[1,1,0,0,0,0,0,1,1,1],[1,1,1,0,1,0,1,0,0,0]]"
8,233,-0.02309236437475315,0.02309236437475315,"[[1,1,0,0,0,0,0,1,1,1],[1,1,1,0,1,0,1,0,0,1]]"
8,234,-0.02387686931775239,0.02387686931775239,"[[1,1,0,0,0,0,0,1,1,1],[1,1,1,0,1,0,1,0,1,0]]"
8,235,-0.023775588948360956,0.023775588948360956,"[[1,1,0,0,0,0,0,1,1,1],[1,1,1,0,1,0,1,0,1,1]]"
8,236,-0.0276891376052042,0.0276891376052042,"[[1,1,0,0,0,0,0,1,1,1],[1,1,1,0,1,0,1,1,0,0]]"
8,237,-0.02760503070390006,0.02760503070390006,"[[1,1,0,0,0,0,0,1,1,1],[1,1,1,0,1,0,1,1,0,1]]"
8,238,-0.028756597003920623,0.028756597003920623,"[[1,1,0,0,0,0,0,1,1,1],[1,1,1,0,1,0,1,1,1,0]]"
8,239,-0.02866858152183896,0.02866858152183896,"[[1,1,0,0,0,0,0,1,1,1],[1,1,1,0,1,0,1,1,1,1]]"
8,240,-0.026096550766837492,0.026096550766837492,"[[1,1,0,0,0,0,0,1,1,1],[1,1,1,0,1,1,0,0,0,0]]"
8,241,-0.025881465449233643,0.025881465449233643,"[[1,1,0,0,0,0,0,1,1,1],[1,1,1,0,1,1,0,0,0,1]]"
8,242,-0.026620569251663527,0.026620569251663527,"[[1,1,0,0,0,0,0,1,1,1],[1,1,1,0,1,1,0,0,1,0]]"
8,243,-0.026485477727912054,0.026485477727912054,"[[1,1,0,0,0,0,0,1,1,1],[1,1,1,0,1,1,0,0,1,1]]"
8,244,-0.030650387910886354,0.030650387910886354,"[[1,1,0,0,0,0,0,1,1,1],[1,1,1,0,1,1,0,1,0,0]]"
8,245,-0.030528817602374074,0.030528817602374074,"[[1,1,0,0,0,0,0,1,1,1],[1,1,1,0,1,1,0,1,0,1]]"
8,246,-0.031710793963491704,0.031710793963491704,"[[1,1,0,0,0,0,0,1,1,1],[1,1,1,0,1,1,0,1,1,0]]"
8,247,-0.03158889624117795,0.03158889624117795,"[[1,1,0,0,0,0,0,1,1,1],[1,1,1,0,1,1,0,1,1,1]]"
8,248,-0.03720670399218134,0.03720670399218134,"[[1,1,0,0,0,0,0,1,1,1],[1,1,1,0,1,1,1,0,0,0]]"
8,249,-0.036976225688275195,0.036976225688275195,"[[1,1,0,0,0,0,0,1,1,1],[1,1,1,0,1,1,1,0,0,1]]"
8,250,-0.037950363767213724,0.037950363767213724,"[[1,1,0,0,0,0,0,1,1,1],[1,1,1,0,1,1,1,0,1,0]]"
8,251,-0.0377800326578521,0.0377800326578521,"[[1,1,0,0,0,0,0,1,1,1],[1,1,1,0,1,1,1,0,1,1]]"
8,252,-0.0429745087405525,0.0429745087405525,"[[1,1,0,0,0,0,0,1,1,1],[1,1,1,0,1,1,1,1,0,0]]"
8,253,-0.042823599976424355,0.042823599976424355,"[[1,1,0,0,0,0,0,1,1,1],[1,1,1,0,1,1,1,1,0,1]]"
8,254,-0.0443449613662956,0.0443449613662956,"[[1,1,0,0,0,0,0,1,1,1],[1,1,1,0,1,1,1,1,1,0]]"
8,255,-0.04419260269595733,0.04419260269595733,"[[1,1,0,0,0,0,0,1,1,1],[1,1,1,0,1,1,1,1,1,1]]"
8,256,-0.01314792472189164,0.01314792472189164,"[[1,1,0,0,0,0,1,0,0,0],[1,1,1,0,1,0,0,0,0,0]]"
8,257,-0.013094431500661457,0.013094431500661457,"[[1,1,0,0,0,0,1,0,0,0],[1,1,1,0,1,0,0,0,0,1]]"
8,258,-0.013939571429224315,0.013939571429224315,"[[1,1,0,0,0,0,1,0,0,0],[1,1,1,0,1,0,0,0,1,0]]"
8,259,-0.013872167766438546,0.013872167766438546,"[[1,1,0,0,0,0,1,0,0,0],[1,1,1,0,1,0,0,0,1,1]]"
8,260,-0.017121750215079997,0.017121750215079997,"[[1,1,0,0,0,0,1,0,0,0],[1,1,1,0,1,0,0,1,0,0]]"
8,261,-0.01704869678949806,0.01704869678949806,"[[1,1,0,0,0,0,1,0,0,0],[1,1,1,0,1,0,0,1,0,1]]"
8,262,-0.017837499914869832,0.017837499914869832,"[[1,1,0,0,0,0,1,0,0,0],[1,1,1,0,1,0,0,1,1,0]]"
8,263,-0.017764202305936526,0.017764202305936526,"[[1,1,0,0,0,0,1,0,0,0],[1,1,1,0,1,0,0,1,1,1]]"
8,264,-0.02149462102668779,0.02149462102668779,"[[1,1,0,0,0,0,1,0,0,0],[1,1,1,0,1,0,1,0,0,0]]"
8,265,-0.02141375164487339,0.02141375164487339,"[[1,1,0,0,0,0,1,0,0,0],[1,1,1,0,1,0,1,0,0,1]]"
8,266,-0.022291184496629445,0.022291184496629445,"[[1,1,0,0,0,0,1,0,0,0],[1,1,1,0,1,0,1,0,1,0]]"
8,267,-0.022211532689169047,0.022211532689169047,"[[1,1,0,0,0,0,1,0,0,0],[1,1,1,0,1,0,1,0,1,1]]"
8,268,-0.026069592675200925,0.026069592675200925,"[[1,1,0,0,0,0,1,0,0,0],[1,1,1,0,1,0,1,1,0,0]]"
8,269,-0.025968322534723393,0.025968322534723393,"[[1,1,0,0,0,0,1,0,0,0],[1,1,1,0,1,0,1,1,0,1]]"
8,270,-0.02690997566370047,0.02690997566370047,"[[1,1,0,0,0,0,1,0,0,0],[1,1,1,0,1,0,1,1,1,0]]"
8,271,-0.026809285532711037,0.026809285532711037,"[[1,1,0,0,0,0,1,0,0,0],[1,1,1,0,1,0,1,1,1,1]]"
8,272,-0.024730260525356117,0.024730260525356117,"[[1,1,0,0,0,0,1,0,0,0],[1,1,1,0,1,1,0,0,0,0]]"
8,273,-0.02460493259970855,0.02460493259970855,"[[1,1,0,0,0,0,1,0,0,0],[1,1,1,0,1,1,0,0,0,1]]"
8,274,-0.025643816992455114,0.025643816992455114,"[[1,1,0,0,0,0,1,0,0,0],[1,1,1,0,1,1,0,0,1,0]]"
8,275,-0.02552103186165614,0.02552103186165614,"[[1,1,0,0,0,0,1,0,0,0],[1,1,1,0,1,1,0,0,1,1]]"
8,276,-0.029715255147934452,0.029715255147934452,"[[1,1,0,0,0,0,1,0,0,0],[1,1,1,0,1,1,0,1,0,0]]"
8,277,-0.029587605884190654,0.029587605884190654,"[[1,1,0,0,0,0,1,0,0,0],[1,1,1,0,1,1,0,1,0,1]]"
8,278,-0.030572255065897634,0.030572255065897634,"[[1,1,0,0,0,0,1,0,0,0],[1,1,1,0,1,1,0,1,1,0]]"
8,279,-0.030447228671281114,0.030447228671281114,"[[1,1,0,0,0,0,1,0,0,0],[1,1,1,0,1,1,0,1,1,1]]"
8,280,-0.03529421621653015,0.03529421621653015,"[[1,1,0,0,0,0,1,0,0,0],[1,1,1,0,1,1,1,0,0,0]]"
8,281,-0.03515189502707495,0.03515189502707495,"[[1,1,0,0,0,0,1,0,0,0],[1,1,1,0,1,1,1,0,0,1]]"
8,282,-0.03628585705385999,0.03628585705385999,"[[1,1,0,0,0,0,1,0,0,0],[1,1,1,0,1,1,1,0,1,0]]"
8,283,-0.036143978365640844,0.036143978365640844,"[[1,1,0,0,0,0,1,0,0,0],[1,1,1,0,1,1,1,0,1,1]]"
8,284,-0.04088533997956679,0.04088533997956679,"[[1,1,0,0,0,0,1,0,0,0],[1,1,1,0,1,1,1,1,0,0]]"
8,285,-0.04073621640929234,0.04073621640929234,"[[1,1,0,0,0,0,1,0,0,0],[1,1,1,0,1,1,1,1,0,1]]"
8,286,-0.04195747906544132,0.04195747906544132,"[[1,1,0,0,0,0,1,0,0,0],[1,1,1,0,1,1,1,1,1,0]]"
8,287,-0.0418089760244014,0.0418089760244014,"[[1,1,0,0,0,0,1,0,0,0],[1,1,1,0,1,1,1,1,1,1]]"
8,288,-0.013161516681696094,0.013161516681696094,"[[1,1,0,0,0,0,1,0,0,1],[1,1,1,0,1,0,0,0,0,0]]"
8,289,-0.013095077647067289,0.013095077647067289,"[[1,1,0,0,0,0,1,0,0,1],[1,1,1,0,1,0,0,0,0,1]]"
8,290,-0.013930407681232573,0.013930407681232573,"[[1,1,0,0,0,0,1,0,0,1],[1,1,1,0,1,0,0,0,1,0]]"
8,291,-0.01386087116170264,0.01386087116170264,"[[1,1,0,0,0,0,1,0,0,1],[1,1,1,0,1,0,0,0,1,1]]"
8,292,-0.017115177707433045,0.017115177707433045,"[[1,1,0,0,0,0,1,0,0,1],[1,1,1,0,1,0,0,1,0,0]]"
8,293,-0.017033458780888786,0.017033458780888786,"[[1,1,0,0,0,0,1,0,0,1],[1,1,1,0,1,0,0,1,0,1]]"
8,294,-0.017829874839880973,0.017829874839880973,"[[1,1,0,0,0,0,1,0,0,1],[1,1,1,0,1,0,0,1,1,0]]"
8,295,-0.017749284997484606,0.017749284997484606,"[[1,1,0,0,0,0,1,0,0,1],[1,1,1,0,1,0,0,1,1,1]]"
8,296,-0.021489383566015024,0.021489383566015024,"[[1,1,0,0,0,0,1,0,0,1],[1,1,1,0,1,0,1,0,0,0]]"
8,297,-0.021405992458684277,0.021405992458684277,"[[1,1,0,0,0,0,1,0,0,1],[1,1,1,0,1,0,1,0,0,1]]"
8,298,-0.02228637556366697,0.02228637556366697,"[[1,1,0,0,0,0,1,0,0,1],[1,1,1,0,1,0,1,0,1,0]]"
8,299,-0.02220410017717204,0.02220410017717204,"[[1,1,0,0,0,0,1,0,0,1],[1,1,1,0,1,0,1,0,1,1]]"
8,300,-0.026049654592650982,0.026049654592650982,"[[1,1,0,0,0,0,1,0,0,1],[1,1,1,0,1,0,1,1,0,0]]"
8,301,-0.025945014096744302,0.025945014096744302,"[[1,1,0,0,0,0,1,0,0,1],[1,1,1,0,1,0,1,1,0,1]]"
8,302,-0.0268900056584324,0.0268900056584324,"[[1,1,0,0,0,0,1,0,0,1],[1,1,1,0,1,0,1,1,1,0]]"
8,303,-0.026785815150917748,0.026785815150917748,"[[1,1,0,0,0,0,1,0,0,1],[1,1,1,0,1,0,1,1,1,1]]"
8,304,-0.024693342718919733,0.024693342718919733,"[[1,1,0,0,0,0,1,0,0,1],[1,1,1,0,1,1,0,0,0,0]]"
8,305,-0.024563167473547556,0.024563167473547556,"[[1,1,0,0,0,0,1,0,0,1],[1,1,1,0,1,1,0,0,0,1]]"
8,306,-0.025608325073215595,0.025608325073215595,"[[1,1,0,0,0,0,1,0,0,1],[1,1,1,0,1,1,0,0,1,0]]"
8,307,-0.025480667458327985,0.025480667458327985,"[[1,1,0,0,0,0,1,0,0,1],[1,1,1,0,1,1,0,0,1,1]]"
8,308,-0.0297033443247576,0.0297033443247576,"[[1,1,0,0,0,0,1,0,0,1],[1,1,1,0,1,1,0,1,0,0]]"
8,309,-0.02957064661418078,0.02957064661418078,"[[1,1,0,0,0,0,1,0,0,1],[1,1,1,0,1,1,0,1,0,1]]"
8,310,-0.03056215780257957,0.03056215780257957,"[[1,1,0,0,0,0,1,0,0,1],[1,1,1,0,1,1,0,1,1,0]]"
8,311,-0.030432034586056003,0.030432034586056003,"[[1,1,0,0,0,0,1,0,0,1],[1,1,1,0,1,1,0,1,1,1]]"
8,312,-0.03525483376879931,0.03525483376879931,"[[1,1,0,0,0,0,1,0,0,1],[1,1,1,0,1,1,1,0,0,0]]"
8,313,-0.035107015900101415,0.035107015900101415,"[[1,1,0,0,0,0,1,0,0,1],[1,1,1,0,1,1,1,0,0,1]]"
8,314,-0.03624635532129963,0.03624635532129963,"[[1,1,0,0,0,0,1,0,0,1],[1,1,1,0,1,1,1,0,1,0]]"
8,315,-0.03609882987780364,0.03609882987780364,"[[1,1,0,0,0,0,1,0,0,1],[1,1,1,0,1,1,1,0,1,1]]"
8,316,-0.040854070403142186,0.040854070403142186,"[[1,1,0,0,0,0,1,0,0,1],[1,1,1,0,1,1,1,1,0,0]]"
8,317,-0.04068784078594554,0.04068784078594554,"[[1,1,0,0,0,0,1,0,0,1],[1,1,1,0,1,1,1,1,0,1]]"
8,318,-0.04192396912630999,0.04192396912630999,"[[1,1,0,0,0,0,1,0,0,1],[1,1,1,0,1,1,1,1,1,0]]"
8,319,-0.04175822329524265,0.04175822329524265,"[[1,1,0,0,0,0,1,0,0,1],[1,1,1,0,1,1,1,1,1,1]]"
8,320,-0.012354097045784057,0.012354097045784057,"[[1,1,0,0,0,0,1,0,1,0],[1,1,1,0,1,0,0,0,0,0]]"
8,321,-0.012308272603251139,0.012308272603251139,"[[1,1,0,0,0,0,1,0,1,0],[1,1,1,0,1,0,0,0,0,1]]"
8,322,-0.013274755697335274,0.013274755697335274,"[[1,1,0,0,0,0,1,0,1,0],[1,1,1,0,1,0,0,0,1,0]]"
8,323,-0.013211813267560525,0.013211813267560525,"[[1,1,0,0,0,0,1,0,1,0],[1,1,1,0,1,0,0,0,1,1]]"
8,324,-0.01610629128522515,0.01610629128522515,"[[1,1,0,0,0,0,1,0,1,0],[1,1,1,0,1,0,0,1,0,0]]"
8,325,-0.016041668245616383,0.016041668245616383,"[[1,1,0,0,0,0,1,0,1,0],[1,1,1,0,1,0,0,1,0,1]]"
8,326,-0.016909955029992974,0.016909955029992974,"[[1,1,0,0,0,0,1,0,1,0],[1,1,1,0,1,0,0,1,1,0]]"
8,327,-0.016846725284647347,0.016846725284647347,"[[1,1,0,0,0,0,1,0,1,0],[1,1,1,0,1,0,0,1,1,1]]"
8,328,-0.02049581602941584,0.02049581602941584,"[[1,1,0,0,0,0,1,0,1,0],[1,1,1,0,1,0,1,0,0,0]]"
8,329,-0.020421858679198678,0.020421858679198678,"[[1,1,0,0,0,0,1,0,1,0],[1,1,1,0,1,0,1,0,0,1]]"
8,330,-0.0214767409794973,0.0214767409794973,"[[1,1,0,0,0,0,1,0,1,0],[1,1,1,0,1,0,1,0,1,0]]"
8,331,-0.021401632937189753,0.021401632937189753,"[[1,1,0,0,0,0,1,0,1,0],[1,1,1,0,1,0,1,0,1,1]]"
8,332,-0.024854579022886444,0.024854579022886444,"[[1,1,0,0,0,0,1,0,1,0],[1,1,1,0,1,0,1,1,0,0]]"
8,333,-0.024769025969534248,0.024769025969534248,"[[1,1,0,0,0,0,1,0,1,0],[1,1,1,0,1,0,1,1,0,1]]"
8,334,-0.025822284134522103,0.025822284134522103,"[[1,1,0,0,0,0,1,0,1,0],[1,1,1,0,1,0,1,1,1,0]]"
8,335,-0.025737190903702075,0.025737190903702075,"[[1,1,0,0,0,0,1,0,1,0],[1,1,1,0,1,0,1,1,1,1]]"
8,336,-0.023508526749255316,0.023508526749255316,"[[1,1,0,0,0,0,1,0,1,0],[1,1,1,0,1,1,0,0,0,0]]"
8,337,-0.02339741628916909,0.02339741628916909,"[[1,1,0,0,0,0,1,0,1,0],[1,1,1,0,1,1,0,0,0,1]]"
8,338,-0.024606900629361855,0.024606900629361855,"[[1,1,0,0,0,0,1,0,1,0],[1,1,1,0,1,1,0,0,1,0]]"
8,339,-0.02449625650911383,0.02449625650911383,"[[1,1,0,0,0,0,1,0,1,0],[1,1,1,0,1,1,0,0,1,1]]"
8,340,-0.02801988700144014,0.02801988700144014,"[[1,1,0,0,0,0,1,0,1,0],[1,1,1,0,1,1,0,1,0,0]]"
8,341,-0.027903048736219772,0.027903048736219772,"[[1,1,0,0,0,0,1,0,1,0],[1,1,1,0,1,1,0,1,0,1]]"
8,342,-0.02903350418300505,0.02903350418300505,"[[1,1,0,0,0,0,1,0,1,0],[1,1,1,0,1,1,0,1,1,0]]"
8,343,-0.02892041950147342,0.02892041950147342,"[[1,1,0,0,0,0,1,0,1,0],[1,1,1,0,1,1,0,1,1,1]]"
8,344,-0.03386092484213899,0.03386092484213899,"[[1,1,0,0,0,0,1,0,1,0],[1,1,1,0,1,1,1,0,0,0]]"
8,345,-0.03372528491038511,0.03372528491038511,"[[1,1,0,0,0,0,1,0,1,0],[1,1,1,0,1,1,1,0,0,1]]"
8,346,-0.03510555820093698,0.03510555820093698,"[[1,1,0,0,0,0,1,0,1,0],[1,1,1,0,1,1,1,0,1,0]]"
8,347,-0.03496801649514555,0.03496801649514555,"[[1,1,0,0,0,0,1,0,1,0],[1,1,1,0,1,1,1,0,1,1]]"
8,348,-0.03898840249092759,0.03898840249092759,"[[1,1,0,0,0,0,1,0,1,0],[1,1,1,0,1,1,1,1,0,0]]"
8,349,-0.0388486016496939,0.0388486016496939,"[[1,1,0,0,0,0,1,0,1,0],[1,1,1,0,1,1,1,1,0,1]]"
8,350,-0.040157626871779754,0.040157626871779754,"[[1,1,0,0,0,0,1,0,1,0],[1,1,1,0,1,1,1,1,1,0]]"
8,351,-0.04001823105942345,0.04001823105942345,"[[1,1,0,0,0,0,1,0,1,0],[1,1,1,0,1,1,1,1,1,1]]"
8,352,-0.012371576885484728,0.012371576885484728,"[[1,1,0,0,0,0,1,0,1,1],[1,1,1,0,1,0,0,0,0,0]]"
8,353,-0.012308148913291708,0.012308148913291708,"[[1,1,0,0,0,0,1,0,1,1],[1,1,1,0,1,0,0,0,0,1]]"
8,354,-0.013265939396364864,0.013265939396364864,"[[1,1,0,0,0,0,1,0,1,1],[1,1,1,0,1,0,0,0,1,0]]"
8,355,-0.013201188746473658,0.013201188746473658,"[[1,1,0,0,0,0,1,0,1,1],[1,1,1,0,1,0,0,0,1,1]]"
8,356,-0.01611966688580632,0.01611966688580632,"[[1,1,0,0,0,0,1,0,1,1],[1,1,1,0,1,0,0,1,0,0]]"
8,357,-0.01605322455758706,0.01605322455758706,"[[1,1,0,0,0,0,1,0,1,1],[1,1,1,0,1,0,0,1,0,1]]"
8,358,-0.01692411676262911,0.01692411676262911,"[[1,1,0,0,0,0,1,0,1,1],[1,1,1,0,1,0,0,1,1,0]]"
8,359,-0.01685816053826618,0.01685816053826618,"[[1,1,0,0,0,0,1,0,1,1],[1,1,1,0,1,0,0,1,1,1]]"
8,360,-0.020493406099365393,0.020493406099365393,"[[1,1,0,0,0,0,1,0,1,1],[1,1,1,0,1,0,1,0,0,0]]"
8,361,-0.020417303106046118,0.020417303106046118,"[[1,1,0,0,0,0,1,0,1,1],[1,1,1,0,1,0,1,0,0,1]]"
8,362,-0.021472219264500447,0.021472219264500447,"[[1,1,0,0,0,0,1,0,1,1],[1,1,1,0,1,0,1,0,1,0]]"
8,363,-0.021394813065952988,0.021394813065952988,"[[1,1,0,0,0,0,1,0,1,1],[1,1,1,0,1,0,1,0,1,1]]"
8,364,-0.024850060307948833,0.024850060307948833,"[[1,1,0,0,0,0,1,0,1,1],[1,1,1,0,1,0,1,1,0,0]]"
8,365,-0.024752447582989966,0.024752447582989966,"[[1,1,0,0,0,0,1,0,1,1],[1,1,1,0,1,0,1,1,0,1]]"
8,366,-0.02581526953667842,0.02581526953667842,"[[1,1,0,0,0,0,1,0,1,1],[1,1,1,0,1,0,1,1,1,0]]"
8,367,-0.025717764670983845,0.025717764670983845,"[[1,1,0,0,0,0,1,0,1,1],[1,1,1,0,1,0,1,1,1,1]]"
8,368,-0.023488656389590617,0.023488656389590617,"[[1,1,0,0,0,0,1,0,1,1],[1,1,1,0,1,1,0,0,0,0]]"
8,369,-0.023365780529900255,0.023365780529900255,"[[1,1,0,0,0,0,1,0,1,1],[1,1,1,0,1,1,0,0,0,1]]"
8,370,-0.024584927782186256,0.024584927782186256,"[[1,1,0,0,0,0,1,0,1,1],[1,1,1,0,1,1,0,0,1,0]]"
8,371,-0.02446209901731996,0.02446209901731996,"[[1,1,0,0,0,0,1,0,1,1],[1,1,1,0,1,1,0,0,1,1]]"
8,372,-0.028013902725839,0.028013902725839,"[[1,1,0,0,0,0,1,0,1,1],[1,1,1,0,1,1,0,1,0,0]]"
8,373,-0.027892565117873108,0.027892565117873108,"[[1,1,0,0,0,0,1,0,1,1],[1,1,1,0,1,1,0,1,0,1]]"
8,374,-0.029030238251484528,0.029030238251484528,"[[1,1,0,0,0,0,1,0,1,1],[1,1,1,0,1,1,0,1,1,0]]"
8,375,-0.028910662161171333,0.028910662161171333,"[[1,1,0,0,0,0,1,0,1,1],[1,1,1,0,1,1,0,1,1,1]]"
8,376,-0.03382435161457327,0.03382435161457327,"[[1,1,0,0,0,0,1,0,1,1],[1,1,1,0,1,1,1,0,0,0]]"
8,377,-0.03368356938982306,0.03368356938982306,"[[1,1,0,0,0,0,1,0,1,1],[1,1,1,0,1,1,1,0,0,1]]"
8,378,-0.03506632982582349,0.03506632982582349,"[[1,1,0,0,0,0,1,0,1,1],[1,1,1,0,1,1,1,0,1,0]]"
8,379,-0.03492346359271147,0.03492346359271147,"[[1,1,0,0,0,0,1,0,1,1],[1,1,1,0,1,1,1,0,1,1]]"
8,380,-0.03898001788978998,0.03898001788978998,"[[1,1,0,0,0,0,1,0,1,1],[1,1,1,0,1,1,1,1,0,0]]"
8,381,-0.03883461273929425,0.03883461273929425,"[[1,1,0,0,0,0,1,0,1,1],[1,1,1,0,1,1,1,1,0,1]]"
8,382,-0.04014909491006617,0.04014909491006617,"[[1,1,0,0,0,0,1,0,1,1],[1,1,1,0,1,1,1,1,1,0]]"
8,383,-0.0400040018128496,0.0400040018128496,"[[1,1,0,0,0,0,1,0,1,1],[1,1,1,0,1,1,1,1,1,1]]"
8,384,-0.009380411513600972,0.009380411513600972,"[[1,1,0,0,0,0,1,1,0,0],[1,1,1,0,1,0,0,0,0,0]]"
8,385,-0.009260855099047671,0.009260855099047671,"[[1,1,0,0,0,0,1,1,0,0],[1,1,1,0,1,0,0,0,0,1]]"
8,386,-0.00978807071253593,0.00978807071253593,"[[1,1,0,0,0,0,1,1,0,0],[1,1,1,0,1,0,0,0,1,0]]"
8,387,-0.009720413345934896,0.009720413345934896,"[[1,1,0,0,0,0,1,1,0,0],[1,1,1,0,1,0,0,0,1,1]]"
8,388,-0.012884004358242282,0.012884004358242282,"[[1,1,0,0,0,0,1,1,0,0],[1,1,1,0,1,0,0,1,0,0]]"
8,389,-0.012825360087785597,0.012825360087785597,"[[1,1,0,0,0,0,1,1,0,0],[1,1,1,0,1,0,0,1,0,1]]"
8,390,-0.013489805994783097,0.013489805994783097,"[[1,1,0,0,0,0,1,1,0,0],[1,1,1,0,1,0,0,1,1,0]]"
8,391,-0.013432394712357796,0.013432394712357796,"[[1,1,0,0,0,0,1,1,0,0],[1,1,1,0,1,0,0,1,1,1]]"
8,392,-0.01641415525169839,0.01641415525169839,"[[1,1,0,0,0,0,1,1,0,0],[1,1,1,0,1,0,1,0,0,0]]"
8,393,-0.01628158354591509,0.01628158354591509,"[[1,1,0,0,0,0,1,1,0,0],[1,1,1,0,1,0,1,0,0,1]]"
8,394,-0.016839499213472088,0.016839499213472088,"[[1,1,0,0,0,0,1,1,0,0],[1,1,1,0,1,0,1,0,1,0]]"
8,395,-0.01675737995092222,0.01675737995092222,"[[1,1,0,0,0,0,1,1,0,0],[1,1,1,0,1,0,1,0,1,1]]"
8,396,-0.020763203701101705,0.020763203701101705,"[[1,1,0,0,0,0,1,1,0,0],[1,1,1,0,1,0,1,1,0,0]]"
8,397,-0.020686795979235093,0.020686795979235093,"[[1,1,0,0,0,0,1,1,0,0],[1,1,1,0,1,0,1,1,0,1]]"
8,398,-0.021500536510067315,0.021500536510067315,"[[1,1,0,0,0,0,1,1,0,0],[1,1,1,0,1,0,1,1,1,0]]"
8,399,-0.021421222196147238,0.021421222196147238,"[[1,1,0,0,0,0,1,1,0,0],[1,1,1,0,1,0,1,1,1,1]]"
8,400,-0.019524010802646853,0.019524010802646853,"[[1,1,0,0,0,0,1,1,0,0],[1,1,1,0,1,1,0,0,0,0]]"
8,401,-0.019296459292720638,0.019296459292720638,"[[1,1,0,0,0,0,1,1,0,0],[1,1,1,0,1,1,0,0,0,1]]"
8,402,-0.019832721978842227,0.019832721978842227,"[[1,1,0,0,0,0,1,1,0,0],[1,1,1,0,1,1,0,0,1,0]]"
8,403,-0.019700654907874746,0.019700654907874746,"[[1,1,0,0,0,0,1,1,0,0],[1,1,1,0,1,1,0,0,1,1]]"
8,404,-0.02385776503983237,0.02385776503983237,"[[1,1,0,0,0,0,1,1,0,0],[1,1,1,0,1,1,0,1,0,0]]"
8,405,-0.023749508014046718,0.023749508014046718,"[[1,1,0,0,0,0,1,1,0,0],[1,1,1,0,1,1,0,1,0,1]]"
8,406,-0.024709760876813723,0.024709760876813723,"[[1,1,0,0,0,0,1,1,0,0],[1,1,1,0,1,1,0,1,1,0]]"
8,407,-0.02460110286622559,0.02460110286622559,"[[1,1,0,0,0,0,1,1,0,0],[1,1,1,0,1,1,0,1,1,1]]"
8,408,-0.02882270326682784,0.02882270326682784,"[[1,1,0,0,0,0,1,1,0,0],[1,1,1,0,1,1,1,0,0,0]]"
8,409,-0.028592590702667127,0.028592590702667127,"[[1,1,0,0,0,0,1,1,0,0],[1,1,1,0,1,1,1,0,0,1]]"
8,410,-0.029148364372263865,0.029148364372263865,"[[1,1,0,0,0,0,1,1,0,0],[1,1,1,0,1,1,1,0,1,0]]"
8,411,-0.02900005961269301,0.02900005961269301,"[[1,1,0,0,0,0,1,1,0,0],[1,1,1,0,1,1,1,0,1,1]]"
8,412,-0.03394672142837165,0.03394672142837165,"[[1,1,0,0,0,0,1,1,0,0],[1,1,1,0,1,1,1,1,0,0]]"
8,413,-0.033808358661789197,0.033808358661789197,"[[1,1,0,0,0,0,1,1,0,0],[1,1,1,0,1,1,1,1,0,1]]"
8,414,-0.034924677652320824,0.034924677652320824,"[[1,1,0,0,0,0,1,1,0,0],[1,1,1,0,1,1,1,1,1,0]]"
8,415,-0.03478677987990065,0.03478677987990065,"[[1,1,0,0,0,0,1,1,0,0],[1,1,1,0,1,1,1,1,1,1]]"
8,416,-0.009398635316751927,0.009398635316751927,"[[1,1,0,0,0,0,1,1,0,1],[1,1,1,0,1,0,0,0,0,0]]"
8,417,-0.00927096187609035,0.00927096187609035,"[[1,1,0,0,0,0,1,1,0,1],[1,1,1,0,1,0,0,0,0,1]]"
8,418,-0.009784373872768646,0.009784373872768646,"[[1,1,0,0,0,0,1,1,0,1],[1,1,1,0,1,0,0,0,1,0]]"
8,419,-0.009715332249382947,0.009715332249382947,"[[1,1,0,0,0,0,1,1,0,1],[1,1,1,0,1,0,0,0,1,1]]"
8,420,-0.012879566326990827,0.012879566326990827,"[[1,1,0,0,0,0,1,1,0,1],[1,1,1,0,1,0,0,1,0,0]]"
8,421,-0.012819362542742576,0.012819362542742576,"[[1,1,0,0,0,0,1,1,0,1],[1,1,1,0,1,0,0,1,0,1]]"
8,422,-0.013485791052388996,0.013485791052388996,"[[1,1,0,0,0,0,1,1,0,1],[1,1,1,0,1,0,0,1,1,0]]"
8,423,-0.013426713449325436,0.013426713449325436,"[[1,1,0,0,0,0,1,1,0,1],[1,1,1,0,1,0,0,1,1,1]]"
8,424,-0.016429296466197448,0.016429296466197448,"[[1,1,0,0,0,0,1,1,0,1],[1,1,1,0,1,0,1,0,0,0]]"
8,425,-0.016279016658465015,0.016279016658465015,"[[1,1,0,0,0,0,1,1,0,1],[1,1,1,0,1,0,1,0,0,1]]"
8,426,-0.016842482532151405,0.016842482532151405,"[[1,1,0,0,0,0,1,1,0,1],[1,1,1,0,1,0,1,0,1,0]]"
8,427,-0.016758638985508046,0.016758638985508046,"[[1,1,0,0,0,0,1,1,0,1],[1,1,1,0,1,0,1,0,1,1]]"
8,428,-0.020755781988357987,0.020755781988357987,"[[1,1,0,0,0,0,1,1,0,1],[1,1,1,0,1,0,1,1,0,0]]"
8,429,-0.020673456581087494,0.020673456581087494,"[[1,1,0,0,0,0,1,1,0,1],[1,1,1,0,1,0,1,1,0,1]]"
8,430,-0.021489612400152614,0.021489612400152614,"[[1,1,0,0,0,0,1,1,0,1],[1,1,1,0,1,0,1,1,1,0]]"
8,431,-0.021407789928391447,0.021407789928391447,"[[1,1,0,0,0,0,1,1,0,1],[1,1,1,0,1,0,1,1,1,1]]"
8,432,-0.019519327330166803,0.019519327330166803,"[[1,1,0,0,0,0,1,1,0,1],[1,1,1,0,1,1,0,0,0,0]]"
8,433,-0.019274844456695975,0.019274844456695975,"[[1,1,0,0,0,0,1,1,0,1],[1,1,1,0,1,1,0,0,0,1]]"
8,434,-0.01980490930245712,0.01980490930245712,"[[1,1,0,0,0,0,1,1,0,1],[1,1,1,0,1,1,0,0,1,0]]"
8,435,-0.019668787343560725,0.019668787343560725,"[[1,1,0,0,0,0,1,1,0,1],[1,1,1,0,1,1,0,0,1,1]]"
8,436,-0.0238331375648251,0.0238331375648251,"[[1,1,0,0,0,0,1,1,0,1],[1,1,1,0,1,1,0,1,0,0]]"
8,437,-0.02371384850037518,0.02371384850037518,"[[1,1,0,0,0,0,1,1,0,1],[1,1,1,0,1,1,0,1,0,1]]"
8,438,-0.024683920508095897,0.024683920508095897,"[[1,1,0,0,0,0,1,1,0,1],[1,1,1,0,1,1,0,1,1,0]]"
8,439,-0.02456576083029947,0.02456576083029947,"[[1,1,0,0,0,0,1,1,0,1],[1,1,1,0,1,1,0,1,1,1]]"
8,440,-0.028813988934138765,0.028813988934138765,"[[1,1,0,0,0,0,1,1,0,1],[1,1,1,0,1,1,1,0,0,0]]"
8,441,-0.028562722218001494,0.028562722218001494,"[[1,1,0,0,0,0,1,1,0,1],[1,1,1,0,1,1,1,0,0,1]]"
8,442,-0.02912554317198733,0.02912554317198733,"[[1,1,0,0,0,0,1,1,0,1],[1,1,1,0,1,1,1,0,1,0]]"
8,443,-0.028972754082485837,0.028972754082485837,"[[1,1,0,0,0,0,1,1,0,1],[1,1,1,0,1,1,1,0,1,1]]"
8,444,-0.03390819358354669,0.03390819358354669,"[[1,1,0,0,0,0,1,1,0,1],[1,1,1,0,1,1,1,1,0,0]]"
8,445,-0.03376446641607818,0.03376446641607818,"[[1,1,0,0,0,0,1,1,0,1],[1,1,1,0,1,1,1,1,0,1]]"
8,446,-0.03488601734339624,0.03488601734339624,"[[1,1,0,0,0,0,1,1,0,1],[1,1,1,0,1,1,1,1,1,0]]"
8,447,-0.03474259958615829,0.03474259958615829,"[[1,1,0,0,0,0,1,1,0,1],[1,1,1,0,1,1,1,1,1,1]]"
8,448,-0.008673195948774715,0.008673195948774715,"[[1,1,0,0,0,0,1,1,1,0],[1,1,1,0,1,0,0,0,0,0]]"
8,449,-0.008584766990803839,0.008584766990803839,"[[1,1,0,0,0,0,1,1,1,0],[1,1,1,0,1,0,0,0,0,1]]"
8,450,-0.009242391839587975,0.009242391839587975,"[[1,1,0,0,0,0,1,1,1,0],[1,1,1,0,1,0,0,0,1,0]]"
8,451,-0.009191359432750802,0.009191359432750802,"[[1,1,0,0,0,0,1,1,1,0],[1,1,1,0,1,0,0,0,1,1]]"
8,452,-0.012093839499777053,0.012093839499777053,"[[1,1,0,0,0,0,1,1,1,0],[1,1,1,0,1,0,0,1,0,0]]"
8,453,-0.012046240100654084,0.012046240100654084,"[[1,1,0,0,0,0,1,1,1,0],[1,1,1,0,1,0,0,1,0,1]]"
8,454,-0.012815106663291616,0.012815106663291616,"[[1,1,0,0,0,0,1,1,1,0],[1,1,1,0,1,0,0,1,1,0]]"
8,455,-0.012767836636105758,0.012767836636105758,"[[1,1,0,0,0,0,1,1,1,0],[1,1,1,0,1,0,0,1,1,1]]"
8,456,-0.01550177399609444,0.01550177399609444,"[[1,1,0,0,0,0,1,1,1,0],[1,1,1,0,1,0,1,0,0,0]]"
8,457,-0.015397983004942002,0.015397983004942002,"[[1,1,0,0,0,0,1,1,1,0],[1,1,1,0,1,0,1,0,0,1]]"
8,458,-0.016148741598598196,0.016148741598598196,"[[1,1,0,0,0,0,1,1,1,0],[1,1,1,0,1,0,1,0,1,0]]"
8,459,-0.016071809105367374,0.016071809105367374,"[[1,1,0,0,0,0,1,1,1,0],[1,1,1,0,1,0,1,0,1,1]]"
8,460,-0.019777474762260525,0.019777474762260525,"[[1,1,0,0,0,0,1,1,1,0],[1,1,1,0,1,0,1,1,0,0]]"
8,461,-0.019706113940889582,0.019706113940889582,"[[1,1,0,0,0,0,1,1,1,0],[1,1,1,0,1,0,1,1,0,1]]"
8,462,-0.02069489631074479,0.02069489631074479,"[[1,1,0,0,0,0,1,1,1,0],[1,1,1,0,1,0,1,1,1,0]]"
8,463,-0.02061996746930649,0.02061996746930649,"[[1,1,0,0,0,0,1,1,1,0],[1,1,1,0,1,0,1,1,1,1]]"
8,464,-0.01834236463734949,0.01834236463734949,"[[1,1,0,0,0,0,1,1,1,0],[1,1,1,0,1,1,0,0,0,0]]"
8,465,-0.018166283211214898,0.018166283211214898,"[[1,1,0,0,0,0,1,1,1,0],[1,1,1,0,1,1,0,0,0,1]]"
8,466,-0.018895863292629322,0.018895863292629322,"[[1,1,0,0,0,0,1,1,1,0],[1,1,1,0,1,1,0,0,1,0]]"
8,467,-0.018775808795065588,0.018775808795065588,"[[1,1,0,0,0,0,1,1,1,0],[1,1,1,0,1,1,0,0,1,1]]"
8,468,-0.02254103844010586,0.02254103844010586,"[[1,1,0,0,0,0,1,1,1,0],[1,1,1,0,1,1,0,1,0,0]]"
8,469,-0.022442315703430627,0.022442315703430627,"[[1,1,0,0,0,0,1,1,1,0],[1,1,1,0,1,1,0,1,0,1]]"
8,470,-0.0234459134971872,0.0234459134971872,"[[1,1,0,0,0,0,1,1,1,0],[1,1,1,0,1,1,0,1,1,0]]"
8,471,-0.023348580372780585,0.023348580372780585,"[[1,1,0,0,0,0,1,1,1,0],[1,1,1,0,1,1,0,1,1,1]]"
8,472,-0.027438748618028273,0.027438748618028273,"[[1,1,0,0,0,0,1,1,1,0],[1,1,1,0,1,1,1,0,0,0]]"
8,473,-0.027257130582398936,0.027257130582398936,"[[1,1,0,0,0,0,1,1,1,0],[1,1,1,0,1,1,1,0,0,1]]"
8,474,-0.0281097042187705,0.0281097042187705,"[[1,1,0,0,0,0,1,1,1,0],[1,1,1,0,1,1,1,0,1,0]]"
8,475,-0.027966515711316538,0.027966515711316538,"[[1,1,0,0,0,0,1,1,1,0],[1,1,1,0,1,1,1,0,1,1]]"
8,476,-0.032461256124442374,0.032461256124442374,"[[1,1,0,0,0,0,1,1,1,0],[1,1,1,0,1,1,1,1,0,0]]"
8,477,-0.032339880065191465,0.032339880065191465,"[[1,1,0,0,0,0,1,1,1,0],[1,1,1,0,1,1,1,1,0,1]]"
8,478,-0.03352176038495482,0.03352176038495482,"[[1,1,0,0,0,0,1,1,1,0],[1,1,1,0,1,1,1,1,1,0]]"
8,479,-0.03340079404346422,0.03340079404346422,"[[1,1,0,0,0,0,1,1,1,0],[1,1,1,0,1,1,1,1,1,1]]"
8,480,-0.008695356999451976,0.008695356999451976,"[[1,1,0,0,0,0,1,1,1,1],[1,1,1,0,1,0,0,0,0,0]]"
8,481,-0.008599666104152887,0.008599666104152887,"[[1,1,0,0,0,0,1,1,1,1],[1,1,1,0,1,0,0,0,0,1]]"
8,482,-0.009239336908158306,0.009239336908158306,"[[1,1,0,0,0,0,1,1,1,1],[1,1,1,0,1,0,0,0,1,0]]"
8,483,-0.009199863683104933,0.009199863683104933,"[[1,1,0,0,0,0,1,1,1,1],[1,1,1,0,1,0,0,0,1,1]]"
8,484,-0.012096658038921288,0.012096658038921288,"[[1,1,0,0,0,0,1,1,1,1],[1,1,1,0,1,0,0,1,0,0]]"
8,485,-0.012043562929026592,0.012043562929026592,"[[1,1,0,0,0,0,1,1,1,1],[1,1,1,0,1,0,0,1,0,1]]"
8,486,-0.01281532803622453,0.01281532803622453,"[[1,1,0,0,0,0,1,1,1,1],[1,1,1,0,1,0,0,1,1,0]]"
8,487,-0.012778177122235976,0.012778177122235976,"[[1,1,0,0,0,0,1,1,1,1],[1,1,1,0,1,0,0,1,1,1]]"
8,488,-0.015514148425721512,0.015514148425721512,"[[1,1,0,0,0,0,1,1,1,1],[1,1,1,0,1,0,1,0,0,0]]"
8,489,-0.015399070558519325,0.015399070558519325,"[[1,1,0,0,0,0,1,1,1,1],[1,1,1,0,1,0,1,0,0,1]]"
8,490,-0.016152011290394026,0.016152011290394026,"[[1,1,0,0,0,0,1,1,1,1],[1,1,1,0,1,0,1,0,1,0]]"
8,491,-0.016073693726614154,0.016073693726614154,"[[1,1,0,0,0,0,1,1,1,1],[1,1,1,0,1,0,1,0,1,1]]"
8,492,-0.019771104118876157,0.019771104118876157,"[[1,1,0,0,0,0,1,1,1,1],[1,1,1,0,1,0,1,1,0,0]]"
8,493,-0.01969589272659439,0.01969589272659439,"[[1,1,0,0,0,0,1,1,1,1],[1,1,1,0,1,0,1,1,0,1]]"
8,494,-0.02068419020386603,0.02068419020386603,"[[1,1,0,0,0,0,1,1,1,1],[1,1,1,0,1,0,1,1,1,0]]"
8,495,-0.020607080351599572,0.020607080351599572,"[[1,1,0,0,0,0,1,1,1,1],[1,1,1,0,1,0,1,1,1,1]]"
8,496,-0.01834913558134712,0.01834913558134712,"[[1,1,0,0,0,0,1,1,1,1],[1,1,1,0,1,1,0,0,0,0]]"
8,497,-0.018148525224950512,0.018148525224950512,"[[1,1,0,0,0,0,1,1,1,1],[1,1,1,0,1,1,0,0,0,1]]"
8,498,-0.018875293625595382,0.018875293625595382,"[[1,1,0,0,0,0,1,1,1,1],[1,1,1,0,1,1,0,0,1,0]]"
8,499,-0.018744878129358794,0.018744878129358794,"[[1,1,0,0,0,0,1,1,1,1],[1,1,1,0,1,1,0,0,1,1]]"
8,500,-0.022539123111583192,0.022539123111583192,"[[1,1,0,0,0,0,1,1,1,1],[1,1,1,0,1,1,0,1,0,0]]"
8,501,-0.0224367775781755,0.0224367775781755,"[[1,1,0,0,0,0,1,1,1,1],[1,1,1,0,1,1,0,1,0,1]]"
8,502,-0.02344478318454223,0.02344478318454223,"[[1,1,0,0,0,0,1,1,1,1],[1,1,1,0,1,1,0,1,1,0]]"
8,503,-0.023342689344371923,0.023342689344371923,"[[1,1,0,0,0,0,1,1,1,1],[1,1,1,0,1,1,0,1,1,1]]"
8,504,-0.0274328249601712,0.0274328249601712,"[[1,1,0,0,0,0,1,1,1,1],[1,1,1,0,1,1,1,0,0,0]]"
8,505,-0.02723095836874404,0.02723095836874404,"[[1,1,0,0,0,0,1,1,1,1],[1,1,1,0,1,1,1,0,0,1]]"
8,506,-0.028087224546255545,0.028087224546255545,"[[1,1,0,0,0,0,1,1,1,1],[1,1,1,0,1,1,1,0,1,0]]"
8,507,-0.027939893841258306,0.027939893841258306,"[[1,1,0,0,0,0,1,1,1,1],[1,1,1,0,1,1,1,0,1,1]]"
8,508,-0.03243935761925862,0.03243935761925862,"[[1,1,0,0,0,0,1,1,1,1],[1,1,1,0,1,1,1,1,0,0]]"
8,509,-0.03230335782919454,0.03230335782919454,"[[1,1,0,0,0,0,1,1,1,1],[1,1,1,0,1,1,1,1,0,1]]"
8,510,-0.03349718742811434,0.03349718742811434,"[[1,1,0,0,0,0,1,1,1,1],[1,1,1,0,1,1,1,1,1,0]]"
8,511,-0.033361249722968,0.033361249722968,"[[1,1,0,0,0,0,1,1,1,1],[1,1,1,0,1,1,1,1,1,1]]"
8,512,-0.011276107801444784,0.011276107801444784,"[[1,1,0,0,0,1,0,0,0,0],[1,1,1,0,1,0,0,0,0,0]]"
8,513,-0.01118435114622849,0.01118435114622849,"[[1,1,0,0,0,1,0,0,0,0],[1,1,1,0,1,0,0,0,0,1]]"
8,514,-0.01153134949536182,0.01153134949536182,"[[1,1,0,0,0,1,0,0,0,0],[1,1,1,0,1,0,0,0,1,0]]"
8,515,-0.011449321495994955,0.011449321495994955,"[[1,1,0,0,0,1,0,0,0,0],[1,1,1,0,1,0,0,0,1,1]]"
8,516,-0.01391196946275331,0.01391196946275331,"[[1,1,0,0,0,1,0,0,0,0],[1,1,1,0,1,0,0,1,0,0]]"
8,517,-0.013801718576907518,0.013801718576907518,"[[1,1,0,0,0,1,0,0,0,0],[1,1,1,0,1,0,0,1,0,1]]"
8,518,-0.014192169242065077,0.014192169242065077,"[[1,1,0,0,0,1,0,0,0,0],[1,1,1,0,1,0,0,1,1,0]]"
8,519,-0.014093155330924529,0.014093155330924529,"[[1,1,0,0,0,1,0,0,0,0],[1,1,1,0,1,0,0,1,1,1]]"
8,520,-0.01753136641709642,0.01753136641709642,"[[1,1,0,0,0,1,0,0,0,0],[1,1,1,0,1,0,1,0,0,0]]"
8,521,-0.017403887346662986,0.017403887346662986,"[[1,1,0,0,0,1,0,0,0,0],[1,1,1,0,1,0,1,0,0,1]]"
8,522,-0.017842402640772026,0.017842402640772026,"[[1,1,0,0,0,1,0,0,0,0],[1,1,1,0,1,0,1,0,1,0]]"
8,523,-0.01772464378249968,0.01772464378249968,"[[1,1,0,0,0,1,0,0,0,0],[1,1,1,0,1,0,1,0,1,1]]"
8,524,-0.020741062125006805,0.020741062125006805,"[[1,1,0,0,0,1,0,0,0,0],[1,1,1,0,1,0,1,1,0,0]]"
8,525,-0.02059366142979671,0.02059366142979671,"[[1,1,0,0,0,1,0,0,0,0],[1,1,1,0,1,0,1,1,0,1]]"
8,526,-0.021042496219787633,0.021042496219787633,"[[1,1,0,0,0,1,0,0,0,0],[1,1,1,0,1,0,1,1,1,0]]"
8,527,-0.020898502647698446,0.020898502647698446,"[[1,1,0,0,0,1,0,0,0,0],[1,1,1,0,1,0,1,1,1,1]]"
8,528,-0.01762804324120971,0.01762804324120971,"[[1,1,0,0,0,1,0,0,0,0],[1,1,1,0,1,1,0,0,0,0]]"
8,529,-0.01747014325360543,0.01747014325360543,"[[1,1,0,0,0,1,0,0,0,0],[1,1,1,0,1,1,0,0,0,1]]"
8,530,-0.01782689262688792,0.01782689262688792,"[[1,1,0,0,0,1,0,0,0,0],[1,1,1,0,1,1,0,0,1,0]]"
8,531,-0.017677096667744384,0.017677096667744384,"[[1,1,0,0,0,1,0,0,0,0],[1,1,1,0,1,1,0,0,1,1]]"
8,532,-0.020672388683880157,0.020672388683880157,"[[1,1,0,0,0,1,0,0,0,0],[1,1,1,0,1,1,0,1,0,0]]"
8,533,-0.02049697181285218,0.02049697181285218,"[[1,1,0,0,0,1,0,0,0,0],[1,1,1,0,1,1,0,1,0,1]]"
8,534,-0.02084158273181267,0.02084158273181267,"[[1,1,0,0,0,1,0,0,0,0],[1,1,1,0,1,1,0,1,1,0]]"
8,535,-0.02069583426097604,0.02069583426097604,"[[1,1,0,0,0,1,0,0,0,0],[1,1,1,0,1,1,0,1,1,1]]"
8,536,-0.02520561189054197,0.02520561189054197,"[[1,1,0,0,0,1,0,0,0,0],[1,1,1,0,1,1,1,0,0,0]]"
8,537,-0.02500669822095668,0.02500669822095668,"[[1,1,0,0,0,1,0,0,0,0],[1,1,1,0,1,1,1,0,0,1]]"
8,538,-0.025441219778693798,0.025441219778693798,"[[1,1,0,0,0,1,0,0,0,0],[1,1,1,0,1,1,1,0,1,0]]"
8,539,-0.02530366995387662,0.02530366995387662,"[[1,1,0,0,0,1,0,0,0,0],[1,1,1,0,1,1,1,0,1,1]]"
8,540,-0.028887561978644685,0.028887561978644685,"[[1,1,0,0,0,1,0,0,0,0],[1,1,1,0,1,1,1,1,0,0]]"
8,541,-0.02866813582002264,0.02866813582002264,"[[1,1,0,0,0,1,0,0,0,0],[1,1,1,0,1,1,1,1,0,1]]"
8,542,-0.029123196469042125,0.029123196469042125,"[[1,1,0,0,0,1,0,0,0,0],[1,1,1,0,1,1,1,1,1,0]]"
8,543,-0.029019958319022002,0.029019958319022002,"[[1,1,0,0,0,1,0,0,0,0],[1,1,1,0,1,1,1,1,1,1]]"
8,544,-0.01133232293165501,0.01133232293165501,"[[1,1,0,0,0,1,0,0,0,1],[1,1,1,0,1,0,0,0,0,0]]"
8,545,-0.011241060681891527,0.011241060681891527,"[[1,1,0,0,0,1,0,0,0,1],[1,1,1,0,1,0,0,0,0,1]]"
8,546,-0.011590814852144058,0.011590814852144058,"[[1,1,0,0,0,1,0,0,0,1],[1,1,1,0,1,0,0,0,1,0]]"
8,547,-0.011516273120566998,0.011516273120566998,"[[1,1,0,0,0,1,0,0,0,1],[1,1,1,0,1,0,0,0,1,1]]"
8,548,-0.013970713044743238,0.013970713044743238,"[[1,1,0,0,0,1,0,0,0,1],[1,1,1,0,1,0,0,1,0,0]]"
8,549,-0.01386057068777372,0.01386057068777372,"[[1,1,0,0,0,1,0,0,0,1],[1,1,1,0,1,0,0,1,0,1]]"
8,550,-0.014252826349711468,0.014252826349711468,"[[1,1,0,0,0,1,0,0,0,1],[1,1,1,0,1,0,0,1,1,0]]"
8,551,-0.014147921576495413,0.014147921576495413,"[[1,1,0,0,0,1,0,0,0,1],[1,1,1,0,1,0,0,1,1,1]]"
8,552,-0.017596704977457783,0.017596704977457783,"[[1,1,0,0,0,1,0,0,0,1],[1,1,1,0,1,0,1,0,0,0]]"
8,553,-0.017469180054122284,0.017469180054122284,"[[1,1,0,0,0,1,0,0,0,1],[1,1,1,0,1,0,1,0,0,1]]"
8,554,-0.017910979113917584,0.017910979113917584,"[[1,1,0,0,0,1,0,0,0,1],[1,1,1,0,1,0,1,0,1,0]]"
8,555,-0.017793327127708904,0.017793327127708904,"[[1,1,0,0,0,1,0,0,0,1],[1,1,1,0,1,0,1,0,1,1]]"
8,556,-0.020807978987586392,0.020807978987586392,"[[1,1,0,0,0,1,0,0,0,1],[1,1,1,0,1,0,1,1,0,0]]"
8,557,-0.02065479426943377,0.02065479426943377,"[[1,1,0,0,0,1,0,0,0,1],[1,1,1,0,1,0,1,1,0,1]]"
8,558,-0.02110274022077135,0.02110274022077135,"[[1,1,0,0,0,1,0,0,0,1],[1,1,1,0,1,0,1,1,1,0]]"
8,559,-0.020956902558991485,0.020956902558991485,"[[1,1,0,0,0,1,0,0,0,1],[1,1,1,0,1,0,1,1,1,1]]"
8,560,-0.017678436108666037,0.017678436108666037,"[[1,1,0,0,0,1,0,0,0,1],[1,1,1,0,1,1,0,0,0,0]]"
8,561,-0.017519878910215905,0.017519878910215905,"[[1,1,0,0,0,1,0,0,0,1],[1,1,1,0,1,1,0,0,0,1]]"
8,562,-0.017879480740757594,0.017879480740757594,"[[1,1,0,0,0,1,0,0,0,1],[1,1,1,0,1,1,0,0,1,0]]"
8,563,-0.01772914321722742,0.01772914321722742,"[[1,1,0,0,0,1,0,0,0,1],[1,1,1,0,1,1,0,0,1,1]]"
8,564,-0.020723795673233812,0.020723795673233812,"[[1,1,0,0,0,1,0,0,0,1],[1,1,1,0,1,1,0,1,0,0]]"
8,565,-0.020546298201226797,0.020546298201226797,"[[1,1,0,0,0,1,0,0,0,1],[1,1,1,0,1,1,0,1,0,1]]"
8,566,-0.0208970146237869,0.0208970146237869,"[[1,1,0,0,0,1,0,0,0,1],[1,1,1,0,1,1,0,1,1,0]]"
8,567,-0.020739223733557664,0.020739223733557664,"[[1,1,0,0,0,1,0,0,0,1],[1,1,1,0,1,1,0,1,1,1]]"
8,568,-0.025260279951674534,0.025260279951674534,"[[1,1,0,0,0,1,0,0,0,1],[1,1,1,0,1,1,1,0,0,0]]"
8,569,-0.02505899694308454,0.02505899694308454,"[[1,1,0,0,0,1,0,0,0,1],[1,1,1,0,1,1,1,0,0,1]]"
8,570,-0.02549804818701692,0.02549804818701692,"[[1,1,0,0,0,1,0,0,0,1],[1,1,1,0,1,1,1,0,1,0]]"
8,571,-0.02534616075865627,0.02534616075865627,"[[1,1,0,0,0,1,0,0,0,1],[1,1,1,0,1,1,1,0,1,1]]"
8,572,-0.028942223283706613,0.028942223283706613,"[[1,1,0,0,0,1,0,0,0,1],[1,1,1,0,1,1,1,1,0,0]]"
8,573,-0.028718730789005876,0.028718730789005876,"[[1,1,0,0,0,1,0,0,0,1],[1,1,1,0,1,1,1,1,0,1]]"
8,574,-0.029168707745308317,0.029168707745308317,"[[1,1,0,0,0,1,0,0,0,1],[1,1,1,0,1,1,1,1,1,0]]"
8,575,-0.029062638978942408,0.029062638978942408,"[[1,1,0,0,0,1,0,0,0,1],[1,1,1,0,1,1,1,1,1,1]]"
8,576,-0.010556645321570473,0.010556645321570473,"[[1,1,0,0,0,1,0,0,1,0],[1,1,1,0,1,0,0,0,0,0]]"
8,577,-0.010489620215841591,0.010489620215841591,"[[1,1,0,0,0,1,0,0,1,0],[1,1,1,0,1,0,0,0,0,1]]"
8,578,-0.010950655078200353,0.010950655078200353,"[[1,1,0,0,0,1,0,0,1,0],[1,1,1,0,1,0,0,0,1,0]]"
8,579,-0.010901293699373616,0.010901293699373616,"[[1,1,0,0,0,1,0,0,1,0],[1,1,1,0,1,0,0,0,1,1]]"
8,580,-0.01308154937894467,0.01308154937894467,"[[1,1,0,0,0,1,0,0,1,0],[1,1,1,0,1,0,0,1,0,0]]"
8,581,-0.012992393764124966,0.012992393764124966,"[[1,1,0,0,0,1,0,0,1,0],[1,1,1,0,1,0,0,1,0,1]]"
8,582,-0.013520341119663746,0.013520341119663746,"[[1,1,0,0,0,1,0,0,1,0],[1,1,1,0,1,0,0,1,1,0]]"
8,583,-0.013460690022314658,0.013460690022314658,"[[1,1,0,0,0,1,0,0,1,0],[1,1,1,0,1,0,0,1,1,1]]"
8,584,-0.01658742383673857,0.01658742383673857,"[[1,1,0,0,0,1,0,0,1,0],[1,1,1,0,1,0,1,0,0,0]]"
8,585,-0.01647321368793482,0.01647321368793482,"[[1,1,0,0,0,1,0,0,1,0],[1,1,1,0,1,0,1,0,0,1]]"
8,586,-0.0170628810708885,0.0170628810708885,"[[1,1,0,0,0,1,0,0,1,0],[1,1,1,0,1,0,1,0,1,0]]"
8,587,-0.016952694665026476,0.016952694665026476,"[[1,1,0,0,0,1,0,0,1,0],[1,1,1,0,1,0,1,0,1,1]]"
8,588,-0.01966865102021997,0.01966865102021997,"[[1,1,0,0,0,1,0,0,1,0],[1,1,1,0,1,0,1,1,0,0]]"
8,589,-0.01954006104343605,0.01954006104343605,"[[1,1,0,0,0,1,0,0,1,0],[1,1,1,0,1,0,1,1,0,1]]"
8,590,-0.020134006071912333,0.020134006071912333,"[[1,1,0,0,0,1,0,0,1,0],[1,1,1,0,1,0,1,1,1,0]]"
8,591,-0.0200280618369559,0.0200280618369559,"[[1,1,0,0,0,1,0,0,1,0],[1,1,1,0,1,0,1,1,1,1]]"
8,592,-0.016628747025993915,0.016628747025993915,"[[1,1,0,0,0,1,0,0,1,0],[1,1,1,0,1,1,0,0,0,0]]"
8,593,-0.016484791270881215,0.016484791270881215,"[[1,1,0,0,0,1,0,0,1,0],[1,1,1,0,1,1,0,0,0,1]]"
8,594,-0.01696233553845857,0.01696233553845857,"[[1,1,0,0,0,1,0,0,1,0],[1,1,1,0,1,1,0,0,1,0]]"
8,595,-0.016864364257848707,0.016864364257848707,"[[1,1,0,0,0,1,0,0,1,0],[1,1,1,0,1,1,0,0,1,1]]"
8,596,-0.019471154596729462,0.019471154596729462,"[[1,1,0,0,0,1,0,0,1,0],[1,1,1,0,1,1,0,1,0,0]]"
8,597,-0.0193210561489025,0.0193210561489025,"[[1,1,0,0,0,1,0,0,1,0],[1,1,1,0,1,1,0,1,0,1]]"
8,598,-0.019852491413653677,0.019852491413653677,"[[1,1,0,0,0,1,0,0,1,0],[1,1,1,0,1,1,0,1,1,0]]"
8,599,-0.01974846952407408,0.01974846952407408,"[[1,1,0,0,0,1,0,0,1,0],[1,1,1,0,1,1,0,1,1,1]]"
8,600,-0.02398168858319437,0.02398168858319437,"[[1,1,0,0,0,1,0,0,1,0],[1,1,1,0,1,1,1,0,0,0]]"
8,601,-0.023795880550791244,0.023795880550791244,"[[1,1,0,0,0,1,0,0,1,0],[1,1,1,0,1,1,1,0,0,1]]"
8,602,-0.024372116741469097,0.024372116741469097,"[[1,1,0,0,0,1,0,0,1,0],[1,1,1,0,1,1,1,0,1,0]]"
8,603,-0.024270632272371057,0.024270632272371057,"[[1,1,0,0,0,1,0,0,1,0],[1,1,1,0,1,1,1,0,1,1]]"
8,604,-0.027402881117079385,0.027402881117079385,"[[1,1,0,0,0,1,0,0,1,0],[1,1,1,0,1,1,1,1,0,0]]"
8,605,-0.02723468090866894,0.02723468090866894,"[[1,1,0,0,0,1,0,0,1,0],[1,1,1,0,1,1,1,1,0,1]]"
8,606,-0.027902167017700742,0.027902167017700742,"[[1,1,0,0,0,1,0,0,1,0],[1,1,1,0,1,1,1,1,1,0]]"
8,607,-0.027812660850215266,0.027812660850215266,"[[1,1,0,0,0,1,0,0,1,0],[1,1,1,0,1,1,1,1,1,1]]"
8,608,-0.01061374399548514,0.01061374399548514,"[[1,1,0,0,0,1,0,0,1,1],[1,1,1,0,1,0,0,0,0,0]]"
8,609,-0.010556171474278852,0.010556171474278852,"[[1,1,0,0,0,1,0,0,1,1],[1,1,1,0,1,0,0,0,0,1]]"
8,610,-0.011018227689485604,0.011018227689485604,"[[1,1,0,0,0,1,0,0,1,1],[1,1,1,0,1,0,0,0,1,0]]"
8,611,-0.010968618630911316,0.010968618630911316,"[[1,1,0,0,0,1,0,0,1,1],[1,1,1,0,1,0,0,0,1,1]]"
8,612,-0.013144737625068667,0.013144737625068667,"[[1,1,0,0,0,1,0,0,1,1],[1,1,1,0,1,0,0,1,0,0]]"
8,613,-0.013056238628808756,0.013056238628808756,"[[1,1,0,0,0,1,0,0,1,1],[1,1,1,0,1,0,0,1,0,1]]"
8,614,-0.013588254891148142,0.013588254891148142,"[[1,1,0,0,0,1,0,0,1,1],[1,1,1,0,1,0,0,1,1,0]]"
8,615,-0.013527402067872878,0.013527402067872878,"[[1,1,0,0,0,1,0,0,1,1],[1,1,1,0,1,0,0,1,1,1]]"
8,616,-0.016653641590107758,0.016653641590107758,"[[1,1,0,0,0,1,0,0,1,1],[1,1,1,0,1,0,1,0,0,0]]"
8,617,-0.016539752938981803,0.016539752938981803,"[[1,1,0,0,0,1,0,0,1,1],[1,1,1,0,1,0,1,0,0,1]]"
8,618,-0.017131304853878954,0.017131304853878954,"[[1,1,0,0,0,1,0,0,1,1],[1,1,1,0,1,0,1,0,1,0]]"
8,619,-0.01702088548182206,0.01702088548182206,"[[1,1,0,0,0,1,0,0,1,1],[1,1,1,0,1,0,1,0,1,1]]"
8,620,-0.019738532462335808,0.019738532462335808,"[[1,1,0,0,0,1,0,0,1,1],[1,1,1,0,1,0,1,1,0,0]]"
8,621,-0.019602814893314315,0.019602814893314315,"[[1,1,0,0,0,1,0,0,1,1],[1,1,1,0,1,0,1,1,0,1]]"
8,622,-0.020197302564295014,0.020197302564295014,"[[1,1,0,0,0,1,0,0,1,1],[1,1,1,0,1,0,1,1,1,0]]"
8,623,-0.020083004416396162,0.020083004416396162,"[[1,1,0,0,0,1,0,0,1,1],[1,1,1,0,1,0,1,1,1,1]]"
8,624,-0.01668023838554273,0.01668023838554273,"[[1,1,0,0,0,1,0,0,1,1],[1,1,1,0,1,1,0,0,0,0]]"
8,625,-0.016535945452516042,0.016535945452516042,"[[1,1,0,0,0,1,0,0,1,1],[1,1,1,0,1,1,0,0,0,1]]"
8,626,-0.017026588284293417,0.017026588284293417,"[[1,1,0,0,0,1,0,0,1,1],[1,1,1,0,1,1,0,0,1,0]]"
8,627,-0.01693295362838253,0.01693295362838253,"[[1,1,0,0,0,1,0,0,1,1],[1,1,1,0,1,1,0,0,1,1]]"
8,628,-0.01952841191031615,0.01952841191031615,"[[1,1,0,0,0,1,0,0,1,1],[1,1,1,0,1,1,0,1,0,0]]"
8,629,-0.0193764549169997,0.0193764549169997,"[[1,1,0,0,0,1,0,0,1,1],[1,1,1,0,1,1,0,1,0,1]]"
8,630,-0.019912241643029818,0.019912241643029818,"[[1,1,0,0,0,1,0,0,1,1],[1,1,1,0,1,1,0,1,1,0]]"
8,631,-0.019813308044027467,0.019813308044027467,"[[1,1,0,0,0,1,0,0,1,1],[1,1,1,0,1,1,0,1,1,1]]"
8,632,-0.024037052079727776,0.024037052079727776,"[[1,1,0,0,0,1,0,0,1,1],[1,1,1,0,1,1,1,0,0,0]]"
8,633,-0.02384924429608646,0.02384924429608646,"[[1,1,0,0,0,1,0,0,1,1],[1,1,1,0,1,1,1,0,0,1]]"
8,634,-0.024429451490366346,0.024429451490366346,"[[1,1,0,0,0,1,0,0,1,1],[1,1,1,0,1,1,1,0,1,0]]"
8,635,-0.02431458591285395,0.02431458591285395,"[[1,1,0,0,0,1,0,0,1,1],[1,1,1,0,1,1,1,0,1,1]]"
8,636,-0.02746257874553205,0.02746257874553205,"[[1,1,0,0,0,1,0,0,1,1],[1,1,1,0,1,1,1,1,0,0]]"
8,637,-0.02727988496753854,0.02727988496753854,"[[1,1,0,0,0,1,0,0,1,1],[1,1,1,0,1,1,1,1,0,1]]"
8,638,-0.0279525628654222,0.0279525628654222,"[[1,1,0,0,0,1,0,0,1,1],[1,1,1,0,1,1,1,1,1,0]]"
8,639,-0.02786035628394276,0.02786035628394276,"[[1,1,0,0,0,1,0,0,1,1],[1,1,1,0,1,1,1,1,1,1]]"
8,640,-0.008189165099590966,0.008189165099590966,"[[1,1,0,0,0,1,0,1,0,0],[1,1,1,0,1,0,0,0,0,0]]"
8,641,-0.00812703838984224,0.00812703838984224,"[[1,1,0,0,0,1,0,1,0,0],[1,1,1,0,1,0,0,0,0,1]]"
8,642,-0.008516729493908514,0.008516729493908514,"[[1,1,0,0,0,1,0,1,0,0],[1,1,1,0,1,0,0,0,1,0]]"
8,643,-0.008468764085318808,0.008468764085318808,"[[1,1,0,0,0,1,0,1,0,0],[1,1,1,0,1,0,0,0,1,1]]"
8,644,-0.010708734263309497,0.010708734263309497,"[[1,1,0,0,0,1,0,1,0,0],[1,1,1,0,1,0,0,1,0,0]]"
8,645,-0.01064147209610994,0.01064147209610994,"[[1,1,0,0,0,1,0,1,0,0],[1,1,1,0,1,0,0,1,0,1]]"
8,646,-0.010989118435093578,0.010989118435093578,"[[1,1,0,0,0,1,0,1,0,0],[1,1,1,0,1,0,0,1,1,0]]"
8,647,-0.010942190446808199,0.010942190446808199,"[[1,1,0,0,0,1,0,1,0,0],[1,1,1,0,1,0,0,1,1,1]]"
8,648,-0.0136265565427726,0.0136265565427726,"[[1,1,0,0,0,1,0,1,0,0],[1,1,1,0,1,0,1,0,0,0]]"
8,649,-0.013512907624258214,0.013512907624258214,"[[1,1,0,0,0,1,0,1,0,0],[1,1,1,0,1,0,1,0,0,1]]"
8,650,-0.013951240994700471,0.013951240994700471,"[[1,1,0,0,0,1,0,1,0,0],[1,1,1,0,1,0,1,0,1,0]]"
8,651,-0.013848701230210292,0.013848701230210292,"[[1,1,0,0,0,1,0,1,0,0],[1,1,1,0,1,0,1,0,1,1]]"
8,652,-0.016701982709894606,0.016701982709894606,"[[1,1,0,0,0,1,0,1,0,0],[1,1,1,0,1,0,1,1,0,0]]"
8,653,-0.016586535874101093,0.016586535874101093,"[[1,1,0,0,0,1,0,1,0,0],[1,1,1,0,1,0,1,1,0,1]]"
8,654,-0.016995864949151746,0.016995864949151746,"[[1,1,0,0,0,1,0,1,0,0],[1,1,1,0,1,0,1,1,1,0]]"
8,655,-0.016882882178541996,0.016882882178541996,"[[1,1,0,0,0,1,0,1,0,0],[1,1,1,0,1,0,1,1,1,1]]"
8,656,-0.013941278975458257,0.013941278975458257,"[[1,1,0,0,0,1,0,1,0,0],[1,1,1,0,1,1,0,0,0,0]]"
8,657,-0.0138087344035157,0.0138087344035157,"[[1,1,0,0,0,1,0,1,0,0],[1,1,1,0,1,1,0,0,0,1]]"
8,658,-0.01415883320378367,0.01415883320378367,"[[1,1,0,0,0,1,0,1,0,0],[1,1,1,0,1,1,0,0,1,0]]"
8,659,-0.01407076287018123,0.01407076287018123,"[[1,1,0,0,0,1,0,1,0,0],[1,1,1,0,1,1,0,0,1,1]]"
8,660,-0.016638375152715087,0.016638375152715087,"[[1,1,0,0,0,1,0,1,0,0],[1,1,1,0,1,1,0,1,0,0]]"
8,661,-0.016491409470981613,0.016491409470981613,"[[1,1,0,0,0,1,0,1,0,0],[1,1,1,0,1,1,0,1,0,1]]"
8,662,-0.016816173752997196,0.016816173752997196,"[[1,1,0,0,0,1,0,1,0,0],[1,1,1,0,1,1,0,1,1,0]]"
8,663,-0.016717862758896362,0.016717862758896362,"[[1,1,0,0,0,1,0,1,0,0],[1,1,1,0,1,1,0,1,1,1]]"
8,664,-0.020729874274638394,0.020729874274638394,"[[1,1,0,0,0,1,0,1,0,0],[1,1,1,0,1,1,1,0,0,0]]"
8,665,-0.02055565369206212,0.02055565369206212,"[[1,1,0,0,0,1,0,1,0,0],[1,1,1,0,1,1,1,0,0,1]]"
8,666,-0.020981304162840175,0.020981304162840175,"[[1,1,0,0,0,1,0,1,0,0],[1,1,1,0,1,1,1,0,1,0]]"
8,667,-0.020810577433452958,0.020810577433452958,"[[1,1,0,0,0,1,0,1,0,0],[1,1,1,0,1,1,1,0,1,1]]"
8,668,-0.023990740994198845,0.023990740994198845,"[[1,1,0,0,0,1,0,1,0,0],[1,1,1,0,1,1,1,1,0,0]]"
8,669,-0.023800973635637362,0.023800973635637362,"[[1,1,0,0,0,1,0,1,0,0],[1,1,1,0,1,1,1,1,0,1]]"
8,670,-0.024214723487391055,0.024214723487391055,"[[1,1,0,0,0,1,0,1,0,0],[1,1,1,0,1,1,1,1,1,0]]"
8,671,-0.02409914903147178,0.02409914903147178,"[[1,1,0,0,0,1,0,1,0,0],[1,1,1,0,1,1,1,1,1,1]]"
8,672,-0.00823980382761235,0.00823980382761235,"[[1,1,0,0,0,1,0,1,0,1],[1,1,1,0,1,0,0,0,0,0]]"
8,673,-0.008184204556606019,0.008184204556606019,"[[1,1,0,0,0,1,0,1,0,1],[1,1,1,0,1,0,0,0,0,1]]"
8,674,-0.00857768442051243,0.00857768442051243,"[[1,1,0,0,0,1,0,1,0,1],[1,1,1,0,1,0,0,0,1,0]]"
8,675,-0.00852930478545741,0.00852930478545741,"[[1,1,0,0,0,1,0,1,0,1],[1,1,1,0,1,0,0,0,1,1]]"
8,676,-0.010767370532786062,0.010767370532786062,"[[1,1,0,0,0,1,0,1,0,1],[1,1,1,0,1,0,0,1,0,0]]"
8,677,-0.01070939772039447,0.01070939772039447,"[[1,1,0,0,0,1,0,1,0,1],[1,1,1,0,1,0,0,1,0,1]]"
8,678,-0.011059497856670127,0.011059497856670127,"[[1,1,0,0,0,1,0,1,0,1],[1,1,1,0,1,0,0,1,1,0]]"
8,679,-0.011010288233222443,0.011010288233222443,"[[1,1,0,0,0,1,0,1,0,1],[1,1,1,0,1,0,0,1,1,1]]"
8,680,-0.013684929131371116,0.013684929131371116,"[[1,1,0,0,0,1,0,1,0,1],[1,1,1,0,1,0,1,0,0,0]]"
8,681,-0.013571364794249967,0.013571364794249967,"[[1,1,0,0,0,1,0,1,0,1],[1,1,1,0,1,0,1,0,0,1]]"
8,682,-0.014013778495998084,0.014013778495998084,"[[1,1,0,0,0,1,0,1,0,1],[1,1,1,0,1,0,1,0,1,0]]"
8,683,-0.013911515236785361,0.013911515236785361,"[[1,1,0,0,0,1,0,1,0,1],[1,1,1,0,1,0,1,0,1,1]]"
8,684,-0.016768792022463622,0.016768792022463622,"[[1,1,0,0,0,1,0,1,0,1],[1,1,1,0,1,0,1,1,0,0]]"
8,685,-0.01665355223328853,0.01665355223328853,"[[1,1,0,0,0,1,0,1,0,1],[1,1,1,0,1,0,1,1,0,1]]"
8,686,-0.017056271671957005,0.017056271671957005,"[[1,1,0,0,0,1,0,1,0,1],[1,1,1,0,1,0,1,1,1,0]]"
8,687,-0.016943379919875132,0.016943379919875132,"[[1,1,0,0,0,1,0,1,0,1],[1,1,1,0,1,0,1,1,1,1]]"
8,688,-0.013995007876011281,0.013995007876011281,"[[1,1,0,0,0,1,0,1,0,1],[1,1,1,0,1,1,0,0,0,0]]"
8,689,-0.013871721589347172,0.013871721589347172,"[[1,1,0,0,0,1,0,1,0,1],[1,1,1,0,1,1,0,0,0,1]]"
8,690,-0.014224068949750628,0.014224068949750628,"[[1,1,0,0,0,1,0,1,0,1],[1,1,1,0,1,1,0,0,1,0]]"
8,691,-0.014133033292476789,0.014133033292476789,"[[1,1,0,0,0,1,0,1,0,1],[1,1,1,0,1,1,0,0,1,1]]"
8,692,-0.016688372745697348,0.016688372745697348,"[[1,1,0,0,0,1,0,1,0,1],[1,1,1,0,1,1,0,1,0,0]]"
8,693,-0.01653991662938211,0.01653991662938211,"[[1,1,0,0,0,1,0,1,0,1],[1,1,1,0,1,1,0,1,0,1]]"
8,694,-0.016879609680564317,0.016879609680564317,"[[1,1,0,0,0,1,0,1,0,1],[1,1,1,0,1,1,0,1,1,0]]"
8,695,-0.016785340699149155,0.016785340699149155,"[[1,1,0,0,0,1,0,1,0,1],[1,1,1,0,1,1,0,1,1,1]]"
8,696,-0.020789143851745434,0.020789143851745434,"[[1,1,0,0,0,1,0,1,0,1],[1,1,1,0,1,1,1,0,0,0]]"
8,697,-0.020613097171391353,0.020613097171391353,"[[1,1,0,0,0,1,0,1,0,1],[1,1,1,0,1,1,1,0,0,1]]"
8,698,-0.021035374866594438,0.021035374866594438,"[[1,1,0,0,0,1,0,1,0,1],[1,1,1,0,1,1,1,0,1,0]]"
8,699,-0.020862714391564265,0.020862714391564265,"[[1,1,0,0,0,1,0,1,0,1],[1,1,1,0,1,1,1,0,1,1]]"
8,700,-0.024045017122908786,0.024045017122908786,"[[1,1,0,0,0,1,0,1,0,1],[1,1,1,0,1,1,1,1,0,0]]"
8,701,-0.02385302734822171,0.02385302734822171,"[[1,1,0,0,0,1,0,1,0,1],[1,1,1,0,1,1,1,1,0,1]]"
8,702,-0.024271523495419514,0.024271523495419514,"[[1,1,0,0,0,1,0,1,0,1],[1,1,1,0,1,1,1,1,1,0]]"
8,703,-0.024142235787844232,0.024142235787844232,"[[1,1,0,0,0,1,0,1,0,1],[1,1,1,0,1,1,1,1,1,1]]"
8,704,-0.007682036672812326,0.007682036672812326,"[[1,1,0,0,0,1,0,1,1,0],[1,1,1,0,1,0,0,0,0,0]]"
8,705,-0.007631358424640362,0.007631358424640362,"[[1,1,0,0,0,1,0,1,1,0],[1,1,1,0,1,0,0,0,0,1]]"
8,706,-0.008153791242427225,0.008153791242427225,"[[1,1,0,0,0,1,0,1,1,0],[1,1,1,0,1,0,0,0,1,0]]"
8,707,-0.008105288891046466,0.008105288891046466,"[[1,1,0,0,0,1,0,1,1,0],[1,1,1,0,1,0,0,0,1,1]]"
8,708,-0.01009578455343421,0.01009578455343421,"[[1,1,0,0,0,1,0,1,1,0],[1,1,1,0,1,0,0,1,0,0]]"
8,709,-0.010049114556507784,0.010049114556507784,"[[1,1,0,0,0,1,0,1,1,0],[1,1,1,0,1,0,0,1,0,1]]"
8,710,-0.010578062746078372,0.010578062746078372,"[[1,1,0,0,0,1,0,1,1,0],[1,1,1,0,1,0,0,1,1,0]]"
8,711,-0.010535033628167345,0.010535033628167345,"[[1,1,0,0,0,1,0,1,1,0],[1,1,1,0,1,0,0,1,1,1]]"
8,712,-0.012826109595215187,0.012826109595215187,"[[1,1,0,0,0,1,0,1,1,0],[1,1,1,0,1,0,1,0,0,0]]"
8,713,-0.012726020673163162,0.012726020673163162,"[[1,1,0,0,0,1,0,1,1,0],[1,1,1,0,1,0,1,0,0,1]]"
8,714,-0.013270065966077596,0.013270065966077596,"[[1,1,0,0,0,1,0,1,1,0],[1,1,1,0,1,0,1,0,1,0]]"
8,715,-0.01317738765996807,0.01317738765996807,"[[1,1,0,0,0,1,0,1,1,0],[1,1,1,0,1,0,1,0,1,1]]"
8,716,-0.01580317011681863,0.01580317011681863,"[[1,1,0,0,0,1,0,1,1,0],[1,1,1,0,1,0,1,1,0,0]]"
8,717,-0.015701354884737163,0.015701354884737163,"[[1,1,0,0,0,1,0,1,1,0],[1,1,1,0,1,0,1,1,0,1]]"
8,718,-0.01624767391539054,0.01624767391539054,"[[1,1,0,0,0,1,0,1,1,0],[1,1,1,0,1,0,1,1,1,0]]"
8,719,-0.0161491051158052,0.0161491051158052,"[[1,1,0,0,0,1,0,1,1,0],[1,1,1,0,1,0,1,1,1,1]]"
8,720,-0.013112066550910899,0.013112066550910899,"[[1,1,0,0,0,1,0,1,1,0],[1,1,1,0,1,1,0,0,0,0]]"
8,721,-0.013028347060397792,0.013028347060397792,"[[1,1,0,0,0,1,0,1,1,0],[1,1,1,0,1,1,0,0,0,1]]"
8,722,-0.013626940366104543,0.013626940366104543,"[[1,1,0,0,0,1,0,1,1,0],[1,1,1,0,1,1,0,0,1,0]]"
8,723,-0.013539093249497102,0.013539093249497102,"[[1,1,0,0,0,1,0,1,1,0],[1,1,1,0,1,1,0,0,1,1]]"
8,724,-0.015649674145363602,0.015649674145363602,"[[1,1,0,0,0,1,0,1,1,0],[1,1,1,0,1,1,0,1,0,0]]"
8,725,-0.015561913124215144,0.015561913124215144,"[[1,1,0,0,0,1,0,1,1,0],[1,1,1,0,1,1,0,1,0,1]]"
8,726,-0.016128491121174777,0.016128491121174777,"[[1,1,0,0,0,1,0,1,1,0],[1,1,1,0,1,1,0,1,1,0]]"
8,727,-0.016044298945411872,0.016044298945411872,"[[1,1,0,0,0,1,0,1,1,0],[1,1,1,0,1,1,0,1,1,1]]"
8,728,-0.01964256115129234,0.01964256115129234,"[[1,1,0,0,0,1,0,1,1,0],[1,1,1,0,1,1,1,0,0,0]]"
8,729,-0.01948160931750116,0.01948160931750116,"[[1,1,0,0,0,1,0,1,1,0],[1,1,1,0,1,1,1,0,0,1]]"
8,730,-0.020073040113671888,0.020073040113671888,"[[1,1,0,0,0,1,0,1,1,0],[1,1,1,0,1,1,1,0,1,0]]"
8,731,-0.019912057185014986,0.019912057185014986,"[[1,1,0,0,0,1,0,1,1,0],[1,1,1,0,1,1,1,0,1,1]]"
8,732,-0.022730468375176192,0.022730468375176192,"[[1,1,0,0,0,1,0,1,1,0],[1,1,1,0,1,1,1,1,0,0]]"
8,733,-0.02256072169950854,0.02256072169950854,"[[1,1,0,0,0,1,0,1,1,0],[1,1,1,0,1,1,1,1,0,1]]"
8,734,-0.023125466710958175,0.023125466710958175,"[[1,1,0,0,0,1,0,1,1,0],[1,1,1,0,1,1,1,1,1,0]]"
8,735,-0.02304807375945507,0.02304807375945507,"[[1,1,0,0,0,1,0,1,1,0],[1,1,1,0,1,1,1,1,1,1]]"
8,736,-0.007737860471804137,0.007737860471804137,"[[1,1,0,0,0,1,0,1,1,1],[1,1,1,0,1,0,0,0,0,0]]"
8,737,-0.007686863250608876,0.007686863250608876,"[[1,1,0,0,0,1,0,1,1,1],[1,1,1,0,1,0,0,0,0,1]]"
8,738,-0.008210644881347262,0.008210644881347262,"[[1,1,0,0,0,1,0,1,1,1],[1,1,1,0,1,0,0,0,1,0]]"
8,739,-0.0081618751318363,0.0081618751318363,"[[1,1,0,0,0,1,0,1,1,1],[1,1,1,0,1,0,0,0,1,1]]"
8,740,-0.010162989074912145,0.010162989074912145,"[[1,1,0,0,0,1,0,1,1,1],[1,1,1,0,1,0,0,1,0,0]]"
8,741,-0.010116287613416075,0.010116287613416075,"[[1,1,0,0,0,1,0,1,1,1],[1,1,1,0,1,0,0,1,0,1]]"
8,742,-0.010646588891738761,0.010646588891738761,"[[1,1,0,0,0,1,0,1,1,1],[1,1,1,0,1,0,0,1,1,0]]"
8,743,-0.010599873624904858,0.010599873624904858,"[[1,1,0,0,0,1,0,1,1,1],[1,1,1,0,1,0,0,1,1,1]]"
8,744,-0.01288555566592398,0.01288555566592398,"[[1,1,0,0,0,1,0,1,1,1],[1,1,1,0,1,0,1,0,0,0]]"
8,745,-0.012785919203132323,0.012785919203132323,"[[1,1,0,0,0,1,0,1,1,1],[1,1,1,0,1,0,1,0,0,1]]"
8,746,-0.013331789619227773,0.013331789619227773,"[[1,1,0,0,0,1,0,1,1,1],[1,1,1,0,1,0,1,0,1,0]]"
8,747,-0.013239707204615965,0.013239707204615965,"[[1,1,0,0,0,1,0,1,1,1],[1,1,1,0,1,0,1,0,1,1]]"
8,748,-0.015871017999161883,0.015871017999161883,"[[1,1,0,0,0,1,0,1,1,1],[1,1,1,0,1,0,1,1,0,0]]"
8,749,-0.015769306850121508,0.015769306850121508,"[[1,1,0,0,0,1,0,1,1,1],[1,1,1,0,1,0,1,1,0,1]]"
8,750,-0.016309082270426687,0.016309082270426687,"[[1,1,0,0,0,1,0,1,1,1],[1,1,1,0,1,0,1,1,1,0]]"
8,751,-0.01621103079301588,0.01621103079301588,"[[1,1,0,0,0,1,0,1,1,1],[1,1,1,0,1,0,1,1,1,1]]"
8,752,-0.013180267206114564,0.013180267206114564,"[[1,1,0,0,0,1,0,1,1,1],[1,1,1,0,1,1,0,0,0,0]]"
8,753,-0.013094611704808176,0.013094611704808176,"[[1,1,0,0,0,1,0,1,1,1],[1,1,1,0,1,1,0,0,0,1]]"
8,754,-0.013687965650100336,0.013687965650100336,"[[1,1,0,0,0,1,0,1,1,1],[1,1,1,0,1,1,0,0,1,0]]"
8,755,-0.013597997883816517,0.013597997883816517,"[[1,1,0,0,0,1,0,1,1,1],[1,1,1,0,1,1,0,0,1,1]]"
8,756,-0.015718244652855342,0.015718244652855342,"[[1,1,0,0,0,1,0,1,1,1],[1,1,1,0,1,1,0,1,0,0]]"
8,757,-0.015628458687687866,0.015628458687687866,"[[1,1,0,0,0,1,0,1,1,1],[1,1,1,0,1,1,0,1,0,1]]"
8,758,-0.01619788545462951,0.01619788545462951,"[[1,1,0,0,0,1,0,1,1,1],[1,1,1,0,1,1,0,1,1,0]]"
8,759,-0.016111552177962243,0.016111552177962243,"[[1,1,0,0,0,1,0,1,1,1],[1,1,1,0,1,1,0,1,1,1]]"
8,760,-0.019702709770248288,0.019702709770248288,"[[1,1,0,0,0,1,0,1,1,1],[1,1,1,0,1,1,1,0,0,0]]"
8,761,-0.019540296369713942,0.019540296369713942,"[[1,1,0,0,0,1,0,1,1,1],[1,1,1,0,1,1,1,0,0,1]]"
8,762,-0.020126161750076393,0.020126161750076393,"[[1,1,0,0,0,1,0,1,1,1],[1,1,1,0,1,1,1,0,1,0]]"
8,763,-0.019963555143887923,0.019963555143887923,"[[1,1,0,0,0,1,0,1,1,1],[1,1,1,0,1,1,1,0,1,1]]"
8,764,-0.022788325780317652,0.022788325780317652,"[[1,1,0,0,0,1,0,1,1,1],[1,1,1,0,1,1,1,1,0,0]]"
8,765,-0.022616888089983734,0.022616888089983734,"[[1,1,0,0,0,1,0,1,1,1],[1,1,1,0,1,1,1,1,0,1]]"
8,766,-0.023185622494838434,0.023185622494838434,"[[1,1,0,0,0,1,0,1,1,1],[1,1,1,0,1,1,1,1,1,0]]"
8,767,-0.02309598968766473,0.02309598968766473,"[[1,1,0,0,0,1,0,1,1,1],[1,1,1,0,1,1,1,1,1,1]]"
8,768,-0.005855341434797256,0.005855341434797256,"[[1,1,0,0,0,1,1,0,0,0],[1,1,1,0,1,0,0,0,0,0]]"
8,769,-0.005769095365145395,0.005769095365145395,"[[1,1,0,0,0,1,1,0,0,0],[1,1,1,0,1,0,0,0,0,1]]"
8,770,-0.006168872375593293,0.006168872375593293,"[[1,1,0,0,0,1,1,0,0,0],[1,1,1,0,1,0,0,0,1,0]]"
8,771,-0.006096424380488486,0.006096424380488486,"[[1,1,0,0,0,1,1,0,0,0],[1,1,1,0,1,0,0,0,1,1]]"
8,772,-0.008156718988002836,0.008156718988002836,"[[1,1,0,0,0,1,1,0,0,0],[1,1,1,0,1,0,0,1,0,0]]"
8,773,-0.00805999741033227,0.00805999741033227,"[[1,1,0,0,0,1,1,0,0,0],[1,1,1,0,1,0,0,1,0,1]]"
8,774,-0.008375609822138488,0.008375609822138488,"[[1,1,0,0,0,1,1,0,0,0],[1,1,1,0,1,0,0,1,1,0]]"
8,775,-0.00829437548878619,0.00829437548878619,"[[1,1,0,0,0,1,1,0,0,0],[1,1,1,0,1,0,0,1,1,1]]"
8,776,-0.010689369058804566,0.010689369058804566,"[[1,1,0,0,0,1,1,0,0,0],[1,1,1,0,1,0,1,0,0,0]]"
8,777,-0.010601476192442023,0.010601476192442023,"[[1,1,0,0,0,1,1,0,0,0],[1,1,1,0,1,0,1,0,0,1]]"
8,778,-0.01106518308310898,0.01106518308310898,"[[1,1,0,0,0,1,1,0,0,0],[1,1,1,0,1,0,1,0,1,0]]"
8,779,-0.010982003182012095,0.010982003182012095,"[[1,1,0,0,0,1,1,0,0,0],[1,1,1,0,1,0,1,0,1,1]]"
8,780,-0.013656035488783453,0.013656035488783453,"[[1,1,0,0,0,1,1,0,0,0],[1,1,1,0,1,0,1,1,0,0]]"
8,781,-0.013549805480970954,0.013549805480970954,"[[1,1,0,0,0,1,1,0,0,0],[1,1,1,0,1,0,1,1,0,1]]"
8,782,-0.013947379704431584,0.013947379704431584,"[[1,1,0,0,0,1,1,0,0,0],[1,1,1,0,1,0,1,1,1,0]]"
8,783,-0.013858704897898555,0.013858704897898555,"[[1,1,0,0,0,1,1,0,0,0],[1,1,1,0,1,0,1,1,1,1]]"
8,784,-0.011185582758794643,0.011185582758794643,"[[1,1,0,0,0,1,1,0,0,0],[1,1,1,0,1,1,0,0,0,0]]"
8,785,-0.01107272202800793,0.01107272202800793,"[[1,1,0,0,0,1,1,0,0,0],[1,1,1,0,1,1,0,0,0,1]]"
8,786,-0.011492904824626296,0.011492904824626296,"[[1,1,0,0,0,1,1,0,0,0],[1,1,1,0,1,1,0,0,1,0]]"
8,787,-0.011387539252406204,0.011387539252406204,"[[1,1,0,0,0,1,1,0,0,0],[1,1,1,0,1,1,0,0,1,1]]"
8,788,-0.01413429221212751,0.01413429221212751,"[[1,1,0,0,0,1,1,0,0,0],[1,1,1,0,1,1,0,1,0,0]]"
8,789,-0.014012406682437946,0.014012406682437946,"[[1,1,0,0,0,1,1,0,0,0],[1,1,1,0,1,1,0,1,0,1]]"
8,790,-0.01437731981470589,0.01437731981470589,"[[1,1,0,0,0,1,1,0,0,0],[1,1,1,0,1,1,0,1,1,0]]"
8,791,-0.01428559607264368,0.01428559607264368,"[[1,1,0,0,0,1,1,0,0,0],[1,1,1,0,1,1,0,1,1,1]]"
8,792,-0.01767675689894863,0.01767675689894863,"[[1,1,0,0,0,1,1,0,0,0],[1,1,1,0,1,1,1,0,0,0]]"
8,793,-0.01754031723412991,0.01754031723412991,"[[1,1,0,0,0,1,1,0,0,0],[1,1,1,0,1,1,1,0,0,1]]"
8,794,-0.017898437959539312,0.017898437959539312,"[[1,1,0,0,0,1,1,0,0,0],[1,1,1,0,1,1,1,0,1,0]]"
8,795,-0.017811532561207186,0.017811532561207186,"[[1,1,0,0,0,1,1,0,0,0],[1,1,1,0,1,1,1,0,1,1]]"
8,796,-0.020703555862917236,0.020703555862917236,"[[1,1,0,0,0,1,1,0,0,0],[1,1,1,0,1,1,1,1,0,0]]"
8,797,-0.020553980596621328,0.020553980596621328,"[[1,1,0,0,0,1,1,0,0,0],[1,1,1,0,1,1,1,1,0,1]]"
8,798,-0.020972676868874034,0.020972676868874034,"[[1,1,0,0,0,1,1,0,0,0],[1,1,1,0,1,1,1,1,1,0]]"
8,799,-0.02090597845026493,0.02090597845026493,"[[1,1,0,0,0,1,1,0,0,0],[1,1,1,0,1,1,1,1,1,1]]"
8,800,-0.0058897723959623095,0.0058897723959623095,"[[1,1,0,0,0,1,1,0,0,1],[1,1,1,0,1,0,0,0,0,0]]"
8,801,-0.005805040514056873,0.005805040514056873,"[[1,1,0,0,0,1,1,0,0,1],[1,1,1,0,1,0,0,0,0,1]]"
8,802,-0.006197641743679567,0.006197641743679567,"[[1,1,0,0,0,1,1,0,0,1],[1,1,1,0,1,0,0,0,1,0]]"
8,803,-0.006135674535632438,0.006135674535632438,"[[1,1,0,0,0,1,1,0,0,1],[1,1,1,0,1,0,0,0,1,1]]"
8,804,-0.008190856332853134,0.008190856332853134,"[[1,1,0,0,0,1,1,0,0,1],[1,1,1,0,1,0,0,1,0,0]]"
8,805,-0.008094153917546065,0.008094153917546065,"[[1,1,0,0,0,1,1,0,0,1],[1,1,1,0,1,0,0,1,0,1]]"
8,806,-0.00841588455646581,0.00841588455646581,"[[1,1,0,0,0,1,1,0,0,1],[1,1,1,0,1,0,0,1,1,0]]"
8,807,-0.008334956819284915,0.008334956819284915,"[[1,1,0,0,0,1,1,0,0,1],[1,1,1,0,1,0,0,1,1,1]]"
8,808,-0.01074829304742742,0.01074829304742742,"[[1,1,0,0,0,1,1,0,0,1],[1,1,1,0,1,0,1,0,0,0]]"
8,809,-0.010652993619249047,0.010652993619249047,"[[1,1,0,0,0,1,1,0,0,1],[1,1,1,0,1,0,1,0,0,1]]"
8,810,-0.011121386434788492,0.011121386434788492,"[[1,1,0,0,0,1,1,0,0,1],[1,1,1,0,1,0,1,0,1,0]]"
8,811,-0.011038920311185928,0.011038920311185928,"[[1,1,0,0,0,1,1,0,0,1],[1,1,1,0,1,0,1,0,1,1]]"
8,812,-0.013714971757684151,0.013714971757684151,"[[1,1,0,0,0,1,1,0,0,1],[1,1,1,0,1,0,1,1,0,0]]"
8,813,-0.013609099986927786,0.013609099986927786,"[[1,1,0,0,0,1,1,0,0,1],[1,1,1,0,1,0,1,1,0,1]]"
8,814,-0.01401154036919766,0.01401154036919766,"[[1,1,0,0,0,1,1,0,0,1],[1,1,1,0,1,0,1,1,1,0]]"
8,815,-0.013919999439616883,0.013919999439616883,"[[1,1,0,0,0,1,1,0,0,1],[1,1,1,0,1,0,1,1,1,1]]"
8,816,-0.011234505010932134,0.011234505010932134,"[[1,1,0,0,0,1,1,0,0,1],[1,1,1,0,1,1,0,0,0,0]]"
8,817,-0.011115730387492697,0.011115730387492697,"[[1,1,0,0,0,1,1,0,0,1],[1,1,1,0,1,1,0,0,0,1]]"
8,818,-0.011541918995079533,0.011541918995079533,"[[1,1,0,0,0,1,1,0,0,1],[1,1,1,0,1,1,0,0,1,0]]"
8,819,-0.011435878269246892,0.011435878269246892,"[[1,1,0,0,0,1,1,0,0,1],[1,1,1,0,1,1,0,0,1,1]]"
8,820,-0.014189041677610332,0.014189041677610332,"[[1,1,0,0,0,1,1,0,0,1],[1,1,1,0,1,1,0,1,0,0]]"
8,821,-0.014066293875935849,0.014066293875935849,"[[1,1,0,0,0,1,1,0,0,1],[1,1,1,0,1,1,0,1,0,1]]"
8,822,-0.014437646557925694,0.014437646557925694,"[[1,1,0,0,0,1,1,0,0,1],[1,1,1,0,1,1,0,1,1,0]]"
8,823,-0.014337897704008291,0.014337897704008291,"[[1,1,0,0,0,1,1,0,0,1],[1,1,1,0,1,1,0,1,1,1]]"
8,824,-0.017735705752644097,0.017735705752644097,"[[1,1,0,0,0,1,1,0,0,1],[1,1,1,0,1,1,1,0,0,0]]"
8,825,-0.01759838663769008,0.01759838663769008,"[[1,1,0,0,0,1,1,0,0,1],[1,1,1,0,1,1,1,0,0,1]]"
8,826,-0.017959556972291915,0.017959556972291915,"[[1,1,0,0,0,1,1,0,0,1],[1,1,1,0,1,1,1,0,1,0]]"
8,827,-0.017863216111519507,0.017863216111519507,"[[1,1,0,0,0,1,1,0,0,1],[1,1,1,0,1,1,1,0,1,1]]"
8,828,-0.020764119589160416,0.020764119589160416,"[[1,1,0,0,0,1,1,0,0,1],[1,1,1,0,1,1,1,1,0,0]]"
8,829,-0.020608402547485114,0.020608402547485114,"[[1,1,0,0,0,1,1,0,0,1],[1,1,1,0,1,1,1,1,0,1]]"
8,830,-0.021027980778349026,0.021027980778349026,"[[1,1,0,0,0,1,1,0,0,1],[1,1,1,0,1,1,1,1,1,0]]"
8,831,-0.020960035328994323,0.020960035328994323,"[[1,1,0,0,0,1,1,0,0,1],[1,1,1,0,1,1,1,1,1,1]]"
8,832,-0.005317983489661618,0.005317983489661618,"[[1,1,0,0,0,1,1,0,1,0],[1,1,1,0,1,0,0,0,0,0]]"
8,833,-0.005269002246090981,0.005269002246090981,"[[1,1,0,0,0,1,1,0,1,0],[1,1,1,0,1,0,0,0,0,1]]"
8,834,-0.0057449984231678,0.0057449984231678,"[[1,1,0,0,0,1,1,0,1,0],[1,1,1,0,1,0,0,0,1,0]]"
8,835,-0.005702303616642407,0.005702303616642407,"[[1,1,0,0,0,1,1,0,1,0],[1,1,1,0,1,0,0,0,1,1]]"
8,836,-0.0074957415412721775,0.0074957415412721775,"[[1,1,0,0,0,1,1,0,1,0],[1,1,1,0,1,0,0,1,0,0]]"
8,837,-0.007423407752579896,0.007423407752579896,"[[1,1,0,0,0,1,1,0,1,0],[1,1,1,0,1,0,0,1,0,1]]"
8,838,-0.007850753895128066,0.007850753895128066,"[[1,1,0,0,0,1,1,0,1,0],[1,1,1,0,1,0,0,1,1,0]]"
8,839,-0.007808840978574392,0.007808840978574392,"[[1,1,0,0,0,1,1,0,1,0],[1,1,1,0,1,0,0,1,1,1]]"
8,840,-0.009995901433385204,0.009995901433385204,"[[1,1,0,0,0,1,1,0,1,0],[1,1,1,0,1,0,1,0,0,0]]"
8,841,-0.009915813679587384,0.009915813679587384,"[[1,1,0,0,0,1,1,0,1,0],[1,1,1,0,1,0,1,0,0,1]]"
8,842,-0.010476874853907449,0.010476874853907449,"[[1,1,0,0,0,1,1,0,1,0],[1,1,1,0,1,0,1,0,1,0]]"
8,843,-0.010405529886877329,0.010405529886877329,"[[1,1,0,0,0,1,1,0,1,0],[1,1,1,0,1,0,1,0,1,1]]"
8,844,-0.012860235466369458,0.012860235466369458,"[[1,1,0,0,0,1,1,0,1,0],[1,1,1,0,1,0,1,1,0,0]]"
8,845,-0.01277793985677956,0.01277793985677956,"[[1,1,0,0,0,1,1,0,1,0],[1,1,1,0,1,0,1,1,0,1]]"
8,846,-0.013319397872725396,0.013319397872725396,"[[1,1,0,0,0,1,1,0,1,0],[1,1,1,0,1,0,1,1,1,0]]"
8,847,-0.01326171099578146,0.01326171099578146,"[[1,1,0,0,0,1,1,0,1,0],[1,1,1,0,1,0,1,1,1,1]]"
8,848,-0.010418045096780286,0.010418045096780286,"[[1,1,0,0,0,1,1,0,1,0],[1,1,1,0,1,1,0,0,0,0]]"
8,849,-0.010315540755117598,0.010315540755117598,"[[1,1,0,0,0,1,1,0,1,0],[1,1,1,0,1,1,0,0,0,1]]"
8,850,-0.010845069562887076,0.010845069562887076,"[[1,1,0,0,0,1,1,0,1,0],[1,1,1,0,1,1,0,0,1,0]]"
8,851,-0.010784893947024135,0.010784893947024135,"[[1,1,0,0,0,1,1,0,1,0],[1,1,1,0,1,1,0,0,1,1]]"
8,852,-0.013268813555464784,0.013268813555464784,"[[1,1,0,0,0,1,1,0,1,0],[1,1,1,0,1,1,0,1,0,0]]"
8,853,-0.013171468088444726,0.013171468088444726,"[[1,1,0,0,0,1,1,0,1,0],[1,1,1,0,1,1,0,1,0,1]]"
8,854,-0.013705582629402347,0.013705582629402347,"[[1,1,0,0,0,1,1,0,1,0],[1,1,1,0,1,1,0,1,1,0]]"
8,855,-0.01365436287376835,0.01365436287376835,"[[1,1,0,0,0,1,1,0,1,0],[1,1,1,0,1,1,0,1,1,1]]"
8,856,-0.016715955475587123,0.016715955475587123,"[[1,1,0,0,0,1,1,0,1,0],[1,1,1,0,1,1,1,0,0,0]]"
8,857,-0.01659391342295042,0.01659391342295042,"[[1,1,0,0,0,1,1,0,1,0],[1,1,1,0,1,1,1,0,0,1]]"
8,858,-0.01710310366490794,0.01710310366490794,"[[1,1,0,0,0,1,1,0,1,0],[1,1,1,0,1,1,1,0,1,0]]"
8,859,-0.017045473202977227,0.017045473202977227,"[[1,1,0,0,0,1,1,0,1,0],[1,1,1,0,1,1,1,0,1,1]]"
8,860,-0.019630253346847294,0.019630253346847294,"[[1,1,0,0,0,1,1,0,1,0],[1,1,1,0,1,1,1,1,0,0]]"
8,861,-0.019523631137955764,0.019523631137955764,"[[1,1,0,0,0,1,1,0,1,0],[1,1,1,0,1,1,1,1,0,1]]"
8,862,-0.020131854815862608,0.020131854815862608,"[[1,1,0,0,0,1,1,0,1,0],[1,1,1,0,1,1,1,1,1,0]]"
8,863,-0.020075670728583576,0.020075670728583576,"[[1,1,0,0,0,1,1,0,1,0],[1,1,1,0,1,1,1,1,1,1]]"
8,864,-0.0053590273215219615,0.0053590273215219615,"[[1,1,0,0,0,1,1,0,1,1],[1,1,1,0,1,0,0,0,0,0]]"
8,865,-0.005317183013499204,0.005317183013499204,"[[1,1,0,0,0,1,1,0,1,1],[1,1,1,0,1,0,0,0,0,1]]"
8,866,-0.0057835047170300335,0.0057835047170300335,"[[1,1,0,0,0,1,1,0,1,1],[1,1,1,0,1,0,0,0,1,0]]"
8,867,-0.005740243066639696,0.005740243066639696,"[[1,1,0,0,0,1,1,0,1,1],[1,1,1,0,1,0,0,0,1,1]]"
8,868,-0.0075358987503321125,0.0075358987503321125,"[[1,1,0,0,0,1,1,0,1,1],[1,1,1,0,1,0,0,1,0,0]]"
8,869,-0.0074703998204389945,0.0074703998204389945,"[[1,1,0,0,0,1,1,0,1,1],[1,1,1,0,1,0,0,1,0,1]]"
8,870,-0.007902625633729026,0.007902625633729026,"[[1,1,0,0,0,1,1,0,1,1],[1,1,1,0,1,0,0,1,1,0]]"
8,871,-0.00786029339076315,0.00786029339076315,"[[1,1,0,0,0,1,1,0,1,1],[1,1,1,0,1,0,0,1,1,1]]"
8,872,-0.010050146818811154,0.010050146818811154,"[[1,1,0,0,0,1,1,0,1,1],[1,1,1,0,1,0,1,0,0,0]]"
8,873,-0.009968776681511155,0.009968776681511155,"[[1,1,0,0,0,1,1,0,1,1],[1,1,1,0,1,0,1,0,0,1]]"
8,874,-0.010533164600266104,0.010533164600266104,"[[1,1,0,0,0,1,1,0,1,1],[1,1,1,0,1,0,1,0,1,0]]"
8,875,-0.010462898219144073,0.010462898219144073,"[[1,1,0,0,0,1,1,0,1,1],[1,1,1,0,1,0,1,0,1,1]]"
8,876,-0.012924905736591465,0.012924905736591465,"[[1,1,0,0,0,1,1,0,1,1],[1,1,1,0,1,0,1,1,0,0]]"
8,877,-0.01284358151773477,0.01284358151773477,"[[1,1,0,0,0,1,1,0,1,1],[1,1,1,0,1,0,1,1,0,1]]"
8,878,-0.013387270050926096,0.013387270050926096,"[[1,1,0,0,0,1,1,0,1,1],[1,1,1,0,1,0,1,1,1,0]]"
8,879,-0.013325694496748454,0.013325694496748454,"[[1,1,0,0,0,1,1,0,1,1],[1,1,1,0,1,0,1,1,1,1]]"
8,880,-0.010463866681416235,0.010463866681416235,"[[1,1,0,0,0,1,1,0,1,1],[1,1,1,0,1,1,0,0,0,0]]"
8,881,-0.010371137913646172,0.010371137913646172,"[[1,1,0,0,0,1,1,0,1,1],[1,1,1,0,1,1,0,0,0,1]]"
8,882,-0.010907269870099238,0.010907269870099238,"[[1,1,0,0,0,1,1,0,1,1],[1,1,1,0,1,1,0,0,1,0]]"
8,883,-0.010845695667177736,0.010845695667177736,"[[1,1,0,0,0,1,1,0,1,1],[1,1,1,0,1,1,0,0,1,1]]"
8,884,-0.01332987650450974,0.01332987650450974,"[[1,1,0,0,0,1,1,0,1,1],[1,1,1,0,1,1,0,1,0,0]]"
8,885,-0.013232468431401348,0.013232468431401348,"[[1,1,0,0,0,1,1,0,1,1],[1,1,1,0,1,1,0,1,0,1]]"
8,886,-0.013770463939372144,0.013770463939372144,"[[1,1,0,0,0,1,1,0,1,1],[1,1,1,0,1,1,0,1,1,0]]"
8,887,-0.013721500024528113,0.013721500024528113,"[[1,1,0,0,0,1,1,0,1,1],[1,1,1,0,1,1,0,1,1,1]]"
8,888,-0.016776148962861684,0.016776148962861684,"[[1,1,0,0,0,1,1,0,1,1],[1,1,1,0,1,1,1,0,0,0]]"
8,889,-0.016653616111630916,0.016653616111630916,"[[1,1,0,0,0,1,1,0,1,1],[1,1,1,0,1,1,1,0,0,1]]"
8,890,-0.017165591138370642,0.017165591138370642,"[[1,1,0,0,0,1,1,0,1,1],[1,1,1,0,1,1,1,0,1,0]]"
8,891,-0.017099639533372415,0.017099639533372415,"[[1,1,0,0,0,1,1,0,1,1],[1,1,1,0,1,1,1,0,1,1]]"
8,892,-0.019696296311225336,0.019696296311225336,"[[1,1,0,0,0,1,1,0,1,1],[1,1,1,0,1,1,1,1,0,0]]"
8,893,-0.019580610784045483,0.019580610784045483,"[[1,1,0,0,0,1,1,0,1,1],[1,1,1,0,1,1,1,1,0,1]]"
8,894,-0.020191947434196986,0.020191947434196986,"[[1,1,0,0,0,1,1,0,1,1],[1,1,1,0,1,1,1,1,1,0]]"
8,895,-0.020134926173034414,0.020134926173034414,"[[1,1,0,0,0,1,1,0,1,1],[1,1,1,0,1,1,1,1,1,1]]"
8,896,-0.003756020111705227,0.003756020111705227,"[[1,1,0,0,0,1,1,1,0,0],[1,1,1,0,1,0,0,0,0,0]]"
8,897,-0.00370453432608018,0.00370453432608018,"[[1,1,0,0,0,1,1,1,0,0],[1,1,1,0,1,0,0,0,0,1]]"
8,898,-0.004007878693325963,0.004007878693325963,"[[1,1,0,0,0,1,1,1,0,0],[1,1,1,0,1,0,0,0,1,0]]"
8,899,-0.003970920905190799,0.003970920905190799,"[[1,1,0,0,0,1,1,1,0,0],[1,1,1,0,1,0,0,0,1,1]]"
8,900,-0.005679916868641389,0.005679916868641389,"[[1,1,0,0,0,1,1,1,0,0],[1,1,1,0,1,0,0,1,0,0]]"
8,901,-0.005628683971007989,0.005628683971007989,"[[1,1,0,0,0,1,1,1,0,0],[1,1,1,0,1,0,0,1,0,1]]"
8,902,-0.005946204059373918,0.005946204059373918,"[[1,1,0,0,0,1,1,1,0,0],[1,1,1,0,1,0,0,1,1,0]]"
8,903,-0.0059084878919044735,0.0059084878919044735,"[[1,1,0,0,0,1,1,1,0,0],[1,1,1,0,1,0,0,1,1,1]]"
8,904,-0.007595816135245091,0.007595816135245091,"[[1,1,0,0,0,1,1,1,0,0],[1,1,1,0,1,0,1,0,0,0]]"
8,905,-0.007530653635347685,0.007530653635347685,"[[1,1,0,0,0,1,1,1,0,0],[1,1,1,0,1,0,1,0,0,1]]"
8,906,-0.008067859047047784,0.008067859047047784,"[[1,1,0,0,0,1,1,1,0,0],[1,1,1,0,1,0,1,0,1,0]]"
8,907,-0.007999686161425101,0.007999686161425101,"[[1,1,0,0,0,1,1,1,0,0],[1,1,1,0,1,0,1,0,1,1]]"
8,908,-0.01049586872454608,0.01049586872454608,"[[1,1,0,0,0,1,1,1,0,0],[1,1,1,0,1,0,1,1,0,0]]"
8,909,-0.01042158011314549,0.01042158011314549,"[[1,1,0,0,0,1,1,1,0,0],[1,1,1,0,1,0,1,1,0,1]]"
8,910,-0.010766541191066101,0.010766541191066101,"[[1,1,0,0,0,1,1,1,0,0],[1,1,1,0,1,0,1,1,1,0]]"
8,911,-0.010701980352950464,0.010701980352950464,"[[1,1,0,0,0,1,1,1,0,0],[1,1,1,0,1,0,1,1,1,1]]"
8,912,-0.008097295104108086,0.008097295104108086,"[[1,1,0,0,0,1,1,1,0,0],[1,1,1,0,1,1,0,0,0,0]]"
8,913,-0.008013500253328906,0.008013500253328906,"[[1,1,0,0,0,1,1,1,0,0],[1,1,1,0,1,1,0,0,0,1]]"
8,914,-0.008490814978813507,0.008490814978813507,"[[1,1,0,0,0,1,1,1,0,0],[1,1,1,0,1,1,0,0,1,0]]"
8,915,-0.00842859947532565,0.00842859947532565,"[[1,1,0,0,0,1,1,1,0,0],[1,1,1,0,1,1,0,0,1,1]]"
8,916,-0.010871271299103305,0.010871271299103305,"[[1,1,0,0,0,1,1,1,0,0],[1,1,1,0,1,1,0,1,0,0]]"
8,917,-0.010774652403235791,0.010774652403235791,"[[1,1,0,0,0,1,1,1,0,0],[1,1,1,0,1,1,0,1,0,1]]"
8,918,-0.011100141934574443,0.011100141934574443,"[[1,1,0,0,0,1,1,1,0,0],[1,1,1,0,1,1,0,1,1,0]]"
8,919,-0.011043608352593519,0.011043608352593519,"[[1,1,0,0,0,1,1,1,0,0],[1,1,1,0,1,1,0,1,1,1]]"
8,920,-0.013854670278140295,0.013854670278140295,"[[1,1,0,0,0,1,1,1,0,0],[1,1,1,0,1,1,1,0,0,0]]"
8,921,-0.013739600757169606,0.013739600757169606,"[[1,1,0,0,0,1,1,1,0,0],[1,1,1,0,1,1,1,0,0,1]]"
8,922,-0.014138747379988445,0.014138747379988445,"[[1,1,0,0,0,1,1,1,0,0],[1,1,1,0,1,1,1,0,1,0]]"
8,923,-0.014034283752718788,0.014034283752718788,"[[1,1,0,0,0,1,1,1,0,0],[1,1,1,0,1,1,1,0,1,1]]"
8,924,-0.016709819133076106,0.016709819133076106,"[[1,1,0,0,0,1,1,1,0,0],[1,1,1,0,1,1,1,1,0,0]]"
8,925,-0.01658265404735455,0.01658265404735455,"[[1,1,0,0,0,1,1,1,0,0],[1,1,1,0,1,1,1,1,0,1]]"
8,926,-0.016928161078474026,0.016928161078474026,"[[1,1,0,0,0,1,1,1,0,0],[1,1,1,0,1,1,1,1,1,0]]"
8,927,-0.016860263963595013,0.016860263963595013,"[[1,1,0,0,0,1,1,1,0,0],[1,1,1,0,1,1,1,1,1,1]]"
8,928,-0.003785849847277104,0.003785849847277104,"[[1,1,0,0,0,1,1,1,0,1],[1,1,1,0,1,0,0,0,0,0]]"
8,929,-0.0037342471086546127,0.0037342471086546127,"[[1,1,0,0,0,1,1,1,0,1],[1,1,1,0,1,0,0,0,0,1]]"
8,930,-0.0040497413656711894,0.0040497413656711894,"[[1,1,0,0,0,1,1,1,0,1],[1,1,1,0,1,0,0,0,1,0]]"
8,931,-0.004013047255711792,0.004013047255711792,"[[1,1,0,0,0,1,1,1,0,1],[1,1,1,0,1,0,0,0,1,1]]"
8,932,-0.005714780610455608,0.005714780610455608,"[[1,1,0,0,0,1,1,1,0,1],[1,1,1,0,1,0,0,1,0,0]]"
8,933,-0.005668750492434233,0.005668750492434233,"[[1,1,0,0,0,1,1,1,0,1],[1,1,1,0,1,0,0,1,0,1]]"
8,934,-0.005990395058972701,0.005990395058972701,"[[1,1,0,0,0,1,1,1,0,1],[1,1,1,0,1,0,0,1,1,0]]"
8,935,-0.0059522801081269,0.0059522801081269,"[[1,1,0,0,0,1,1,1,0,1],[1,1,1,0,1,0,0,1,1,1]]"
8,936,-0.007665876411594722,0.007665876411594722,"[[1,1,0,0,0,1,1,1,0,1],[1,1,1,0,1,0,1,0,0,0]]"
8,937,-0.007602910807801016,0.007602910807801016,"[[1,1,0,0,0,1,1,1,0,1],[1,1,1,0,1,0,1,0,0,1]]"
8,938,-0.008117877335048594,0.008117877335048594,"[[1,1,0,0,0,1,1,1,0,1],[1,1,1,0,1,0,1,0,1,0]]"
8,939,-0.008050588717984452,0.008050588717984452,"[[1,1,0,0,0,1,1,1,0,1],[1,1,1,0,1,0,1,0,1,1]]"
8,940,-0.010554686466589538,0.010554686466589538,"[[1,1,0,0,0,1,1,1,0,1],[1,1,1,0,1,0,1,1,0,0]]"
8,941,-0.01048145743570137,0.01048145743570137,"[[1,1,0,0,0,1,1,1,0,1],[1,1,1,0,1,0,1,1,0,1]]"
8,942,-0.010828609839413942,0.010828609839413942,"[[1,1,0,0,0,1,1,1,0,1],[1,1,1,0,1,0,1,1,1,0]]"
8,943,-0.010765244513628654,0.010765244513628654,"[[1,1,0,0,0,1,1,1,0,1],[1,1,1,0,1,0,1,1,1,1]]"
8,944,-0.008155509747320733,0.008155509747320733,"[[1,1,0,0,0,1,1,1,0,1],[1,1,1,0,1,1,0,0,0,0]]"
8,945,-0.008084256600468367,0.008084256600468367,"[[1,1,0,0,0,1,1,1,0,1],[1,1,1,0,1,1,0,0,0,1]]"
8,946,-0.008544515718862316,0.008544515718862316,"[[1,1,0,0,0,1,1,1,0,1],[1,1,1,0,1,1,0,0,1,0]]"
8,947,-0.008480610789566112,0.008480610789566112,"[[1,1,0,0,0,1,1,1,0,1],[1,1,1,0,1,1,0,0,1,1]]"
8,948,-0.010922810481079192,0.010922810481079192,"[[1,1,0,0,0,1,1,1,0,1],[1,1,1,0,1,1,0,1,0,0]]"
8,949,-0.01083491201569782,0.01083491201569782,"[[1,1,0,0,0,1,1,1,0,1],[1,1,1,0,1,1,0,1,0,1]]"
8,950,-0.011166853761974736,0.011166853761974736,"[[1,1,0,0,0,1,1,1,0,1],[1,1,1,0,1,1,0,1,1,0]]"
8,951,-0.011109014833986543,0.011109014833986543,"[[1,1,0,0,0,1,1,1,0,1],[1,1,1,0,1,1,0,1,1,1]]"
8,952,-0.013916285361038732,0.013916285361038732,"[[1,1,0,0,0,1,1,1,0,1],[1,1,1,0,1,1,1,0,0,0]]"
8,953,-0.01380075630835791,0.01380075630835791,"[[1,1,0,0,0,1,1,1,0,1],[1,1,1,0,1,1,1,0,0,1]]"
8,954,-0.01420420266444901,0.01420420266444901,"[[1,1,0,0,0,1,1,1,0,1],[1,1,1,0,1,1,1,0,1,0]]"
8,955,-0.014099441226778742,0.014099441226778742,"[[1,1,0,0,0,1,1,1,0,1],[1,1,1,0,1,1,1,0,1,1]]"
8,956,-0.01676846232735523,0.01676846232735523,"[[1,1,0,0,0,1,1,1,0,1],[1,1,1,0,1,1,1,1,0,0]]"
8,957,-0.016640571138191586,0.016640571138191586,"[[1,1,0,0,0,1,1,1,0,1],[1,1,1,0,1,1,1,1,0,1]]"
8,958,-0.016990192514873798,0.016990192514873798,"[[1,1,0,0,0,1,1,1,0,1],[1,1,1,0,1,1,1,1,1,0]]"
8,959,-0.01691366181381621,0.01691366181381621,"[[1,1,0,0,0,1,1,1,0,1],[1,1,1,0,1,1,1,1,1,1]]"
8,960,-0.0034586902059500486,0.0034586902059500486,"[[1,1,0,0,0,1,1,1,1,0],[1,1,1,0,1,0,0,0,0,0]]"
8,961,-0.0034106617562482612,0.0034106617562482612,"[[1,1,0,0,0,1,1,1,1,0],[1,1,1,0,1,0,0,0,0,1]]"
8,962,-0.003809307762153634,0.003809307762153634,"[[1,1,0,0,0,1,1,1,1,0],[1,1,1,0,1,0,0,0,1,0]]"
8,963,-0.00377129996372319,0.00377129996372319,"[[1,1,0,0,0,1,1,1,1,0],[1,1,1,0,1,0,0,0,1,1]]"
8,964,-0.005255922415476335,0.005255922415476335,"[[1,1,0,0,0,1,1,1,1,0],[1,1,1,0,1,0,0,1,0,0]]"
8,965,-0.0052194046468604085,0.0052194046468604085,"[[1,1,0,0,0,1,1,1,1,0],[1,1,1,0,1,0,0,1,0,1]]"
8,966,-0.005649074313563017,0.005649074313563017,"[[1,1,0,0,0,1,1,1,1,0],[1,1,1,0,1,0,0,1,1,0]]"
8,967,-0.005617324766201559,0.005617324766201559,"[[1,1,0,0,0,1,1,1,1,0],[1,1,1,0,1,0,0,1,1,1]]"
8,968,-0.007026085227800219,0.007026085227800219,"[[1,1,0,0,0,1,1,1,1,0],[1,1,1,0,1,0,1,0,0,0]]"
8,969,-0.006975334790501764,0.006975334790501764,"[[1,1,0,0,0,1,1,1,1,0],[1,1,1,0,1,0,1,0,0,1]]"
8,970,-0.007597464929657321,0.007597464929657321,"[[1,1,0,0,0,1,1,1,1,0],[1,1,1,0,1,0,1,0,1,0]]"
8,971,-0.007539906919014612,0.007539906919014612,"[[1,1,0,0,0,1,1,1,1,0],[1,1,1,0,1,0,1,0,1,1]]"
8,972,-0.009863365411690486,0.009863365411690486,"[[1,1,0,0,0,1,1,1,1,0],[1,1,1,0,1,0,1,1,0,0]]"
8,973,-0.009807855589826346,0.009807855589826346,"[[1,1,0,0,0,1,1,1,1,0],[1,1,1,0,1,0,1,1,0,1]]"
8,974,-0.010285620675835556,0.010285620675835556,"[[1,1,0,0,0,1,1,1,1,0],[1,1,1,0,1,0,1,1,1,0]]"
8,975,-0.010240917814549517,0.010240917814549517,"[[1,1,0,0,0,1,1,1,1,0],[1,1,1,0,1,0,1,1,1,1]]"
8,976,-0.007513970850858399,0.007513970850858399,"[[1,1,0,0,0,1,1,1,1,0],[1,1,1,0,1,1,0,0,0,0]]"
8,977,-0.007463915917960996,0.007463915917960996,"[[1,1,0,0,0,1,1,1,1,0],[1,1,1,0,1,1,0,0,0,1]]"
8,978,-0.00811872029328667,0.00811872029328667,"[[1,1,0,0,0,1,1,1,1,0],[1,1,1,0,1,1,0,0,1,0]]"
8,979,-0.008056688022328127,0.008056688022328127,"[[1,1,0,0,0,1,1,1,1,0],[1,1,1,0,1,1,0,0,1,1]]"
8,980,-0.01017969160438597,0.01017969160438597,"[[1,1,0,0,0,1,1,1,1,0],[1,1,1,0,1,1,0,1,0,0]]"
8,981,-0.010126677660338892,0.010126677660338892,"[[1,1,0,0,0,1,1,1,1,0],[1,1,1,0,1,1,0,1,0,1]]"
8,982,-0.010656844358447775,0.010656844358447775,"[[1,1,0,0,0,1,1,1,1,0],[1,1,1,0,1,1,0,1,1,0]]"
8,983,-0.010606861058449445,0.010606861058449445,"[[1,1,0,0,0,1,1,1,1,0],[1,1,1,0,1,1,0,1,1,1]]"
8,984,-0.013044204962922516,0.013044204962922516,"[[1,1,0,0,0,1,1,1,1,0],[1,1,1,0,1,1,1,0,0,0]]"
8,985,-0.012942694620055458,0.012942694620055458,"[[1,1,0,0,0,1,1,1,1,0],[1,1,1,0,1,1,1,0,0,1]]"
8,986,-0.013461963428407274,0.013461963428407274,"[[1,1,0,0,0,1,1,1,1,0],[1,1,1,0,1,1,1,0,1,0]]"
8,987,-0.013367358423056284,0.013367358423056284,"[[1,1,0,0,0,1,1,1,1,0],[1,1,1,0,1,1,1,0,1,1]]"
8,988,-0.015802381826623534,0.015802381826623534,"[[1,1,0,0,0,1,1,1,1,0],[1,1,1,0,1,1,1,1,0,0]]"
8,989,-0.01569732282829318,0.01569732282829318,"[[1,1,0,0,0,1,1,1,1,0],[1,1,1,0,1,1,1,1,0,1]]"
8,990,-0.01620741208661644,0.01620741208661644,"[[1,1,0,0,0,1,1,1,1,0],[1,1,1,0,1,1,1,1,1,0]]"
8,991,-0.016167586615963493,0.016167586615963493,"[[1,1,0,0,0,1,1,1,1,0],[1,1,1,0,1,1,1,1,1,1]]"
8,992,-0.003486033610989965,0.003486033610989965,"[[1,1,0,0,0,1,1,1,1,1],[1,1,1,0,1,0,0,0,0,0]]"
8,993,-0.003438142873341148,0.003438142873341148,"[[1,1,0,0,0,1,1,1,1,1],[1,1,1,0,1,0,0,0,0,1]]"
8,994,-0.003846211906032816,0.003846211906032816,"[[1,1,0,0,0,1,1,1,1,1],[1,1,1,0,1,0,0,0,1,0]]"
8,995,-0.003806669375531935,0.003806669375531935,"[[1,1,0,0,0,1,1,1,1,1],[1,1,1,0,1,0,0,0,1,1]]"
8,996,-0.005297033398710723,0.005297033398710723,"[[1,1,0,0,0,1,1,1,1,1],[1,1,1,0,1,0,0,1,0,0]]"
8,997,-0.005260362567166305,0.005260362567166305,"[[1,1,0,0,0,1,1,1,1,1],[1,1,1,0,1,0,0,1,0,1]]"
8,998,-0.005692507389027498,0.005692507389027498,"[[1,1,0,0,0,1,1,1,1,1],[1,1,1,0,1,0,0,1,1,0]]"
8,999,-0.005660752615032483,0.005660752615032483,"[[1,1,0,0,0,1,1,1,1,1],[1,1,1,0,1,0,0,1,1,1]]"
8,1000,-0.007098287476745802,0.007098287476745802,"[[1,1,0,0,0,1,1,1,1,1],[1,1,1,0,1,0,1,0,0,0]]"
8,1001,-0.0070501150731257425,0.0070501150731257425,"[[1,1,0,0,0,1,1,1,1,1],[1,1,1,0,1,0,1,0,0,1]]"
8,1002,-0.007646806395021046,0.007646806395021046,"[[1,1,0,0,0,1,1,1,1,1],[1,1,1,0,1,0,1,0,1,0]]"
8,1003,-0.0075964680374886314,0.0075964680374886314,"[[1,1,0,0,0,1,1,1,1,1],[1,1,1,0,1,0,1,0,1,1]]"
8,1004,-0.009925576826434475,0.009925576826434475,"[[1,1,0,0,0,1,1,1,1,1],[1,1,1,0,1,0,1,1,0,0]]"
8,1005,-0.009871608717824573,0.009871608717824573,"[[1,1,0,0,0,1,1,1,1,1],[1,1,1,0,1,0,1,1,0,1]]"
8,1006,-0.010351428265600076,0.010351428265600076,"[[1,1,0,0,0,1,1,1,1,1],[1,1,1,0,1,0,1,1,1,0]]"
8,1007,-0.01031010479174435,0.01031010479174435,"[[1,1,0,0,0,1,1,1,1,1],[1,1,1,0,1,0,1,1,1,1]]"
8,1008,-0.007584122513209723,0.007584122513209723,"[[1,1,0,0,0,1,1,1,1,1],[1,1,1,0,1,1,0,0,0,0]]"
8,1009,-0.007533582616222327,0.007533582616222327,"[[1,1,0,0,0,1,1,1,1,1],[1,1,1,0,1,1,0,0,0,1]]"
8,1010,-0.008168569161374171,0.008168569161374171,"[[1,1,0,0,0,1,1,1,1,1],[1,1,1,0,1,1,0,0,1,0]]"
8,1011,-0.008105015981617843,0.008105015981617843,"[[1,1,0,0,0,1,1,1,1,1],[1,1,1,0,1,1,0,0,1,1]]"
8,1012,-0.010244677464952334,0.010244677464952334,"[[1,1,0,0,0,1,1,1,1,1],[1,1,1,0,1,1,0,1,0,0]]"
8,1013,-0.01019071493843159,0.01019071493843159,"[[1,1,0,0,0,1,1,1,1,1],[1,1,1,0,1,1,0,1,0,1]]"
8,1014,-0.010722892197947132,0.010722892197947132,"[[1,1,0,0,0,1,1,1,1,1],[1,1,1,0,1,1,0,1,1,0]]"
8,1015,-0.01067229738537502,0.01067229738537502,"[[1,1,0,0,0,1,1,1,1,1],[1,1,1,0,1,1,0,1,1,1]]"
8,1016,-0.013106893007450073,0.013106893007450073,"[[1,1,0,0,0,1,1,1,1,1],[1,1,1,0,1,1,1,0,0,0]]"
8,1017,-0.013005298349090522,0.013005298349090522,"[[1,1,0,0,0,1,1,1,1,1],[1,1,1,0,1,1,1,0,0,1]]"
8,1018,-0.013526599187145298,0.013526599187145298,"[[1,1,0,0,0,1,1,1,1,1],[1,1,1,0,1,1,1,0,1,0]]"
8,1019,-0.013432025805961405,0.013432025805961405,"[[1,1,0,0,0,1,1,1,1,1],[1,1,1,0,1,1,1,0,1,1]]"
8,1020,-0.01586548173207752,0.01586548173207752,"[[1,1,0,0,0,1,1,1,1,1],[1,1,1,0,1,1,1,1,0,0]]"
8,1021,-0.0157602704422275,0.0157602704422275,"[[1,1,0,0,0,1,1,1,1,1],[1,1,1,0,1,1,1,1,0,1]]"
8,1022,-0.0162714687096491,0.0162714687096491,"[[1,1,0,0,0,1,1,1,1,1],[1,1,1,0,1,1,1,1,1,0]]"
8,1023,-0.016225806646168687,0.016225806646168687,"[[1,1,0,0,0,1,1,1,1,1],[1,1,1,0,1,1,1,1,1,1]]"
9,0,-0.02049156790387248,0.02049156790387248,"[[1,1,0,0,0,0,0,0,0,0],[1,1,1,0,1,0,0,0,0,0]]"
9,1,-0.02044060958410835,0.02044060958410835,"[[1,1,0,0,0,0,0,0,0,0],[1,1,1,0,1,0,0,0,0,1]]"
9,2,-0.021176507084161644,0.021176507084161644,"[[1,1,0,0,0,0,0,0,0,0],[1,1,1,0,1,0,0,0,1,0]]"
9,3,-0.02112662054198365,0.02112662054198365,"[[1,1,0,0,0,0,0,0,0,0],[1,1,1,0,1,0,0,0,1,1]]"
9,4,-0.02431721078953733,0.02431721078953733,"[[1,1,0,0,0,0,0,0,0,0],[1,1,1,0,1,0,0,1,0,0]]"
9,5,-0.024253816602770775,0.024253816602770775,"[[1,1,0,0,0,0,0,0,0,0],[1,1,1,0,1,0,0,1,0,1]]"
9,6,-0.02507765323940179,0.02507765323940179,"[[1,1,0,0,0,0,0,0,0,0],[1,1,1,0,1,0,0,1,1,0]]"
9,7,-0.025015414669369497,0.025015414669369497,"[[1,1,0,0,0,0,0,0,0,0],[1,1,1,0,1,0,0,1,1,1]]"
9,8,-0.030011012181250893,0.030011012181250893,"[[1,1,0,0,0,0,0,0,0,0],[1,1,1,0,1,0,1,0,0,0]]"
9,9,-0.02993223141370336,0.02993223141370336,"[[1,1,0,0,0,0,0,0,0,0],[1,1,1,0,1,0,1,0,0,1]]"
9,10,-0.030872617032431483,0.030872617032431483,"[[1,1,0,0,0,0,0,0,0,0],[1,1,1,0,1,0,1,0,1,0]]"
9,11,-0.030794910023222807,0.030794910023222807,"[[1,1,0,0,0,0,0,0,0,0],[1,1,1,0,1,0,1,0,1,1]]"
9,12,-0.03476753649010935,0.03476753649010935,"[[1,1,0,0,0,0,0,0,0,0],[1,1,1,0,1,0,1,1,0,0]]"
9,13,-0.03468584851413483,0.03468584851413483,"[[1,1,0,0,0,0,0,0,0,0],[1,1,1,0,1,0,1,1,0,1]]"
9,14,-0.03571594300059023,0.03571594300059023,"[[1,1,0,0,0,0,0,0,0,0],[1,1,1,0,1,0,1,1,1,0]]"
9,15,-0.03563532703583378,0.03563532703583378,"[[1,1,0,0,0,0,0,0,0,0],[1,1,1,0,1,0,1,1,1,1]]"
9,16,-0.03340268091317307,0.03340268091317307,"[[1,1,0,0,0,0,0,0,0,0],[1,1,1,0,1,1,0,0,0,0]]"
9,17,-0.033273233748953024,0.033273233748953024,"[[1,1,0,0,0,0,0,0,0,0],[1,1,1,0,1,1,0,0,0,1]]"
9,18,-0.03435757719937868,0.03435757719937868,"[[1,1,0,0,0,0,0,0,0,0],[1,1,1,0,1,1,0,0,1,0]]"
9,19,-0.034228758507170866,0.034228758507170866,"[[1,1,0,0,0,0,0,0,0,0],[1,1,1,0,1,1,0,0,1,1]]"
9,20,-0.038695829488238756,0.038695829488238756,"[[1,1,0,0,0,0,0,0,0,0],[1,1,1,0,1,1,0,1,0,0]]"
9,21,-0.03855236038045344,0.03855236038045344,"[[1,1,0,0,0,0,0,0,0,0],[1,1,1,0,1,1,0,1,0,1]]"
9,22,-0.0397312539419625,0.0397312539419625,"[[1,1,0,0,0,0,0,0,0,0],[1,1,1,0,1,1,0,1,1,0]]"
9,23,-0.039588322255940785,0.039588322255940785,"[[1,1,0,0,0,0,0,0,0,0],[1,1,1,0,1,1,0,1,1,1]]"
9,24,-0.046283678576553,0.046283678576553,"[[1,1,0,0,0,0,0,0,0,0],[1,1,1,0,1,1,1,0,0,0]]"
9,25,-0.04612879069963634,0.04612879069963634,"[[1,1,0,0,0,0,0,0,0,0],[1,1,1,0,1,1,1,0,0,1]]"
9,26,-0.04743564026308606,0.04743564026308606,"[[1,1,0,0,0,0,0,0,0,0],[1,1,1,0,1,1,1,0,1,0]]"
9,27,-0.047281197850414534,0.047281197850414534,"[[1,1,0,0,0,0,0,0,0,0],[1,1,1,0,1,1,1,0,1,1]]"
9,28,-0.05259237755477945,0.05259237755477945,"[[1,1,0,0,0,0,0,0,0,0],[1,1,1,0,1,1,1,1,0,0]]"
9,29,-0.05244379737071302,0.05244379737071302,"[[1,1,0,0,0,0,0,0,0,0],[1,1,1,0,1,1,1,1,0,1]]"
9,30,-0.053825412121846127,0.053825412121846127,"[[1,1,0,0,0,0,0,0,0,0],[1,1,1,0,1,1,1,1,1,0]]"
9,31,-0.05368435103419758,0.05368435103419758,"[[1,1,0,0,0,0,0,0,0,0],[1,1,1,0,1,1,1,1,1,1]]"
9,32,-0.020480091221001185,0.020480091221001185,"[[1,1,0,0,0,0,0,0,0,1],[1,1,1,0,1,0,0,0,0,0]]"
9,33,-0.020419207531808373,0.020419207531808373,"[[1,1,0,0,0,0,0,0,0,1],[1,1,1,0,1,0,0,0,0,1]]"
9,34,-0.02116281832836266,0.02116281832836266,"[[1,1,0,0,0,0,0,0,0,1],[1,1,1,0,1,0,0,0,1,0]]"
9,35,-0.021102877226121367,0.021102877226121367,"[[1,1,0,0,0,0,0,0,0,1],[1,1,1,0,1,0,0,0,1,1]]"
9,36,-0.024313231079163708,0.024313231079163708,"[[1,1,0,0,0,0,0,0,0,1],[1,1,1,0,1,0,0,1,0,0]]"
9,37,-0.02424747700925064,0.02424747700925064,"[[1,1,0,0,0,0,0,0,0,1],[1,1,1,0,1,0,0,1,0,1]]"
9,38,-0.025073179606347865,0.025073179606347865,"[[1,1,0,0,0,0,0,0,0,1],[1,1,1,0,1,0,0,1,1,0]]"
9,39,-0.025008448863998726,0.025008448863998726,"[[1,1,0,0,0,0,0,0,0,1],[1,1,1,0,1,0,0,1,1,1]]"
9,40,-0.029975060919797684,0.029975060919797684,"[[1,1,0,0,0,0,0,0,0,1],[1,1,1,0,1,0,1,0,0,0]]"
9,41,-0.029893249470383708,0.029893249470383708,"[[1,1,0,0,0,0,0,0,0,1],[1,1,1,0,1,0,1,0,0,1]]"
9,42,-0.030836150517423402,0.030836150517423402,"[[1,1,0,0,0,0,0,0,0,1],[1,1,1,0,1,0,1,0,1,0]]"
9,43,-0.030755278426676934,0.030755278426676934,"[[1,1,0,0,0,0,0,0,0,1],[1,1,1,0,1,0,1,0,1,1]]"
9,44,-0.034755605277630275,0.034755605277630275,"[[1,1,0,0,0,0,0,0,0,1],[1,1,1,0,1,0,1,1,0,0]]"
9,45,-0.03467031170090346,0.03467031170090346,"[[1,1,0,0,0,0,0,0,0,1],[1,1,1,0,1,0,1,1,0,1]]"
9,46,-0.03570347834666018,0.03570347834666018,"[[1,1,0,0,0,0,0,0,0,1],[1,1,1,0,1,0,1,1,1,0]]"
9,47,-0.035617901422951195,0.035617901422951195,"[[1,1,0,0,0,0,0,0,0,1],[1,1,1,0,1,0,1,1,1,1]]"
9,48,-0.033397863822983716,0.033397863822983716,"[[1,1,0,0,0,0,0,0,0,1],[1,1,1,0,1,1,0,0,0,0]]"
9,49,-0.033263815238804215,0.033263815238804215,"[[1,1,0,0,0,0,0,0,0,1],[1,1,1,0,1,1,0,0,0,1]]"
9,50,-0.03435206917267795,0.03435206917267795,"[[1,1,0,0,0,0,0,0,0,1],[1,1,1,0,1,1,0,0,1,0]]"
9,51,-0.03421829586937839,0.03421829586937839,"[[1,1,0,0,0,0,0,0,0,1],[1,1,1,0,1,1,0,0,1,1]]"
9,52,-0.038683191226628263,0.038683191226628263,"[[1,1,0,0,0,0,0,0,0,1],[1,1,1,0,1,1,0,1,0,0]]"
9,53,-0.03853395886797647,0.03853395886797647,"[[1,1,0,0,0,0,0,0,0,1],[1,1,1,0,1,1,0,1,0,1]]"
9,54,-0.039718468337897245,0.039718468337897245,"[[1,1,0,0,0,0,0,0,0,1],[1,1,1,0,1,1,0,1,1,0]]"
9,55,-0.03956963598269116,0.03956963598269116,"[[1,1,0,0,0,0,0,0,0,1],[1,1,1,0,1,1,0,1,1,1]]"
9,56,-0.046239692863908714,0.046239692863908714,"[[1,1,0,0,0,0,0,0,0,1],[1,1,1,0,1,1,1,0,0,0]]"
9,57,-0.04608341509649555,0.04608341509649555,"[[1,1,0,0,0,0,0,0,0,1],[1,1,1,0,1,1,1,0,0,1]]"
9,58,-0.0473816732666487,0.0473816732666487,"[[1,1,0,0,0,0,0,0,0,1],[1,1,1,0,1,1,1,0,1,0]]"
9,59,-0.04723324669584665,0.04723324669584665,"[[1,1,0,0,0,0,0,0,0,1],[1,1,1,0,1,1,1,0,1,1]]"
9,60,-0.05254319378444948,0.05254319378444948,"[[1,1,0,0,0,0,0,0,0,1],[1,1,1,0,1,1,1,1,0,0]]"
9,61,-0.052394068027394075,0.052394068027394075,"[[1,1,0,0,0,0,0,0,0,1],[1,1,1,0,1,1,1,1,0,1]]"
9,62,-0.05377566668131355,0.05377566668131355,"[[1,1,0,0,0,0,0,0,0,1],[1,1,1,0,1,1,1,1,1,0]]"
9,63,-0.05362730741355804,0.05362730741355804,"[[1,1,0,0,0,0,0,0,0,1],[1,1,1,0,1,1,1,1,1,1]]"
9,64,-0.01953081886308038,0.01953081886308038,"[[1,1,0,0,0,0,0,0,1,0],[1,1,1,0,1,0,0,0,0,0]]"
9,65,-0.019469522338798912,0.019469522338798912,"[[1,1,0,0,0,0,0,0,1,0],[1,1,1,0,1,0,0,0,0,1]]"
9,66,-0.020397291396571933,0.020397291396571933,"[[1,1,0,0,0,0,0,0,1,0],[1,1,1,0,1,0,0,0,1,0]]"
9,67,-0.02033430650978925,0.02033430650978925,"[[1,1,0,0,0,0,0,0,1,0],[1,1,1,0,1,0,0,0,1,1]]"
9,68,-0.023277434378484046,0.023277434378484046,"[[1,1,0,0,0,0,0,0,1,0],[1,1,1,0,1,0,0,1,0,0]]"
9,69,-0.023200485445416894,0.023200485445416894,"[[1,1,0,0,0,0,0,0,1,0],[1,1,1,0,1,0,0,1,0,1]]"
9,70,-0.02422787435358313,0.02422787435358313,"[[1,1,0,0,0,0,0,0,1,0],[1,1,1,0,1,0,0,1,1,0]]"
9,71,-0.024149927733037223,0.024149927733037223,"[[1,1,0,0,0,0,0,0,1,0],[1,1,1,0,1,0,0,1,1,1]]"
9,72,-0.028828928559913876,0.028828928559913876,"[[1,1,0,0,0,0,0,0,1,0],[1,1,1,0,1,0,1,0,0,0]]"
9,73,-0.028745530665967745,0.028745530665967745,"[[1,1,0,0,0,0,0,0,1,0],[1,1,1,0,1,0,1,0,0,1]]"
9,74,-0.02991804643404772,0.02991804643404772,"[[1,1,0,0,0,0,0,0,1,0],[1,1,1,0,1,0,1,0,1,0]]"
9,75,-0.02983295935335394,0.02983295935335394,"[[1,1,0,0,0,0,0,0,1,0],[1,1,1,0,1,0,1,0,1,1]]"
9,76,-0.03346556315526894,0.03346556315526894,"[[1,1,0,0,0,0,0,0,1,0],[1,1,1,0,1,0,1,1,0,0]]"
9,77,-0.033366525909529765,0.033366525909529765,"[[1,1,0,0,0,0,0,0,1,0],[1,1,1,0,1,0,1,1,0,1]]"
9,78,-0.03466098732077128,0.03466098732077128,"[[1,1,0,0,0,0,0,0,1,0],[1,1,1,0,1,0,1,1,1,0]]"
9,79,-0.034560253227832426,0.034560253227832426,"[[1,1,0,0,0,0,0,0,1,0],[1,1,1,0,1,0,1,1,1,1]]"
9,80,-0.0319625904354869,0.0319625904354869,"[[1,1,0,0,0,0,0,0,1,0],[1,1,1,0,1,1,0,0,0,0]]"
9,81,-0.031839494984223914,0.031839494984223914,"[[1,1,0,0,0,0,0,0,1,0],[1,1,1,0,1,1,0,0,0,1]]"
9,82,-0.03315463234371697,0.03315463234371697,"[[1,1,0,0,0,0,0,0,1,0],[1,1,1,0,1,1,0,0,1,0]]"
9,83,-0.03302970527423141,0.03302970527423141,"[[1,1,0,0,0,0,0,0,1,0],[1,1,1,0,1,1,0,0,1,1]]"
9,84,-0.03703973486536478,0.03703973486536478,"[[1,1,0,0,0,0,0,0,1,0],[1,1,1,0,1,1,0,1,0,0]]"
9,85,-0.036903538999218784,0.036903538999218784,"[[1,1,0,0,0,0,0,0,1,0],[1,1,1,0,1,1,0,1,0,1]]"
9,86,-0.03816580913419347,0.03816580913419347,"[[1,1,0,0,0,0,0,0,1,0],[1,1,1,0,1,1,0,1,1,0]]"
9,87,-0.038030012559215634,0.038030012559215634,"[[1,1,0,0,0,0,0,0,1,0],[1,1,1,0,1,1,0,1,1,1]]"
9,88,-0.04455648922054932,0.04455648922054932,"[[1,1,0,0,0,0,0,0,1,0],[1,1,1,0,1,1,1,0,0,0]]"
9,89,-0.04440778761185764,0.04440778761185764,"[[1,1,0,0,0,0,0,0,1,0],[1,1,1,0,1,1,1,0,0,1]]"
9,90,-0.045990962034360795,0.045990962034360795,"[[1,1,0,0,0,0,0,0,1,0],[1,1,1,0,1,1,1,0,1,0]]"
9,91,-0.04584056305257915,0.04584056305257915,"[[1,1,0,0,0,0,0,0,1,0],[1,1,1,0,1,1,1,0,1,1]]"
9,92,-0.0506757188216619,0.0506757188216619,"[[1,1,0,0,0,0,0,0,1,0],[1,1,1,0,1,1,1,1,0,0]]"
9,93,-0.05051062076941996,0.05051062076941996,"[[1,1,0,0,0,0,0,0,1,0],[1,1,1,0,1,1,1,1,0,1]]"
9,94,-0.052002814097324095,0.052002814097324095,"[[1,1,0,0,0,0,0,0,1,0],[1,1,1,0,1,1,1,1,1,0]]"
9,95,-0.051832196518040344,0.051832196518040344,"[[1,1,0,0,0,0,0,0,1,0],[1,1,1,0,1,1,1,1,1,1]]"
9,96,-0.019551910482166833,0.019551910482166833,"[[1,1,0,0,0,0,0,0,1,1],[1,1,1,0,1,0,0,0,0,0]]"
9,97,-0.01948922624567144,0.01948922624567144,"[[1,1,0,0,0,0,0,0,1,1],[1,1,1,0,1,0,0,0,0,1]]"
9,98,-0.02041637909137079,0.02041637909137079,"[[1,1,0,0,0,0,0,0,1,1],[1,1,1,0,1,0,0,0,1,0]]"
9,99,-0.02035181253162483,0.02035181253162483,"[[1,1,0,0,0,0,0,0,1,1],[1,1,1,0,1,0,0,0,1,1]]"
9,100,-0.023293012819718236,0.023293012819718236,"[[1,1,0,0,0,0,0,0,1,1],[1,1,1,0,1,0,0,1,0,0]]"
9,101,-0.02321382113306785,0.02321382113306785,"[[1,1,0,0,0,0,0,0,1,1],[1,1,1,0,1,0,0,1,0,1]]"
9,102,-0.024240225605322865,0.024240225605322865,"[[1,1,0,0,0,0,0,0,1,1],[1,1,1,0,1,0,0,1,1,0]]"
9,103,-0.024161721572205884,0.024161721572205884,"[[1,1,0,0,0,0,0,0,1,1],[1,1,1,0,1,0,0,1,1,1]]"
9,104,-0.028831810643414776,0.028831810643414776,"[[1,1,0,0,0,0,0,0,1,1],[1,1,1,0,1,0,1,0,0,0]]"
9,105,-0.028736034185657785,0.028736034185657785,"[[1,1,0,0,0,0,0,0,1,1],[1,1,1,0,1,0,1,0,0,1]]"
9,106,-0.02991661557048072,0.02991661557048072,"[[1,1,0,0,0,0,0,0,1,1],[1,1,1,0,1,0,1,0,1,0]]"
9,107,-0.029818746576575586,0.029818746576575586,"[[1,1,0,0,0,0,0,0,1,1],[1,1,1,0,1,0,1,0,1,1]]"
9,108,-0.03347665099893364,0.03347665099893364,"[[1,1,0,0,0,0,0,0,1,1],[1,1,1,0,1,0,1,1,0,0]]"
9,109,-0.033374142755451724,0.033374142755451724,"[[1,1,0,0,0,0,0,0,1,1],[1,1,1,0,1,0,1,1,0,1]]"
9,110,-0.034665747634416454,0.034665747634416454,"[[1,1,0,0,0,0,0,0,1,1],[1,1,1,0,1,0,1,1,1,0]]"
9,111,-0.03456567587257497,0.03456567587257497,"[[1,1,0,0,0,0,0,0,1,1],[1,1,1,0,1,0,1,1,1,1]]"
9,112,-0.0319598001045202,0.0319598001045202,"[[1,1,0,0,0,0,0,0,1,1],[1,1,1,0,1,1,0,0,0,0]]"
9,113,-0.03183221448655969,0.03183221448655969,"[[1,1,0,0,0,0,0,0,1,1],[1,1,1,0,1,1,0,0,0,1]]"
9,114,-0.03314990435542765,0.03314990435542765,"[[1,1,0,0,0,0,0,0,1,1],[1,1,1,0,1,1,0,0,1,0]]"
9,115,-0.033020300967851676,0.033020300967851676,"[[1,1,0,0,0,0,0,0,1,1],[1,1,1,0,1,1,0,0,1,1]]"
9,116,-0.03703119474341694,0.03703119474341694,"[[1,1,0,0,0,0,0,0,1,1],[1,1,1,0,1,1,0,1,0,0]]"
9,117,-0.036889637033588066,0.036889637033588066,"[[1,1,0,0,0,0,0,0,1,1],[1,1,1,0,1,1,0,1,0,1]]"
9,118,-0.03815711376124629,0.03815711376124629,"[[1,1,0,0,0,0,0,0,1,1],[1,1,1,0,1,1,0,1,1,0]]"
9,119,-0.038015882199657756,0.038015882199657756,"[[1,1,0,0,0,0,0,0,1,1],[1,1,1,0,1,1,0,1,1,1]]"
9,120,-0.04454475626100568,0.04454475626100568,"[[1,1,0,0,0,0,0,0,1,1],[1,1,1,0,1,1,1,0,0,0]]"
9,121,-0.04439000939186001,0.04439000939186001,"[[1,1,0,0,0,0,0,0,1,1],[1,1,1,0,1,1,1,0,0,1]]"
9,122,-0.04597722097181525,0.04597722097181525,"[[1,1,0,0,0,0,0,0,1,1],[1,1,1,0,1,1,1,0,1,0]]"
9,123,-0.04582060595999268,0.04582060595999268,"[[1,1,0,0,0,0,0,0,1,1],[1,1,1,0,1,1,1,0,1,1]]"
9,124,-0.05065848889705169,0.05065848889705169,"[[1,1,0,0,0,0,0,0,1,1],[1,1,1,0,1,1,1,1,0,0]]"
9,125,-0.050486459717142586,0.050486459717142586,"[[1,1,0,0,0,0,0,0,1,1],[1,1,1,0,1,1,1,1,0,1]]"
9,126,-0.05198541772227255,0.05198541772227255,"[[1,1,0,0,0,0,0,0,1,1],[1,1,1,0,1,1,1,1,1,0]]"
9,127,-0.05180683153376007,0.05180683153376007,"[[1,1,0,0,0,0,0,0,1,1],[1,1,1,0,1,1,1,1,1,1]]"
9,128,-0.01610775887202579,0.01610775887202579,"[[1,1,0,0,0,0,0,1,0,0],[1,1,1,0,1,0,0,0,0,0]]"
9,129,-0.015975501905144712,0.015975501905144712,"[[1,1,0,0,0,0,0,1,0,0],[1,1,1,0,1,0,0,0,0,1]]"
9,130,-0.016399123962829196,0.016399123962829196,"[[1,1,0,0,0,0,0,1,0,0],[1,1,1,0,1,0,0,0,1,0]]"
9,131,-0.016333210310547696,0.016333210310547696,"[[1,1,0,0,0,0,0,1,0,0],[1,1,1,0,1,0,0,0,1,1]]"
9,132,-0.019578039886735996,0.019578039886735996,"[[1,1,0,0,0,0,0,1,0,0],[1,1,1,0,1,0,0,1,0,0]]"
9,133,-0.019513563910824615,0.019513563910824615,"[[1,1,0,0,0,0,0,1,0,0],[1,1,1,0,1,0,0,1,0,1]]"
9,134,-0.020259324242996347,0.020259324242996347,"[[1,1,0,0,0,0,0,1,0,0],[1,1,1,0,1,0,0,1,1,0]]"
9,135,-0.020195296308202323,0.020195296308202323,"[[1,1,0,0,0,0,0,1,0,0],[1,1,1,0,1,0,0,1,1,1]]"
9,136,-0.0244305278719589,0.0244305278719589,"[[1,1,0,0,0,0,0,1,0,0],[1,1,1,0,1,0,1,0,0,0]]"
9,137,-0.0242680653676747,0.0242680653676747,"[[1,1,0,0,0,0,0,1,0,0],[1,1,1,0,1,0,1,0,0,1]]"
9,138,-0.024810166737691843,0.024810166737691843,"[[1,1,0,0,0,0,0,1,0,0],[1,1,1,0,1,0,1,0,1,0]]"
9,139,-0.024713037652856516,0.024713037652856516,"[[1,1,0,0,0,0,0,1,0,0],[1,1,1,0,1,0,1,0,1,1]]"
9,140,-0.02894853379529899,0.02894853379529899,"[[1,1,0,0,0,0,0,1,0,0],[1,1,1,0,1,0,1,1,0,0]]"
9,141,-0.028858468380672804,0.028858468380672804,"[[1,1,0,0,0,0,0,1,0,0],[1,1,1,0,1,0,1,1,0,1]]"
9,142,-0.02981287447380689,0.02981287447380689,"[[1,1,0,0,0,0,0,1,0,0],[1,1,1,0,1,0,1,1,1,0]]"
9,143,-0.029721254132131968,0.029721254132131968,"[[1,1,0,0,0,0,0,1,0,0],[1,1,1,0,1,0,1,1,1,1]]"
9,144,-0.027484119556318135,0.027484119556318135,"[[1,1,0,0,0,0,0,1,0,0],[1,1,1,0,1,1,0,0,0,0]]"
9,145,-0.027240868750307165,0.027240868750307165,"[[1,1,0,0,0,0,0,1,0,0],[1,1,1,0,1,1,0,0,0,1]]"
9,146,-0.027746152354561744,0.027746152354561744,"[[1,1,0,0,0,0,0,1,0,0],[1,1,1,0,1,1,0,0,1,0]]"
9,147,-0.027609748387233048,0.027609748387233048,"[[1,1,0,0,0,0,0,1,0,0],[1,1,1,0,1,1,0,0,1,1]]"
9,148,-0.03205700780724268,0.03205700780724268,"[[1,1,0,0,0,0,0,1,0,0],[1,1,1,0,1,1,0,1,0,0]]"
9,149,-0.031933646389075566,0.031933646389075566,"[[1,1,0,0,0,0,0,1,0,0],[1,1,1,0,1,1,0,1,0,1]]"
9,150,-0.03299808958319116,0.03299808958319116,"[[1,1,0,0,0,0,0,1,0,0],[1,1,1,0,1,1,0,1,1,0]]"
9,151,-0.03287518313561214,0.03287518313561214,"[[1,1,0,0,0,0,0,1,0,0],[1,1,1,0,1,1,0,1,1,1]]"
9,152,-0.03890639407765853,0.03890639407765853,"[[1,1,0,0,0,0,0,1,0,0],[1,1,1,0,1,1,1,0,0,0]]"
9,153,-0.038645515069500036,0.038645515069500036,"[[1,1,0,0,0,0,0,1,0,0],[1,1,1,0,1,1,1,0,0,1]]"
9,154,-0.03927243986828049,0.03927243986828049,"[[1,1,0,0,0,0,0,1,0,0],[1,1,1,0,1,1,1,0,1,0]]"
9,155,-0.039102324005134276,0.039102324005134276,"[[1,1,0,0,0,0,0,1,0,0],[1,1,1,0,1,1,1,0,1,1]]"
9,156,-0.044676125203513405,0.044676125203513405,"[[1,1,0,0,0,0,0,1,0,0],[1,1,1,0,1,1,1,1,0,0]]"
9,157,-0.044524944834861684,0.044524944834861684,"[[1,1,0,0,0,0,0,1,0,0],[1,1,1,0,1,1,1,1,0,1]]"
9,158,-0.04580938488055647,0.04580938488055647,"[[1,1,0,0,0,0,0,1,0,0],[1,1,1,0,1,1,1,1,1,0]]"
9,159,-0.04565865725501784,0.04565865725501784,"[[1,1,0,0,0,0,0,1,0,0],[1,1,1,0,1,1,1,1,1,1]]"
9,160,-0.016127829372413485,0.016127829372413485,"[[1,1,0,0,0,0,0,1,0,1],[1,1,1,0,1,0,0,0,0,0]]"
9,161,-0.01598163940089577,0.01598163940089577,"[[1,1,0,0,0,0,0,1,0,1],[1,1,1,0,1,0,0,0,0,1]]"
9,162,-0.01641131829587631,0.01641131829587631,"[[1,1,0,0,0,0,0,1,0,1],[1,1,1,0,1,0,0,0,1,0]]"
9,163,-0.01634189679427015,0.01634189679427015,"[[1,1,0,0,0,0,0,1,0,1],[1,1,1,0,1,0,0,0,1,1]]"
9,164,-0.019597564627495373,0.019597564627495373,"[[1,1,0,0,0,0,0,1,0,1],[1,1,1,0,1,0,0,1,0,0]]"
9,165,-0.019526736139852275,0.019526736139852275,"[[1,1,0,0,0,0,0,1,0,1],[1,1,1,0,1,0,0,1,0,1]]"
9,166,-0.02027868684927904,0.02027868684927904,"[[1,1,0,0,0,0,0,1,0,1],[1,1,1,0,1,0,0,1,1,0]]"
9,167,-0.020206485349413616,0.020206485349413616,"[[1,1,0,0,0,0,0,1,0,1],[1,1,1,0,1,0,0,1,1,1]]"
9,168,-0.02444244569587964,0.02444244569587964,"[[1,1,0,0,0,0,0,1,0,1],[1,1,1,0,1,0,1,0,0,0]]"
9,169,-0.02426522204561198,0.02426522204561198,"[[1,1,0,0,0,0,0,1,0,1],[1,1,1,0,1,0,1,0,0,1]]"
9,170,-0.02481204728807424,0.02481204728807424,"[[1,1,0,0,0,0,0,1,0,1],[1,1,1,0,1,0,1,0,1,0]]"
9,171,-0.024705570464910242,0.024705570464910242,"[[1,1,0,0,0,0,0,1,0,1],[1,1,1,0,1,0,1,0,1,1]]"
9,172,-0.028938904162876002,0.028938904162876002,"[[1,1,0,0,0,0,0,1,0,1],[1,1,1,0,1,0,1,1,0,0]]"
9,173,-0.028838706406648804,0.028838706406648804,"[[1,1,0,0,0,0,0,1,0,1],[1,1,1,0,1,0,1,1,0,1]]"
9,174,-0.029801086225263732,0.029801086225263732,"[[1,1,0,0,0,0,0,1,0,1],[1,1,1,0,1,0,1,1,1,0]]"
9,175,-0.029701198009159668,0.029701198009159668,"[[1,1,0,0,0,0,0,1,0,1],[1,1,1,0,1,0,1,1,1,1]]"
9,176,-0.027505788453473574,0.027505788453473574,"[[1,1,0,0,0,0,0,1,0,1],[1,1,1,0,1,1,0,0,0,0]]"
9,177,-0.027242206006276515,0.027242206006276515,"[[1,1,0,0,0,0,0,1,0,1],[1,1,1,0,1,1,0,0,0,1]]"
9,178,-0.027748213289573706,0.027748213289573706,"[[1,1,0,0,0,0,0,1,0,1],[1,1,1,0,1,1,0,0,1,0]]"
9,179,-0.027604941723640804,0.027604941723640804,"[[1,1,0,0,0,0,0,1,0,1],[1,1,1,0,1,1,0,0,1,1]]"
9,180,-0.03205177227745502,0.03205177227745502,"[[1,1,0,0,0,0,0,1,0,1],[1,1,1,0,1,1,0,1,0,0]]"
9,181,-0.031923665251469675,0.031923665251469675,"[[1,1,0,0,0,0,0,1,0,1],[1,1,1,0,1,1,0,1,0,1]]"
9,182,-0.032992695207548065,0.032992695207548065,"[[1,1,0,0,0,0,0,1,0,1],[1,1,1,0,1,1,0,1,1,0]]"
9,183,-0.032864898214811394,0.032864898214811394,"[[1,1,0,0,0,0,0,1,0,1],[1,1,1,0,1,1,0,1,1,1]]"
9,184,-0.03890544250026606,0.03890544250026606,"[[1,1,0,0,0,0,0,1,0,1],[1,1,1,0,1,1,1,0,0,0]]"
9,185,-0.038609139810800594,0.038609139810800594,"[[1,1,0,0,0,0,0,1,0,1],[1,1,1,0,1,1,1,0,0,1]]"
9,186,-0.03924515324782405,0.03924515324782405,"[[1,1,0,0,0,0,0,1,0,1],[1,1,1,0,1,1,1,0,1,0]]"
9,187,-0.03905922172947427,0.03905922172947427,"[[1,1,0,0,0,0,0,1,0,1],[1,1,1,0,1,1,1,0,1,1]]"
9,188,-0.04466313309479628,0.04466313309479628,"[[1,1,0,0,0,0,0,1,0,1],[1,1,1,0,1,1,1,1,0,0]]"
9,189,-0.044505687482821986,0.044505687482821986,"[[1,1,0,0,0,0,0,1,0,1],[1,1,1,0,1,1,1,1,0,1]]"
9,190,-0.045796228620789546,0.045796228620789546,"[[1,1,0,0,0,0,0,1,0,1],[1,1,1,0,1,1,1,1,1,0]]"
9,191,-0.045637651085072235,0.045637651085072235,"[[1,1,0,0,0,0,0,1,0,1],[1,1,1,0,1,1,1,1,1,1]]"
9,192,-0.015150123005627054,0.015150123005627054,"[[1,1,0,0,0,0,0,1,1,0],[1,1,1,0,1,0,0,0,0,0]]"
9,193,-0.015053021653161936,0.015053021653161936,"[[1,1,0,0,0,0,0,1,1,0],[1,1,1,0,1,0,0,0,0,1]]"
9,194,-0.01563150710939761,0.01563150710939761,"[[1,1,0,0,0,0,0,1,1,0],[1,1,1,0,1,0,0,0,1,0]]"
9,195,-0.015575767027298501,0.015575767027298501,"[[1,1,0,0,0,0,0,1,1,0],[1,1,1,0,1,0,0,0,1,1]]"
9,196,-0.0185712505892175,0.0185712505892175,"[[1,1,0,0,0,0,0,1,1,0],[1,1,1,0,1,0,0,1,0,0]]"
9,197,-0.018512962270473124,0.018512962270473124,"[[1,1,0,0,0,0,0,1,1,0],[1,1,1,0,1,0,0,1,0,1]]"
9,198,-0.019415600161390458,0.019415600161390458,"[[1,1,0,0,0,0,0,1,1,0],[1,1,1,0,1,0,0,1,1,0]]"
9,199,-0.01935562820648297,0.01935562820648297,"[[1,1,0,0,0,0,0,1,1,0],[1,1,1,0,1,0,0,1,1,1]]"
9,200,-0.023205734184096785,0.023205734184096785,"[[1,1,0,0,0,0,0,1,1,0],[1,1,1,0,1,0,1,0,0,0]]"
9,201,-0.023091008271191794,0.023091008271191794,"[[1,1,0,0,0,0,0,1,1,0],[1,1,1,0,1,0,1,0,0,1]]"
9,202,-0.02386878534432246,0.02386878534432246,"[[1,1,0,0,0,0,0,1,1,0],[1,1,1,0,1,0,1,0,1,0]]"
9,203,-0.0237844120517393,0.0237844120517393,"[[1,1,0,0,0,0,0,1,1,0],[1,1,1,0,1,0,1,0,1,1]]"
9,204,-0.027672789476057467,0.027672789476057467,"[[1,1,0,0,0,0,0,1,1,0],[1,1,1,0,1,0,1,1,0,0]]"
9,205,-0.02759167770548679,0.02759167770548679,"[[1,1,0,0,0,0,0,1,1,0],[1,1,1,0,1,0,1,1,0,1]]"
9,206,-0.028742260374338368,0.028742260374338368,"[[1,1,0,0,0,0,0,1,1,0],[1,1,1,0,1,0,1,1,1,0]]"
9,207,-0.0286594573252895,0.0286594573252895,"[[1,1,0,0,0,0,0,1,1,0],[1,1,1,0,1,0,1,1,1,1]]"
9,208,-0.026073459833439703,0.026073459833439703,"[[1,1,0,0,0,0,0,1,1,0],[1,1,1,0,1,1,0,0,0,0]]"
9,209,-0.025876841006775435,0.025876841006775435,"[[1,1,0,0,0,0,0,1,1,0],[1,1,1,0,1,1,0,0,0,1]]"
9,210,-0.026618591632424873,0.026618591632424873,"[[1,1,0,0,0,0,0,1,1,0],[1,1,1,0,1,1,0,0,1,0]]"
9,211,-0.02648722747772179,0.02648722747772179,"[[1,1,0,0,0,0,0,1,1,0],[1,1,1,0,1,1,0,0,1,1]]"
9,212,-0.030653969968498455,0.030653969968498455,"[[1,1,0,0,0,0,0,1,1,0],[1,1,1,0,1,1,0,1,0,0]]"
9,213,-0.030536817533886138,0.030536817533886138,"[[1,1,0,0,0,0,0,1,1,0],[1,1,1,0,1,1,0,1,0,1]]"
9,214,-0.03171508413235302,0.03171508413235302,"[[1,1,0,0,0,0,0,1,1,0],[1,1,1,0,1,1,0,1,1,0]]"
9,215,-0.03159770994355186,0.03159770994355186,"[[1,1,0,0,0,0,0,1,1,0],[1,1,1,0,1,1,0,1,1,1]]"
9,216,-0.03718507773996837,0.03718507773996837,"[[1,1,0,0,0,0,0,1,1,0],[1,1,1,0,1,1,1,0,0,0]]"
9,217,-0.03697850925647738,0.03697850925647738,"[[1,1,0,0,0,0,0,1,1,0],[1,1,1,0,1,1,1,0,0,1]]"
9,218,-0.03795475862817829,0.03795475862817829,"[[1,1,0,0,0,0,0,1,1,0],[1,1,1,0,1,1,1,0,1,0]]"
9,219,-0.037789604533879036,0.037789604533879036,"[[1,1,0,0,0,0,0,1,1,0],[1,1,1,0,1,1,1,0,1,1]]"
9,220,-0.04298584814358257,0.04298584814358257,"[[1,1,0,0,0,0,0,1,1,0],[1,1,1,0,1,1,1,1,0,0]]"
9,221,-0.042840871517589287,0.042840871517589287,"[[1,1,0,0,0,0,0,1,1,0],[1,1,1,0,1,1,1,1,0,1]]"
9,222,-0.044357952692121325,0.044357952692121325,"[[1,1,0,0,0,0,0,1,1,0],[1,1,1,0,1,1,1,1,1,0]]"
9,223,-0.044211678331087995,0.044211678331087995,"[[1,1,0,0,0,0,0,1,1,0],[1,1,1,0,1,1,1,1,1,1]]"
9,224,-0.015191889314098237,0.015191889314098237,"[[1,1,0,0,0,0,0,1,1,1],[1,1,1,0,1,0,0,0,0,0]]"
9,225,-0.015084300498268345,0.015084300498268345,"[[1,1,0,0,0,0,0,1,1,1],[1,1,1,0,1,0,0,0,0,1]]"
9,226,-0.01566529974951606,0.01566529974951606,"[[1,1,0,0,0,0,0,1,1,1],[1,1,1,0,1,0,0,0,1,0]]"
9,227,-0.01561799375483305,0.01561799375483305,"[[1,1,0,0,0,0,0,1,1,1],[1,1,1,0,1,0,0,0,1,1]]"
9,228,-0.018592417442901073,0.018592417442901073,"[[1,1,0,0,0,0,0,1,1,1],[1,1,1,0,1,0,0,1,0,0]]"
9,229,-0.018532824569224154,0.018532824569224154,"[[1,1,0,0,0,0,0,1,1,1],[1,1,1,0,1,0,0,1,0,1]]"
9,230,-0.019434771385210943,0.019434771385210943,"[[1,1,0,0,0,0,0,1,1,1],[1,1,1,0,1,0,0,1,1,0]]"
9,231,-0.019377787564672948,0.019377787564672948,"[[1,1,0,0,0,0,0,1,1,1],[1,1,1,0,1,0,0,1,1,1]]"
9,232,-0.02322980837265371,0.02322980837265371,"[[1,1,0,0,0,0,0,1,1,1],[1,1,1,0,1,0,1,0,0,0]]"
9,233,-0.02309236437475315,0.02309236437475315,"[[1,1,0,0,0,0,0,1,1,1],[1,1,1,0,1,0,1,0,0,1]]"
9,234,-0.02387686931775239,0.02387686931775239,"[[1,1,0,0,0,0,0,1,1,1],[1,1,1,0,1,0,1,0,1,0]]"
9,235,-0.023775588948360956,0.023775588948360956,"[[1,1,0,0,0,0,0,1,1,1],[1,1,1,0,1,0,1,0,1,1]]"
9,236,-0.0276891376052042,0.0276891376052042,"[[1,1,0,0,0,0,0,1,1,1],[1,1,1,0,1,0,1,1,0,0]]"
9,237,-0.02760503070390006,0.02760503070390006,"[[1,1,0,0,0,0,0,1,1,1],[1,1,1,0,1,0,1,1,0,1]]"
9,238,-0.028756597003920623,0.028756597003920623,"[[1,1,0,0,0,0,0,1,1,1],[1,1,1,0,1,0,1,1,1,0]]"
9,239,-0.02866858152183896,0.02866858152183896,"[[1,1,0,0,0,0,0,1,1,1],[1,1,1,0,1,0,1,1,1,1]]"
9,240,-0.026096550766837492,0.026096550766837492,"[[1,1,0,0,0,0,0,1,1,1],[1,1,1,0,1,1,0,0,0,0]]"
9,241,-0.025881465449233643,0.025881465449233643,"[[1,1,0,0,0,0,0,1,1,1],[1,1,1,0,1,1,0,0,0,1]]"
9,242,-0.026620569251663527,0.026620569251663527,"[[1,1,0,0,0,0,0,1,1,1],[1,1,1,0,1,1,0,0,1,0]]"
9,243,-0.026485477727912054,0.026485477727912054,"[[1,1,0,0,0,0,0,1,1,1],[1,1,1,0,1,1,0,0,1,1]]"
9,244,-0.030650387910886354,0.030650387910886354,"[[1,1,0,0,0,0,0,1,1,1],[1,1,1,0,1,1,0,1,0,0]]"
9,245,-0.030528817602374074,0.030528817602374074,"[[1,1,0,0,0,0,0,1,1,1],[1,1,1,0,1,1,0,1,0,1]]"
9,246,-0.031710793963491704,0.031710793963491704,"[[1,1,0,0,0,0,0,1,1,1],[1,1,1,0,1,1,0,1,1,0]]"
9,247,-0.03158889624117795,0.03158889624117795,"[[1,1,0,0,0,0,0,1,1,1],[1,1,1,0,1,1,0,1,1,1]]"
9,248,-0.03720670399218134,0.03720670399218134,"[[1,1,0,0,0,0,0,1,1,1],[1,1,1,0,1,1,1,0,0,0]]"
9,249,-0.036976225688275195,0.036976225688275195,"[[1,1,0,0,0,0,0,1,1,1],[1,1,1,0,1,1,1,0,0,1]]"
9,250,-0.037950363767213724,0.037950363767213724,"[[1,1,0,0,0,0,0,1,1,1],[1,1,1,0,1,1,1,0,1,0]]"
9,251,-0.0377800326578521,0.0377800326578521,"[[1,1,0,0,0,0,0,1,1,1],[1,1,1,0,1,1,1,0,1,1]]"
9,252,-0.0429745087405525,0.0429745087405525,"[[1,1,0,0,0,0,0,1,1,1],[1,1,1,0,1,1,1,1,0,0]]"
9,253,-0.042823599976424355,0.042823599976424355,"[[1,1,0,0,0,0,0,1,1,1],[1,1,1,0,1,1,1,1,0,1]]"
9,254,-0.0443449613662956,0.0443449613662956,"[[1,1,0,0,0,0,0,1,1,1],[1,1,1,0,1,1,1,1,1,0]]"
9,255,-0.04419260269595733,0.04419260269595733,"[[1,1,0,0,0,0,0,1,1,1],[1,1,1,0,1,1,1,1,1,1]]"
9,256,-0.01314792472189164,0.01314792472189164,"[[1,1,0,0,0,0,1,0,0,0],[1,1,1,0,1,0,0,0,0,0]]"
9,257,-0.013094431500661457,0.013094431500661457,"[[1,1,0,0,0,0,1,0,0,0],[1,1,1,0,1,0,0,0,0,1]]"
9,258,-0.013939571429224315,0.013939571429224315,"[[1,1,0,0,0,0,1,0,0,0],[1,1,1,0,1,0,0,0,1,0]]"
9,259,-0.013872167766438546,0.013872167766438546,"[[1,1,0,0,0,0,1,0,0,0],[1,1,1,0,1,0,0,0,1,1]]"
9,260,-0.017121750215079997,0.017121750215079997,"[[1,1,0,0,0,0,1,0,0,0],[1,1,1,0,1,0,0,1,0,0]]"
9,261,-0.01704869678949806,0.01704869678949806,"[[1,1,0,0,0,0,1,0,0,0],[1,1,1,0,1,0,0,1,0,1]]"
9,262,-0.017837499914869832,0.017837499914869832,"[[1,1,0,0,0,0,1,0,0,0],[1,1,1,0,1,0,0,1,1,0]]"
9,263,-0.017764202305936526,0.017764202305936526,"[[1,1,0,0,0,0,1,0,0,0],[1,1,1,0,1,0,0,1,1,1]]"
9,264,-0.02149462102668779,0.02149462102668779,"[[1,1,0,0,0,0,1,0,0,0],[1,1,1,0,1,0,1,0,0,0]]"
9,265,-0.02141375164487339,0.02141375164487339,"[[1,1,0,0,0,0,1,0,0,0],[1,1,1,0,1,0,1,0,0,1]]"
9,266,-0.022291184496629445,0.022291184496629445,"[[1,1,0,0,0,0,1,0,0,0],[1,1,1,0,1,0,1,0,1,0]]"
9,267,-0.022211532689169047,0.022211532689169047,"[[1,1,0,0,0,0,1,0,0,0],[1,1,1,0,1,0,1,0,1,1]]"
9,268,-0.026069592675200925,0.026069592675200925,"[[1,1,0,0,0,0,1,0,0,0],[1,1,1,0,1,0,1,1,0,0]]"
9,269,-0.025968322534723393,0.025968322534723393,"[[1,1,0,0,0,0,1,0,0,0],[1,1,1,0,1,0,1,1,0,1]]"
9,270,-0.02690997566370047,0.02690997566370047,"[[1,1,0,0,0,0,1,0,0,0],[1,1,1,0,1,0,1,1,1,0]]"
9,271,-0.026809285532711037,0.026809285532711037,"[[1,1,0,0,0,0,1,0,0,0],[1,1,1,0,1,0,1,1,1,1]]"
9,272,-0.024730260525356117,0.024730260525356117,"[[1,1,0,0,0,0,1,0,0,0],[1,1,1,0,1,1,0,0,0,0]]"
9,273,-0.02460493259970855,0.02460493259970855,"[[1,1,0,0,0,0,1,0,0,0],[1,1,1,0,1,1,0,0,0,1]]"
9,274,-0.025643816992455114,0.025643816992455114,"[[1,1,0,0,0,0,1,0,0,0],[1,1,1,0,1,1,0,0,1,0]]"
9,275,-0.02552103186165614,0.02552103186165614,"[[1,1,0,0,0,0,1,0,0,0],[1,1,1,0,1,1,0,0,1,1]]"
9,276,-0.029715255147934452,0.029715255147934452,"[[1,1,0,0,0,0,1,0,0,0],[1,1,1,0,1,1,0,1,0,0]]"
9,277,-0.029587605884190654,0.029587605884190654,"[[1,1,0,0,0,0,1,0,0,0],[1,1,1,0,1,1,0,1,0,1]]"
9,278,-0.030572255065897634,0.030572255065897634,"[[1,1,0,0,0,0,1,0,0,0],[1,1,1,0,1,1,0,1,1,0]]"
9,279,-0.030447228671281114,0.030447228671281114,"[[1,1,0,0,0,0,1,0,0,0],[1,1,1,0,1,1,0,1,1,1]]"
9,280,-0.03529421621653015,0.03529421621653015,"[[1,1,0,0,0,0,1,0,0,0],[1,1,1,0,1,1,1,0,0,0]]"
9,281,-0.03515189502707495,0.03515189502707495,"[[1,1,0,0,0,0,1,0,0,0],[1,1,1,0,1,1,1,0,0,1]]"
9,282,-0.03628585705385999,0.03628585705385999,"[[1,1,0,0,0,0,1,0,0,0],[1,1,1,0,1,1,1,0,1,0]]"
9,283,-0.036143978365640844,0.036143978365640844,"[[1,1,0,0,0,0,1,0,0,0],[1,1,1,0,1,1,1,0,1,1]]"
9,284,-0.04088533997956679,0.04088533997956679,"[[1,1,0,0,0,0,1,0,0,0],[1,1,1,0,1,1,1,1,0,0]]"
9,285,-0.04073621640929234,0.04073621640929234,"[[1,1,0,0,0,0,1,0,0,0],[1,1,1,0,1,1,1,1,0,1]]"
9,286,-0.04195747906544132,0.04195747906544132,"[[1,1,0,0,0,0,1,0,0,0],[1,1,1,0,1,1,1,1,1,0]]"
9,287,-0.0418089760244014,0.0418089760244014,"[[1,1,0,0,0,0,1,0,0,0],[1,1,1,0,1,1,1,1,1,1]]"
9,288,-0.013161516681696094,0.013161516681696094,"[[1,1,0,0,0,0,1,0,0,1],[1,1,1,0,1,0,0,0,0,0]]"
9,289,-0.013095077647067289,0.013095077647067289,"[[1,1,0,0,0,0,1,0,0,1],[1,1,1,0,1,0,0,0,0,1]]"
9,290,-0.013930407681232573,0.013930407681232573,"[[1,1,0,0,0,0,1,0,0,1],[1,1,1,0,1,0,0,0,1,0]]"
9,291,-0.01386087116170264,0.01386087116170264,"[[1,1,0,0,0,0,1,0,0,1],[1,1,1,0,1,0,0,0,1,1]]"
9,292,-0.017115177707433045,0.017115177707433045,"[[1,1,0,0,0,0,1,0,0,1],[1,1,1,0,1,0,0,1,0,0]]"
9,293,-0.017033458780888786,0.017033458780888786,"[[1,1,0,0,0,0,1,0,0,1],[1,1,1,0,1,0,0,1,0,1]]"
9,294,-0.017829874839880973,0.017829874839880973,"[[1,1,0,0,0,0,1,0,0,1],[1,1,1,0,1,0,0,1,1,0]]"
9,295,-0.017749284997484606,0.017749284997484606,"[[1,1,0,0,0,0,1,0,0,1],[1,1,1,0,1,0,0,1,1,1]]"
9,296,-0.021489383566015024,0.021489383566015024,"[[1,1,0,0,0,0,1,0,0,1],[1,1,1,0,1,0,1,0,0,0]]"
9,297,-0.021405992458684277,0.021405992458684277,"[[1,1,0,0,0,0,1,0,0,1],[1,1,1,0,1,0,1,0,0,1]]"
9,298,-0.02228637556366697,0.02228637556366697,"[[1,1,0,0,0,0,1,0,0,1],[1,1,1,0,1,0,1,0,1,0]]"
9,299,-0.02220410017717204,0.02220410017717204,"[[1,1,0,0,0,0,1,0,0,1],[1,1,1,0,1,0,1,0,1,1]]"
9,300,-0.026049654592650982,0.026049654592650982,"[[1,1,0,0,0,0,1,0,0,1],[1,1,1,0,1,0,1,1,0,0]]"
9,301,-0.025945014096744302,0.025945014096744302,"[[1,1,0,0,0,0,1,0,0,1],[1,1,1,0,1,0,1,1,0,1]]"
9,302,-0.0268900056584324,0.0268900056584324,"[[1,1,0,0,0,0,1,0,0,1],[1,1,1,0,1,0,1,1,1,0]]"
9,303,-0.026785815150917748,0.026785815150917748,"[[1,1,0,0,0,0,1,0,0,1],[1,1,1,0,1,0,1,1,1,1]]"
9,304,-0.024693342718919733,0.024693342718919733,"[[1,1,0,0,0,0,1,0,0,1],[1,1,1,0,1,1,0,0,0,0]]"
9,305,-0.024563167473547556,0.024563167473547556,"[[1,1,0,0,0,0,1,0,0,1],[1,1,1,0,1,1,0,0,0,1]]"
9,306,-0.025608325073215595,0.025608325073215595,"[[1,1,0,0,0,0,1,0,0,1],[1,1,1,0,1,1,0,0,1,0]]"
9,307,-0.025480667458327985,0.025480667458327985,"[[1,1,0,0,0,0,1,0,0,1],[1,1,1,0,1,1,0,0,1,1]]"
9,308,-0.0297033443247576,0.0297033443247576,"[[1,1,0,0,0,0,1,0,0,1],[1,1,1,0,1,1,0,1,0,0]]"
9,309,-0.02957064661418078,0.02957064661418078,"[[1,1,0,0,0,0,1,0,0,1],[1,1,1,0,1,1,0,1,0,1]]"
9,310,-0.03056215780257957,0.03056215780257957,"[[1,1,0,0,0,0,1,0,0,1],[1,1,1,0,1,1,0,1,1,0]]"
9,311,-0.030432034586056003,0.030432034586056003,"[[1,1,0,0,0,0,1,0,0,1],[1,1,1,0,1,1,0,1,1,1]]"
9,312,-0.03525483376879931,0.03525483376879931,"[[1,1,0,0,0,0,1,0,0,1],[1,1,1,0,1,1,1,0,0,0]]"
9,313,-0.035107015900101415,0.035107015900101415,"[[1,1,0,0,0,0,1,0,0,1],[1,1,1,0,1,1,1,0,0,1]]"
9,314,-0.03624635532129963,0.03624635532129963,"[[1,1,0,0,0,0,1,0,0,1],[1,1,1,0,1,1,1,0,1,0]]"
9,315,-0.03609882987780364,0.03609882987780364,"[[1,1,0,0,0,0,1,0,0,1],[1,1,1,0,1,1,1,0,1,1]]"
9,316,-0.040854070403142186,0.040854070403142186,"[[1,1,0,0,0,0,1,0,0,1],[1,1,1,0,1,1,1,1,0,0]]"
9,317,-0.04068784078594554,0.04068784078594554,"[[1,1,0,0,0,0,1,0,0,1],[1,1,1,0,1,1,1,1,0,1]]"
9,318,-0.04192396912630999,0.04192396912630999,"[[1,1,0,0,0,0,1,0,0,1],[1,1,1,0,1,1,1,1,1,0]]"
9,319,-0.04175822329524265,0.04175822329524265,"[[1,1,0,0,0,0,1,0,0,1],[1,1,1,0,1,1,1,1,1,1]]"
9,320,-0.012354097045784057,0.012354097045784057,"[[1,1,0,0,0,0,1,0,1,0],[1,1,1,0,1,0,0,0,0,0]]"
9,321,-0.012308272603251139,0.012308272603251139,"[[1,1,0,0,0,0,1,0,1,0],[1,1,1,0,1,0,0,0,0,1]]"
9,322,-0.013274755697335274,0.013274755697335274,"[[1,1,0,0,0,0,1,0,1,0],[1,1,1,0,1,0,0,0,1,0]]"
9,323,-0.013211813267560525,0.013211813267560525,"[[1,1,0,0,0,0,1,0,1,0],[1,1,1,0,1,0,0,0,1,1]]"
9,324,-0.01610629128522515,0.01610629128522515,"[[1,1,0,0,0,0,1,0,1,0],[1,1,1,0,1,0,0,1,0,0]]"
9,325,-0.016041668245616383,0.016041668245616383,"[[1,1,0,0,0,0,1,0,1,0],[1,1,1,0,1,0,0,1,0,1]]"
9,326,-0.016909955029992974,0.016909955029992974,"[[1,1,0,0,0,0,1,0,1,0],[1,1,1,0,1,0,0,1,1,0]]"
9,327,-0.016846725284647347,0.016846725284647347,"[[1,1,0,0,0,0,1,0,1,0],[1,1,1,0,1,0,0,1,1,1]]"
9,328,-0.02049581602941584,0.02049581602941584,"[[1,1,0,0,0,0,1,0,1,0],[1,1,1,0,1,0,1,0,0,0]]"
9,329,-0.020421858679198678,0.020421858679198678,"[[1,1,0,0,0,0,1,0,1,0],[1,1,1,0,1,0,1,0,0,1]]"
9,330,-0.0214767409794973,0.0214767409794973,"[[1,1,0,0,0,0,1,0,1,0],[1,1,1,0,1,0,1,0,1,0]]"
9,331,-0.021401632937189753,0.021401632937189753,"[[1,1,0,0,0,0,1,0,1,0],[1,1,1,0,1,0,1,0,1,1]]"
9,332,-0.024854579022886444,0.024854579022886444,"[[1,1,0,0,0,0,1,0,1,0],[1,1,1,0,1,0,1,1,0,0]]"
9,333,-0.024769025969534248,0.024769025969534248,"[[1,1,0,0,0,0,1,0,1,0],[1,1,1,0,1,0,1,1,0,1]]"
9,334,-0.025822284134522103,0.025822284134522103,"[[1,1,0,0,0,0,1,0,1,0],[1,1,1,0,1,0,1,1,1,0]]"
9,335,-0.025737190903702075,0.025737190903702075,"[[1,1,0,0,0,0,1,0,1,0],[1,1,1,0,1,0,1,1,1,1]]"
9,336,-0.023508526749255316,0.023508526749255316,"[[1,1,0,0,0,0,1,0,1,0],[1,1,1,0,1,1,0,0,0,0]]"
9,337,-0.02339741628916909,0.02339741628916909,"[[1,1,0,0,0,0,1,0,1,0],[1,1,1,0,1,1,0,0,0,1]]"
9,338,-0.024606900629361855,0.024606900629361855,"[[1,1,0,0,0,0,1,0,1,0],[1,1,1,0,1,1,0,0,1,0]]"
9,339,-0.02449625650911383,0.02449625650911383,"[[1,1,0,0,0,0,1,0,1,0],[1,1,1,0,1,1,0,0,1,1]]"
9,340,-0.02801988700144014,0.02801988700144014,"[[1,1,0,0,0,0,1,0,1,0],[1,1,1,0,1,1,0,1,0,0]]"
9,341,-0.027903048736219772,0.027903048736219772,"[[1,1,0,0,0,0,1,0,1,0],[1,1,1,0,1,1,0,1,0,1]]"
9,342,-0.02903350418300505,0.02903350418300505,"[[1,1,0,0,0,0,1,0,1,0],[1,1,1,0,1,1,0,1,1,0]]"
9,343,-0.02892041950147342,0.02892041950147342,"[[1,1,0,0,0,0,1,0,1,0],[1,1,1,0,1,1,0,1,1,1]]"
9,344,-0.03386092484213899,0.03386092484213899,"[[1,1,0,0,0,0,1,0,1,0],[1,1,1,0,1,1,1,0,0,0]]"
9,345,-0.03372528491038511,0.03372528491038511,"[[1,1,0,0,0,0,1,0,1,0],[1,1,1,0,1,1,1,0,0,1]]"
9,346,-0.03510555820093698,0.03510555820093698,"[[1,1,0,0,0,0,1,0,1,0],[1,1,1,0,1,1,1,0,1,0]]"
9,347,-0.03496801649514555,0.03496801649514555,"[[1,1,0,0,0,0,1,0,1,0],[1,1,1,0,1,1,1,0,1,1]]"
9,348,-0.03898840249092759,0.03898840249092759,"[[1,1,0,0,0,0,1,0,1,0],[1,1,1,0,1,1,1,1,0,0]]"
9,349,-0.0388486016496939,0.0388486016496939,"[[1,1,0,0,0,0,1,0,1,0],[1,1,1,0,1,1,1,1,0,1]]"
9,350,-0.040157626871779754,0.040157626871779754,"[[1,1,0,0,0,0,1,0,1,0],[1,1,1,0,1,1,1,1,1,0]]"
9,351,-0.04001823105942345,0.04001823105942345,"[[1,1,0,0,0,0,1,0,1,0],[1,1,1,0,1,1,1,1,1,1]]"
9,352,-0.012371576885484728,0.012371576885484728,"[[1,1,0,0,0,0,1,0,1,1],[1,1,1,0,1,0,0,0,0,0]]"
9,353,-0.012308148913291708,0.012308148913291708,"[[1,1,0,0,0,0,1,0,1,1],[1,1,1,0,1,0,0,0,0,1]]"
9,354,-0.013265939396364864,0.013265939396364864,"[[1,1,0,0,0,0,1,0,1,1],[1,1,1,0,1,0,0,0,1,0]]"
9,355,-0.013201188746473658,0.013201188746473658,"[[1,1,0,0,0,0,1,0,1,1],[1,1,1,0,1,0,0,0,1,1]]"
9,356,-0.01611966688580632,0.01611966688580632,"[[1,1,0,0,0,0,1,0,1,1],[1,1,1,0,1,0,0,1,0,0]]"
9,357,-0.01605322455758706,0.01605322455758706,"[[1,1,0,0,0,0,1,0,1,1],[1,1,1,0,1,0,0,1,0,1]]"
9,358,-0.01692411676262911,0.01692411676262911,"[[1,1,0,0,0,0,1,0,1,1],[1,1,1,0,1,0,0,1,1,0]]"
9,359,-0.01685816053826618,0.01685816053826618,"[[1,1,0,0,0,0,1,0,1,1],[1,1,1,0,1,0,0,1,1,1]]"
9,360,-0.020493406099365393,0.020493406099365393,"[[1,1,0,0,0,0,1,0,1,1],[1,1,1,0,1,0,1,0,0,0]]"
9,361,-0.020417303106046118,0.020417303106046118,"[[1,1,0,0,0,0,1,0,1,1],[1,1,1,0,1,0,1,0,0,1]]"
9,362,-0.021472219264500447,0.021472219264500447,"[[1,1,0,0,0,0,1,0,1,1],[1,1,1,0,1,0,1,0,1,0]]"
9,363,-0.021394813065952988,0.021394813065952988,"[[1,1,0,0,0,0,1,0,1,1],[1,1,1,0,1,0,1,0,1,1]]"
9,364,-0.024850060307948833,0.024850060307948833,"[[1,1,0,0,0,0,1,0,1,1],[1,1,1,0,1,0,1,1,0,0]]"
9,365,-0.024752447582989966,0.024752447582989966,"[[1,1,0,0,0,0,1,0,1,1],[1,1,1,0,1,0,1,1,0,1]]"
9,366,-0.02581526953667842,0.02581526953667842,"[[1,1,0,0,0,0,1,0,1,1],[1,1,1,0,1,0,1,1,1,0]]"
9,367,-0.025717764670983845,0.025717764670983845,"[[1,1,0,0,0,0,1,0,1,1],[1,1,1,0,1,0,1,1,1,1]]"
9,368,-0.023488656389590617,0.023488656389590617,"[[1,1,0,0,0,0,1,0,1,1],[1,1,1,0,1,1,0,0,0,0]]"
9,369,-0.023365780529900255,0.023365780529900255,"[[1,1,0,0,0,0,1,0,1,1],[1,1,1,0,1,1,0,0,0,1]]"
9,370,-0.024584927782186256,0.024584927782186256,"[[1,1,0,0,0,0,1,0,1,1],[1,1,1,0,1,1,0,0,1,0]]"
9,371,-0.02446209901731996,0.02446209901731996,"[[1,1,0,0,0,0,1,0,1,1],[1,1,1,0,1,1,0,0,1,1]]"
9,372,-0.028013902725839,0.028013902725839,"[[1,1,0,0,0,0,1,0,1,1],[1,1,1,0,1,1,0,1,0,0]]"
9,373,-0.027892565117873108,0.027892565117873108,"[[1,1,0,0,0,0,1,0,1,1],[1,1,1,0,1,1,0,1,0,1]]"
9,374,-0.029030238251484528,0.029030238251484528,"[[1,1,0,0,0,0,1,0,1,1],[1,1,1,0,1,1,0,1,1,0]]"
9,375,-0.028910662161171333,0.028910662161171333,"[[1,1,0,0,0,0,1,0,1,1],[1,1,1,0,1,1,0,1,1,1]]"
9,376,-0.03382435161457327,0.03382435161457327,"[[1,1,0,0,0,0,1,0,1,1],[1,1,1,0,1,1,1,0,0,0]]"
9,377,-0.03368356938982306,0.03368356938982306,"[[1,1,0,0,0,0,1,0,1,1],[1,1,1,0,1,1,1,0,0,1]]"
9,378,-0.03506632982582349,0.03506632982582349,"[[1,1,0,0,0,0,1,0,1,1],[1,1,1,0,1,1,1,0,1,0]]"
9,379,-0.03492346359271147,0.03492346359271147,"[[1,1,0,0,0,0,1,0,1,1],[1,1,1,0,1,1,1,0,1,1]]"
9,380,-0.03898001788978998,0.03898001788978998,"[[1,1,0,0,0,0,1,0,1,1],[1,1,1,0,1,1,1,1,0,0]]"
9,381,-0.03883461273929425,0.03883461273929425,"[[1,1,0,0,0,0,1,0,1,1],[1,1,1,0,1,1,1,1,0,1]]"
9,382,-0.04014909491006617,0.04014909491006617,"[[1,1,0,0,0,0,1,0,1,1],[1,1,1,0,1,1,1,1,1,0]]"
9,383,-0.0400040018128496,0.0400040018128496,"[[1,1,0,0,0,0,1,0,1,1],[1,1,1,0,1,1,1,1,1,1]]"
9,384,-0.009380411513600972,0.009380411513600972,"[[1,1,0,0,0,0,1,1,0,0],[1,1,1,0,1,0,0,0,0,0]]"
9,385,-0.009260855099047671,0.009260855099047671,"[[1,1,0,0,0,0,1,1,0,0],[1,1,1,0,1,0,0,0,0,1]]"
9,386,-0.00978807071253593,0.00978807071253593,"[[1,1,0,0,0,0,1,1,0,0],[1,1,1,0,1,0,0,0,1,0]]"
9,387,-0.009720413345934896,0.009720413345934896,"[[1,1,0,0,0,0,1,1,0,0],[1,1,1,0,1,0,0,0,1,1]]"
9,388,-0.012884004358242282,0.012884004358242282,"[[1,1,0,0,0,0,1,1,0,0],[1,1,1,0,1,0,0,1,0,0]]"
9,389,-0.012825360087785597,0.012825360087785597,"[[1,1,0,0,0,0,1,1,0,0],[1,1,1,0,1,0,0,1,0,1]]"
9,390,-0.013489805994783097,0.013489805994783097,"[[1,1,0,0,0,0,1,1,0,0],[1,1,1,0,1,0,0,1,1,0]]"
9,391,-0.013432394712357796,0.013432394712357796,"[[1,1,0,0,0,0,1,1,0,0],[1,1,1,0,1,0,0,1,1,1]]"
9,392,-0.01641415525169839,0.01641415525169839,"[[1,1,0,0,0,0,1,1,0,0],[1,1,1,0,1,0,1,0,0,0]]"
9,393,-0.01628158354591509,0.01628158354591509,"[[1,1,0,0,0,0,1,1,0,0],[1,1,1,0,1,0,1,0,0,1]]"
9,394,-0.016839499213472088,0.016839499213472088,"[[1,1,0,0,0,0,1,1,0,0],[1,1,1,0,1,0,1,0,1,0]]"
9,395,-0.01675737995092222,0.01675737995092222,"[[1,1,0,0,0,0,1,1,0,0],[1,1,1,0,1,0,1,0,1,1]]"
9,396,-0.020763203701101705,0.020763203701101705,"[[1,1,0,0,0,0,1,1,0,0],[1,1,1,0,1,0,1,1,0,0]]"
9,397,-0.020686795979235093,0.020686795979235093,"[[1,1,0,0,0,0,1,1,0,0],[1,1,1,0,1,0,1,1,0,1]]"
9,398,-0.021500536510067315,0.021500536510067315,"[[1,1,0,0,0,0,1,1,0,0],[1,1,1,0,1,0,1,1,1,0]]"
9,399,-0.021421222196147238,0.021421222196147238,"[[1,1,0,0,0,0,1,1,0,0],[1,1,1,0,1,0,1,1,1,1]]"
9,400,-0.019524010802646853,0.019524010802646853,"[[1,1,0,0,0,0,1,1,0,0],[1,1,1,0,1,1,0,0,0,0]]"
9,401,-0.019296459292720638,0.019296459292720638,"[[1,1,0,0,0,0,1,1,0,0],[1,1,1,0,1,1,0,0,0,1]]"
9,402,-0.019832721978842227,0.019832721978842227,"[[1,1,0,0,0,0,1,1,0,0],[1,1,1,0,1,1,0,0,1,0]]"
9,403,-0.019700654907874746,0.019700654907874746,"[[1,1,0,0,0,0,1,1,0,0],[1,1,1,0,1,1,0,0,1,1]]"
9,404,-0.02385776503983237,0.02385776503983237,"[[1,1,0,0,0,0,1,1,0,0],[1,1,1,0,1,1,0,1,0,0]]"
9,405,-0.023749508014046718,0.023749508014046718,"[[1,1,0,0,0,0,1,1,0,0],[1,1,1,0,1,1,0,1,0,1]]"
9,406,-0.024709760876813723,0.024709760876813723,"[[1,1,0,0,0,0,1,1,0,0],[1,1,1,0,1,1,0,1,1,0]]"
9,407,-0.02460110286622559,0.02460110286622559,"[[1,1,0,0,0,0,1,1,0,0],[1,1,1,0,1,1,0,1,1,1]]"
9,408,-0.02882270326682784,0.02882270326682784,"[[1,1,0,0,0,0,1,1,0,0],[1,1,1,0,1,1,1,0,0,0]]"
9,409,-0.028592590702667127,0.028592590702667127,"[[1,1,0,0,0,0,1,1,0,0],[1,1,1,0,1,1,1,0,0,1]]"
9,410,-0.029148364372263865,0.029148364372263865,"[[1,1,0,0,0,0,1,1,0,0],[1,1,1,0,1,1,1,0,1,0]]"
9,411,-0.02900005961269301,0.02900005961269301,"[[1,1,0,0,0,0,1,1,0,0],[1,1,1,0,1,1,1,0,1,1]]"
9,412,-0.03394672142837165,0.03394672142837165,"[[1,1,0,0,0,0,1,1,0,0],[1,1,1,0,1,1,1,1,0,0]]"
9,413,-0.033808358661789197,0.033808358661789197,"[[1,1,0,0,0,0,1,1,0,0],[1,1,1,0,1,1,1,1,0,1]]"
9,414,-0.034924677652320824,0.034924677652320824,"[[1,1,0,0,0,0,1,1,0,0],[1,1,1,0,1,1,1,1,1,0]]"
9,415,-0.03478677987990065,0.03478677987990065,"[[1,1,0,0,0,0,1,1,0,0],[1,1,1,0,1,1,1,1,1,1]]"
9,416,-0.009398635316751927,0.009398635316751927,"[[1,1,0,0,0,0,1,1,0,1],[1,1,1,0,1,0,0,0,0,0]]"
9,417,-0.00927096187609035,0.00927096187609035,"[[1,1,0,0,0,0,1,1,0,1],[1,1,1,0,1,0,0,0,0,1]]"
9,418,-0.009784373872768646,0.009784373872768646,"[[1,1,0,0,0,0,1,1,0,1],[1,1,1,0,1,0,0,0,1,0]]"
9,419,-0.009715332249382947,0.009715332249382947,"[[1,1,0,0,0,0,1,1,0,1],[1,1,1,0,1,0,0,0,1,1]]"
9,420,-0.012879566326990827,0.012879566326990827,"[[1,1,0,0,0,0,1,1,0,1],[1,1,1,0,1,0,0,1,0,0]]"
9,421,-0.012819362542742576,0.012819362542742576,"[[1,1,0,0,0,0,1,1,0,1],[1,1,1,0,1,0,0,1,0,1]]"
9,422,-0.013485791052388996,0.013485791052388996,"[[1,1,0,0,0,0,1,1,0,1],[1,1,1,0,1,0,0,1,1,0]]"
9,423,-0.013426713449325436,0.013426713449325436,"[[1,1,0,0,0,0,1,1,0,1],[1,1,1,0,1,0,0,1,1,1]]"
9,424,-0.016429296466197448,0.016429296466197448,"[[1,1,0,0,0,0,1,1,0,1],[1,1,1,0,1,0,1,0,0,0]]"
9,425,-0.016279016658465015,0.016279016658465015,"[[1,1,0,0,0,0,1,1,0,1],[1,1,1,0,1,0,1,0,0,1]]"
9,426,-0.016842482532151405,0.016842482532151405,"[[1,1,0,0,0,0,1,1,0,1],[1,1,1,0,1,0,1,0,1,0]]"
9,427,-0.016758638985508046,0.016758638985508046,"[[1,1,0,0,0,0,1,1,0,1],[1,1,1,0,1,0,1,0,1,1]]"
9,428,-0.020755781988357987,0.020755781988357987,"[[1,1,0,0,0,0,1,1,0,1],[1,1,1,0,1,0,1,1,0,0]]"
9,429,-0.020673456581087494,0.020673456581087494,"[[1,1,0,0,0,0,1,1,0,1],[1,1,1,0,1,0,1,1,0,1]]"
9,430,-0.021489612400152614,0.021489612400152614,"[[1,1,0,0,0,0,1,1,0,1],[1,1,1,0,1,0,1,1,1,0]]"
9,431,-0.021407789928391447,0.021407789928391447,"[[1,1,0,0,0,0,1,1,0,1],[1,1,1,0,1,0,1,1,1,1]]"
9,432,-0.019519327330166803,0.019519327330166803,"[[1,1,0,0,0,0,1,1,0,1],[1,1,1,0,1,1,0,0,0,0]]"
9,433,-0.019274844456695975,0.019274844456695975,"[[1,1,0,0,0,0,1,1,0,1],[1,1,1,0,1,1,0,0,0,1]]"
9,434,-0.01980490930245712,0.01980490930245712,"[[1,1,0,0,0,0,1,1,0,1],[1,1,1,0,1,1,0,0,1,0]]"
9,435,-0.019668787343560725,0.019668787343560725,"[[1,1,0,0,0,0,1,1,0,1],[1,1,1,0,1,1,0,0,1,1]]"
9,436,-0.0238331375648251,0.0238331375648251,"[[1,1,0,0,0,0,1,1,0,1],[1,1,1,0,1,1,0,1,0,0]]"
9,437,-0.02371384850037518,0.02371384850037518,"[[1,1,0,0,0,0,1,1,0,1],[1,1,1,0,1,1,0,1,0,1]]"
9,438,-0.024683920508095897,0.024683920508095897,"[[1,1,0,0,0,0,1,1,0,1],[1,1,1,0,1,1,0,1,1,0]]"
9,439,-0.02456576083029947,0.02456576083029947,"[[1,1,0,0,0,0,1,1,0,1],[1,1,1,0,1,1,0,1,1,1]]"
9,440,-0.028813988934138765,0.028813988934138765,"[[1,1,0,0,0,0,1,1,0,1],[1,1,1,0,1,1,1,0,0,0]]"
9,441,-0.028562722218001494,0.028562722218001494,"[[1,1,0,0,0,0,1,1,0,1],[1,1,1,0,1,1,1,0,0,1]]"
9,442,-0.02912554317198733,0.02912554317198733,"[[1,1,0,0,0,0,1,1,0,1],[1,1,1,0,1,1,1,0,1,0]]"
9,443,-0.028972754082485837,0.028972754082485837,"[[1,1,0,0,0,0,1,1,0,1],[1,1,1,0,1,1,1,0,1,1]]"
9,444,-0.03390819358354669,0.03390819358354669,"[[1,1,0,0,0,0,1,1,0,1],[1,1,1,0,1,1,1,1,0,0]]"
9,445,-0.03376446641607818,0.03376446641607818,"[[1,1,0,0,0,0,1,1,0,1],[1,1,1,0,1,1,1,1,0,1]]"
9,446,-0.03488601734339624,0.03488601734339624,"[[1,1,0,0,0,0,1,1,0,1],[1,1,1,0,1,1,1,1,1,0]]"
9,447,-0.03474259958615829,0.03474259958615829,"[[1,1,0,0,0,0,1,1,0,1],[1,1,1,0,1,1,1,1,1,1]]"
9,448,-0.008673195948774715,0.008673195948774715,"[[1,1,0,0,0,0,1,1,1,0],[1,1,1,0,1,0,0,0,0,0]]"
9,449,-0.008584766990803839,0.008584766990803839,"[[1,1,0,0,0,0,1,1,1,0],[1,1,1,0,1,0,0,0,0,1]]"
9,450,-0.009242391839587975,0.009242391839587975,"[[1,1,0,0,0,0,1,1,1,0],[1,1,1,0,1,0,0,0,1,0]]"
9,451,-0.009191359432750802,0.009191359432750802,"[[1,1,0,0,0,0,1,1,1,0],[1,1,1,0,1,0,0,0,1,1]]"
9,452,-0.012093839499777053,0.012093839499777053,"[[1,1,0,0,0,0,1,1,1,0],[1,1,1,0,1,0,0,1,0,0]]"
9,453,-0.012046240100654084,0.012046240100654084,"[[1,1,0,0,0,0,1,1,1,0],[1,1,1,0,1,0,0,1,0,1]]"
9,454,-0.012815106663291616,0.012815106663291616,"[[1,1,0,0,0,0,1,1,1,0],[1,1,1,0,1,0,0,1,1,0]]"
9,455,-0.012767836636105758,0.012767836636105758,"[[1,1,0,0,0,0,1,1,1,0],[1,1,1,0,1,0,0,1,1,1]]"
9,456,-0.01550177399609444,0.01550177399609444,"[[1,1,0,0,0,0,1,1,1,0],[1,1,1,0,1,0,1,0,0,0]]"
9,457,-0.015397983004942002,0.015397983004942002,"[[1,1,0,0,0,0,1,1,1,0],[1,1,1,0,1,0,1,0,0,1]]"
9,458,-0.016148741598598196,0.016148741598598196,"[[1,1,0,0,0,0,1,1,1,0],[1,1,1,0,1,0,1,0,1,0]]"
9,459,-0.016071809105367374,0.016071809105367374,"[[1,1,0,0,0,0,1,1,1,0],[1,1,1,0,1,0,1,0,1,1]]"
9,460,-0.019777474762260525,0.019777474762260525,"[[1,1,0,0,0,0,1,1,1,0],[1,1,1,0,1,0,1,1,0,0]]"
9,461,-0.019706113940889582,0.019706113940889582,"[[1,1,0,0,0,0,1,1,1,0],[1,1,1,0,1,0,1,1,0,1]]"
9,462,-0.02069489631074479,0.02069489631074479,"[[1,1,0,0,0,0,1,1,1,0],[1,1,1,0,1,0,1,1,1,0]]"
9,463,-0.02061996746930649,0.02061996746930649,"[[1,1,0,0,0,0,1,1,1,0],[1,1,1,0,1,0,1,1,1,1]]"
9,464,-0.01834236463734949,0.01834236463734949,"[[1,1,0,0,0,0,1,1,1,0],[1,1,1,0,1,1,0,0,0,0]]"
9,465,-0.018166283211214898,0.018166283211214898,"[[1,1,0,0,0,0,1,1,1,0],[1,1,1,0,1,1,0,0,0,1]]"
9,466,-0.018895863292629322,0.018895863292629322,"[[1,1,0,0,0,0,1,1,1,0],[1,1,1,0,1,1,0,0,1,0]]"
9,467,-0.018775808795065588,0.018775808795065588,"[[1,1,0,0,0,0,1,1,1,0],[1,1,1,0,1,1,0,0,1,1]]"
9,468,-0.02254103844010586,0.02254103844010586,"[[1,1,0,0,0,0,1,1,1,0],[1,1,1,0,1,1,0,1,0,0]]"
9,469,-0.022442315703430627,0.022442315703430627,"[[1,1,0,0,0,0,1,1,1,0],[1,1,1,0,1,1,0,1,0,1]]"
9,470,-0.0234459134971872,0.0234459134971872,"[[1,1,0,0,0,0,1,1,1,0],[1,1,1,0,1,1,0,1,1,0]]"
9,471,-0.023348580372780585,0.023348580372780585,"[[1,1,0,0,0,0,1,1,1,0],[1,1,1,0,1,1,0,1,1,1]]"
9,472,-0.027438748618028273,0.027438748618028273,"[[1,1,0,0,0,0,1,1,1,0],[1,1,1,0,1,1,1,0,0,0]]"
9,473,-0.027257130582398936,0.027257130582398936,"[[1,1,0,0,0,0,1,1,1,0],[1,1,1,0,1,1,1,0,0,1]]"
9,474,-0.0281097042187705,0.0281097042187705,"[[1,1,0,0,0,0,1,1,1,0],[1,1,1,0,1,1,1,0,1,0]]"
9,475,-0.027966515711316538,0.027966515711316538,"[[1,1,0,0,0,0,1,1,1,0],[1,1,1,0,1,1,1,0,1,1]]"
9,476,-0.032461256124442374,0.032461256124442374,"[[1,1,0,0,0,0,1,1,1,0],[1,1,1,0,1,1,1,1,0,0]]"
9,477,-0.032339880065191465,0.032339880065191465,"[[1,1,0,0,0,0,1,1,1,0],[1,1,1,0,1,1,1,1,0,1]]"
9,478,-0.03352176038495482,0.03352176038495482,"[[1,1,0,0,0,0,1,1,1,0],[1,1,1,0,1,1,1,1,1,0]]"
9,479,-0.03340079404346422,0.03340079404346422,"[[1,1,0,0,0,0,1,1,1,0],[1,1,1,0,1,1,1,1,1,1]]"
9,480,-0.008695356999451976,0.008695356999451976,"[[1,1,0,0,0,0,1,1,1,1],[1,1,1,0,1,0,0,0,0,0]]"
9,481,-0.008599666104152887,0.008599666104152887,"[[1,1,0,0,0,0,1,1,1,1],[1,1,1,0,1,0,0,0,0,1]]"
9,482,-0.009239336908158306,0.009239336908158306,"[[1,1,0,0,0,0,1,1,1,1],[1,1,1,0,1,0,0,0,1,0]]"
9,483,-0.009199863683104933,0.009199863683104933,"[[1,1,0,0,0,0,1,1,1,1],[1,1,1,0,1,0,0,0,1,1]]"
9,484,-0.012096658038921288,0.012096658038921288,"[[1,1,0,0,0,0,1,1,1,1],[1,1,1,0,1,0,0,1,0,0]]"
9,485,-0.012043562929026592,0.012043562929026592,"[[1,1,0,0,0,0,1,1,1,1],[1,1,1,0,1,0,0,1,0,1]]"
9,486,-0.01281532803622453,0.01281532803622453,"[[1,1,0,0,0,0,1,1,1,1],[1,1,1,0,1,0,0,1,1,0]]"
9,487,-0.012778177122235976,0.012778177122235976,"[[1,1,0,0,0,0,1,1,1,1],[1,1,1,0,1,0,0,1,1,1]]"
9,488,-0.015514148425721512,0.015514148425721512,"[[1,1,0,0,0,0,1,1,1,1],[1,1,1,0,1,0,1,0,0,0]]"
9,489,-0.015399070558519325,0.015399070558519325,"[[1,1,0,0,0,0,1,1,1,1],[1,1,1,0,1,0,1,0,0,1]]"
9,490,-0.016152011290394026,0.016152011290394026,"[[1,1,0,0,0,0,1,1,1,1],[1,1,1,0,1,0,1,0,1,0]]"
9,491,-0.016073693726614154,0.016073693726614154,"[[1,1,0,0,0,0,1,1,1,1],[1,1,1,0,1,0,1,0,1,1]]"
9,492,-0.019771104118876157,0.019771104118876157,"[[1,1,0,0,0,0,1,1,1,1],[1,1,1,0,1,0,1,1,0,0]]"
9,493,-0.01969589272659439,0.01969589272659439,"[[1,1,0,0,0,0,1,1,1,1],[1,1,1,0,1,0,1,1,0,1]]"
9,494,-0.02068419020386603,0.02068419020386603,"[[1,1,0,0,0,0,1,1,1,1],[1,1,1,0,1,0,1,1,1,0]]"
9,495,-0.020607080351599572,0.020607080351599572,"[[1,1,0,0,0,0,1,1,1,1],[1,1,1,0,1,0,1,1,1,1]]"
9,496,-0.01834913558134712,0.01834913558134712,"[[1,1,0,0,0,0,1,1,1,1],[1,1,1,0,1,1,0,0,0,0]]"
9,497,-0.018148525224950512,0.018148525224950512,"[[1,1,0,0,0,0,1,1,1,1],[1,1,1,0,1,1,0,0,0,1]]"
9,498,-0.018875293625595382,0.018875293625595382,"[[1,1,0,0,0,0,1,1,1,1],[1,1,1,0,1,1,0,0,1,0]]"
9,499,-0.018744878129358794,0.018744878129358794,"[[1,1,0,0,0,0,1,1,1,1],[1,1,1,0,1,1,0,0,1,1]]"
9,500,-0.022539123111583192,0.022539123111583192,"[[1,1,0,0,0,0,1,1,1,1],[1,1,1,0,1,1,0,1,0,0]]"
9,501,-0.0224367775781755,0.0224367775781755,"[[1,1,0,0,0,0,1,1,1,1],[1,1,1,0,1,1,0,1,0,1]]"
9,502,-0.02344478318454223,0.02344478318454223,"[[1,1,0,0,0,0,1,1,1,1],[1,1,1,0,1,1,0,1,1,0]]"
9,503,-0.023342689344371923,0.023342689344371923,"[[1,1,0,0,0,0,1,1,1,1],[1,1,1,0,1,1,0,1,1,1]]"
9,504,-0.0274328249601712,0.0274328249601712,"[[1,1,0,0,0,0,1,1,1,1],[1,1,1,0,1,1,1,0,0,0]]"
9,505,-0.02723095836874404,0.02723095836874404,"[[1,1,0,0,0,0,1,1,1,1],[1,1,1,0,1,1,1,0,0,1]]"
9,506,-0.028087224546255545,0.028087224546255545,"[[1,1,0,0,0,0,1,1,1,1],[1,1,1,0,1,1,1,0,1,0]]"
9,507,-0.027939893841258306,0.027939893841258306,"[[1,1,0,0,0,0,1,1,1,1],[1,1,1,0,1,1,1,0,1,1]]"
9,508,-0.03243935761925862,0.03243935761925862,"[[1,1,0,0,0,0,1,1,1,1],[1,1,1,0,1,1,1,1,0,0]]"
9,509,-0.03230335782919454,0.03230335782919454,"[[1,1,0,0,0,0,1,1,1,1],[1,1,1,0,1,1,1,1,0,1]]"
9,510,-0.03349718742811434,0.03349718742811434,"[[1,1,0,0,0,0,1,1,1,1],[1,1,1,0,1,1,1,1,1,0]]"
9,511,-0.033361249722968,0.033361249722968,"[[1,1,0,0,0,0,1,1,1,1],[1,1,1,0,1,1,1,1,1,1]]"
9,512,-0.011276107801444784,0.011276107801444784,"[[1,1,0,0,0,1,0,0,0,0],[1,1,1,0,1,0,0,0,0,0]]"
9,513,-0.01118435114622849,0.01118435114622849,"[[1,1,0,0,0,1,0,0,0,0],[1,1,1,0,1,0,0,0,0,1]]"
9,514,-0.01153134949536182,0.01153134949536182,"[[1,1,0,0,0,1,0,0,0,0],[1,1,1,0,1,0,0,0,1,0]]"
9,515,-0.011449321495994955,0.011449321495994955,"[[1,1,0,0,0,1,0,0,0,0],[1,1,1,0,1,0,0,0,1,1]]"
9,516,-0.01391196946275331,0.01391196946275331,"[[1,1,0,0,0,1,0,0,0,0],[1,1,1,0,1,0,0,1,0,0]]"
9,517,-0.013801718576907518,0.013801718576907518,"[[1,1,0,0,0,1,0,0,0,0],[1,1,1,0,1,0,0,1,0,1]]"
9,518,-0.014192169242065077,0.014192169242065077,"[[1,1,0,0,0,1,0,0,0,0],[1,1,1,0,1,0,0,1,1,0]]"
9,519,-0.014093155330924529,0.014093155330924529,"[[1,1,0,0,0,1,0,0,0,0],[1,1,1,0,1,0,0,1,1,1]]"
9,520,-0.01753136641709642,0.01753136641709642,"[[1,1,0,0,0,1,0,0,0,0],[1,1,1,0,1,0,1,0,0,0]]"
9,521,-0.017403887346662986,0.017403887346662986,"[[1,1,0,0,0,1,0,0,0,0],[1,1,1,0,1,0,1,0,0,1]]"
9,522,-0.017842402640772026,0.017842402640772026,"[[1,1,0,0,0,1,0,0,0,0],[1,1,1,0,1,0,1,0,1,0]]"
9,523,-0.01772464378249968,0.01772464378249968,"[[1,1,0,0,0,1,0,0,0,0],[1,1,1,0,1,0,1,0,1,1]]"
9,524,-0.020741062125006805,0.020741062125006805,"[[1,1,0,0,0,1,0,0,0,0],[1,1,1,0,1,0,1,1,0,0]]"
9,525,-0.02059366142979671,0.02059366142979671,"[[1,1,0,0,0,1,0,0,0,0],[1,1,1,0,1,0,1,1,0,1]]"
9,526,-0.021042496219787633,0.021042496219787633,"[[1,1,0,0,0,1,0,0,0,0],[1,1,1,0,1,0,1,1,1,0]]"
9,527,-0.020898502647698446,0.020898502647698446,"[[1,1,0,0,0,1,0,0,0,0],[1,1,1,0,1,0,1,1,1,1]]"
9,528,-0.01762804324120971,0.01762804324120971,"[[1,1,0,0,0,1,0,0,0,0],[1,1,1,0,1,1,0,0,0,0]]"
9,529,-0.01747014325360543,0.01747014325360543,"[[1,1,0,0,0,1,0,0,0,0],[1,1,1,0,1,1,0,0,0,1]]"
9,530,-0.01782689262688792,0.01782689262688792,"[[1,1,0,0,0,1,0,0,0,0],[1,1,1,0,1,1,0,0,1,0]]"
9,531,-0.017677096667744384,0.017677096667744384,"[[1,1,0,0,0,1,0,0,0,0],[1,1,1,0,1,1,0,0,1,1]]"
9,532,-0.020672388683880157,0.020672388683880157,"[[1,1,0,0,0,1,0,0,0,0],[1,1,1,0,1,1,0,1,0,0]]"
9,533,-0.02049697181285218,0.02049697181285218,"[[1,1,0,0,0,1,0,0,0,0],[1,1,1,0,1,1,0,1,0,1]]"
9,534,-0.02084158273181267,0.02084158273181267,"[[1,1,0,0,0,1,0,0,0,0],[1,1,1,0,1,1,0,1,1,0]]"
9,535,-0.02069583426097604,0.02069583426097604,"[[1,1,0,0,0,1,0,0,0,0],[1,1,1,0,1,1,0,1,1,1]]"
9,536,-0.02520561189054197,0.02520561189054197,"[[1,1,0,0,0,1,0,0,0,0],[1,1,1,0,1,1,1,0,0,0]]"
9,537,-0.02500669822095668,0.02500669822095668,"[[1,1,0,0,0,1,0,0,0,0],[1,1,1,0,1,1,1,0,0,1]]"
9,538,-0.025441219778693798,0.025441219778693798,"[[1,1,0,0,0,1,0,0,0,0],[1,1,1,0,1,1,1,0,1,0]]"
9,539,-0.02530366995387662,0.02530366995387662,"[[1,1,0,0,0,1,0,0,0,0],[1,1,1,0,1,1,1,0,1,1]]"
9,540,-0.028887561978644685,0.028887561978644685,"[[1,1,0,0,0,1,0,0,0,0],[1,1,1,0,1,1,1,1,0,0]]"
9,541,-0.02866813582002264,0.02866813582002264,"[[1,1,0,0,0,1,0,0,0,0],[1,1,1,0,1,1,1,1,0,1]]"
9,542,-0.029123196469042125,0.029123196469042125,"[[1,1,0,0,0,1,0,0,0,0],[1,1,1,0,1,1,1,1,1,0]]"
9,543,-0.029019958319022002,0.029019958319022002,"[[1,1,0,0,0,1,0,0,0,0],[1,1,1,0,1,1,1,1,1,1]]"
9,544,-0.01133232293165501,0.01133232293165501,"[[1,1,0,0,0,1,0,0,0,1],[1,1,1,0,1,0,0,0,0,0]]"
9,545,-0.011241060681891527,0.011241060681891527,"[[1,1,0,0,0,1,0,0,0,1],[1,1,1,0,1,0,0,0,0,1]]"
9,546,-0.011590814852144058,0.011590814852144058,"[[1,1,0,0,0,1,0,0,0,1],[1,1,1,0,1,0,0,0,1,0]]"
9,547,-0.011516273120566998,0.011516273120566998,"[[1,1,0,0,0,1,0,0,0,1],[1,1,1,0,1,0,0,0,1,1]]"
9,548,-0.013970713044743238,0.013970713044743238,"[[1,1,0,0,0,1,0,0,0,1],[1,1,1,0,1,0,0,1,0,0]]"
9,549,-0.01386057068777372,0.01386057068777372,"[[1,1,0,0,0,1,0,0,0,1],[1,1,1,0,1,0,0,1,0,1]]"
9,550,-0.014252826349711468,0.014252826349711468,"[[1,1,0,0,0,1,0,0,0,1],[1,1,1,0,1,0,0,1,1,0]]"
9,551,-0.014147921576495413,0.014147921576495413,"[[1,1,0,0,0,1,0,0,0,1],[1,1,1,0,1,0,0,1,1,1]]"
9,552,-0.017596704977457783,0.017596704977457783,"[[1,1,0,0,0,1,0,0,0,1],[1,1,1,0,1,0,1,0,0,0]]"
9,553,-0.017469180054122284,0.017469180054122284,"[[1,1,0,0,0,1,0,0,0,1],[1,1,1,0,1,0,1,0,0,1]]"
9,554,-0.017910979113917584,0.017910979113917584,"[[1,1,0,0,0,1,0,0,0,1],[1,1,1,0,1,0,1,0,1,0]]"
9,555,-0.017793327127708904,0.017793327127708904,"[[1,1,0,0,0,1,0,0,0,1],[1,1,1,0,1,0,1,0,1,1]]"
9,556,-0.020807978987586392,0.020807978987586392,"[[1,1,0,0,0,1,0,0,0,1],[1,1,1,0,1,0,1,1,0,0]]"
9,557,-0.02065479426943377,0.02065479426943377,"[[1,1,0,0,0,1,0,0,0,1],[1,1,1,0,1,0,1,1,0,1]]"
9,558,-0.02110274022077135,0.02110274022077135,"[[1,1,0,0,0,1,0,0,0,1],[1,1,1,0,1,0,1,1,1,0]]"
9,559,-0.020956902558991485,0.020956902558991485,"[[1,1,0,0,0,1,0,0,0,1],[1,1,1,0,1,0,1,1,1,1]]"
9,560,-0.017678436108666037,0.017678436108666037,"[[1,1,0,0,0,1,0,0,0,1],[1,1,1,0,1,1,0,0,0,0]]"
9,561,-0.017519878910215905,0.017519878910215905,"[[1,1,0,0,0,1,0,0,0,1],[1,1,1,0,1,1,0,0,0,1]]"
9,562,-0.017879480740757594,0.017879480740757594,"[[1,1,0,0,0,1,0,0,0,1],[1,1,1,0,1,1,0,0,1,0]]"
9,563,-0.01772914321722742,0.01772914321722742,"[[1,1,0,0,0,1,0,0,0,1],[1,1,1,0,1,1,0,0,1,1]]"
9,564,-0.020723795673233812,0.020723795673233812,"[[1,1,0,0,0,1,0,0,0,1],[1,1,1,0,1,1,0,1,0,0]]"
9,565,-0.020546298201226797,0.020546298201226797,"[[1,1,0,0,0,1,0,0,0,1],[1,1,1,0,1,1,0,1,0,1]]"
9,566,-0.0208970146237869,0.0208970146237869,"[[1,1,0,0,0,1,0,0,0,1],[1,1,1,0,1,1,0,1,1,0]]"
9,567,-0.020739223733557664,0.020739223733557664,"[[1,1,0,0,0,1,0,0,0,1],[1,1,1,0,1,1,0,1,1,1]]"
9,568,-0.025260279951674534,0.025260279951674534,"[[1,1,0,0,0,1,0,0,0,1],[1,1,1,0,1,1,1,0,0,0]]"
9,569,-0.02505899694308454,0.02505899694308454,"[[1,1,0,0,0,1,0,0,0,1],[1,1,1,0,1,1,1,0,0,1]]"
9,570,-0.02549804818701692,0.02549804818701692,"[[1,1,0,0,0,1,0,0,0,1],[1,1,1,0,1,1,1,0,1,0]]"
9,571,-0.02534616075865627,0.02534616075865627,"[[1,1,0,0,0,1,0,0,0,1],[1,1,1,0,1,1,1,0,1,1]]"
9,572,-0.028942223283706613,0.028942223283706613,"[[1,1,0,0,0,1,0,0,0,1],[1,1,1,0,1,1,1,1,0,0]]"
9,573,-0.028718730789005876,0.028718730789005876,"[[1,1,0,0,0,1,0,0,0,1],[1,1,1,0,1,1,1,1,0,1]]"
9,574,-0.029168707745308317,0.029168707745308317,"[[1,1,0,0,0,1,0,0,0,1],[1,1,1,0,1,1,1,1,1,0]]"
9,575,-0.029062638978942408,0.029062638978942408,"[[1,1,0,0,0,1,0,0,0,1],[1,1,1,0,1,1,1,1,1,1]]"
9,576,-0.010556645321570473,0.010556645321570473,"[[1,1,0,0,0,1,0,0,1,0],[1,1,1,0,1,0,0,0,0,0]]"
9,577,-0.010489620215841591,0.010489620215841591,"[[1,1,0,0,0,1,0,0,1,0],[1,1,1,0,1,0,0,0,0,1]]"
9,578,-0.010950655078200353,0.010950655078200353,"[[1,1,0,0,0,1,0,0,1,0],[1,1,1,0,1,0,0,0,1,0]]"
9,579,-0.010901293699373616,0.010901293699373616,"[[1,1,0,0,0,1,0,0,1,0],[1,1,1,0,1,0,0,0,1,1]]"
9,580,-0.01308154937894467,0.01308154937894467,"[[1,1,0,0,0,1,0,0,1,0],[1,1,1,0,1,0,0,1,0,0]]"
9,581,-0.012992393764124966,0.012992393764124966,"[[1,1,0,0,0,1,0,0,1,0],[1,1,1,0,1,0,0,1,0,1]]"
9,582,-0.013520341119663746,0.013520341119663746,"[[1,1,0,0,0,1,0,0,1,0],[1,1,1,0,1,0,0,1,1,0]]"
9,583,-0.013460690022314658,0.013460690022314658,"[[1,1,0,0,0,1,0,0,1,0],[1,1,1,0,1,0,0,1,1,1]]"
9,584,-0.01658742383673857,0.01658742383673857,"[[1,1,0,0,0,1,0,0,1,0],[1,1,1,0,1,0,1,0,0,0]]"
9,585,-0.01647321368793482,0.01647321368793482,"[[1,1,0,0,0,1,0,0,1,0],[1,1,1,0,1,0,1,0,0,1]]"
9,586,-0.0170628810708885,0.0170628810708885,"[[1,1,0,0,0,1,0,0,1,0],[1,1,1,0,1,0,1,0,1,0]]"
9,587,-0.016952694665026476,0.016952694665026476,"[[1,1,0,0,0,1,0,0,1,0],[1,1,1,0,1,0,1,0,1,1]]"
9,588,-0.01966865102021997,0.01966865102021997,"[[1,1,0,0,0,1,0,0,1,0],[1,1,1,0,1,0,1,1,0,0]]"
9,589,-0.01954006104343605,0.01954006104343605,"[[1,1,0,0,0,1,0,0,1,0],[1,1,1,0,1,0,1,1,0,1]]"
9,590,-0.020134006071912333,0.020134006071912333,"[[1,1,0,0,0,1,0,0,1,0],[1,1,1,0,1,0,1,1,1,0]]"
9,591,-0.0200280618369559,0.0200280618369559,"[[1,1,0,0,0,1,0,0,1,0],[1,1,1,0,1,0,1,1,1,1]]"
9,592,-0.016628747025993915,0.016628747025993915,"[[1,1,0,0,0,1,0,0,1,0],[1,1,1,0,1,1,0,0,0,0]]"
9,593,-0.016484791270881215,0.016484791270881215,"[[1,1,0,0,0,1,0,0,1,0],[1,1,1,0,1,1,0,0,0,1]]"
9,594,-0.01696233553845857,0.01696233553845857,"[[1,1,0,0,0,1,0,0,1,0],[1,1,1,0,1,1,0,0,1,0]]"
9,595,-0.016864364257848707,0.016864364257848707,"[[1,1,0,0,0,1,0,0,1,0],[1,1,1,0,1,1,0,0,1,1]]"
9,596,-0.019471154596729462,0.019471154596729462,"[[1,1,0,0,0,1,0,0,1,0],[1,1,1,0,1,1,0,1,0,0]]"
9,597,-0.0193210561489025,0.0193210561489025,"[[1,1,0,0,0,1,0,0,1,0],[1,1,1,0,1,1,0,1,0,1]]"
9,598,-0.019852491413653677,0.019852491413653677,"[[1,1,0,0,0,1,0,0,1,0],[1,1,1,0,1,1,0,1,1,0]]"
9,599,-0.01974846952407408,0.01974846952407408,"[[1,1,0,0,0,1,0,0,1,0],[1,1,1,0,1,1,0,1,1,1]]"
9,600,-0.02398168858319437,0.02398168858319437,"[[1,1,0,0,0,1,0,0,1,0],[1,1,1,0,1,1,1,0,0,0]]"
9,601,-0.023795880550791244,0.023795880550791244,"[[1,1,0,0,0,1,0,0,1,0],[1,1,1,0,1,1,1,0,0,1]]"
9,602,-0.024372116741469097,0.024372116741469097,"[[1,1,0,0,0,1,0,0,1,0],[1,1,1,0,1,1,1,0,1,0]]"
9,603,-0.024270632272371057,0.024270632272371057,"[[1,1,0,0,0,1,0,0,1,0],[1,1,1,0,1,1,1,0,1,1]]"
9,604,-0.027402881117079385,0.027402881117079385,"[[1,1,0,0,0,1,0,0,1,0],[1,1,1,0,1,1,1,1,0,0]]"
9,605,-0.02723468090866894,0.02723468090866894,"[[1,1,0,0,0,1,0,0,1,0],[1,1,1,0,1,1,1,1,0,1]]"
9,606,-0.027902167017700742,0.027902167017700742,"[[1,1,0,0,0,1,0,0,1,0],[1,1,1,0,1,1,1,1,1,0]]"
9,607,-0.027812660850215266,0.027812660850215266,"[[1,1,0,0,0,1,0,0,1,0],[1,1,1,0,1,1,1,1,1,1]]"
9,608,-0.01061374399548514,0.01061374399548514,"[[1,1,0,0,0,1,0,0,1,1],[1,1,1,0,1,0,0,0,0,0]]"
9,609,-0.010556171474278852,0.010556171474278852,"[[1,1,0,0,0,1,0,0,1,1],[1,1,1,0,1,0,0,0,0,1]]"
9,610,-0.011018227689485604,0.011018227689485604,"[[1,1,0,0,0,1,0,0,1,1],[1,1,1,0,1,0,0,0,1,0]]"
9,611,-0.010968618630911316,0.010968618630911316,"[[1,1,0,0,0,1,0,0,1,1],[1,1,1,0,1,0,0,0,1,1]]"
9,612,-0.013144737625068667,0.013144737625068667,"[[1,1,0,0,0,1,0,0,1,1],[1,1,1,0,1,0,0,1,0,0]]"
9,613,-0.013056238628808756,0.013056238628808756,"[[1,1,0,0,0,1,0,0,1,1],[1,1,1,0,1,0,0,1,0,1]]"
9,614,-0.013588254891148142,0.013588254891148142,"[[1,1,0,0,0,1,0,0,1,1],[1,1,1,0,1,0,0,1,1,0]]"
9,615,-0.013527402067872878,0.013527402067872878,"[[1,1,0,0,0,1,0,0,1,1],[1,1,1,0,1,0,0,1,1,1]]"
9,616,-0.016653641590107758,0.016653641590107758,"[[1,1,0,0,0,1,0,0,1,1],[1,1,1,0,1,0,1,0,0,0]]"
9,617,-0.016539752938981803,0.016539752938981803,"[[1,1,0,0,0,1,0,0,1,1],[1,1,1,0,1,0,1,0,0,1]]"
9,618,-0.017131304853878954,0.017131304853878954,"[[1,1,0,0,0,1,0,0,1,1],[1,1,1,0,1,0,1,0,1,0]]"
9,619,-0.01702088548182206,0.01702088548182206,"[[1,1,0,0,0,1,0,0,1,1],[1,1,1,0,1,0,1,0,1,1]]"
9,620,-0.019738532462335808,0.019738532462335808,"[[1,1,0,0,0,1,0,0,1,1],[1,1,1,0,1,0,1,1,0,0]]"
9,621,-0.019602814893314315,0.019602814893314315,"[[1,1,0,0,0,1,0,0,1,1],[1,1,1,0,1,0,1,1,0,1]]"
9,622,-0.020197302564295014,0.020197302564295014,"[[1,1,0,0,0,1,0,0,1,1],[1,1,1,0,1,0,1,1,1,0]]"
9,623,-0.020083004416396162,0.020083004416396162,"[[1,1,0,0,0,1,0,0,1,1],[1,1,1,0,1,0,1,1,1,1]]"
9,624,-0.01668023838554273,0.01668023838554273,"[[1,1,0,0,0,1,0,0,1,1],[1,1,1,0,1,1,0,0,0,0]]"
9,625,-0.016535945452516042,0.016535945452516042,"[[1,1,0,0,0,1,0,0,1,1],[1,1,1,0,1,1,0,0,0,1]]"
9,626,-0.017026588284293417,0.017026588284293417,"[[1,1,0,0,0,1,0,0,1,1],[1,1,1,0,1,1,0,0,1,0]]"
9,627,-0.01693295362838253,0.01693295362838253,"[[1,1,0,0,0,1,0,0,1,1],[1,1,1,0,1,1,0,0,1,1]]"
9,628,-0.01952841191031615,0.01952841191031615,"[[1,1,0,0,0,1,0,0,1,1],[1,1,1,0,1,1,0,1,0,0]]"
9,629,-0.0193764549169997,0.0193764549169997,"[[1,1,0,0,0,1,0,0,1,1],[1,1,1,0,1,1,0,1,0,1]]"
9,630,-0.019912241643029818,0.019912241643029818,"[[1,1,0,0,0,1,0,0,1,1],[1,1,1,0,1,1,0,1,1,0]]"
9,631,-0.019813308044027467,0.019813308044027467,"[[1,1,0,0,0,1,0,0,1,1],[1,1,1,0,1,1,0,1,1,1]]"
9,632,-0.024037052079727776,0.024037052079727776,"[[1,1,0,0,0,1,0,0,1,1],[1,1,1,0,1,1,1,0,0,0]]"
9,633,-0.02384924429608646,0.02384924429608646,"[[1,1,0,0,0,1,0,0,1,1],[1,1,1,0,1,1,1,0,0,1]]"
9,634,-0.024429451490366346,0.024429451490366346,"[[1,1,0,0,0,1,0,0,1,1],[1,1,1,0,1,1,1,0,1,0]]"
9,635,-0.02431458591285395,0.02431458591285395,"[[1,1,0,0,0,1,0,0,1,1],[1,1,1,0,1,1,1,0,1,1]]"
9,636,-0.02746257874553205,0.02746257874553205,"[[1,1,0,0,0,1,0,0,1,1],[1,1,1,0,1,1,1,1,0,0]]"
9,637,-0.02727988496753854,0.02727988496753854,"[[1,1,0,0,0,1,0,0,1,1],[1,1,1,0,1,1,1,1,0,1]]"
9,638,-0.0279525628654222,0.0279525628654222,"[[1,1,0,0,0,1,0,0,1,1],[1,1,1,0,1,1,1,1,1,0]]"
9,639,-0.02786035628394276,0.02786035628394276,"[[1,1,0,0,0,1,0,0,1,1],[1,1,1,0,1,1,1,1,1,1]]"
9,640,-0.008189165099590966,0.008189165099590966,"[[1,1,0,0,0,1,0,1,0,0],[1,1,1,0,1,0,0,0,0,0]]"
9,641,-0.00812703838984224,0.00812703838984224,"[[1,1,0,0,0,1,0,1,0,0],[1,1,1,0,1,0,0,0,0,1]]"
9,642,-0.008516729493908514,0.008516729493908514,"[[1,1,0,0,0,1,0,1,0,0],[1,1,1,0,1,0,0,0,1,0]]"
9,643,-0.008468764085318808,0.008468764085318808,"[[1,1,0,0,0,1,0,1,0,0],[1,1,1,0,1,0,0,0,1,1]]"
9,644,-0.010708734263309497,0.010708734263309497,"[[1,1,0,0,0,1,0,1,0,0],[1,1,1,0,1,0,0,1,0,0]]"
9,645,-0.01064147209610994,0.01064147209610994,"[[1,1,0,0,0,1,0,1,0,0],[1,1,1,0,1,0,0,1,0,1]]"
9,646,-0.010989118435093578,0.010989118435093578,"[[1,1,0,0,0,1,0,1,0,0],[1,1,1,0,1,0,0,1,1,0]]"
9,647,-0.010942190446808199,0.010942190446808199,"[[1,1,0,0,0,1,0,1,0,0],[1,1,1,0,1,0,0,1,1,1]]"
9,648,-0.0136265565427726,0.0136265565427726,"[[1,1,0,0,0,1,0,1,0,0],[1,1,1,0,1,0,1,0,0,0]]"
9,649,-0.013512907624258214,0.013512907624258214,"[[1,1,0,0,0,1,0,1,0,0],[1,1,1,0,1,0,1,0,0,1]]"
9,650,-0.013951240994700471,0.013951240994700471,"[[1,1,0,0,0,1,0,1,0,0],[1,1,1,0,1,0,1,0,1,0]]"
9,651,-0.013848701230210292,0.013848701230210292,"[[1,1,0,0,0,1,0,1,0,0],[1,1,1,0,1,0,1,0,1,1]]"
9,652,-0.016701982709894606,0.016701982709894606,"[[1,1,0,0,0,1,0,1,0,0],[1,1,1,0,1,0,1,1,0,0]]"
9,653,-0.016586535874101093,0.016586535874101093,"[[1,1,0,0,0,1,0,1,0,0],[1,1,1,0,1,0,1,1,0,1]]"
9,654,-0.016995864949151746,0.016995864949151746,"[[1,1,0,0,0,1,0,1,0,0],[1,1,1,0,1,0,1,1,1,0]]"
9,655,-0.016882882178541996,0.016882882178541996,"[[1,1,0,0,0,1,0,1,0,0],[1,1,1,0,1,0,1,1,1,1]]"
9,656,-0.013941278975458257,0.013941278975458257,"[[1,1,0,0,0,1,0,1,0,0],[1,1,1,0,1,1,0,0,0,0]]"
9,657,-0.0138087344035157,0.0138087344035157,"[[1,1,0,0,0,1,0,1,0,0],[1,1,1,0,1,1,0,0,0,1]]"
9,658,-0.01415883320378367,0.01415883320378367,"[[1,1,0,0,0,1,0,1,0,0],[1,1,1,0,1,1,0,0,1,0]]"
9,659,-0.01407076287018123,0.01407076287018123,"[[1,1,0,0,0,1,0,1,0,0],[1,1,1,0,1,1,0,0,1,1]]"
9,660,-0.016638375152715087,0.016638375152715087,"[[1,1,0,0,0,1,0,1,0,0],[1,1,1,0,1,1,0,1,0,0]]"
9,661,-0.016491409470981613,0.016491409470981613,"[[1,1,0,0,0,1,0,1,0,0],[1,1,1,0,1,1,0,1,0,1]]"
9,662,-0.016816173752997196,0.016816173752997196,"[[1,1,0,0,0,1,0,1,0,0],[1,1,1,0,1,1,0,1,1,0]]"
9,663,-0.016717862758896362,0.016717862758896362,"[[1,1,0,0,0,1,0,1,0,0],[1,1,1,0,1,1,0,1,1,1]]"
9,664,-0.020729874274638394,0.020729874274638394,"[[1,1,0,0,0,1,0,1,0,0],[1,1,1,0,1,1,1,0,0,0]]"
9,665,-0.02055565369206212,0.02055565369206212,"[[1,1,0,0,0,1,0,1,0,0],[1,1,1,0,1,1,1,0,0,1]]"
9,666,-0.020981304162840175,0.020981304162840175,"[[1,1,0,0,0,1,0,1,0,0],[1,1,1,0,1,1,1,0,1,0]]"
9,667,-0.020810577433452958,0.020810577433452958,"[[1,1,0,0,0,1,0,1,0,0],[1,1,1,0,1,1,1,0,1,1]]"
9,668,-0.023990740994198845,0.023990740994198845,"[[1,1,0,0,0,1,0,1,0,0],[1,1,1,0,1,1,1,1,0,0]]"
9,669,-0.023800973635637362,0.023800973635637362,"[[1,1,0,0,0,1,0,1,0,0],[1,1,1,0,1,1,1,1,0,1]]"
9,670,-0.024214723487391055,0.024214723487391055,"[[1,1,0,0,0,1,0,1,0,0],[1,1,1,0,1,1,1,1,1,0]]"
9,671,-0.02409914903147178,0.02409914903147178,"[[1,1,0,0,0,1,0,1,0,0],[1,1,1,0,1,1,1,1,1,1]]"
9,672,-0.00823980382761235,0.00823980382761235,"[[1,1,0,0,0,1,0,1,0,1],[1,1,1,0,1,0,0,0,0,0]]"
9,673,-0.008184204556606019,0.008184204556606019,"[[1,1,0,0,0,1,0,1,0,1],[1,1,1,0,1,0,0,0,0,1]]"
9,674,-0.00857768442051243,0.00857768442051243,"[[1,1,0,0,0,1,0,1,0,1],[1,1,1,0,1,0,0,0,1,0]]"
9,675,-0.00852930478545741,0.00852930478545741,"[[1,1,0,0,0,1,0,1,0,1],[1,1,1,0,1,0,0,0,1,1]]"
9,676,-0.010767370532786062,0.010767370532786062,"[[1,1,0,0,0,1,0,1,0,1],[1,1,1,0,1,0,0,1,0,0]]"
9,677,-0.01070939772039447,0.01070939772039447,"[[1,1,0,0,0,1,0,1,0,1],[1,1,1,0,1,0,0,1,0,1]]"
9,678,-0.011059497856670127,0.011059497856670127,"[[1,1,0,0,0,1,0,1,0,1],[1,1,1,0,1,0,0,1,1,0]]"
9,679,-0.011010288233222443,0.011010288233222443,"[[1,1,0,0,0,1,0,1,0,1],[1,1,1,0,1,0,0,1,1,1]]"
9,680,-0.013684929131371116,0.013684929131371116,"[[1,1,0,0,0,1,0,1,0,1],[1,1,1,0,1,0,1,0,0,0]]"
9,681,-0.013571364794249967,0.013571364794249967,"[[1,1,0,0,0,1,0,1,0,1],[1,1,1,0,1,0,1,0,0,1]]"
9,682,-0.014013778495998084,0.014013778495998084,"[[1,1,0,0,0,1,0,1,0,1],[1,1,1,0,1,0,1,0,1,0]]"
9,683,-0.013911515236785361,0.013911515236785361,"[[1,1,0,0,0,1,0,1,0,1],[1,1,1,0,1,0,1,0,1,1]]"
9,684,-0.016768792022463622,0.016768792022463622,"[[1,1,0,0,0,1,0,1,0,1],[1,1,1,0,1,0,1,1,0,0]]"
9,685,-0.01665355223328853,0.01665355223328853,"[[1,1,0,0,0,1,0,1,0,1],[1,1,1,0,1,0,1,1,0,1]]"
9,686,-0.017056271671957005,0.017056271671957005,"[[1,1,0,0,0,1,0,1,0,1],[1,1,1,0,1,0,1,1,1,0]]"
9,687,-0.016943379919875132,0.016943379919875132,"[[1,1,0,0,0,1,0,1,0,1],[1,1,1,0,1,0,1,1,1,1]]"
9,688,-0.013995007876011281,0.013995007876011281,"[[1,1,0,0,0,1,0,1,0,1],[1,1,1,0,1,1,0,0,0,0]]"
9,689,-0.013871721589347172,0.013871721589347172,"[[1,1,0,0,0,1,0,1,0,1],[1,1,1,0,1,1,0,0,0,1]]"
9,690,-0.014224068949750628,0.014224068949750628,"[[1,1,0,0,0,1,0,1,0,1],[1,1,1,0,1,1,0,0,1,0]]"
9,691,-0.014133033292476789,0.014133033292476789,"[[1,1,0,0,0,1,0,1,0,1],[1,1,1,0,1,1,0,0,1,1]]"
9,692,-0.016688372745697348,0.016688372745697348,"[[1,1,0,0,0,1,0,1,0,1],[1,1,1,0,1,1,0,1,0,0]]"
9,693,-0.01653991662938211,0.01653991662938211,"[[1,1,0,0,0,1,0,1,0,1],[1,1,1,0,1,1,0,1,0,1]]"
9,694,-0.016879609680564317,0.016879609680564317,"[[1,1,0,0,0,1,0,1,0,1],[1,1,1,0,1,1,0,1,1,0]]"
9,695,-0.016785340699149155,0.016785340699149155,"[[1,1,0,0,0,1,0,1,0,1],[1,1,1,0,1,1,0,1,1,1]]"
9,696,-0.020789143851745434,0.020789143851745434,"[[1,1,0,0,0,1,0,1,0,1],[1,1,1,0,1,1,1,0,0,0]]"
9,697,-0.020613097171391353,0.020613097171391353,"[[1,1,0,0,0,1,0,1,0,1],[1,1,1,0,1,1,1,0,0,1]]"
9,698,-0.021035374866594438,0.021035374866594438,"[[1,1,0,0,0,1,0,1,0,1],[1,1,1,0,1,1,1,0,1,0]]"
9,699,-0.020862714391564265,0.020862714391564265,"[[1,1,0,0,0,1,0,1,0,1],[1,1,1,0,1,1,1,0,1,1]]"
9,700,-0.024045017122908786,0.024045017122908786,"[[1,1,0,0,0,1,0,1,0,1],[1,1,1,0,1,1,1,1,0,0]]"
9,701,-0.02385302734822171,0.02385302734822171,"[[1,1,0,0,0,1,0,1,0,1],[1,1,1,0,1,1,1,1,0,1]]"
9,702,-0.024271523495419514,0.024271523495419514,"[[1,1,0,0,0,1,0,1,0,1],[1,1,1,0,1,1,1,1,1,0]]"
9,703,-0.024142235787844232,0.024142235787844232,"[[1,1,0,0,0,1,0,1,0,1],[1,1,1,0,1,1,1,1,1,1]]"
9,704,-0.007682036672812326,0.007682036672812326,"[[1,1,0,0,0,1,0,1,1,0],[1,1,1,0,1,0,0,0,0,0]]"
9,705,-0.007631358424640362,0.007631358424640362,"[[1,1,0,0,0,1,0,1,1,0],[1,1,1,0,1,0,0,0,0,1]]"
9,706,-0.008153791242427225,0.008153791242427225,"[[1,1,0,0,0,1,0,1,1,0],[1,1,1,0,1,0,0,0,1,0]]"
9,707,-0.008105288891046466,0.008105288891046466,"[[1,1,0,0,0,1,0,1,1,0],[1,1,1,0,1,0,0,0,1,1]]"
9,708,-0.01009578455343421,0.01009578455343421,"[[1,1,0,0,0,1,0,1,1,0],[1,1,1,0,1,0,0,1,0,0]]"
9,709,-0.010049114556507784,0.010049114556507784,"[[1,1,0,0,0,1,0,1,1,0],[1,1,1,0,1,0,0,1,0,1]]"
9,710,-0.010578062746078372,0.010578062746078372,"[[1,1,0,0,0,1,0,1,1,0],[1,1,1,0,1,0,0,1,1,0]]"
9,711,-0.010535033628167345,0.010535033628167345,"[[1,1,0,0,0,1,0,1,1,0],[1,1,1,0,1,0,0,1,1,1]]"
9,712,-0.012826109595215187,0.012826109595215187,"[[1,1,0,0,0,1,0,1,1,0],[1,1,1,0,1,0,1,0,0,0]]"
9,713,-0.012726020673163162,0.012726020673163162,"[[1,1,0,0,0,1,0,1,1,0],[1,1,1,0,1,0,1,0,0,1]]"
9,714,-0.013270065966077596,0.013270065966077596,"[[1,1,0,0,0,1,0,1,1,0],[1,1,1,0,1,0,1,0,1,0]]"
9,715,-0.01317738765996807,0.01317738765996807,"[[1,1,0,0,0,1,0,1,1,0],[1,1,1,0,1,0,1,0,1,1]]"
9,716,-0.01580317011681863,0.01580317011681863,"[[1,1,0,0,0,1,0,1,1,0],[1,1,1,0,1,0,1,1,0,0]]"
9,717,-0.015701354884737163,0.015701354884737163,"[[1,1,0,0,0,1,0,1,1,0],[1,1,1,0,1,0,1,1,0,1]]"
9,718,-0.01624767391539054,0.01624767391539054,"[[1,1,0,0,0,1,0,1,1,0],[1,1,1,0,1,0,1,1,1,0]]"
9,719,-0.0161491051158052,0.0161491051158052,"[[1,1,0,0,0,1,0,1,1,0],[1,1,1,0,1,0,1,1,1,1]]"
9,720,-0.013112066550910899,0.013112066550910899,"[[1,1,0,0,0,1,0,1,1,0],[1,1,1,0,1,1,0,0,0,0]]"
9,721,-0.013028347060397792,0.013028347060397792,"[[1,1,0,0,0,1,0,1,1,0],[1,1,1,0,1,1,0,0,0,1]]"
9,722,-0.013626940366104543,0.013626940366104543,"[[1,1,0,0,0,1,0,1,1,0],[1,1,1,0,1,1,0,0,1,0]]"
9,723,-0.013539093249497102,0.013539093249497102,"[[1,1,0,0,0,1,0,1,1,0],[1,1,1,0,1,1,0,0,1,1]]"
9,724,-0.015649674145363602,0.015649674145363602,"[[1,1,0,0,0,1,0,1,1,0],[1,1,1,0,1,1,0,1,0,0]]"
9,725,-0.015561913124215144,0.015561913124215144,"[[1,1,0,0,0,1,0,1,1,0],[1,1,1,0,1,1,0,1,0,1]]"
9,726,-0.016128491121174777,0.016128491121174777,"[[1,1,0,0,0,1,0,1,1,0],[1,1,1,0,1,1,0,1,1,0]]"
9,727,-0.016044298945411872,0.016044298945411872,"[[1,1,0,0,0,1,0,1,1,0],[1,1,1,0,1,1,0,1,1,1]]"
9,728,-0.01964256115129234,0.01964256115129234,"[[1,1,0,0,0,1,0,1,1,0],[1,1,1,0,1,1,1,0,0,0]]"
9,729,-0.01948160931750116,0.01948160931750116,"[[1,1,0,0,0,1,0,1,1,0],[1,1,1,0,1,1,1,0,0,1]]"
9,730,-0.020073040113671888,0.020073040113671888,"[[1,1,0,0,0,1,0,1,1,0],[1,1,1,0,1,1,1,0,1,0]]"
9,731,-0.019912057185014986,0.019912057185014986,"[[1,1,0,0,0,1,0,1,1,0],[1,1,1,0,1,1,1,0,1,1]]"
9,732,-0.022730468375176192,0.022730468375176192,"[[1,1,0,0,0,1,0,1,1,0],[1,1,1,0,1,1,1,1,0,0]]"
9,733,-0.02256072169950854,0.02256072169950854,"[[1,1,0,0,0,1,0,1,1,0],[1,1,1,0,1,1,1,1,0,1]]"
9,734,-0.023125466710958175,0.023125466710958175,"[[1,1,0,0,0,1,0,1,1,0],[1,1,1,0,1,1,1,1,1,0]]"
9,735,-0.02304807375945507,0.02304807375945507,"[[1,1,0,0,0,1,0,1,1,0],[1,1,1,0,1,1,1,1,1,1]]"
9,736,-0.007737860471804137,0.007737860471804137,"[[1,1,0,0,0,1,0,1,1,1],[1,1,1,0,1,0,0,0,0,0]]"
9,737,-0.007686863250608876,0.007686863250608876,"[[1,1,0,0,0,1,0,1,1,1],[1,1,1,0,1,0,0,0,0,1]]"
9,738,-0.008210644881347262,0.008210644881347262,"[[1,1,0,0,0,1,0,1,1,1],[1,1,1,0,1,0,0,0,1,0]]"
9,739,-0.0081618751318363,0.0081618751318363,"[[1,1,0,0,0,1,0,1,1,1],[1,1,1,0,1,0,0,0,1,1]]"
9,740,-0.010162989074912145,0.010162989074912145,"[[1,1,0,0,0,1,0,1,1,1],[1,1,1,0,1,0,0,1,0,0]]"
9,741,-0.010116287613416075,0.010116287613416075,"[[1,1,0,0,0,1,0,1,1,1],[1,1,1,0,1,0,0,1,0,1]]"
9,742,-0.010646588891738761,0.010646588891738761,"[[1,1,0,0,0,1,0,1,1,1],[1,1,1,0,1,0,0,1,1,0]]"
9,743,-0.010599873624904858,0.010599873624904858,"[[1,1,0,0,0,1,0,1,1,1],[1,1,1,0,1,0,0,1,1,1]]"
9,744,-0.01288555566592398,0.01288555566592398,"[[1,1,0,0,0,1,0,1,1,1],[1,1,1,0,1,0,1,0,0,0]]"
9,745,-0.012785919203132323,0.012785919203132323,"[[1,1,0,0,0,1,0,1,1,1],[1,1,1,0,1,0,1,0,0,1]]"
9,746,-0.013331789619227773,0.013331789619227773,"[[1,1,0,0,0,1,0,1,1,1],[1,1,1,0,1,0,1,0,1,0]]"
9,747,-0.013239707204615965,0.013239707204615965,"[[1,1,0,0,0,1,0,1,1,1],[1,1,1,0,1,0,1,0,1,1]]"
9,748,-0.015871017999161883,0.015871017999161883,"[[1,1,0,0,0,1,0,1,1,1],[1,1,1,0,1,0,1,1,0,0]]"
9,749,-0.015769306850121508,0.015769306850121508,"[[1,1,0,0,0,1,0,1,1,1],[1,1,1,0,1,0,1,1,0,1]]"
9,750,-0.016309082270426687,0.016309082270426687,"[[1,1,0,0,0,1,0,1,1,1],[1,1,1,0,1,0,1,1,1,0]]"
9,751,-0.01621103079301588,0.01621103079301588,"[[1,1,0,0,0,1,0,1,1,1],[1,1,1,0,1,0,1,1,1,1]]"
9,752,-0.013180267206114564,0.013180267206114564,"[[1,1,0,0,0,1,0,1,1,1],[1,1,1,0,1,1,0,0,0,0]]"
9,753,-0.013094611704808176,0.013094611704808176,"[[1,1,0,0,0,1,0,1,1,1],[1,1,1,0,1,1,0,0,0,1]]"
9,754,-0.013687965650100336,0.013687965650100336,"[[1,1,0,0,0,1,0,1,1,1],[1,1,1,0,1,1,0,0,1,0]]"
9,755,-0.013597997883816517,0.013597997883816517,"[[1,1,0,0,0,1,0,1,1,1],[1,1,1,0,1,1,0,0,1,1]]"
9,756,-0.015718244652855342,0.015718244652855342,"[[1,1,0,0,0,1,0,1,1,1],[1,1,1,0,1,1,0,1,0,0]]"
9,757,-0.015628458687687866,0.015628458687687866,"[[1,1,0,0,0,1,0,1,1,1],[1,1,1,0,1,1,0,1,0,1]]"
9,758,-0.01619788545462951,0.01619788545462951,"[[1,1,0,0,0,1,0,1,1,1],[1,1,1,0,1,1,0,1,1,0]]"
9,759,-0.016111552177962243,0.016111552177962243,"[[1,1,0,0,0,1,0,1,1,1],[1,1,1,0,1,1,0,1,1,1]]"
9,760,-0.019702709770248288,0.019702709770248288,"[[1,1,0,0,0,1,0,1,1,1],[1,1,1,0,1,1,1,0,0,0]]"
9,761,-0.019540296369713942,0.019540296369713942,"[[1,1,0,0,0,1,0,1,1,1],[1,1,1,0,1,1,1,0,0,1]]"
9,762,-0.020126161750076393,0.020126161750076393,"[[1,1,0,0,0,1,0,1,1,1],[1,1,1,0,1,1,1,0,1,0]]"
9,763,-0.019963555143887923,0.019963555143887923,"[[1,1,0,0,0,1,0,1,1,1],[1,1,1,0,1,1,1,0,1,1]]"
9,764,-0.022788325780317652,0.022788325780317652,"[[1,1,0,0,0,1,0,1,1,1],[1,1,1,0,1,1,1,1,0,0]]"
9,765,-0.022616888089983734,0.022616888089983734,"[[1,1,0,0,0,1,0,1,1,1],[1,1,1,0,1,1,1,1,0,1]]"
9,766,-0.023185622494838434,0.023185622494838434,"[[1,1,0,0,0,1,0,1,1,1],[1,1,1,0,1,1,1,1,1,0]]"
9,767,-0.02309598968766473,0.02309598968766473,"[[1,1,0,0,0,1,0,1,1,1],[1,1,1,0,1,1,1,1,1,1]]"
9,768,-0.005855341434797256,0.005855341434797256,"[[1,1,0,0,0,1,1,0,0,0],[1,1,1,0,1,0,0,0,0,0]]"
9,769,-0.005769095365145395,0.005769095365145395,"[[1,1,0,0,0,1,1,0,0,0],[1,1,1,0,1,0,0,0,0,1]]"
9,770,-0.006168872375593293,0.006168872375593293,"[[1,1,0,0,0,1,1,0,0,0],[1,1,1,0,1,0,0,0,1,0]]"
9,771,-0.006096424380488486,0.006096424380488486,"[[1,1,0,0,0,1,1,0,0,0],[1,1,1,0,1,0,0,0,1,1]]"
9,772,-0.008156718988002836,0.008156718988002836,"[[1,1,0,0,0,1,1,0,0,0],[1,1,1,0,1,0,0,1,0,0]]"
9,773,-0.00805999741033227,0.00805999741033227,"[[1,1,0,0,0,1,1,0,0,0],[1,1,1,0,1,0,0,1,0,1]]"
9,774,-0.008375609822138488,0.008375609822138488,"[[1,1,0,0,0,1,1,0,0,0],[1,1,1,0,1,0,0,1,1,0]]"
9,775,-0.00829437548878619,0.00829437548878619,"[[1,1,0,0,0,1,1,0,0,0],[1,1,1,0,1,0,0,1,1,1]]"
9,776,-0.010689369058804566,0.010689369058804566,"[[1,1,0,0,0,1,1,0,0,0],[1,1,1,0,1,0,1,0,0,0]]"
9,777,-0.010601476192442023,0.010601476192442023,"[[1,1,0,0,0,1,1,0,0,0],[1,1,1,0,1,0,1,0,0,1]]"
9,778,-0.01106518308310898,0.01106518308310898,"[[1,1,0,0,0,1,1,0,0,0],[1,1,1,0,1,0,1,0,1,0]]"
9,779,-0.010982003182012095,0.010982003182012095,"[[1,1,0,0,0,1,1,0,0,0],[1,1,1,0,1,0,1,0,1,1]]"
9,780,-0.013656035488783453,0.013656035488783453,"[[1,1,0,0,0,1,1,0,0,0],[1,1,1,0,1,0,1,1,0,0]]"
9,781,-0.013549805480970954,0.013549805480970954,"[[1,1,0,0,0,1,1,0,0,0],[1,1,1,0,1,0,1,1,0,1]]"
9,782,-0.013947379704431584,0.013947379704431584,"[[1,1,0,0,0,1,1,0,0,0],[1,1,1,0,1,0,1,1,1,0]]"
9,783,-0.013858704897898555,0.013858704897898555,"[[1,1,0,0,0,1,1,0,0,0],[1,1,1,0,1,0,1,1,1,1]]"
9,784,-0.011185582758794643,0.011185582758794643,"[[1,1,0,0,0,1,1,0,0,0],[1,1,1,0,1,1,0,0,0,0]]"
9,785,-0.01107272202800793,0.01107272202800793,"[[1,1,0,0,0,1,1,0,0,0],[1,1,1,0,1,1,0,0,0,1]]"
9,786,-0.011492904824626296,0.011492904824626296,"[[1,1,0,0,0,1,1,0,0,0],[1,1,1,0,1,1,0,0,1,0]]"
9,787,-0.011387539252406204,0.011387539252406204,"[[1,1,0,0,0,1,1,0,0,0],[1,1,1,0,1,1,0,0,1,1]]"
9,788,-0.01413429221212751,0.01413429221212751,"[[1,1,0,0,0,1,1,0,0,0],[1,1,1,0,1,1,0,1,0,0]]"
9,789,-0.014012406682437946,0.014012406682437946,"[[1,1,0,0,0,1,1,0,0,0],[1,1,1,0,1,1,0,1,0,1]]"
9,790,-0.01437731981470589,0.01437731981470589,"[[1,1,0,0,0,1,1,0,0,0],[1,1,1,0,1,1,0,1,1,0]]"
9,791,-0.01428559607264368,0.01428559607264368,"[[1,1,0,0,0,1,1,0,0,0],[1,1,1,0,1,1,0,1,1,1]]"
9,792,-0.01767675689894863,0.01767675689894863,"[[1,1,0,0,0,1,1,0,0,0],[1,1,1,0,1,1,1,0,0,0]]"
9,793,-0.01754031723412991,0.01754031723412991,"[[1,1,0,0,0,1,1,0,0,0],[1,1,1,0,1,1,1,0,0,1]]"
9,794,-0.017898437959539312,0.017898437959539312,"[[1,1,0,0,0,1,1,0,0,0],[1,1,1,0,1,1,1,0,1,0]]"
9,795,-0.017811532561207186,0.017811532561207186,"[[1,1,0,0,0,1,1,0,0,0],[1,1,1,0,1,1,1,0,1,1]]"
9,796,-0.020703555862917236,0.020703555862917236,"[[1,1,0,0,0,1,1,0,0,0],[1,1,1,0,1,1,1,1,0,0]]"
9,797,-0.020553980596621328,0.020553980596621328,"[[1,1,0,0,0,1,1,0,0,0],[1,1,1,0,1,1,1,1,0,1]]"
9,798,-0.020972676868874034,0.020972676868874034,"[[1,1,0,0,0,1,1,0,0,0],[1,1,1,0,1,1,1,1,1,0]]"
9,799,-0.02090597845026493,0.02090597845026493,"[[1,1,0,0,0,1,1,0,0,0],[1,1,1,0,1,1,1,1,1,1]]"
9,800,-0.0058897723959623095,0.0058897723959623095,"[[1,1,0,0,0,1,1,0,0,1],[1,1,1,0,1,0,0,0,0,0]]"
9,801,-0.005805040514056873,0.005805040514056873,"[[1,1,0,0,0,1,1,0,0,1],[1,1,1,0,1,0,0,0,0,1]]"
9,802,-0.006197641743679567,0.006197641743679567,"[[1,1,0,0,0,1,1,0,0,1],[1,1,1,0,1,0,0,0,1,0]]"
9,803,-0.006135674535632438,0.006135674535632438,"[[1,1,0,0,0,1,1,0,0,1],[1,1,1,0,1,0,0,0,1,1]]"
9,804,-0.008190856332853134,0.008190856332853134,"[[1,1,0,0,0,1,1,0,0,1],[1,1,1,0,1,0,0,1,0,0]]"
9,805,-0.008094153917546065,0.008094153917546065,"[[1,1,0,0,0,1,1,0,0,1],[1,1,1,0,1,0,0,1,0,1]]"
9,806,-0.00841588455646581,0.00841588455646581,"[[1,1,0,0,0,1,1,0,0,1],[1,1,1,0,1,0,0,1,1,0]]"
9,807,-0.008334956819284915,0.008334956819284915,"[[1,1,0,0,0,1,1,0,0,1],[1,1,1,0,1,0,0,1,1,1]]"
9,808,-0.01074829304742742,0.01074829304742742,"[[1,1,0,0,0,1,1,0,0,1],[1,1,1,0,1,0,1,0,0,0]]"
9,809,-0.010652993619249047,0.010652993619249047,"[[1,1,0,0,0,1,1,0,0,1],[1,1,1,0,1,0,1,0,0,1]]"
9,810,-0.011121386434788492,0.011121386434788492,"[[1,1,0,0,0,1,1,0,0,1],[1,1,1,0,1,0,1,0,1,0]]"
9,811,-0.011038920311185928,0.011038920311185928,"[[1,1,0,0,0,1,1,0,0,1],[1,1,1,0,1,0,1,0,1,1]]"
9,812,-0.013714971757684151,0.013714971757684151,"[[1,1,0,0,0,1,1,0,0,1],[1,1,1,0,1,0,1,1,0,0]]"
9,813,-0.013609099986927786,0.013609099986927786,"[[1,1,0,0,0,1,1,0,0,1],[1,1,1,0,1,0,1,1,0,1]]"
9,814,-0.01401154036919766,0.01401154036919766,"[[1,1,0,0,0,1,1,0,0,1],[1,1,1,0,1,0,1,1,1,0]]"
9,815,-0.013919999439616883,0.013919999439616883,"[[1,1,0,0,0,1,1,0,0,1],[1,1,1,0,1,0,1,1,1,1]]"
9,816,-0.011234505010932134,0.011234505010932134,"[[1,1,0,0,0,1,1,0,0,1],[1,1,1,0,1,1,0,0,0,0]]"
9,817,-0.011115730387492697,0.011115730387492697,"[[1,1,0,0,0,1,1,0,0,1],[1,1,1,0,1,1,0,0,0,1]]"
9,818,-0.011541918995079533,0.011541918995079533,"[[1,1,0,0,0,1,1,0,0,1],[1,1,1,0,1,1,0,0,1,0]]"
9,819,-0.011435878269246892,0.011435878269246892,"[[1,1,0,0,0,1,1,0,0,1],[1,1,1,0,1,1,0,0,1,1]]"
9,820,-0.014189041677610332,0.014189041677610332,"[[1,1,0,0,0,1,1,0,0,1],[1,1,1,0,1,1,0,1,0,0]]"
9,821,-0.014066293875935849,0.014066293875935849,"[[1,1,0,0,0,1,1,0,0,1],[1,1,1,0,1,1,0,1,0,1]]"
9,822,-0.014437646557925694,0.014437646557925694,"[[1,1,0,0,0,1,1,0,0,1],[1,1,1,0,1,1,0,1,1,0]]"
9,823,-0.014337897704008291,0.014337897704008291,"[[1,1,0,0,0,1,1,0,0,1],[1,1,1,0,1,1,0,1,1,1]]"
9,824,-0.017735705752644097,0.017735705752644097,"[[1,1,0,0,0,1,1,0,0,1],[1,1,1,0,1,1,1,0,0,0]]"
9,825,-0.01759838663769008,0.01759838663769008,"[[1,1,0,0,0,1,1,0,0,1],[1,1,1,0,1,1,1,0,0,1]]"
9,826,-0.017959556972291915,0.017959556972291915,"[[1,1,0,0,0,1,1,0,0,1],[1,1,1,0,1,1,1,0,1,0]]"
9,827,-0.017863216111519507,0.017863216111519507,"[[1,1,0,0,0,1,1,0,0,1],[1,1,1,0,1,1,1,0,1,1]]"
9,828,-0.020764119589160416,0.020764119589160416,"[[1,1,0,0,0,1,1,0,0,1],[1,1,1,0,1,1,1,1,0,0]]"
9,829,-0.020608402547485114,0.020608402547485114,"[[1,1,0,0,0,1,1,0,0,1],[1,1,1,0,1,1,1,1,0,1]]"
9,830,-0.021027980778349026,0.021027980778349026,"[[1,1,0,0,0,1,1,0,0,1],[1,1,1,0,1,1,1,1,1,0]]"
9,831,-0.020960035328994323,0.020960035328994323,"[[1,1,0,0,0,1,1,0,0,1],[1,1,1,0,1,1,1,1,1,1]]"
9,832,-0.005317983489661618,0.005317983489661618,"[[1,1,0,0,0,1,1,0,1,0],[1,1,1,0,1,0,0,0,0,0]]"
9,833,-0.005269002246090981,0.005269002246090981,"[[1,1,0,0,0,1,1,0,1,0],[1,1,1,0,1,0,0,0,0,1]]"
9,834,-0.0057449984231678,0.0057449984231678,"[[1,1,0,0,0,1,1,0,1,0],[1,1,1,0,1,0,0,0,1,0]]"
9,835,-0.005702303616642407,0.005702303616642407,"[[1,1,0,0,0,1,1,0,1,0],[1,1,1,0,1,0,0,0,1,1]]"
9,836,-0.0074957415412721775,0.0074957415412721775,"[[1,1,0,0,0,1,1,0,1,0],[1,1,1,0,1,0,0,1,0,0]]"
9,837,-0.007423407752579896,0.007423407752579896,"[[1,1,0,0,0,1,1,0,1,0],[1,1,1,0,1,0,0,1,0,1]]"
9,838,-0.007850753895128066,0.007850753895128066,"[[1,1,0,0,0,1,1,0,1,0],[1,1,1,0,1,0,0,1,1,0]]"
9,839,-0.007808840978574392,0.007808840978574392,"[[1,1,0,0,0,1,1,0,1,0],[1,1,1,0,1,0,0,1,1,1]]"
9,840,-0.009995901433385204,0.009995901433385204,"[[1,1,0,0,0,1,1,0,1,0],[1,1,1,0,1,0,1,0,0,0]]"
9,841,-0.009915813679587384,0.009915813679587384,"[[1,1,0,0,0,1,1,0,1,0],[1,1,1,0,1,0,1,0,0,1]]"
9,842,-0.010476874853907449,0.010476874853907449,"[[1,1,0,0,0,1,1,0,1,0],[1,1,1,0,1,0,1,0,1,0]]"
9,843,-0.010405529886877329,0.010405529886877329,"[[1,1,0,0,0,1,1,0,1,0],[1,1,1,0,1,0,1,0,1,1]]"
9,844,-0.012860235466369458,0.012860235466369458,"[[1,1,0,0,0,1,1,0,1,0],[1,1,1,0,1,0,1,1,0,0]]"
9,845,-0.01277793985677956,0.01277793985677956,"[[1,1,0,0,0,1,1,0,1,0],[1,1,1,0,1,0,1,1,0,1]]"
9,846,-0.013319397872725396,0.013319397872725396,"[[1,1,0,0,0,1,1,0,1,0],[1,1,1,0,1,0,1,1,1,0]]"
9,847,-0.01326171099578146,0.01326171099578146,"[[1,1,0,0,0,1,1,0,1,0],[1,1,1,0,1,0,1,1,1,1]]"
9,848,-0.010418045096780286,0.010418045096780286,"[[1,1,0,0,0,1,1,0,1,0],[1,1,1,0,1,1,0,0,0,0]]"
9,849,-0.010315540755117598,0.010315540755117598,"[[1,1,0,0,0,1,1,0,1,0],[1,1,1,0,1,1,0,0,0,1]]"
9,850,-0.010845069562887076,0.010845069562887076,"[[1,1,0,0,0,1,1,0,1,0],[1,1,1,0,1,1,0,0,1,0]]"
9,851,-0.010784893947024135,0.010784893947024135,"[[1,1,0,0,0,1,1,0,1,0],[1,1,1,0,1,1,0,0,1,1]]"
9,852,-0.013268813555464784,0.013268813555464784,"[[1,1,0,0,0,1,1,0,1,0],[1,1,1,0,1,1,0,1,0,0]]"
9,853,-0.013171468088444726,0.013171468088444726,"[[1,1,0,0,0,1,1,0,1,0],[1,1,1,0,1,1,0,1,0,1]]"
9,854,-0.013705582629402347,0.013705582629402347,"[[1,1,0,0,0,1,1,0,1,0],[1,1,1,0,1,1,0,1,1,0]]"
9,855,-0.01365436287376835,0.01365436287376835,"[[1,1,0,0,0,1,1,0,1,0],[1,1,1,0,1,1,0,1,1,1]]"
9,856,-0.016715955475587123,0.016715955475587123,"[[1,1,0,0,0,1,1,0,1,0],[1,1,1,0,1,1,1,0,0,0]]"
9,857,-0.01659391342295042,0.01659391342295042,"[[1,1,0,0,0,1,1,0,1,0],[1,1,1,0,1,1,1,0,0,1]]"
9,858,-0.01710310366490794,0.01710310366490794,"[[1,1,0,0,0,1,1,0,1,0],[1,1,1,0,1,1,1,0,1,0]]"
9,859,-0.017045473202977227,0.017045473202977227,"[[1,1,0,0,0,1,1,0,1,0],[1,1,1,0,1,1,1,0,1,1]]"
9,860,-0.019630253346847294,0.019630253346847294,"[[1,1,0,0,0,1,1,0,1,0],[1,1,1,0,1,1,1,1,0,0]]"
9,861,-0.019523631137955764,0.019523631137955764,"[[1,1,0,0,0,1,1,0,1,0],[1,1,1,0,1,1,1,1,0,1]]"
9,862,-0.020131854815862608,0.020131854815862608,"[[1,1,0,0,0,1,1,0,1,0],[1,1,1,0,1,1,1,1,1,0]]"
9,863,-0.020075670728583576,0.020075670728583576,"[[1,1,0,0,0,1,1,0,1,0],[1,1,1,0,1,1,1,1,1,1]]"
9,864,-0.0053590273215219615,0.0053590273215219615,"[[1,1,0,0,0,1,1,0,1,1],[1,1,1,0,1,0,0,0,0,0]]"
9,865,-0.005317183013499204,0.005317183013499204,"[[1,1,0,0,0,1,1,0,1,1],[1,1,1,0,1,0,0,0,0,1]]"
9,866,-0.0057835047170300335,0.0057835047170300335,"[[1,1,0,0,0,1,1,0,1,1],[1,1,1,0,1,0,0,0,1,0]]"
9,867,-0.005740243066639696,0.005740243066639696,"[[1,1,0,0,0,1,1,0,1,1],[1,1,1,0,1,0,0,0,1,1]]"
9,868,-0.0075358987503321125,0.0075358987503321125,"[[1,1,0,0,0,1,1,0,1,1],[1,1,1,0,1,0,0,1,0,0]]"
9,869,-0.0074703998204389945,0.0074703998204389945,"[[1,1,0,0,0,1,1,0,1,1],[1,1,1,0,1,0,0,1,0,1]]"
9,870,-0.007902625633729026,0.007902625633729026,"[[1,1,0,0,0,1,1,0,1,1],[1,1,1,0,1,0,0,1,1,0]]"
9,871,-0.00786029339076315,0.00786029339076315,"[[1,1,0,0,0,1,1,0,1,1],[1,1,1,0,1,0,0,1,1,1]]"
9,872,-0.010050146818811154,0.010050146818811154,"[[1,1,0,0,0,1,1,0,1,1],[1,1,1,0,1,0,1,0,0,0]]"
9,873,-0.009968776681511155,0.009968776681511155,"[[1,1,0,0,0,1,1,0,1,1],[1,1,1,0,1,0,1,0,0,1]]"
9,874,-0.010533164600266104,0.010533164600266104,"[[1,1,0,0,0,1,1,0,1,1],[1,1,1,0,1,0,1,0,1,0]]"
9,875,-0.010462898219144073,0.010462898219144073,"[[1,1,0,0,0,1,1,0,1,1],[1,1,1,0,1,0,1,0,1,1]]"
9,876,-0.012924905736591465,0.012924905736591465,"[[1,1,0,0,0,1,1,0,1,1],[1,1,1,0,1,0,1,1,0,0]]"
9,877,-0.01284358151773477,0.01284358151773477,"[[1,1,0,0,0,1,1,0,1,1],[1,1,1,0,1,0,1,1,0,1]]"
9,878,-0.013387270050926096,0.013387270050926096,"[[1,1,0,0,0,1,1,0,1,1],[1,1,1,0,1,0,1,1,1,0]]"
9,879,-0.013325694496748454,0.013325694496748454,"[[1,1,0,0,0,1,1,0,1,1],[1,1,1,0,1,0,1,1,1,1]]"
9,880,-0.010463866681416235,0.010463866681416235,"[[1,1,0,0,0,1,1,0,1,1],[1,1,1,0,1,1,0,0,0,0]]"
9,881,-0.010371137913646172,0.010371137913646172,"[[1,1,0,0,0,1,1,0,1,1],[1,1,1,0,1,1,0,0,0,1]]"
9,882,-0.010907269870099238,0.010907269870099238,"[[1,1,0,0,0,1,1,0,1,1],[1,1,1,0,1,1,0,0,1,0]]"
9,883,-0.010845695667177736,0.010845695667177736,"[[1,1,0,0,0,1,1,0,1,1],[1,1,1,0,1,1,0,0,1,1]]"
9,884,-0.01332987650450974,0.01332987650450974,"[[1,1,0,0,0,1,1,0,1,1],[1,1,1,0,1,1,0,1,0,0]]"
9,885,-0.013232468431401348,0.013232468431401348,"[[1,1,0,0,0,1,1,0,1,1],[1,1,1,0,1,1,0,1,0,1]]"
9,886,-0.013770463939372144,0.013770463939372144,"[[1,1,0,0,0,1,1,0,1,1],[1,1,1,0,1,1,0,1,1,0]]"
9,887,-0.013721500024528113,0.013721500024528113,"[[1,1,0,0,0,1,1,0,1,1],[1,1,1,0,1,1,0,1,1,1]]"
9,888,-0.016776148962861684,0.016776148962861684,"[[1,1,0,0,0,1,1,0,1,1],[1,1,1,0,1,1,1,0,0,0]]"
9,889,-0.016653616111630916,0.016653616111630916,"[[1,1,0,0,0,1,1,0,1,1],[1,1,1,0,1,1,1,0,0,1]]"
9,890,-0.017165591138370642,0.017165591138370642,"[[1,1,0,0,0,1,1,0,1,1],[1,1,1,0,1,1,1,0,1,0]]"
9,891,-0.017099639533372415,0.017099639533372415,"[[1,1,0,0,0,1,1,0,1,1],[1,1,1,0,1,1,1,0,1,1]]"
9,892,-0.019696296311225336,0.019696296311225336,"[[1,1,0,0,0,1,1,0,1,1],[1,1,1,0,1,1,1,1,0,0]]"
9,893,-0.019580610784045483,0.019580610784045483,"[[1,1,0,0,0,1,1,0,1,1],[1,1,1,0,1,1,1,1,0,1]]"
9,894,-0.020191947434196986,0.020191947434196986,"[[1,1,0,0,0,1,1,0,1,1],[1,1,1,0,1,1,1,1,1,0]]"
9,895,-0.020134926173034414,0.020134926173034414,"[[1,1,0,0,0,1,1,0,1,1],[1,1,1,0,1,1,1,1,1,1]]"
9,896,-0.003756020111705227,0.003756020111705227,"[[1,1,0,0,0,1,1,1,0,0],[1,1,1,0,1,0,0,0,0,0]]"
9,897,-0.00370453432608018,0.00370453432608018,"[[1,1,0,0,0,1,1,1,0,0],[1,1,1,0,1,0,0,0,0,1]]"
9,898,-0.004007878693325963,0.004007878693325963,"[[1,1,0,0,0,1,1,1,0,0],[1,1,1,0,1,0,0,0,1,0]]"
9,899,-0.003970920905190799,0.003970920905190799,"[[1,1,0,0,0,1,1,1,0,0],[1,1,1,0,1,0,0,0,1,1]]"
9,900,-0.005679916868641389,0.005679916868641389,"[[1,1,0,0,0,1,1,1,0,0],[1,1,1,0,1,0,0,1,0,0]]"
9,901,-0.005628683971007989,0.005628683971007989,"[[1,1,0,0,0,1,1,1,0,0],[1,1,1,0,1,0,0,1,0,1]]"
9,902,-0.005946204059373918,0.005946204059373918,"[[1,1,0,0,0,1,1,1,0,0],[1,1,1,0,1,0,0,1,1,0]]"
9,903,-0.0059084878919044735,0.0059084878919044735,"[[1,1,0,0,0,1,1,1,0,0],[1,1,1,0,1,0,0,1,1,1]]"
9,904,-0.007595816135245091,0.007595816135245091,"[[1,1,0,0,0,1,1,1,0,0],[1,1,1,0,1,0,1,0,0,0]]"
9,905,-0.007530653635347685,0.007530653635347685,"[[1,1,0,0,0,1,1,1,0,0],[1,1,1,0,1,0,1,0,0,1]]"
9,906,-0.008067859047047784,0.008067859047047784,"[[1,1,0,0,0,1,1,1,0,0],[1,1,1,0,1,0,1,0,1,0]]"
9,907,-0.007999686161425101,0.007999686161425101,"[[1,1,0,0,0,1,1,1,0,0],[1,1,1,0,1,0,1,0,1,1]]"
9,908,-0.01049586872454608,0.01049586872454608,"[[1,1,0,0,0,1,1,1,0,0],[1,1,1,0,1,0,1,1,0,0]]"
9,909,-0.01042158011314549,0.01042158011314549,"[[1,1,0,0,0,1,1,1,0,0],[1,1,1,0,1,0,1,1,0,1]]"
9,910,-0.010766541191066101,0.010766541191066101,"[[1,1,0,0,0,1,1,1,0,0],[1,1,1,0,1,0,1,1,1,0]]"
9,911,-0.010701980352950464,0.010701980352950464,"[[1,1,0,0,0,1,1,1,0,0],[1,1,1,0,1,0,1,1,1,1]]"
9,912,-0.008097295104108086,0.008097295104108086,"[[1,1,0,0,0,1,1,1,0,0],[1,1,1,0,1,1,0,0,0,0]]"
9,913,-0.008013500253328906,0.008013500253328906,"[[1,1,0,0,0,1,1,1,0,0],[1,1,1,0,1,1,0,0,0,1]]"
9,914,-0.008490814978813507,0.008490814978813507,"[[1,1,0,0,0,1,1,1,0,0],[1,1,1,0,1,1,0,0,1,0]]"
9,915,-0.00842859947532565,0.00842859947532565,"[[1,1,0,0,0,1,1,1,0,0],[1,1,1,0,1,1,0,0,1,1]]"
9,916,-0.010871271299103305,0.010871271299103305,"[[1,1,0,0,0,1,1,1,0,0],[1,1,1,0,1,1,0,1,0,0]]"
9,917,-0.010774652403235791,0.010774652403235791,"[[1,1,0,0,0,1,1,1,0,0],[1,1,1,0,1,1,0,1,0,1]]"
9,918,-0.011100141934574443,0.011100141934574443,"[[1,1,0,0,0,1,1,1,0,0],[1,1,1,0,1,1,0,1,1,0]]"
9,919,-0.011043608352593519,0.011043608352593519,"[[1,1,0,0,0,1,1,1,0,0],[1,1,1,0,1,1,0,1,1,1]]"
9,920,-0.013854670278140295,0.013854670278140295,"[[1,1,0,0,0,1,1,1,0,0],[1,1,1,0,1,1,1,0,0,0]]"
9,921,-0.013739600757169606,0.013739600757169606,"[[1,1,0,0,0,1,1,1,0,0],[1,1,1,0,1,1,1,0,0,1]]"
9,922,-0.014138747379988445,0.014138747379988445,"[[1,1,0,0,0,1,1,1,0,0],[1,1,1,0,1,1,1,0,1,0]]"
9,923,-0.014034283752718788,0.014034283752718788,"[[1,1,0,0,0,1,1,1,0,0],[1,1,1,0,1,1,1,0,1,1]]"
9,924,-0.016709819133076106,0.016709819133076106,"[[1,1,0,0,0,1,1,1,0,0],[1,1,1,0,1,1,1,1,0,0]]"
9,925,-0.01658265404735455,0.01658265404735455,"[[1,1,0,0,0,1,1,1,0,0],[1,1,1,0,1,1,1,1,0,1]]"
9,926,-0.016928161078474026,0.016928161078474026,"[[1,1,0,0,0,1,1,1,0,0],[1,1,1,0,1,1,1,1,1,0]]"
9,927,-0.016860263963595013,0.016860263963595013,"[[1,1,0,0,0,1,1,1,0,0],[1,1,1,0,1,1,1,1,1,1]]"
9,928,-0.003785849847277104,0.003785849847277104,"[[1,1,0,0,0,1,1,1,0,1],[1,1,1,0,1,0,0,0,0,0]]"
9,929,-0.0037342471086546127,0.0037342471086546127,"[[1,1,0,0,0,1,1,1,0,1],[1,1,1,0,1,0,0,0,0,1]]"
9,930,-0.0040497413656711894,0.0040497413656711894,"[[1,1,0,0,0,1,1,1,0,1],[1,1,1,0,1,0,0,0,1,0]]"
9,931,-0.004013047255711792,0.004013047255711792,"[[1,1,0,0,0,1,1,1,0,1],[1,1,1,0,1,0,0,0,1,1]]"
9,932,-0.005714780610455608,0.005714780610455608,"[[1,1,0,0,0,1,1,1,0,1],[1,1,1,0,1,0,0,1,0,0]]"
9,933,-0.005668750492434233,0.005668750492434233,"[[1,1,0,0,0,1,1,1,0,1],[1,1,1,0,1,0,0,1,0,1]]"
9,934,-0.005990395058972701,0.005990395058972701,"[[1,1,0,0,0,1,1,1,0,1],[1,1,1,0,1,0,0,1,1,0]]"
9,935,-0.0059522801081269,0.0059522801081269,"[[1,1,0,0,0,1,1,1,0,1],[1,1,1,0,1,0,0,1,1,1]]"
9,936,-0.007665876411594722,0.007665876411594722,"[[1,1,0,0,0,1,1,1,0,1],[1,1,1,0,1,0,1,0,0,0]]"
9,937,-0.007602910807801016,0.007602910807801016,"[[1,1,0,0,0,1,1,1,0,1],[1,1,1,0,1,0,1,0,0,1]]"
9,938,-0.008117877335048594,0.008117877335048594,"[[1,1,0,0,0,1,1,1,0,1],[1,1,1,0,1,0,1,0,1,0]]"
9,939,-0.008050588717984452,0.008050588717984452,"[[1,1,0,0,0,1,1,1,0,1],[1,1,1,0,1,0,1,0,1,1]]"
9,940,-0.010554686466589538,0.010554686466589538,"[[1,1,0,0,0,1,1,1,0,1],[1,1,1,0,1,0,1,1,0,0]]"
9,941,-0.01048145743570137,0.01048145743570137,"[[1,1,0,0,0,1,1,1,0,1],[1,1,1,0,1,0,1,1,0,1]]"
9,942,-0.010828609839413942,0.010828609839413942,"[[1,1,0,0,0,1,1,1,0,1],[1,1,1,0,1,0,1,1,1,0]]"
9,943,-0.010765244513628654,0.010765244513628654,"[[1,1,0,0,0,1,1,1,0,1],[1,1,1,0,1,0,1,1,1,1]]"
9,944,-0.008155509747320733,0.008155509747320733,"[[1,1,0,0,0,1,1,1,0,1],[1,1,1,0,1,1,0,0,0,0]]"
9,945,-0.008084256600468367,0.008084256600468367,"[[1,1,0,0,0,1,1,1,0,1],[1,1,1,0,1,1,0,0,0,1]]"
9,946,-0.008544515718862316,0.008544515718862316,"[[1,1,0,0,0,1,1,1,0,1],[1,1,1,0,1,1,0,0,1,0]]"
9,947,-0.008480610789566112,0.008480610789566112,"[[1,1,0,0,0,1,1,1,0,1],[1,1,1,0,1,1,0,0,1,1]]"
9,948,-0.010922810481079192,0.010922810481079192,"[[1,1,0,0,0,1,1,1,0,1],[1,1,1,0,1,1,0,1,0,0]]"
9,949,-0.01083491201569782,0.01083491201569782,"[[1,1,0,0,0,1,1,1,0,1],[1,1,1,0,1,1,0,1,0,1]]"
9,950,-0.011166853761974736,0.011166853761974736,"[[1,1,0,0,0,1,1,1,0,1],[1,1,1,0,1,1,0,1,1,0]]"
9,951,-0.011109014833986543,0.011109014833986543,"[[1,1,0,0,0,1,1,1,0,1],[1,1,1,0,1,1,0,1,1,1]]"
9,952,-0.013916285361038732,0.013916285361038732,"[[1,1,0,0,0,1,1,1,0,1],[1,1,1,0,1,1,1,0,0,0]]"
9,953,-0.01380075630835791,0.01380075630835791,"[[1,1,0,0,0,1,1,1,0,1],[1,1,1,0,1,1,1,0,0,1]]"
9,954,-0.01420420266444901,0.01420420266444901,"[[1,1,0,0,0,1,1,1,0,1],[1,1,1,0,1,1,1,0,1,0]]"
9,955,-0.014099441226778742,0.014099441226778742,"[[1,1,0,0,0,1,1,1,0,1],[1,1,1,0,1,1,1,0,1,1]]"
9,956,-0.01676846232735523,0.01676846232735523,"[[1,1,0,0,0,1,1,1,0,1],[1,1,1,0,1,1,1,1,0,0]]"
9,957,-0.016640571138191586,0.016640571138191586,"[[1,1,0,0,0,1,1,1,0,1],[1,1,1,0,1,1,1,1,0,1]]"
9,958,-0.016990192514873798,0.016990192514873798,"[[1,1,0,0,0,1,1,1,0,1],[1,1,1,0,1,1,1,1,1,0]]"
9,959,-0.01691366181381621,0.01691366181381621,"[[1,1,0,0,0,1,1,1,0,1],[1,1,1,0,1,1,1,1,1,1]]"
9,960,-0.0034586902059500486,0.0034586902059500486,"[[1,1,0,0,0,1,1,1,1,0],[1,1,1,0,1,0,0,0,0,0]]"
9,961,-0.0034106617562482612,0.0034106617562482612,"[[1,1,0,0,0,1,1,1,1,0],[1,1,1,0,1,0,0,0,0,1]]"
9,962,-0.003809307762153634,0.003809307762153634,"[[1,1,0,0,0,1,1,1,1,0],[1,1,1,0,1,0,0,0,1,0]]"
9,963,-0.00377129996372319,0.00377129996372319,"[[1,1,0,0,0,1,1,1,1,0],[1,1,1,0,1,0,0,0,1,1]]"
9,964,-0.005255922415476335,0.005255922415476335,"[[1,1,0,0,0,1,1,1,1,0],[1,1,1,0,1,0,0,1,0,0]]"
9,965,-0.0052194046468604085,0.0052194046468604085,"[[1,1,0,0,0,1,1,1,1,0],[1,1,1,0,1,0,0,1,0,1]]"
9,966,-0.005649074313563017,0.005649074313563017,"[[1,1,0,0,0,1,1,1,1,0],[1,1,1,0,1,0,0,1,1,0]]"
9,967,-0.005617324766201559,0.005617324766201559,"[[1,1,0,0,0,1,1,1,1,0],[1,1,1,0,1,0,0,1,1,1]]"
9,968,-0.007026085227800219,0.007026085227800219,"[[1,1,0,0,0,1,1,1,1,0],[1,1,1,0,1,0,1,0,0,0]]"
9,969,-0.006975334790501764,0.006975334790501764,"[[1,1,0,0,0,1,1,1,1,0],[1,1,1,0,1,0,1,0,0,1]]"
9,970,-0.007597464929657321,0.007597464929657321,"[[1,1,0,0,0,1,1,1,1,0],[1,1,1,0,1,0,1,0,1,0]]"
9,971,-0.007539906919014612,0.007539906919014612,"[[1,1,0,0,0,1,1,1,1,0],[1,1,1,0,1,0,1,0,1,1]]"
9,972,-0.009863365411690486,0.009863365411690486,"[[1,1,0,0,0,1,1,1,1,0],[1,1,1,0,1,0,1,1,0,0]]"
9,973,-0.009807855589826346,0.009807855589826346,"[[1,1,0,0,0,1,1,1,1,0],[1,1,1,0,1,0,1,1,0,1]]"
9,974,-0.010285620675835556,0.010285620675835556,"[[1,1,0,0,0,1,1,1,1,0],[1,1,1,0,1,0,1,1,1,0]]"
9,975,-0.010240917814549517,0.010240917814549517,"[[1,1,0,0,0,1,1,1,1,0],[1,1,1,0,1,0,1,1,1,1]]"
9,976,-0.007513970850858399,0.007513970850858399,"[[1,1,0,0,0,1,1,1,1,0],[1,1,1,0,1,1,0,0,0,0]]"
9,977,-0.007463915917960996,0.007463915917960996,"[[1,1,0,0,0,1,1,1,1,0],[1,1,1,0,1,1,0,0,0,1]]"
9,978,-0.00811872029328667,0.00811872029328667,"[[1,1,0,0,0,1,1,1,1,0],[1,1,1,0,1,1,0,0,1,0]]"
9,979,-0.008056688022328127,0.008056688022328127,"[[1,1,0,0,0,1,1,1,1,0],[1,1,1,0,1,1,0,0,1,1]]"
9,980,-0.01017969160438597,0.01017969160438597,"[[1,1,0,0,0,1,1,1,1,0],[1,1,1,0,1,1,0,1,0,0]]"
9,981,-0.010126677660338892,0.010126677660338892,"[[1,1,0,0,0,1,1,1,1,0],[1,1,1,0,1,1,0,1,0,1]]"
9,982,-0.010656844358447775,0.010656844358447775,"[[1,1,0,0,0,1,1,1,1,0],[1,1,1,0,1,1,0,1,1,0]]"
9,983,-0.010606861058449445,0.010606861058449445,"[[1,1,0,0,0,1,1,1,1,0],[1,1,1,0,1,1,0,1,1,1]]"
9,984,-0.013044204962922516,0.013044204962922516,"[[1,1,0,0,0,1,1,1,1,0],[1,1,1,0,1,1,1,0,0,0]]"
9,985,-0.012942694620055458,0.012942694620055458,"[[1,1,0,0,0,1,1,1,1,0],[1,1,1,0,1,1,1,0,0,1]]"
9,986,-0.013461963428407274,0.013461963428407274,"[[1,1,0,0,0,1,1,1,1,0],[1,1,1,0,1,1,1,0,1,0]]"
9,987,-0.013367358423056284,0.013367358423056284,"[[1,1,0,0,0,1,1,1,1,0],[1,1,1,0,1,1,1,0,1,1]]"
9,988,-0.015802381826623534,0.015802381826623534,"[[1,1,0,0,0,1,1,1,1,0],[1,1,1,0,1,1,1,1,0,0]]"
9,989,-0.01569732282829318,0.01569732282829318,"[[1,1,0,0,0,1,1,1,1,0],[1,1,1,0,1,1,1,1,0,1]]"
9,990,-0.01620741208661644,0.01620741208661644,"[[1,1,0,0,0,1,1,1,1,0],[1,1,1,0,1,1,1,1,1,0]]"
9,991,-0.016167586615963493,0.016167586615963493,"[[1,1,0,0,0,1,1,1,1,0],[1,1,1,0,1,1,1,1,1,1]]"
9,992,-0.003486033610989965,0.003486033610989965,"[[1,1,0,0,0,1,1,1,1,1],[1,1,1,0,1,0,0,0,0,0]]"
9,993,-0.003438142873341148,0.003438142873341148,"[[1,1,0,0,0,1,1,1,1,1],[1,1,1,0,1,0,0,0,0,1]]"
9,994,-0.003846211906032816,0.003846211906032816,"[[1,1,0,0,0,1,1,1,1,1],[1,1,1,0,1,0,0,0,1,0]]"
9,995,-0.003806669375531935,0.003806669375531935,"[[1,1,0,0,0,1,1,1,1,1],[1,1,1,0,1,0,0,0,1,1]]"
9,996,-0.005297033398710723,0.005297033398710723,"[[1,1,0,0,0,1,1,1,1,1],[1,1,1,0,1,0,0,1,0,0]]"
9,997,-0.005260362567166305,0.005260362567166305,"[[1,1,0,0,0,1,1,1,1,1],[1,1,1,0,1,0,0,1,0,1]]"
9,998,-0.005692507389027498,0.005692507389027498,"[[1,1,0,0,0,1,1,1,1,1],[1,1,1,0,1,0,0,1,1,0]]"
9,999,-0.005660752615032483,0.005660752615032483,"[[1,1,0,0,0,1,1,1,1,1],[1,1,1,0,1,0,0,1,1,1]]"
9,1000,-0.007098287476745802,0.007098287476745802,"[[1,1,0,0,0,1,1,1,1,1],[1,1,1,0,1,0,1,0,0,0]]"
9,1001,-0.0070501150731257425,0.0070501150731257425,"[[1,1,0,0,0,1,1,1,1,1],[1,1,1,0,1,0,1,0,0,1]]"
9,1002,-0.007646806395021046,0.007646806395021046,"[[1,1,0,0,0,1,1,1,1,1],[1,1,1,0,1,0,1,0,1,0]]"
9,1003,-0.0075964680374886314,0.0075964680374886314,"[[1,1,0,0,0,1,1,1,1,1],[1,1,1,0,1,0,1,0,1,1]]"
9,1004,-0.009925576826434475,0.009925576826434475,"[[1,1,0,0,0,1,1,1,1,1],[1,1,1,0,1,0,1,1,0,0]]"
9,1005,-0.009871608717824573,0.009871608717824573,"[[1,1,0,0,0,1,1,1,1,1],[1,1,1,0,1,0,1,1,0,1]]"
9,1006,-0.010351428265600076,0.010351428265600076,"[[1,1,0,0,0,1,1,1,1,1],[1,1,1,0,1,0,1,1,1,0]]"
9,1007,-0.01031010479174435,0.01031010479174435,"[[1,1,0,0,0,1,1,1,1,1],[1,1,1,0,1,0,1,1,1,1]]"
9,1008,-0.007584122513209723,0.007584122513209723,"[[1,1,0,0,0,1,1,1,1,1],[1,1,1,0,1,1,0,0,0,0]]"
9,1009,-0.007533582616222327,0.007533582616222327,"[[1,1,0,0,0,1,1,1,1,1],[1,1,1,0,1,1,0,0,0,1]]"
9,1010,-0.008168569161374171,0.008168569161374171,"[[1,1,0,0,0,1,1,1,1,1],[1,1,1,0,1,1,0,0,1,0]]"
9,1011,-0.008105015981617843,0.008105015981617843,"[[1,1,0,0,0,1,1,1,1,1],[1,1,1,0,1,1,0,0,1,1]]"
9,1012,-0.010244677464952334,0.010244677464952334,"[[1,1,0,0,0,1,1,1,1,1],[1,1,1,0,1,1,0,1,0,0]]"
9,1013,-0.01019071493843159,0.01019071493843159,"[[1,1,0,0,0,1,1,1,1,1],[1,1,1,0,1,1,0,1,0,1]]"
9,1014,-0.010722892197947132,0.010722892197947132,"[[1,1,0,0,0,1,1,1,1,1],[1,1,1,0,1,1,0,1,1,0]]"
9,1015,-0.01067229738537502,0.01067229738537502,"[[1,1,0,0,0,1,1,1,1,1],[1,1,1,0,1,1,0,1,1,1]]"
9,1016,-0.013106893007450073,0.013106893007450073,"[[1,1,0,0,0,1,1,1,1,1],[1,1,1,0,1,1,1,0,0,0]]"
9,1017,-0.013005298349090522,0.013005298349090522,"[[1,1,0,0,0,1,1,1,1,1],[1,1,1,0,1,1,1,0,0,1]]"
9,1018,-0.013526599187145298,0.013526599187145298,"[[1,1,0,0,0,1,1,1,1,1],[1,1,1,0,1,1,1,0,1,0]]"
9,1019,-0.013432025805961405,0.013432025805961405,"[[1,1,0,0,0,1,1,1,1,1],[1,1,1,0,1,1,1,0,1,1]]"
9,1020,-0.01586548173207752,0.01586548173207752,"[[1,1,0,0,0,1,1,1,1,1],[1,1,1,0,1,1,1,1,0,0]]"
9,1021,-0.0157602704422275,0.0157602704422275,"[[1,1,0,0,0,1,1,1,1,1],[1,1,1,0,1,1,1,1,0,1]]"
9,1022,-0.0162714687096491,0.0162714687096491,"[[1,1,0,0,0,1,1,1,1,1],[1,1,1,0,1,1,1,1,1,0]]"
9,1023,-0.016225806646168687,0.016225806646168687,"[[1,1,0,0,0,1,1,1,1,1],[1,1,1,0,1,1,1,1,1,1]]"
10,0,-0.02049156790387248,0.02049156790387248,"[[1,1,0,0,0,0,0,0,0,0],[1,1,1,0,1,0,0,0,0,0]]"
10,1,-0.02044060958410835,0.02044060958410835,"[[1,1,0,0,0,0,0,0,0,0],[1,1,1,0,1,0,0,0,0,1]]"
10,2,-0.021176507084161644,0.021176507084161644,"[[1,1,0,0,0,0,0,0,0,0],[1,1,1,0,1,0,0,0,1,0]]"
10,3,-0.02112662054198365,0.02112662054198365,"[[1,1,0,0,0,0,0,0,0,0],[1,1,1,0,1,0,0,0,1,1]]"
10,4,-0.02431721078953733,0.02431721078953733,"[[1,1,0,0,0,0,0,0,0,0],[1,1,1,0,1,0,0,1,0,0]]"
10,5,-0.024253816602770775,0.024253816602770775,"[[1,1,0,0,0,0,0,0,0,0],[1,1,1,0,1,0,0,1,0,1]]"
10,6,-0.02507765323940179,0.02507765323940179,"[[1,1,0,0,0,0,0,0,0,0],[1,1,1,0,1,0,0,1,1,0]]"
10,7,-0.025015414669369497,0.025015414669369497,"[[1,1,0,0,0,0,0,0,0,0],[1,1,1,0,1,0,0,1,1,1]]"
10,8,-0.030011012181250893,0.030011012181250893,"[[1,1,0,0,0,0,0,0,0,0],[1,1,1,0,1,0,1,0,0,0]]"
10,9,-0.02993223141370336,0.02993223141370336,"[[1,1,0,0,0,0,0,0,0,0],[1,1,1,0,1,0,1,0,0,1]]"
10,10,-0.030872617032431483,0.030872617032431483,"[[1,1,0,0,0,0,0,0,0,0],[1,1,1,0,1,0,1,0,1,0]]"
10,11,-0.030794910023222807,0.030794910023222807,"[[1,1,0,0,0,0,0,0,0,0],[1,1,1,0,1,0,1,0,1,1]]"
10,12,-0.03476753649010935,0.03476753649010935,"[[1,1,0,0,0,0,0,0,0,0],[1,1,1,0,1,0,1,1,0,0]]"
10,13,-0.03468584851413483,0.03468584851413483,"[[1,1,0,0,0,0,0,0,0,0],[1,1,1,0,1,0,1,1,0,1]]"
10,14,-0.03571594300059023,0.03571594300059023,"[[1,1,0,0,0,0,0,0,0,0],[1,1,1,0,1,0,1,1,1,0]]"
10,15,-0.03563532703583378,0.03563532703583378,"[[1,1,0,0,0,0,0,0,0,0],[1,1,1,0,1,0,1,1,1,1]]"
10,16,-0.03340268091317307,0.03340268091317307,"[[1,1,0,0,0,0,0,0,0,0],[1,1,1,0,1,1,0,0,0,0]]"
10,17,-0.033273233748953024,0.033273233748953024,"[[1,1,0,0,0,0,0,0,0,0],[1,1,1,0,1,1,0,0,0,1]]"
10,18,-0.03435757719937868,0.03435757719937868,"[[1,1,0,0,0,0,0,0,0,0],[1,1,1,0,1,1,0,0,1,0]]"
10,19,-0.034228758507170866,0.034228758507170866,"[[1,1,0,0,0,0,0,0,0,0],[1,1,1,0,1,1,0,0,1,1]]"
10,20,-0.038695829488238756,0.038695829488238756,"[[1,1,0,0,0,0,0,0,0,0],[1,1,1,0,1,1,0,1,0,0]]"
10,21,-0.03855236038045344,0.03855236038045344,"[[1,1,0,0,0,0,0,0,0,0],[1,1,1,0,1,1,0,1,0,1]]"
10,22,-0.0397312539419625,0.0397312539419625,"[[1,1,0,0,0,0,0,0,0,0],[1,1,1,0,1,1,0,1,1,0]]"
10,23,-0.039588322255940785,0.039588322255940785,"[[1,1,0,0,0,0,0,0,0,0],[1,1,1,0,1,1,0,1,1,1]]"
10,24,-0.046283678576553,0.046283678576553,"[[1,1,0,0,0,0,0,0,0,0],[1,1,1,0,1,1,1,0,0,0]]"
10,25,-0.04612879069963634,0.04612879069963634,"[[1,1,0,0,0,0,0,0,0,0],[1,1,1,0,1,1,1,0,0,1]]"
10,26,-0.04743564026308606,0.04743564026308606,"[[1,1,0,0,0,0,0,0,0,0],[1,1,1,0,1,1,1,0,1,0]]"
10,27,-0.047281197850414534,0.047281197850414534,"[[1,1,0,0,0,0,0,0,0,0],[1,1,1,0,1,1,1,0,1,1]]"
10,28,-0.05259237755477945,0.05259237755477945,"[[1,1,0,0,0,0,0,0,0,0],[1,1,1,0,1,1,1,1,0,0]]"
10,29,-0.05244379737071302,0.05244379737071302,"[[1,1,0,0,0,0,0,0,0,0],[1,1,1,0,1,1,1,1,0,1]]"
10,30,-0.053825412121846127,0.053825412121846127,"[[1,1,0,0,0,0,0,0,0,0],[1,1,1,0,1,1,1,1,1,0]]"
10,31,-0.05368435103419758,0.05368435103419758,"[[1,1,0,0,0,0,0,0,0,0],[1,1,1,0,1,1,1,1,1,1]]"
10,32,-0.020480091221001185,0.020480091221001185,"[[1,1,0,0,0,0,0,0,0,1],[1,1,1,0,1,0,0,0,0,0]]"
10,33,-0.020419207531808373,0.020419207531808373,"[[1,1,0,0,0,0,0,0,0,1],[1,1,1,0,1,0,0,0,0,1]]"
10,34,-0.02116281832836266,0.02116281832836266,"[[1,1,0,0,0,0,0,0,0,1],[1,1,1,0,1,0,0,0,1,0]]"
10,35,-0.021102877226121367,0.021102877226121367,"[[1,1,0,0,0,0,0,0,0,1],[1,1,1,0,1,0,0,0,1,1]]"
10,36,-0.024313231079163708,0.024313231079163708,"[[1,1,0,0,0,0,0,0,0,1],[1,1,1,0,1,0,0,1,0,0]]"
10,37,-0.02424747700925064,0.02424747700925064,"[[1,1,0,0,0,0,0,0,0,1],[1,1,1,0,1,0,0,1,0,1]]"
10,38,-0.025073179606347865,0.025073179606347865,"[[1,1,0,0,0,0,0,0,0,1],[1,1,1,0,1,0,0,1,1,0]]"
10,39,-0.025008448863998726,0.025008448863998726,"[[1,1,0,0,0,0,0,0,0,1],[1,1,1,0,1,0,0,1,1,1]]"
10,40,-0.029975060919797684,0.029975060919797684,"[[1,1,0,0,0,0,0,0,0,1],[1,1,1,0,1,0,1,0,0,0]]"
10,41,-0.029893249470383708,0.029893249470383708,"[[1,1,0,0,0,0,0,0,0,1],[1,1,1,0,1,0,1,0,0,1]]"
10,42,-0.030836150517423402,0.030836150517423402,"[[1,1,0,0,0,0,0,0,0,1],[1,1,1,0,1,0,1,0,1,0]]"
10,43,-0.030755278426676934,0.030755278426676934,"[[1,1,0,0,0,0,0,0,0,1],[1,1,1,0,1,0,1,0,1,1]]"
10,44,-0.034755605277630275,0.034755605277630275,"[[1,1,0,0,0,0,0,0,0,1],[1,1,1,0,1,0,1,1,0,0]]"
10,45,-0.03467031170090346,0.03467031170090346,"[[1,1,0,0,0,0,0,0,0,1],[1,1,1,0,1,0,1,1,0,1]]"
10,46,-0.03570347834666018,0.03570347834666018,"[[1,1,0,0,0,0,0,0,0,1],[1,1,1,0,1,0,1,1,1,0]]"
10,47,-0.035617901422951195,0.035617901422951195,"[[1,1,0,0,0,0,0,0,0,1],[1,1,1,0,1,0,1,1,1,1]]"
10,48,-0.033397863822983716,0.033397863822983716,"[[1,1,0,0,0,0,0,0,0,1],[1,1,1,0,1,1,0,0,0,0]]"
10,49,-0.033263815238804215,0.033263815238804215,"[[1,1,0,0,0,0,0,0,0,1],[1,1,1,0,1,1,0,0,0,1]]"
10,50,-0.03435206917267795,0.03435206917267795,"[[1,1,0,0,0,0,0,0,0,1],[1,1,1,0,1,1,0,0,1,0]]"
10,51,-0.03421829586937839,0.03421829586937839,"[[1,1,0,0,0,0,0,0,0,1],[1,1,1,0,1,1,0,0,1,1]]"
10,52,-0.038683191226628263,0.038683191226628263,"[[1,1,0,0,0,0,0,0,0,1],[1,1,1,0,1,1,0,1,0,0]]"
10,53,-0.03853395886797647,0.03853395886797647,"[[1,1,0,0,0,0,0,0,0,1],[1,1,1,0,1,1,0,1,0,1]]"
10,54,-0.039718468337897245,0.039718468337897245,"[[1,1,0,0,0,0,0,0,0,1],[1,1,1,0,1,1,0,1,1,0]]"
10,55,-0.03956963598269116,0.03956963598269116,"[[1,1,0,0,0,0,0,0,0,1],[1,1,1,0,1,1,0,1,1,1]]"
10,56,-0.046239692863908714,0.046239692863908714,"[[1,1,0,0,0,0,0,0,0,1],[1,1,1,0,1,1,1,0,0,0]]"
10,57,-0.04608341509649555,0.04608341509649555,"[[1,1,0,0,0,0,0,0,0,1],[1,1,1,0,1,1,1,0,0,1]]"
10,58,-0.0473816732666487,0.0473816732666487,"[[1,1,0,0,0,0,0,0,0,1],[1,1,1,0,1,1,1,0,1,0]]"
10,59,-0.04723324669584665,0.04723324669584665,"[[1,1,0,0,0,0,0,0,0,1],[1,1,1,0,1,1,1,0,1,1]]"
10,60,-0.05254319378444948,0.05254319378444948,"[[1,1,0,0,0,0,0,0,0,1],[1,1,1,0,1,1,1,1,0,0]]"
10,61,-0.052394068027394075,0.052394068027394075,"[[1,1,0,0,0,0,0,0,0,1],[1,1,1,0,1,1,1,1,0,1]]"
10,62,-0.05377566668131355,0.05377566668131355,"[[1,1,0,0,0,0,0,0,0,1],[1,1,1,0,1,1,1,1,1,0]]"
10,63,-0.05362730741355804,0.05362730741355804,"[[1,1,0,0,0,0,0,0,0,1],[1,1,1,0,1,1,1,1,1,1]]"
10,64,-0.01953081886308038,0.01953081886308038,"[[1,1,0,0,0,0,0,0,1,0],[1,1,1,0,1,0,0,0,0,0]]"
10,65,-0.019469522338798912,0.019469522338798912,"[[1,1,0,0,0,0,0,0,1,0],[1,1,1,0,1,0,0,0,0,1]]"
10,66,-0.020397291396571933,0.020397291396571933,"[[1,1,0,0,0,0,0,0,1,0],[1,1,1,0,1,0,0,0,1,0]]"
10,67,-0.02033430650978925,0.02033430650978925,"[[1,1,0,0,0,0,0,0,1,0],[1,1,1,0,1,0,0,0,1,1]]"
10,68,-0.023277434378484046,0.023277434378484046,"[[1,1,0,0,0,0,0,0,1,0],[1,1,1,0,1,0,0,1,0,0]]"
10,69,-0.023200485445416894,0.023200485445416894,"[[1,1,0,0,0,0,0,0,1,0],[1,1,1,0,1,0,0,1,0,1]]"
10,70,-0.02422787435358313,0.02422787435358313,"[[1,1,0,0,0,0,0,0,1,0],[1,1,1,0,1,0,0,1,1,0]]"
10,71,-0.024149927733037223,0.024149927733037223,"[[1,1,0,0,0,0,0,0,1,0],[1,1,1,0,1,0,0,1,1,1]]"
10,72,-0.028828928559913876,0.028828928559913876,"[[1,1,0,0,0,0,0,0,1,0],[1,1,1,0,1,0,1,0,0,0]]"
10,73,-0.028745530665967745,0.028745530665967745,"[[1,1,0,0,0,0,0,0,1,0],[1,1,1,0,1,0,1,0,0,1]]"
10,74,-0.02991804643404772,0.02991804643404772,"[[1,1,0,0,0,0,0,0,1,0],[1,1,1,0,1,0,1,0,1,0]]"
10,75,-0.02983295935335394,0.02983295935335394,"[[1,1,0,0,0,0,0,0,1,0],[1,1,1,0,1,0,1,0,1,1]]"
10,76,-0.03346556315526894,0.03346556315526894,"[[1,1,0,0,0,0,0,0,1,0],[1,1,1,0,1,0,1,1,0,0]]"
10,77,-0.033366525909529765,0.033366525909529765,"[[1,1,0,0,0,0,0,0,1,0],[1,1,1,0,1,0,1,1,0,1]]"
10,78,-0.03466098732077128,0.03466098732077128,"[[1,1,0,0,0,0,0,0,1,0],[1,1,1,0,1,0,1,1,1,0]]"
10,79,-0.034560253227832426,0.034560253227832426,"[[1,1,0,0,0,0,0,0,1,0],[1,1,1,0,1,0,1,1,1,1]]"
10,80,-0.0319625904354869,0.0319625904354869,"[[1,1,0,0,0,0,0,0,1,0],[1,1,1,0,1,1,0,0,0,0]]"
10,81,-0.031839494984223914,0.031839494984223914,"[[1,1,0,0,0,0,0,0,1,0],[1,1,1,0,1,1,0,0,0,1]]"
10,82,-0.03315463234371697,0.03315463234371697,"[[1,1,0,0,0,0,0,0,1,0],[1,1,1,0,1,1,0,0,1,0]]"
10,83,-0.03302970527423141,0.03302970527423141,"[[1,1,0,0,0,0,0,0,1,0],[1,1,1,0,1,1,0,0,1,1]]"
10,84,-0.03703973486536478,0.03703973486536478,"[[1,1,0,0,0,0,0,0,1,0],[1,1,1,0,1,1,0,1,0,0]]"
10,85,-0.036903538999218784,0.036903538999218784,"[[1,1,0,0,0,0,0,0,1,0],[1,1,1,0,1,1,0,1,0,1]]"
10,86,-0.03816580913419347,0.03816580913419347,"[[1,1,0,0,0,0,0,0,1,0],[1,1,1,0,1,1,0,1,1,0]]"
10,87,-0.038030012559215634,0.038030012559215634,"[[1,1,0,0,0,0,0,0,1,0],[1,1,1,0,1,1,0,1,1,1]]"
10,88,-0.04455648922054932,0.04455648922054932,"[[1,1,0,0,0,0,0,0,1,0],[1,1,1,0,1,1,1,0,0,0]]"
10,89,-0.04440778761185764,0.04440778761185764,"[[1,1,0,0,0,0,0,0,1,0],[1,1,1,0,1,1,1,0,0,1]]"
10,90,-0.045990962034360795,0.045990962034360795,"[[1,1,0,0,0,0,0,0,1,0],[1,1,1,0,1,1,1,0,1,0]]"
10,91,-0.04584056305257915,0.04584056305257915,"[[1,1,0,0,0,0,0,0,1,0],[1,1,1,0,1,1,1,0,1,1]]"
10,92,-0.0506757188216619,0.0506757188216619,"[[1,1,0,0,0,0,0,0,1,0],[1,1,1,0,1,1,1,1,0,0]]"
10,93,-0.05051062076941996,0.05051062076941996,"[[1,1,0,0,0,0,0,0,1,0],[1,1,1,0,1,1,1,1,0,1]]"
10,94,-0.052002814097324095,0.052002814097324095,"[[1,1,0,0,0,0,0,0,1,0],[1,1,1,0,1,1,1,1,1,0]]"
10,95,-0.051832196518040344,0.051832196518040344,"[[1,1,0,0,0,0,0,0,1,0],[1,1,1,0,1,1,1,1,1,1]]"
10,96,-0.019551910482166833,0.019551910482166833,"[[1,1,0,0,0,0,0,0,1,1],[1,1,1,0,1,0,0,0,0,0]]"
10,97,-0.01948922624567144,0.01948922624567144,"[[1,1,0,0,0,0,0,0,1,1],[1,1,1,0,1,0,0,0,0,1]]"
10,98,-0.02041637909137079,0.02041637909137079,"[[1,1,0,0,0,0,0,0,1,1],[1,1,1,0,1,0,0,0,1,0]]"
10,99,-0.02035181253162483,0.02035181253162483,"[[1,1,0,0,0,0,0,0,1,1],[1,1,1,0,1,0,0,0,1,1]]"
10,100,-0.023293012819718236,0.023293012819718236,"[[1,1,0,0,0,0,0,0,1,1],[1,1,1,0,1,0,0,1,0,0]]"
10,101,-0.02321382113306785,0.02321382113306785,"[[1,1,0,0,0,0,0,0,1,1],[1,1,1,0,1,0,0,1,0,1]]"
10,102,-0.024240225605322865,0.024240225605322865,"[[1,1,0,0,0,0,0,0,1,1],[1,1,1,0,1,0,0,1,1,0]]"
10,103,-0.024161721572205884,0.024161721572205884,"[[1,1,0,0,0,0,0,0,1,1],[1,1,1,0,1,0,0,1,1,1]]"
10,104,-0.028831810643414776,0.028831810643414776,"[[1,1,0,0,0,0,0,0,1,1],[1,1,1,0,1,0,1,0,0,0]]"
10,105,-0.028736034185657785,0.028736034185657785,"[[1,1,0,0,0,0,0,0,1,1],[1,1,1,0,1,0,1,0,0,1]]"
10,106,-0.02991661557048072,0.02991661557048072,"[[1,1,0,0,0,0,0,0,1,1],[1,1,1,0,1,0,1,0,1,0]]"
10,107,-0.029818746576575586,0.029818746576575586,"[[1,1,0,0,0,0,0,0,1,1],[1,1,1,0,1,0,1,0,1,1]]"
10,108,-0.03347665099893364,0.03347665099893364,"[[1,1,0,0,0,0,0,0,1,1],[1,1,1,0,1,0,1,1,0,0]]"
10,109,-0.033374142755451724,0.033374142755451724,"[[1,1,0,0,0,0,0,0,1,1],[1,1,1,0,1,0,1,1,0,1]]"
10,110,-0.034665747634416454,0.034665747634416454,"[[1,1,0,0,0,0,0,0,1,1],[1,1,1,0,1,0,1,1,1,0]]"
10,111,-0.03456567587257497,0.03456567587257497,"[[1,1,0,0,0,0,0,0,1,1],[1,1,1,0,1,0,1,1,1,1]]"
10,112,-0.0319598001045202,0.0319598001045202,"[[1,1,0,0,0,0,0,0,1,1],[1,1,1,0,1,1,0,0,0,0]]"
10,113,-0.03183221448655969,0.03183221448655969,"[[1,1,0,0,0,0,0,0,1,1],[1,1,1,0,1,1,0,0,0,1]]"
10,114,-0.03314990435542765,0.03314990435542765,"[[1,1,0,0,0,0,0,0,1,1],[1,1,1,0,1,1,0,0,1,0]]"
10,115,-0.033020300967851676,0.033020300967851676,"[[1,1,0,0,0,0,0,0,1,1],[1,1,1,0,1,1,0,0,1,1]]"
10,116,-0.03703119474341694,0.03703119474341694,"[[1,1,0,0,0,0,0,0,1,1],[1,1,1,0,1,1,0,1,0,0]]"
10,117,-0.036889637033588066,0.036889637033588066,"[[1,1,0,0,0,0,0,0,1,1],[1,1,1,0,1,1,0,1,0,1]]"
10,118,-0.03815711376124629,0.03815711376124629,"[[1,1,0,0,0,0,0,0,1,1],[1,1,1,0,1,1,0,1,1,0]]"
10,119,-0.038015882199657756,0.038015882199657756,"[[1,1,0,0,0,0,0,0,1,1],[1,1,1,0,1,1,0,1,1,1]]"
10,120,-0.04454475626100568,0.04454475626100568,"[[1,1,0,0,0,0,0,0,1,1],[1,1,1,0,1,1,1,0,0,0]]"
10,121,-0.04439000939186001,0.04439000939186001,"[[1,1,0,0,0,0,0,0,1,1],[1,1,1,0,1,1,1,0,0,1]]"
10,122,-0.04597722097181525,0.04597722097181525,"[[1,1,0,0,0,0,0,0,1,1],[1,1,1,0,1,1,1,0,1,0]]"
10,123,-0.04582060595999268,0.04582060595999268,"[[1,1,0,0,0,0,0,0,1,1],[1,1,1,0,1,1,1,0,1,1]]"
10,124,-0.05065848889705169,0.05065848889705169,"[[1,1,0,0,0,0,0,0,1,1],[1,1,1,0,1,1,1,1,0,0]]"
10,125,-0.050486459717142586,0.050486459717142586,"[[1,1,0,0,0,0,0,0,1,1],[1,1,1,0,1,1,1,1,0,1]]"
10,126,-0.05198541772227255,0.05198541772227255,"[[1,1,0,0,0,0,0,0,1,1],[1,1,1,0,1,1,1,1,1,0]]"
10,127,-0.05180683153376007,0.05180683153376007,"[[1,1,0,0,0,0,0,0,1,1],[1,1,1,0,1,1,1,1,1,1]]"
10,128,-0.01610775887202579,0.01610775887202579,"[[1,1,0,0,0,0,0,1,0,0],[1,1,1,0,1,0,0,0,0,0]]"
10,129,-0.015975501905144712,0.015975501905144712,"[[1,1,0,0,0,0,0,1,0,0],[1,1,1,0,1,0,0,0,0,1]]"
10,130,-0.016399123962829196,0.016399123962829196,"[[1,1,0,0,0,0,0,1,0,0],[1,1,1,0,1,0,0,0,1,0]]"
10,131,-0.016333210310547696,0.016333210310547696,"[[1,1,0,0,0,0,0,1,0,0],[1,1,1,0,1,0,0,0,1,1]]"
10,132,-0.019578039886735996,0.019578039886735996,"[[1,1,0,0,0,0,0,1,0,0],[1,1,1,0,1,0,0,1,0,0]]"
10,133,-0.019513563910824615,0.019513563910824615,"[[1,1,0,0,0,0,0,1,0,0],[1,1,1,0,1,0,0,1,0,1]]"
10,134,-0.020259324242996347,0.020259324242996347,"[[1,1,0,0,0,0,0,1,0,0],[1,1,1,0,1,0,0,1,1,0]]"
10,135,-0.020195296308202323,0.020195296308202323,"[[1,1,0,0,0,0,0,1,0,0],[1,1,1,0,1,0,0,1,1,1]]"
10,136,-0.0244305278719589,0.0244305278719589,"[[1,1,0,0,0,0,0,1,0,0],[1,1,1,0,1,0,1,0,0,0]]"
10,137,-0.0242680653676747,0.0242680653676747,"[[1,1,0,0,0,0,0,1,0,0],[1,1,1,0,1,0,1,0,0,1]]"
10,138,-0.024810166737691843,0.024810166737691843,"[[1,1,0,0,0,0,0,1,0,0],[1,1,1,0,1,0,1,0,1,0]]"
10,139,-0.024713037652856516,0.024713037652856516,"[[1,1,0,0,0,0,0,1,0,0],[1,1,1,0,1,0,1,0,1,1]]"
10,140,-0.02894853379529899,0.02894853379529899,"[[1,1,0,0,0,0,0,1,0,0],[1,1,1,0,1,0,1,1,0,0]]"
10,141,-0.028858468380672804,0.028858468380672804,"[[1,1,0,0,0,0,0,1,0,0],[1,1,1,0,1,0,1,1,0,1]]"
10,142,-0.02981287447380689,0.02981287447380689,"[[1,1,0,0,0,0,0,1,0,0],[1,1,1,0,1,0,1,1,1,0]]"
10,143,-0.029721254132131968,0.029721254132131968,"[[1,1,0,0,0,0,0,1,0,0],[1,1,1,0,1,0,1,1,1,1]]"
10,144,-0.027484119556318135,0.027484119556318135,"[[1,1,0,0,0,0,0,1,0,0],[1,1,1,0,1,1,0,0,0,0]]"
10,145,-0.027240868750307165,0.027240868750307165,"[[1,1,0,0,0,0,0,1,0,0],[1,1,1,0,1,1,0,0,0,1]]"
10,146,-0.027746152354561744,0.027746152354561744,"[[1,1,0,0,0,0,0,1,0,0],[1,1,1,0,1,1,0,0,1,0]]"
10,147,-0.027609748387233048,0.027609748387233048,"[[1,1,0,0,0,0,0,1,0,0],[1,1,1,0,1,1,0,0,1,1]]"
10,148,-0.03205700780724268,0.03205700780724268,"[[1,1,0,0,0,0,0,1,0,0],[1,1,1,0,1,1,0,1,0,0]]"
10,149,-0.031933646389075566,0.031933646389075566,"[[1,1,0,0,0,0,0,1,0,0],[1,1,1,0,1,1,0,1,0,1]]"
10,150,-0.03299808958319116,0.03299808958319116,"[[1,1,0,0,0,0,0,1,0,0],[1,1,1,0,1,1,0,1,1,0]]"
10,151,-0.03287518313561214,0.03287518313561214,"[[1,1,0,0,0,0,0,1,0,0],[1,1,1,0,1,1,0,1,1,1]]"
10,152,-0.03890639407765853,0.03890639407765853,"[[1,1,0,0,0,0,0,1,0,0],[1,1,1,0,1,1,1,0,0,0]]"
10,153,-0.038645515069500036,0.038645515069500036,"[[1,1,0,0,0,0,0,1,0,0],[1,1,1,0,1,1,1,0,0,1]]"
10,154,-0.03927243986828049,0.03927243986828049,"[[1,1,0,0,0,0,0,1,0,0],[1,1,1,0,1,1,1,0,1,0]]"
10,155,-0.039102324005134276,0.039102324005134276,"[[1,1,0,0,0,0,0,1,0,0],[1,1,1,0,1,1,1,0,1,1]]"
10,156,-0.044676125203513405,0.044676125203513405,"[[1,1,0,0,0,0,0,1,0,0],[1,1,1,0,1,1,1,1,0,0]]"
10,157,-0.044524944834861684,0.044524944834861684,"[[1,1,0,0,0,0,0,1,0,0],[1,1,1,0,1,1,1,1,0,1]]"
10,158,-0.04580938488055647,0.04580938488055647,"[[1,1,0,0,0,0,0,1,0,0],[1,1,1,0,1,1,1,1,1,0]]"
10,159,-0.04565865725501784,0.04565865725501784,"[[1,1,0,0,0,0,0,1,0,0],[1,1,1,0,1,1,1,1,1,1]]"
10,160,-0.016127829372413485,0.016127829372413485,"[[1,1,0,0,0,0,0,1,0,1],[1,1,1,0,1,0,0,0,0,0]]"
10,161,-0.01598163940089577,0.01598163940089577,"[[1,1,0,0,0,0,0,1,0,1],[1,1,1,0,1,0,0,0,0,1]]"
10,162,-0.01641131829587631,0.01641131829587631,"[[1,1,0,0,0,0,0,1,0,1],[1,1,1,0,1,0,0,0,1,0]]"
10,163,-0.01634189679427015,0.01634189679427015,"[[1,1,0,0,0,0,0,1,0,1],[1,1,1,0,1,0,0,0,1,1]]"
10,164,-0.019597564627495373,0.019597564627495373,"[[1,1,0,0,0,0,0,1,0,1],[1,1,1,0,1,0,0,1,0,0]]"
10,165,-0.019526736139852275,0.019526736139852275,"[[1,1,0,0,0,0,0,1,0,1],[1,1,1,0,1,0,0,1,0,1]]"
10,166,-0.02027868684927904,0.02027868684927904,"[[1,1,0,0,0,0,0,1,0,1],[1,1,1,0,1,0,0,1,1,0]]"
10,167,-0.020206485349413616,0.020206485349413616,"[[1,1,0,0,0,0,0,1,0,1],[1,1,1,0,1,0,0,1,1,1]]"
10,168,-0.02444244569587964,0.02444244569587964,"[[1,1,0,0,0,0,0,1,0,1],[1,1,1,0,1,0,1,0,0,0]]"
10,169,-0.02426522204561198,0.02426522204561198,"[[1,1,0,0,0,0,0,1,0,1],[1,1,1,0,1,0,1,0,0,1]]"
10,170,-0.02481204728807424,0.02481204728807424,"[[1,1,0,0,0,0,0,1,0,1],[1,1,1,0,1,0,1,0,1,0]]"
10,171,-0.024705570464910242,0.024705570464910242,"[[1,1,0,0,0,0,0,1,0,1],[1,1,1,0,1,0,1,0,1,1]]"
10,172,-0.028938904162876002,0.028938904162876002,"[[1,1,0,0,0,0,0,1,0,1],[1,1,1,0,1,0,1,1,0,0]]"
10,173,-0.028838706406648804,0.028838706406648804,"[[1,1,0,0,0,0,0,1,0,1],[1,1,1,0,1,0,1,1,0,1]]"
10,174,-0.029801086225263732,0.029801086225263732,"[[1,1,0,0,0,0,0,1,0,1],[1,1,1,0,1,0,1,1,1,0]]"
10,175,-0.029701198009159668,0.029701198009159668,"[[1,1,0,0,0,0,0,1,0,1],[1,1,1,0,1,0,1,1,1,1]]"
10,176,-0.027505788453473574,0.027505788453473574,"[[1,1,0,0,0,0,0,1,0,1],[1,1,1,0,1,1,0,0,0,0]]"
10,177,-0.027242206006276515,0.027242206006276515,"[[1,1,0,0,0,0,0,1,0,1],[1,1,1,0,1,1,0,0,0,1]]"
10,178,-0.027748213289573706,0.027748213289573706,"[[1,1,0,0,0,0,0,1,0,1],[1,1,1,0,1,1,0,0,1,0]]"
10,179,-0.027604941723640804,0.027604941723640804,"[[1,1,0,0,0,0,0,1,0,1],[1,1,1,0,1,1,0,0,1,1]]"
10,180,-0.03205177227745502,0.03205177227745502,"[[1,1,0,0,0,0,0,1,0,1],[1,1,1,0,1,1,0,1,0,0]]"
10,181,-0.031923665251469675,0.031923665251469675,"[[1,1,0,0,0,0,0,1,0,1],[1,1,1,0,1,1,0,1,0,1]]"
10,182,-0.032992695207548065,0.032992695207548065,"[[1,1,0,0,0,0,0,1,0,1],[1,1,1,0,1,1,0,1,1,0]]"
10,183,-0.032864898214811394,0.032864898214811394,"[[1,1,0,0,0,0,0,1,0,1],[1,1,1,0,1,1,0,1,1,1]]"
10,184,-0.03890544250026606,0.03890544250026606,"[[1,1,0,0,0,0,0,1,0,1],[1,1,1,0,1,1,1,0,0,0]]"
10,185,-0.038609139810800594,0.038609139810800594,"[[1,1,0,0,0,0,0,1,0,1],[1,1,1,0,1,1,1,0,0,1]]"
10,186,-0.03924515324782405,0.03924515324782405,"[[1,1,0,0,0,0,0,1,0,1],[1,1,1,0,1,1,1,0,1,0]]"
10,187,-0.03905922172947427,0.03905922172947427,"[[1,1,0,0,0,0,0,1,0,1],[1,1,1,0,1,1,1,0,1,1]]"
10,188,-0.04466313309479628,0.04466313309479628,"[[1,1,0,0,0,0,0,1,0,1],[1,1,1,0,1,1,1,1,0,0]]"
10,189,-0.044505687482821986,0.044505687482821986,"[[1,1,0,0,0,0,0,1,0,1],[1,1,1,0,1,1,1,1,0,1]]"
10,190,-0.045796228620789546,0.045796228620789546,"[[1,1,0,0,0,0,0,1,0,1],[1,1,1,0,1,1,1,1,1,0]]"
10,191,-0.045637651085072235,0.045637651085072235,"[[1,1,0,0,0,0,0,1,0,1],[1,1,1,0,1,1,1,1,1,1]]"
10,192,-0.015150123005627054,0.015150123005627054,"[[1,1,0,0,0,0,0,1,1,0],[1,1,1,0,1,0,0,0,0,0]]"
10,193,-0.015053021653161936,0.015053021653161936,"[[1,1,0,0,0,0,0,1,1,0],[1,1,1,0,1,0,0,0,0,1]]"
10,194,-0.01563150710939761,0.01563150710939761,"[[1,1,0,0,0,0,0,1,1,0],[1,1,1,0,1,0,0,0,1,0]]"
10,195,-0.015575767027298501,0.015575767027298501,"[[1,1,0,0,0,0,0,1,1,0],[1,1,1,0,1,0,0,0,1,1]]"
10,196,-0.0185712505892175,0.0185712505892175,"[[1,1,0,0,0,0,0,1,1,0],[1,1,1,0,1,0,0,1,0,0]]"
10,197,-0.018512962270473124,0.018512962270473124,"[[1,1,0,0,0,0,0,1,1,0],[1,1,1,0,1,0,0,1,0,1]]"
10,198,-0.019415600161390458,0.019415600161390458,"[[1,1,0,0,0,0,0,1,1,0],[1,1,1,0,1,0,0,1,1,0]]"
10,199,-0.01935562820648297,0.01935562820648297,"[[1,1,0,0,0,0,0,1,1,0],[1,1,1,0,1,0,0,1,1,1]]"
10,200,-0.023205734184096785,0.023205734184096785,"[[1,1,0,0,0,0,0,1,1,0],[1,1,1,0,1,0,1,0,0,0]]"
10,201,-0.023091008271191794,0.023091008271191794,"[[1,1,0,0,0,0,0,1,1,0],[1,1,1,0,1,0,1,0,0,1]]"
10,202,-0.02386878534432246,0.02386878534432246,"[[1,1,0,0,0,0,0,1,1,0],[1,1,1,0,1,0,1,0,1,0]]"
10,203,-0.0237844120517393,0.0237844120517393,"[[1,1,0,0,0,0,0,1,1,0],[1,1,1,0,1,0,1,0,1,1]]"
10,204,-0.027672789476057467,0.027672789476057467,"[[1,1,0,0,0,0,0,1,1,0],[1,1,1,0,1,0,1,1,0,0]]"
10,205,-0.02759167770548679,0.02759167770548679,"[[1,1,0,0,0,0,0,1,1,0],[1,1,1,0,1,0,1,1,0,1]]"
10,206,-0.028742260374338368,0.028742260374338368,"[[1,1,0,0,0,0,0,1,1,0],[1,1,1,0,1,0,1,1,1,0]]"
10,207,-0.0286594573252895,0.0286594573252895,"[[1,1,0,0,0,0,0,1,1,0],[1,1,1,0,1,0,1,1,1,1]]"
10,208,-0.026073459833439703,0.026073459833439703,"[[1,1,0,0,0,0,0,1,1,0],[1,1,1,0,1,1,0,0,0,0]]"
10,209,-0.025876841006775435,0.025876841006775435,"[[1,1,0,0,0,0,0,1,1,0],[1,1,1,0,1,1,0,0,0,1]]"
10,210,-0.026618591632424873,0.026618591632424873,"[[1,1,0,0,0,0,0,1,1,0],[1,1,1,0,1,1,0,0,1,0]]"
10,211,-0.02648722747772179,0.02648722747772179,"[[1,1,0,0,0,0,0,1,1,0],[1,1,1,0,1,1,0,0,1,1]]"
10,212,-0.030653969968498455,0.030653969968498455,"[[1,1,0,0,0,0,0,1,1,0],[1,1,1,0,1,1,0,1,0,0]]"
10,213,-0.030536817533886138,0.030536817533886138,"[[1,1,0,0,0,0,0,1,1,0],[1,1,1,0,1,1,0,1,0,1]]"
10,214,-0.03171508413235302,0.03171508413235302,"[[1,1,0,0,0,0,0,1,1,0],[1,1,1,0,1,1,0,1,1,0]]"
10,215,-0.03159770994355186,0.03159770994355186,"[[1,1,0,0,0,0,0,1,1,0],[1,1,1,0,1,1,0,1,1,1]]"
10,216,-0.03718507773996837,0.03718507773996837,"[[1,1,0,0,0,0,0,1,1,0],[1,1,1,0,1,1,1,0,0,0]]"
10,217,-0.03697850925647738,0.03697850925647738,"[[1,1,0,0,0,0,0,1,1,0],[1,1,1,0,1,1,1,0,0,1]]"
10,218,-0.03795475862817829,0.03795475862817829,"[[1,1,0,0,0,0,0,1,1,0],[1,1,1,0,1,1,1,0,1,0]]"
10,219,-0.037789604533879036,0.037789604533879036,"[[1,1,0,0,0,0,0,1,1,0],[1,1,1,0,1,1,1,0,1,1]]"
10,220,-0.04298584814358257,0.04298584814358257,"[[1,1,0,0,0,0,0,1,1,0],[1,1,1,0,1,1,1,1,0,0]]"
10,221,-0.042840871517589287,0.042840871517589287,"[[1,1,0,0,0,0,0,1,1,0],[1,1,1,0,1,1,1,1,0,1]]"
10,222,-0.044357952692121325,0.044357952692121325,"[[1,1,0,0,0,0,0,1,1,0],[1,1,1,0,1,1,1,1,1,0]]"
10,223,-0.044211678331087995,0.044211678331087995,"[[1,1,0,0,0,0,0,1,1,0],[1,1,1,0,1,1,1,1,1,1]]"
10,224,-0.015191889314098237,0.015191889314098237,"[[1,1,0,0,0,0,0,1,1,1],[1,1,1,0,1,0,0,0,0,0]]"
10,225,-0.015084300498268345,0.015084300498268345,"[[1,1,0,0,0,0,0,1,1,1],[1,1,1,0,1,0,0,0,0,1]]"
10,226,-0.01566529974951606,0.01566529974951606,"[[1,1,0,0,0,0,0,1,1,1],[1,1,1,0,1,0,0,0,1,0]]"
10,227,-0.01561799375483305,0.01561799375483305,"[[1,1,0,0,0,0,0,1,1,1],[1,1,1,0,1,0,0,0,1,1]]"
10,228,-0.018592417442901073,0.018592417442901073,"[[1,1,0,0,0,0,0,1,1,1],[1,1,1,0,1,0,0,1,0,0]]"
10,229,-0.018532824569224154,0.018532824569224154,"[[1,1,0,0,0,0,0,1,1,1],[1,1,1,0,1,0,0,1,0,1]]"
10,230,-0.019434771385210943,0.019434771385210943,"[[1,1,0,0,0,0,0,1,1,1],[1,1,1,0,1,0,0,1,1,0]]"
10,231,-0.019377787564672948,0.019377787564672948,"[[1,1,0,0,0,0,0,1,1,1],[1,1,1,0,1,0,0,1,1,1]]"
10,232,-0.02322980837265371,0.02322980837265371,"[[1,1,0,0,0,0,0,1,1,1],[1,1,1,0,1,0,1,0,0,0]]"
10,233,-0.02309236437475315,0.02309236437475315,"[[1,1,0,0,0,0,0,1,1,1],[1,1,1,0,1,0,1,0,0,1]]"
10,234,-0.02387686931775239,0.02387686931775239,"[[1,1,0,0,0,0,0,1,1,1],[1,1,1,0,1,0,1,0,1,0]]"
10,235,-0.023775588948360956,0.023775588948360956,"[[1,1,0,0,0,0,0,1,1,1],[1,1,1,0,1,0,1,0,1,1]]"
10,236,-0.0276891376052042,0.0276891376052042,"[[1,1,0,0,0,0,0,1,1,1],[1,1,1,0,1,0,1,1,0,0]]"
10,237,-0.02760503070390006,0.02760503070390006,"[[1,1,0,0,0,0,0,1,1,1],[1,1,1,0,1,0,1,1,0,1]]"
10,238,-0.028756597003920623,0.028756597003920623,"[[1,1,0,0,0,0,0,1,1,1],[1,1,1,0,1,0,1,1,1,0]]"
10,239,-0.02866858152183896,0.02866858152183896,"[[1,1,0,0,0,0,0,1,1,1],[1,1,1,0,1,0,1,1,1,1]]"
10,240,-0.026096550766837492,0.026096550766837492,"[[1,1,0,0,0,0,0,1,1,1],[1,1,1,0,1,1,0,0,0,0]]"
10,241,-0.025881465449233643,0.025881465449233643,"[[1,1,0,0,0,0,0,1,1,1],[1,1,1,0,1,1,0,0,0,1]]"
10,242,-0.026620569251663527,0.026620569251663527,"[[1,1,0,0,0,0,0,1,1,1],[1,1,1,0,1,1,0,0,1,0]]"
10,243,-0.026485477727912054,0.026485477727912054,"[[1,1,0,0,0,0,0,1,1,1],[1,1,1,0,1,1,0,0,1,1]]"
10,244,-0.030650387910886354,0.030650387910886354,"[[1,1,0,0,0,0,0,1,1,1],[1,1,1,0,1,1,0,1,0,0]]"
10,245,-0.030528817602374074,0.030528817602374074,"[[1,1,0,0,0,0,0,1,1,1],[1,1,1,0,1,1,0,1,0,1]]"
10,246,-0.031710793963491704,0.031710793963491704,"[[1,1,0,0,0,0,0,1,1,1],[1,1,1,0,1,1,0,1,1,0]]"
10,247,-0.03158889624117795,0.03158889624117795,"[[1,1,0,0,0,0,0,1,1,1],[1,1,1,0,1,1,0,1,1,1]]"
10,248,-0.03720670399218134,0.03720670399218134,"[[1,1,0,0,0,0,0,1,1,1],[1,1,1,0,1,1,1,0,0,0]]"
10,249,-0.036976225688275195,0.036976225688275195,"[[1,1,0,0,0,0,0,1,1,1],[1,1,1,0,1,1,1,0,0,1]]"
10,250,-0.037950363767213724,0.037950363767213724,"[[1,1,0,0,0,0,0,1,1,1],[1,1,1,0,1,1,1,0,1,0]]"
10,251,-0.0377800326578521,0.0377800326578521,"[[1,1,0,0,0,0,0,1,1,1],[1,1,1,0,1,1,1,0,1,1]]"
10,252,-0.0429745087405525,0.0429745087405525,"[[1,1,0,0,0,0,0,1,1,1],[1,1,1,0,1,1,1,1,0,0]]"
10,253,-0.042823599976424355,0.042823599976424355,"[[1,1,0,0,0,0,0,1,1,1],[1,1,1,0,1,1,1,1,0,1]]"
10,254,-0.0443449613662956,0.0443449613662956,"[[1,1,0,0,0,0,0,1,1,1],[1,1,1,0,1,1,1,1,1,0]]"
10,255,-0.04419260269595733,0.04419260269595733,"[[1,1,0,0,0,0,0,1,1,1],[1,1,1,0,1,1,1,1,1,1]]"
10,256,-0.01314792472189164,0.01314792472189164,"[[1,1,0,0,0,0,1,0,0,0],[1,1,1,0,1,0,0,0,0,0]]"
10,257,-0.013094431500661457,0.013094431500661457,"[[1,1,0,0,0,0,1,0,0,0],[1,1,1,0,1,0,0,0,0,1]]"
10,258,-0.013939571429224315,0.013939571429224315,"[[1,1,0,0,0,0,1,0,0,0],[1,1,1,0,1,0,0,0,1,0]]"
10,259,-0.013872167766438546,0.013872167766438546,"[[1,1,0,0,0,0,1,0,0,0],[1,1,1,0,1,0,0,0,1,1]]"
10,260,-0.017121750215079997,0.017121750215079997,"[[1,1,0,0,0,0,1,0,0,0],[1,1,1,0,1,0,0,1,0,0]]"
10,261,-0.01704869678949806,0.01704869678949806,"[[1,1,0,0,0,0,1,0,0,0],[1,1,1,0,1,0,0,1,0,1]]"
10,262,-0.017837499914869832,0.017837499914869832,"[[1,1,0,0,0,0,1,0,0,0],[1,1,1,0,1,0,0,1,1,0]]"
10,263,-0.017764202305936526,0.017764202305936526,"[[1,1,0,0,0,0,1,0,0,0],[1,1,1,0,1,0,0,1,1,1]]"
10,264,-0.02149462102668779,0.02149462102668779,"[[1,1,0,0,0,0,1,0,0,0],[1,1,1,0,1,0,1,0,0,0]]"
10,265,-0.02141375164487339,0.02141375164487339,"[[1,1,0,0,0,0,1,0,0,0],[1,1,1,0,1,0,1,0,0,1]]"
10,266,-0.022291184496629445,0.022291184496629445,"[[1,1,0,0,0,0,1,0,0,0],[1,1,1,0,1,0,1,0,1,0]]"
10,267,-0.022211532689169047,0.022211532689169047,"[[1,1,0,0,0,0,1,0,0,0],[1,1,1,0,1,0,1,0,1,1]]"
10,268,-0.026069592675200925,0.026069592675200925,"[[1,1,0,0,0,0,1,0,0,0],[1,1,1,0,1,0,1,1,0,0]]"
10,269,-0.025968322534723393,0.025968322534723393,"[[1,1,0,0,0,0,1,0,0,0],[1,1,1,0,1,0,1,1,0,1]]"
10,270,-0.02690997566370047,0.02690997566370047,"[[1,1,0,0,0,0,1,0,0,0],[1,1,1,0,1,0,1,1,1,0]]"
10,271,-0.026809285532711037,0.026809285532711037,"[[1,1,0,0,0,0,1,0,0,0],[1,1,1,0,1,0,1,1,1,1]]"
10,272,-0.024730260525356117,0.024730260525356117,"[[1,1,0,0,0,0,1,0,0,0],[1,1,1,0,1,1,0,0,0,0]]"
10,273,-0.02460493259970855,0.02460493259970855,"[[1,1,0,0,0,0,1,0,0,0],[1,1,1,0,1,1,0,0,0,1]]"
10,274,-0.025643816992455114,0.025643816992455114,"[[1,1,0,0,0,0,1,0,0,0],[1,1,1,0,1,1,0,0,1,0]]"
10,275,-0.02552103186165614,0.02552103186165614,"[[1,1,0,0,0,0,1,0,0,0],[1,1,1,0,1,1,0,0,1,1]]"
10,276,-0.029715255147934452,0.029715255147934452,"[[1,1,0,0,0,0,1,0,0,0],[1,1,1,0,1,1,0,1,0,0]]"
10,277,-0.029587605884190654,0.029587605884190654,"[[1,1,0,0,0,0,1,0,0,0],[1,1,1,0,1,1,0,1,0,1]]"
10,278,-0.030572255065897634,0.030572255065897634,"[[1,1,0,0,0,0,1,0,0,0],[1,1,1,0,1,1,0,1,1,0]]"
10,279,-0.030447228671281114,0.030447228671281114,"[[1,1,0,0,0,0,1,0,0,0],[1,1,1,0,1,1,0,1,1,1]]"
10,280,-0.03529421621653015,0.03529421621653015,"[[1,1,0,0,0,0,1,0,0,0],[1,1,1,0,1,1,1,0,0,0]]"
10,281,-0.03515189502707495,0.03515189502707495,"[[1,1,0,0,0,0,1,0,0,0],[1,1,1,0,1,1,1,0,0,1]]"
10,282,-0.03628585705385999,0.03628585705385999,"[[1,1,0,0,0,0,1,0,0,0],[1,1,1,0,1,1,1,0,1,0]]"
10,283,-0.036143978365640844,0.036143978365640844,"[[1,1,0,0,0,0,1,0,0,0],[1,1,1,0,1,1,1,0,1,1]]"
10,284,-0.04088533997956679,0.04088533997956679,"[[1,1,0,0,0,0,1,0,0,0],[1,1,1,0,1,1,1,1,0,0]]"
10,285,-0.04073621640929234,0.04073621640929234,"[[1,1,0,0,0,0,1,0,0,0],[1,1,1,0,1,1,1,1,0,1]]"
10,286,-0.04195747906544132,0.04195747906544132,"[[1,1,0,0,0,0,1,0,0,0],[1,1,1,0,1,1,1,1,1,0]]"
10,287,-0.0418089760244014,0.0418089760244014,"[[1,1,0,0,0,0,1,0,0,0],[1,1,1,0,1,1,1,1,1,1]]"
10,288,-0.013161516681696094,0.013161516681696094,"[[1,1,0,0,0,0,1,0,0,1],[1,1,1,0,1,0,0,0,0,0]]"
10,289,-0.013095077647067289,0.013095077647067289,"[[1,1,0,0,0,0,1,0,0,1],[1,1,1,0,1,0,0,0,0,1]]"
10,290,-0.013930407681232573,0.013930407681232573,"[[1,1,0,0,0,0,1,0,0,1],[1,1,1,0,1,0,0,0,1,0]]"
10,291,-0.01386087116170264,0.01386087116170264,"[[1,1,0,0,0,0,1,0,0,1],[1,1,1,0,1,0,0,0,1,1]]"
10,292,-0.017115177707433045,0.017115177707433045,"[[1,1,0,0,0,0,1,0,0,1],[1,1,1,0,1,0,0,1,0,0]]"
10,293,-0.017033458780888786,0.017033458780888786,"[[1,1,0,0,0,0,1,0,0,1],[1,1,1,0,1,0,0,1,0,1]]"
10,294,-0.017829874839880973,0.017829874839880973,"[[1,1,0,0,0,0,1,0,0,1],[1,1,1,0,1,0,0,1,1,0]]"
10,295,-0.017749284997484606,0.017749284997484606,"[[1,1,0,0,0,0,1,0,0,1],[1,1,1,0,1,0,0,1,1,1]]"
10,296,-0.021489383566015024,0.021489383566015024,"[[1,1,0,0,0,0,1,0,0,1],[1,1,1,0,1,0,1,0,0,0]]"
10,297,-0.021405992458684277,0.021405992458684277,"[[1,1,0,0,0,0,1,0,0,1],[1,1,1,0,1,0,1,0,0,1]]"
10,298,-0.02228637556366697,0.02228637556366697,"[[1,1,0,0,0,0,1,0,0,1],[1,1,1,0,1,0,1,0,1,0]]"
10,299,-0.02220410017717204,0.02220410017717204,"[[1,1,0,0,0,0,1,0,0,1],[1,1,1,0,1,0,1,0,1,1]]"
10,300,-0.026049654592650982,0.026049654592650982,"[[1,1,0,0,0,0,1,0,0,1],[1,1,1,0,1,0,1,1,0,0]]"
10,301,-0.025945014096744302,0.025945014096744302,"[[1,1,0,0,0,0,1,0,0,1],[1,1,1,0,1,0,1,1,0,1]]"
10,302,-0.0268900056584324,0.0268900056584324,"[[1,1,0,0,0,0,1,0,0,1],[1,1,1,0,1,0,1,1,1,0]]"
10,303,-0.026785815150917748,0.026785815150917748,"[[1,1,0,0,0,0,1,0,0,1],[1,1,1,0,1,0,1,1,1,1]]"
10,304,-0.024693342718919733,0.024693342718919733,"[[1,1,0,0,0,0,1,0,0,1],[1,1,1,0,1,1,0,0,0,0]]"
10,305,-0.024563167473547556,0.024563167473547556,"[[1,1,0,0,0,0,1,0,0,1],[1,1,1,0,1,1,0,0,0,1]]"
10,306,-0.025608325073215595,0.025608325073215595,"[[1,1,0,0,0,0,1,0,0,1],[1,1,1,0,1,1,0,0,1,0]]"
10,307,-0.025480667458327985,0.025480667458327985,"[[1,1,0,0,0,0,1,0,0,1],[1,1,1,0,1,1,0,0,1,1]]"
10,308,-0.0297033443247576,0.0297033443247576,"[[1,1,0,0,0,0,1,0,0,1],[1,1,1,0,1,1,0,1,0,0]]"
10,309,-0.02957064661418078,0.02957064661418078,"[[1,1,0,0,0,0,1,0,0,1],[1,1,1,0,1,1,0,1,0,1]]"
10,310,-0.03056215780257957,0.03056215780257957,"[[1,1,0,0,0,0,1,0,0,1],[1,1,1,0,1,1,0,1,1,0]]"
10,311,-0.030432034586056003,0.030432034586056003,"[[1,1,0,0,0,0,1,0,0,1],[1,1,1,0,1,1,0,1,1,1]]"
10,312,-0.03525483376879931,0.03525483376879931,"[[1,1,0,0,0,0,1,0,0,1],[1,1,1,0,1,1,1,0,0,0]]"
10,313,-0.035107015900101415,0.035107015900101415,"[[1,1,0,0,0,0,1,0,0,1],[1,1,1,0,1,1,1,0,0,1]]"
10,314,-0.03624635532129963,0.03624635532129963,"[[1,1,0,0,0,0,1,0,0,1],[1,1,1,0,1,1,1,0,1,0]]"
10,315,-0.03609882987780364,0.03609882987780364,"[[1,1,0,0,0,0,1,0,0,1],[1,1,1,0,1,1,1,0,1,1]]"
10,316,-0.040854070403142186,0.040854070403142186,"[[1,1,0,0,0,0,1,0,0,1],[1,1,1,0,1,1,1,1,0,0]]"
10,317,-0.04068784078594554,0.04068784078594554,"[[1,1,0,0,0,0,1,0,0,1],[1,1,1,0,1,1,1,1,0,1]]"
10,318,-0.04192396912630999,0.04192396912630999,"[[1,1,0,0,0,0,1,0,0,1],[1,1,1,0,1,1,1,1,1,0]]"
10,319,-0.04175822329524265,0.04175822329524265,"[[1,1,0,0,0,0,1,0,0,1],[1,1,1,0,1,1,1,1,1,1]]"
10,320,-0.012354097045784057,0.012354097045784057,"[[1,1,0,0,0,0,1,0,1,0],[1,1,1,0,1,0,0,0,0,0]]"
10,321,-0.012308272603251139,0.012308272603251139,"[[1,1,0,0,0,0,1,0,1,0],[1,1,1,0,1,0,0,0,0,1]]"
10,322,-0.013274755697335274,0.013274755697335274,"[[1,1,0,0,0,0,1,0,1,0],[1,1,1,0,1,0,0,0,1,0]]"
10,323,-0.013211813267560525,0.013211813267560525,"[[1,1,0,0,0,0,1,0,1,0],[1,1,1,0,1,0,0,0,1,1]]"
10,324,-0.01610629128522515,0.01610629128522515,"[[1,1,0,0,0,0,1,0,1,0],[1,1,1,0,1,0,0,1,0,0]]"
10,325,-0.016041668245616383,0.016041668245616383,"[[1,1,0,0,0,0,1,0,1,0],[1,1,1,0,1,0,0,1,0,1]]"
10,326,-0.016909955029992974,0.016909955029992974,"[[1,1,0,0,0,0,1,0,1,0],[1,1,1,0,1,0,0,1,1,0]]"
10,327,-0.016846725284647347,0.016846725284647347,"[[1,1,0,0,0,0,1,0,1,0],[1,1,1,0,1,0,0,1,1,1]]"
10,328,-0.02049581602941584,0.02049581602941584,"[[1,1,0,0,0,0,1,0,1,0],[1,1,1,0,1,0,1,0,0,0]]"
10,329,-0.020421858679198678,0.020421858679198678,"[[1,1,0,0,0,0,1,0,1,0],[1,1,1,0,1,0,1,0,0,1]]"
10,330,-0.0214767409794973,0.0214767409794973,"[[1,1,0,0,0,0,1,0,1,0],[1,1,1,0,1,0,1,0,1,0]]"
10,331,-0.021401632937189753,0.021401632937189753,"[[1,1,0,0,0,0,1,0,1,0],[1,1,1,0,1,0,1,0,1,1]]"
10,332,-0.024854579022886444,0.024854579022886444,"[[1,1,0,0,0,0,1,0,1,0],[1,1,1,0,1,0,1,1,0,0]]"
10,333,-0.024769025969534248,0.024769025969534248,"[[1,1,0,0,0,0,1,0,1,0],[1,1,1,0,1,0,1,1,0,1]]"
10,334,-0.025822284134522103,0.025822284134522103,"[[1,1,0,0,0,0,1,0,1,0],[1,1,1,0,1,0,1,1,1,0]]"
10,335,-0.025737190903702075,0.025737190903702075,"[[1,1,0,0,0,0,1,0,1,0],[1,1,1,0,1,0,1,1,1,1]]"
10,336,-0.023508526749255316,0.023508526749255316,"[[1,1,0,0,0,0,1,0,1,0],[1,1,1,0,1,1,0,0,0,0]]"
10,337,-0.02339741628916909,0.02339741628916909,"[[1,1,0,0,0,0,1,0,1,0],[1,1,1,0,1,1,0,0,0,1]]"
10,338,-0.024606900629361855,0.024606900629361855,"[[1,1,0,0,0,0,1,0,1,0],[1,1,1,0,1,1,0,0,1,0]]"
10,339,-0.02449625650911383,0.02449625650911383,"[[1,1,0,0,0,0,1,0,1,0],[1,1,1,0,1,1,0,0,1,1]]"
10,340,-0.02801988700144014,0.02801988700144014,"[[1,1,0,0,0,0,1,0,1,0],[1,1,1,0,1,1,0,1,0,0]]"
10,341,-0.027903048736219772,0.027903048736219772,"[[1,1,0,0,0,0,1,0,1,0],[1,1,1,0,1,1,0,1,0,1]]"
10,342,-0.02903350418300505,0.02903350418300505,"[[1,1,0,0,0,0,1,0,1,0],[1,1,1,0,1,1,0,1,1,0]]"
10,343,-0.02892041950147342,0.02892041950147342,"[[1,1,0,0,0,0,1,0,1,0],[1,1,1,0,1,1,0,1,1,1]]"
10,344,-0.03386092484213899,0.03386092484213899,"[[1,1,0,0,0,0,1,0,1,0],[1,1,1,0,1,1,1,0,0,0]]"
10,345,-0.03372528491038511,0.03372528491038511,"[[1,1,0,0,0,0,1,0,1,0],[1,1,1,0,1,1,1,0,0,1]]"
10,346,-0.03510555820093698,0.03510555820093698,"[[1,1,0,0,0,0,1,0,1,0],[1,1,1,0,1,1,1,0,1,0]]"
10,347,-0.03496801649514555,0.03496801649514555,"[[1,1,0,0,0,0,1,0,1,0],[1,1,1,0,1,1,1,0,1,1]]"
10,348,-0.03898840249092759,0.03898840249092759,"[[1,1,0,0,0,0,1,0,1,0],[1,1,1,0,1,1,1,1,0,0]]"
10,349,-0.0388486016496939,0.0388486016496939,"[[1,1,0,0,0,0,1,0,1,0],[1,1,1,0,1,1,1,1,0,1]]"
10,350,-0.040157626871779754,0.040157626871779754,"[[1,1,0,0,0,0,1,0,1,0],[1,1,1,0,1,1,1,1,1,0]]"
10,351,-0.04001823105942345,0.04001823105942345,"[[1,1,0,0,0,0,1,0,1,0],[1,1,1,0,1,1,1,1,1,1]]"
10,352,-0.012371576885484728,0.012371576885484728,"[[1,1,0,0,0,0,1,0,1,1],[1,1,1,0,1,0,0,0,0,0]]"
10,353,-0.012308148913291708,0.012308148913291708,"[[1,1,0,0,0,0,1,0,1,1],[1,1,1,0,1,0,0,0,0,1]]"
10,354,-0.013265939396364864,0.013265939396364864,"[[1,1,0,0,0,0,1,0,1,1],[1,1,1,0,1,0,0,0,1,0]]"
10,355,-0.013201188746473658,0.013201188746473658,"[[1,1,0,0,0,0,1,0,1,1],[1,1,1,0,1,0,0,0,1,1]]"
10,356,-0.01611966688580632,0.01611966688580632,"[[1,1,0,0,0,0,1,0,1,1],[1,1,1,0,1,0,0,1,0,0]]"
10,357,-0.01605322455758706,0.01605322455758706,"[[1,1,0,0,0,0,1,0,1,1],[1,1,1,0,1,0,0,1,0,1]]"
10,358,-0.01692411676262911,0.01692411676262911,"[[1,1,0,0,0,0,1,0,1,1],[1,1,1,0,1,0,0,1,1,0]]"
10,359,-0.01685816053826618,0.01685816053826618,"[[1,1,0,0,0,0,1,0,1,1],[1,1,1,0,1,0,0,1,1,1]]"
10,360,-0.020493406099365393,0.020493406099365393,"[[1,1,0,0,0,0,1,0,1,1],[1,1,1,0,1,0,1,0,0,0]]"
10,361,-0.020417303106046118,0.020417303106046118,"[[1,1,0,0,0,0,1,0,1,1],[1,1,1,0,1,0,1,0,0,1]]"
10,362,-0.021472219264500447,0.021472219264500447,"[[1,1,0,0,0,0,1,0,1,1],[1,1,1,0,1,0,1,0,1,0]]"
10,363,-0.021394813065952988,0.021394813065952988,"[[1,1,0,0,0,0,1,0,1,1],[1,1,1,0,1,0,1,0,1,1]]"
10,364,-0.024850060307948833,0.024850060307948833,"[[1,1,0,0,0,0,1,0,1,1],[1,1,1,0,1,0,1,1,0,0]]"
10,365,-0.024752447582989966,0.024752447582989966,"[[1,1,0,0,0,0,1,0,1,1],[1,1,1,0,1,0,1,1,0,1]]"
10,366,-0.02581526953667842,0.02581526953667842,"[[1,1,0,0,0,0,1,0,1,1],[1,1,1,0,1,0,1,1,1,0]]"
10,367,-0.025717764670983845,0.025717764670983845,"[[1,1,0,0,0,0,1,0,1,1],[1,1,1,0,1,0,1,1,1,1]]"
10,368,-0.023488656389590617,0.023488656389590617,"[[1,1,0,0,0,0,1,0,1,1],[1,1,1,0,1,1,0,0,0,0]]"
10,369,-0.023365780529900255,0.023365780529900255,"[[1,1,0,0,0,0,1,0,1,1],[1,1,1,0,1,1,0,0,0,1]]"
10,370,-0.024584927782186256,0.024584927782186256,"[[1,1,0,0,0,0,1,0,1,1],[1,1,1,0,1,1,0,0,1,0]]"
10,371,-0.02446209901731996,0.02446209901731996,"[[1,1,0,0,0,0,1,0,1,1],[1,1,1,0,1,1,0,0,1,1]]"
10,372,-0.028013902725839,0.028013902725839,"[[1,1,0,0,0,0,1,0,1,1],[1,1,1,0,1,1,0,1,0,0]]"
10,373,-0.027892565117873108,0.027892565117873108,"[[1,1,0,0,0,0,1,0,1,1],[1,1,1,0,1,1,0,1,0,1]]"
10,374,-0.029030238251484528,0.029030238251484528,"[[1,1,0,0,0,0,1,0,1,1],[1,1,1,0,1,1,0,1,1,0]]"
10,375,-0.028910662161171333,0.028910662161171333,"[[1,1,0,0,0,0,1,0,1,1],[1,1,1,0,1,1,0,1,1,1]]"
10,376,-0.03382435161457327,0.03382435161457327,"[[1,1,0,0,0,0,1,0,1,1],[1,1,1,0,1,1,1,0,0,0]]"
10,377,-0.03368356938982306,0.03368356938982306,"[[1,1,0,0,0,0,1,0,1,1],[1,1,1,0,1,1,1,0,0,1]]"
10,378,-0.03506632982582349,0.03506632982582349,"[[1,1,0,0,0,0,1,0,1,1],[1,1,1,0,1,1,1,0,1,0]]"
10,379,-0.03492346359271147,0.03492346359271147,"[[1,1,0,0,0,0,1,0,1,1],[1,1,1,0,1,1,1,0,1,1]]"
10,380,-0.03898001788978998,0.03898001788978998,"[[1,1,0,0,0,0,1,0,1,1],[1,1,1,0,1,1,1,1,0,0]]"
10,381,-0.03883461273929425,0.03883461273929425,"[[1,1,0,0,0,0,1,0,1,1],[1,1,1,0,1,1,1,1,0,1]]"
10,382,-0.04014909491006617,0.04014909491006617,"[[1,1,0,0,0,0,1,0,1,1],[1,1,1,0,1,1,1,1,1,0]]"
10,383,-0.0400040018128496,0.0400040018128496,"[[1,1,0,0,0,0,1,0,1,1],[1,1,1,0,1,1,1,1,1,1]]"
10,384,-0.009380411513600972,0.009380411513600972,"[[1,1,0,0,0,0,1,1,0,0],[1,1,1,0,1,0,0,0,0,0]]"
10,385,-0.009260855099047671,0.009260855099047671,"[[1,1,0,0,0,0,1,1,0,0],[1,1,1,0,1,0,0,0,0,1]]"
10,386,-0.00978807071253593,0.00978807071253593,"[[1,1,0,0,0,0,1,1,0,0],[1,1,1,0,1,0,0,0,1,0]]"
10,387,-0.009720413345934896,0.009720413345934896,"[[1,1,0,0,0,0,1,1,0,0],[1,1,1,0,1,0,0,0,1,1]]"
10,388,-0.012884004358242282,0.012884004358242282,"[[1,1,0,0,0,0,1,1,0,0],[1,1,1,0,1,0,0,1,0,0]]"
10,389,-0.012825360087785597,0.012825360087785597,"[[1,1,0,0,0,0,1,1,0,0],[1,1,1,0,1,0,0,1,0,1]]"
10,390,-0.013489805994783097,0.013489805994783097,"[[1,1,0,0,0,0,1,1,0,0],[1,1,1,0,1,0,0,1,1,0]]"
10,391,-0.013432394712357796,0.013432394712357796,"[[1,1,0,0,0,0,1,1,0,0],[1,1,1,0,1,0,0,1,1,1]]"
10,392,-0.01641415525169839,0.01641415525169839,"[[1,1,0,0,0,0,1,1,0,0],[1,1,1,0,1,0,1,0,0,0]]"
10,393,-0.01628158354591509,0.01628158354591509,"[[1,1,0,0,0,0,1,1,0,0],[1,1,1,0,1,0,1,0,0,1]]"
10,394,-0.016839499213472088,0.016839499213472088,"[[1,1,0,0,0,0,1,1,0,0],[1,1,1,0,1,0,1,0,1,0]]"
10,395,-0.01675737995092222,0.01675737995092222,"[[1,1,0,0,0,0,1,1,0,0],[1,1,1,0,1,0,1,0,1,1]]"
10,396,-0.020763203701101705,0.020763203701101705,"[[1,1,0,0,0,0,1,1,0,0],[1,1,1,0,1,0,1,1,0,0]]"
10,397,-0.020686795979235093,0.020686795979235093,"[[1,1,0,0,0,0,1,1,0,0],[1,1,1,0,1,0,1,1,0,1]]"
10,398,-0.021500536510067315,0.021500536510067315,"[[1,1,0,0,0,0,1,1,0,0],[1,1,1,0,1,0,1,1,1,0]]"
10,399,-0.021421222196147238,0.021421222196147238,"[[1,1,0,0,0,0,1,1,0,0],[1,1,1,0,1,0,1,1,1,1]]"
10,400,-0.019524010802646853,0.019524010802646853,"[[1,1,0,0,0,0,1,1,0,0],[1,1,1,0,1,1,0,0,0,0]]"
10,401,-0.019296459292720638,0.019296459292720638,"[[1,1,0,0,0,0,1,1,0,0],[1,1,1,0,1,1,0,0,0,1]]"
10,402,-0.019832721978842227,0.019832721978842227,"[[1,1,0,0,0,0,1,1,0,0],[1,1,1,0,1,1,0,0,1,0]]"
10,403,-0.019700654907874746,0.019700654907874746,"[[1,1,0,0,0,0,1,1,0,0],[1,1,1,0,1,1,0,0,1,1]]"
10,404,-0.02385776503983237,0.02385776503983237,"[[1,1,0,0,0,0,1,1,0,0],[1,1,1,0,1,1,0,1,0,0]]"
10,405,-0.023749508014046718,0.023749508014046718,"[[1,1,0,0,0,0,1,1,0,0],[1,1,1,0,1,1,0,1,0,1]]"
10,406,-0.024709760876813723,0.024709760876813723,"[[1,1,0,0,0,0,1,1,0,0],[1,1,1,0,1,1,0,1,1,0]]"
10,407,-0.02460110286622559,0.02460110286622559,"[[1,1,0,0,0,0,1,1,0,0],[1,1,1,0,1,1,0,1,1,1]]"
10,408,-0.02882270326682784,0.02882270326682784,"[[1,1,0,0,0,0,1,1,0,0],[1,1,1,0,1,1,1,0,0,0]]"
10,409,-0.028592590702667127,0.028592590702667127,"[[1,1,0,0,0,0,1,1,0,0],[1,1,1,0,1,1,1,0,0,1]]"
10,410,-0.029148364372263865,0.029148364372263865,"[[1,1,0,0,0,0,1,1,0,0],[1,1,1,0,1,1,1,0,1,0]]"
10,411,-0.02900005961269301,0.02900005961269301,"[[1,1,0,0,0,0,1,1,0,0],[1,1,1,0,1,1,1,0,1,1]]"
10,412,-0.03394672142837165,0.03394672142837165,"[[1,1,0,0,0,0,1,1,0,0],[1,1,1,0,1,1,1,1,0,0]]"
10,413,-0.033808358661789197,0.033808358661789197,"[[1,1,0,0,0,0,1,1,0,0],[1,1,1,0,1,1,1,1,0,1]]"
10,414,-0.034924677652320824,0.034924677652320824,"[[1,1,0,0,0,0,1,1,0,0],[1,1,1,0,1,1,1,1,1,0]]"
10,415,-0.03478677987990065,0.03478677987990065,"[[1,1,0,0,0,0,1,1,0,0],[1,1,1,0,1,1,1,1,1,1]]"
10,416,-0.009398635316751927,0.009398635316751927,"[[1,1,0,0,0,0,1,1,0,1],[1,1,1,0,1,0,0,0,0,0]]"
10,417,-0.00927096187609035,0.00927096187609035,"[[1,1,0,0,0,0,1,1,0,1],[1,1,1,0,1,0,0,0,0,1]]"
10,418,-0.009784373872768646,0.009784373872768646,"[[1,1,0,0,0,0,1,1,0,1],[1,1,1,0,1,0,0,0,1,0]]"
10,419,-0.009715332249382947,0.009715332249382947,"[[1,1,0,0,0,0,1,1,0,1],[1,1,1,0,1,0,0,0,1,1]]"
10,420,-0.012879566326990827,0.012879566326990827,"[[1,1,0,0,0,0,1,1,0,1],[1,1,1,0,1,0,0,1,0,0]]"
10,421,-0.012819362542742576,0.012819362542742576,"[[1,1,0,0,0,0,1,1,0,1],[1,1,1,0,1,0,0,1,0,1]]"
10,422,-0.013485791052388996,0.013485791052388996,"[[1,1,0,0,0,0,1,1,0,1],[1,1,1,0,1,0,0,1,1,0]]"
10,423,-0.013426713449325436,0.013426713449325436,"[[1,1,0,0,0,0,1,1,0,1],[1,1,1,0,1,0,0,1,1,1]]"
10,424,-0.016429296466197448,0.016429296466197448,"[[1,1,0,0,0,0,1,1,0,1],[1,1,1,0,1,0,1,0,0,0]]"
10,425,-0.016279016658465015,0.016279016658465015,"[[1,1,0,0,0,0,1,1,0,1],[1,1,1,0,1,0,1,0,0,1]]"
10,426,-0.016842482532151405,0.016842482532151405,"[[1,1,0,0,0,0,1,1,0,1],[1,1,1,0,1,0,1,0,1,0]]"
10,427,-0.016758638985508046,0.016758638985508046,"[[1,1,0,0,0,0,1,1,0,1],[1,1,1,0,1,0,1,0,1,1]]"
10,428,-0.020755781988357987,0.020755781988357987,"[[1,1,0,0,0,0,1,1,0,1],[1,1,1,0,1,0,1,1,0,0]]"
10,429,-0.020673456581087494,0.020673456581087494,"[[1,1,0,0,0,0,1,1,0,1],[1,1,1,0,1,0,1,1,0,1]]"
10,430,-0.021489612400152614,0.021489612400152614,"[[1,1,0,0,0,0,1,1,0,1],[1,1,1,0,1,0,1,1,1,0]]"
10,431,-0.021407789928391447,0.021407789928391447,"[[1,1,0,0,0,0,1,1,0,1],[1,1,1,0,1,0,1,1,1,1]]"
10,432,-0.019519327330166803,0.019519327330166803,"[[1,1,0,0,0,0,1,1,0,1],[1,1,1,0,1,1,0,0,0,0]]"
10,433,-0.019274844456695975,0.019274844456695975,"[[1,1,0,0,0,0,1,1,0,1],[1,1,1,0,1,1,0,0,0,1]]"
10,434,-0.01980490930245712,0.01980490930245712,"[[1,1,0,0,0,0,1,1,0,1],[1,1,1,0,1,1,0,0,1,0]]"
10,435,-0.019668787343560725,0.019668787343560725,"[[1,1,0,0,0,0,1,1,0,1],[1,1,1,0,1,1,0,0,1,1]]"
10,436,-0.0238331375648251,0.0238331375648251,"[[1,1,0,0,0,0,1,1,0,1],[1,1,1,0,1,1,0,1,0,0]]"
10,437,-0.02371384850037518,0.02371384850037518,"[[1,1,0,0,0,0,1,1,0,1],[1,1,1,0,1,1,0,1,0,1]]"
10,438,-0.024683920508095897,0.024683920508095897,"[[1,1,0,0,0,0,1,1,0,1],[1,1,1,0,1,1,0,1,1,0]]"
10,439,-0.02456576083029947,0.02456576083029947,"[[1,1,0,0,0,0,1,1,0,1],[1,1,1,0,1,1,0,1,1,1]]"
10,440,-0.028813988934138765,0.028813988934138765,"[[1,1,0,0,0,0,1,1,0,1],[1,1,1,0,1,1,1,0,0,0]]"
10,441,-0.028562722218001494,0.028562722218001494,"[[1,1,0,0,0,0,1,1,0,1],[1,1,1,0,1,1,1,0,0,1]]"
10,442,-0.02912554317198733,0.02912554317198733,"[[1,1,0,0,0,0,1,1,0,1],[1,1,1,0,1,1,1,0,1,0]]"
10,443,-0.028972754082485837,0.028972754082485837,"[[1,1,0,0,0,0,1,1,0,1],[1,1,1,0,1,1,1,0,1,1]]"
10,444,-0.03390819358354669,0.03390819358354669,"[[1,1,0,0,0,0,1,1,0,1],[1,1,1,0,1,1,1,1,0,0]]"
10,445,-0.03376446641607818,0.03376446641607818,"[[1,1,0,0,0,0,1,1,0,1],[1,1,1,0,1,1,1,1,0,1]]"
10,446,-0.03488601734339624,0.03488601734339624,"[[1,1,0,0,0,0,1,1,0,1],[1,1,1,0,1,1,1,1,1,0]]"
10,447,-0.03474259958615829,0.03474259958615829,"[[1,1,0,0,0,0,1,1,0,1],[1,1,1,0,1,1,1,1,1,1]]"
10,448,-0.008673195948774715,0.008673195948774715,"[[1,1,0,0,0,0,1,1,1,0],[1,1,1,0,1,0,0,0,0,0]]"
10,449,-0.008584766990803839,0.008584766990803839,"[[1,1,0,0,0,0,1,1,1,0],[1,1,1,0,1,0,0,0,0,1]]"
10,450,-0.009242391839587975,0.009242391839587975,"[[1,1,0,0,0,0,1,1,1,0],[1,1,1,0,1,0,0,0,1,0]]"
10,451,-0.009191359432750802,0.009191359432750802,"[[1,1,0,0,0,0,1,1,1,0],[1,1,1,0,1,0,0,0,1,1]]"
10,452,-0.012093839499777053,0.012093839499777053,"[[1,1,0,0,0,0,1,1,1,0],[1,1,1,0,1,0,0,1,0,0]]"
10,453,-0.012046240100654084,0.012046240100654084,"[[1,1,0,0,0,0,1,1,1,0],[1,1,1,0,1,0,0,1,0,1]]"
10,454,-0.012815106663291616,0.012815106663291616,"[[1,1,0,0,0,0,1,1,1,0],[1,1,1,0,1,0,0,1,1,0]]"
10,455,-0.012767836636105758,0.012767836636105758,"[[1,1,0,0,0,0,1,1,1,0],[1,1,1,0,1,0,0,1,1,1]]"
10,456,-0.01550177399609444,0.01550177399609444,"[[1,1,0,0,0,0,1,1,1,0],[1,1,1,0,1,0,1,0,0,0]]"
10,457,-0.015397983004942002,0.015397983004942002,"[[1,1,0,0,0,0,1,1,1,0],[1,1,1,0,1,0,1,0,0,1]]"
10,458,-0.016148741598598196,0.016148741598598196,"[[1,1,0,0,0,0,1,1,1,0],[1,1,1,0,1,0,1,0,1,0]]"
10,459,-0.016071809105367374,0.016071809105367374,"[[1,1,0,0,0,0,1,1,1,0],[1,1,1,0,1,0,1,0,1,1]]"
10,460,-0.019777474762260525,0.019777474762260525,"[[1,1,0,0,0,0,1,1,1,0],[1,1,1,0,1,0,1,1,0,0]]"
10,461,-0.019706113940889582,0.019706113940889582,"[[1,1,0,0,0,0,1,1,1,0],[1,1,1,0,1,0,1,1,0,1]]"
10,462,-0.02069489631074479,0.02069489631074479,"[[1,1,0,0,0,0,1,1,1,0],[1,1,1,0,1,0,1,1,1,0]]"
10,463,-0.02061996746930649,0.02061996746930649,"[[1,1,0,0,0,0,1,1,1,0],[1,1,1,0,1,0,1,1,1,1]]"
10,464,-0.01834236463734949,0.01834236463734949,"[[1,1,0,0,0,0,1,1,1,0],[1,1,1,0,1,1,0,0,0,0]]"
10,465,-0.018166283211214898,0.018166283211214898,"[[1,1,0,0,0,0,1,1,1,0],[1,1,1,0,1,1,0,0,0,1]]"
10,466,-0.018895863292629322,0.018895863292629322,"[[1,1,0,0,0,0,1,1,1,0],[1,1,1,0,1,1,0,0,1,0]]"
10,467,-0.018775808795065588,0.018775808795065588,"[[1,1,0,0,0,0,1,1,1,0],[1,1,1,0,1,1,0,0,1,1]]"
10,468,-0.02254103844010586,0.02254103844010586,"[[1,1,0,0,0,0,1,1,1,0],[1,1,1,0,1,1,0,1,0,0]]"
10,469,-0.022442315703430627,0.022442315703430627,"[[1,1,0,0,0,0,1,1,1,0],[1,1,1,0,1,1,0,1,0,1]]"
10,470,-0.0234459134971872,0.0234459134971872,"[[1,1,0,0,0,0,1,1,1,0],[1,1,1,0,1,1,0,1,1,0]]"
10,471,-0.023348580372780585,0.023348580372780585,"[[1,1,0,0,0,0,1,1,1,0],[1,1,1,0,1,1,0,1,1,1]]"
10,472,-0.027438748618028273,0.027438748618028273,"[[1,1,0,0,0,0,1,1,1,0],[1,1,1,0,1,1,1,0,0,0]]"
10,473,-0.027257130582398936,0.027257130582398936,"[[1,1,0,0,0,0,1,1,1,0],[1,1,1,0,1,1,1,0,0,1]]"
10,474,-0.0281097042187705,0.0281097042187705,"[[1,1,0,0,0,0,1,1,1,0],[1,1,1,0,1,1,1,0,1,0]]"
10,475,-0.027966515711316538,0.027966515711316538,"[[1,1,0,0,0,0,1,1,1,0],[1,1,1,0,1,1,1,0,1,1]]"
10,476,-0.032461256124442374,0.032461256124442374,"[[1,1,0,0,0,0,1,1,1,0],[1,1,1,0,1,1,1,1,0,0]]"
10,477,-0.032339880065191465,0.032339880065191465,"[[1,1,0,0,0,0,1,1,1,0],[1,1,1,0,1,1,1,1,0,1]]"
10,478,-0.03352176038495482,0.03352176038495482,"[[1,1,0,0,0,0,1,1,1,0],[1,1,1,0,1,1,1,1,1,0]]"
10,479,-0.03340079404346422,0.03340079404346422,"[[1,1,0,0,0,0,1,1,1,0],[1,1,1,0,1,1,1,1,1,1]]"
10,480,-0.008695356999451976,0.008695356999451976,"[[1,1,0,0,0,0,1,1,1,1],[1,1,1,0,1,0,0,0,0,0]]"
10,481,-0.008599666104152887,0.008599666104152887,"[[1,1,0,0,0,0,1,1,1,1],[1,1,1,0,1,0,0,0,0,1]]"
10,482,-0.009239336908158306,0.009239336908158306,"[[1,1,0,0,0,0,1,1,1,1],[1,1,1,0,1,0,0,0,1,0]]"
10,483,-0.009199863683104933,0.009199863683104933,"[[1,1,0,0,0,0,1,1,1,1],[1,1,1,0,1,0,0,0,1,1]]"
10,484,-0.012096658038921288,0.012096658038921288,"[[1,1,0,0,0,0,1,1,1,1],[1,1,1,0,1,0,0,1,0,0]]"
10,485,-0.012043562929026592,0.012043562929026592,"[[1,1,0,0,0,0,1,1,1,1],[1,1,1,0,1,0,0,1,0,1]]"
10,486,-0.01281532803622453,0.01281532803622453,"[[1,1,0,0,0,0,1,1,1,1],[1,1,1,0,1,0,0,1,1,0]]"
10,487,-0.012778177122235976,0.012778177122235976,"[[1,1,0,0,0,0,1,1,1,1],[1,1,1,0,1,0,0,1,1,1]]"
10,488,-0.015514148425721512,0.015514148425721512,"[[1,1,0,0,0,0,1,1,1,1],[1,1,1,0,1,0,1,0,0,0]]"
10,489,-0.015399070558519325,0.015399070558519325,"[[1,1,0,0,0,0,1,1,1,1],[1,1,1,0,1,0,1,0,0,1]]"
10,490,-0.016152011290394026,0.016152011290394026,"[[1,1,0,0,0,0,1,1,1,1],[1,1,1,0,1,0,1,0,1,0]]"
10,491,-0.016073693726614154,0.016073693726614154,"[[1,1,0,0,0,0,1,1,1,1],[1,1,1,0,1,0,1,0,1,1]]"
10,492,-0.019771104118876157,0.019771104118876157,"[[1,1,0,0,0,0,1,1,1,1],[1,1,1,0,1,0,1,1,0,0]]"
10,493,-0.01969589272659439,0.01969589272659439,"[[1,1,0,0,0,0,1,1,1,1],[1,1,1,0,1,0,1,1,0,1]]"
10,494,-0.02068419020386603,0.02068419020386603,"[[1,1,0,0,0,0,1,1,1,1],[1,1,1,0,1,0,1,1,1,0]]"
10,495,-0.020607080351599572,0.020607080351599572,"[[1,1,0,0,0,0,1,1,1,1],[1,1,1,0,1,0,1,1,1,1]]"
10,496,-0.01834913558134712,0.01834913558134712,"[[1,1,0,0,0,0,1,1,1,1],[1,1,1,0,1,1,0,0,0,0]]"
10,497,-0.018148525224950512,0.018148525224950512,"[[1,1,0,0,0,0,1,1,1,1],[1,1,1,0,1,1,0,0,0,1]]"
10,498,-0.018875293625595382,0.018875293625595382,"[[1,1,0,0,0,0,1,1,1,1],[1,1,1,0,1,1,0,0,1,0]]"
10,499,-0.018744878129358794,0.018744878129358794,"[[1,1,0,0,0,0,1,1,1,1],[1,1,1,0,1,1,0,0,1,1]]"
10,500,-0.022539123111583192,0.022539123111583192,"[[1,1,0,0,0,0,1,1,1,1],[1,1,1,0,1,1,0,1,0,0]]"
10,501,-0.0224367775781755,0.0224367775781755,"[[1,1,0,0,0,0,1,1,1,1],[1,1,1,0,1,1,0,1,0,1]]"
10,502,-0.02344478318454223,0.02344478318454223,"[[1,1,0,0,0,0,1,1,1,1],[1,1,1,0,1,1,0,1,1,0]]"
10,503,-0.023342689344371923,0.023342689344371923,"[[1,1,0,0,0,0,1,1,1,1],[1,1,1,0,1,1,0,1,1,1]]"
10,504,-0.0274328249601712,0.0274328249601712,"[[1,1,0,0,0,0,1,1,1,1],[1,1,1,0,1,1,1,0,0,0]]"
10,505,-0.02723095836874404,0.02723095836874404,"[[1,1,0,0,0,0,1,1,1,1],[1,1,1,0,1,1,1,0,0,1]]"
10,506,-0.028087224546255545,0.028087224546255545,"[[1,1,0,0,0,0,1,1,1,1],[1,1,1,0,1,1,1,0,1,0]]"
10,507,-0.027939893841258306,0.027939893841258306,"[[1,1,0,0,0,0,1,1,1,1],[1,1,1,0,1,1,1,0,1,1]]"
10,508,-0.03243935761925862,0.03243935761925862,"[[1,1,0,0,0,0,1,1,1,1],[1,1,1,0,1,1,1,1,0,0]]"
10,509,-0.03230335782919454,0.03230335782919454,"[[1,1,0,0,0,0,1,1,1,1],[1,1,1,0,1,1,1,1,0,1]]"
10,510,-0.03349718742811434,0.03349718742811434,"[[1,1,0,0,0,0,1,1,1,1],[1,1,1,0,1,1,1,1,1,0]]"
10,511,-0.033361249722968,0.033361249722968,"[[1,1,0,0,0,0,1,1,1,1],[1,1,1,0,1,1,1,1,1,1]]"
10,512,-0.011276107801444784,0.011276107801444784,"[[1,1,0,0,0,1,0,0,0,0],[1,1,1,0,1,0,0,0,0,0]]"
10,513,-0.01118435114622849,0.01118435114622849,"[[1,1,0,0,0,1,0,0,0,0],[1,1,1,0,1,0,0,0,0,1]]"
10,514,-0.01153134949536182,0.01153134949536182,"[[1,1,0,0,0,1,0,0,0,0],[1,1,1,0,1,0,0,0,1,0]]"
10,515,-0.011449321495994955,0.011449321495994955,"[[1,1,0,0,0,1,0,0,0,0],[1,1,1,0,1,0,0,0,1,1]]"
10,516,-0.01391196946275331,0.01391196946275331,"[[1,1,0,0,0,1,0,0,0,0],[1,1,1,0,1,0,0,1,0,0]]"
10,517,-0.013801718576907518,0.013801718576907518,"[[1,1,0,0,0,1,0,0,0,0],[1,1,1,0,1,0,0,1,0,1]]"
10,518,-0.014192169242065077,0.014192169242065077,"[[1,1,0,0,0,1,0,0,0,0],[1,1,1,0,1,0,0,1,1,0]]"
10,519,-0.014093155330924529,0.014093155330924529,"[[1,1,0,0,0,1,0,0,0,0],[1,1,1,0,1,0,0,1,1,1]]"
10,520,-0.01753136641709642,0.01753136641709642,"[[1,1,0,0,0,1,0,0,0,0],[1,1,1,0,1,0,1,0,0,0]]"
10,521,-0.017403887346662986,0.017403887346662986,"[[1,1,0,0,0,1,0,0,0,0],[1,1,1,0,1,0,1,0,0,1]]"
10,522,-0.017842402640772026,0.017842402640772026,"[[1,1,0,0,0,1,0,0,0,0],[1,1,1,0,1,0,1,0,1,0]]"
10,523,-0.01772464378249968,0.01772464378249968,"[[1,1,0,0,0,1,0,0,0,0],[1,1,1,0,1,0,1,0,1,1]]"
10,524,-0.020741062125006805,0.020741062125006805,"[[1,1,0,0,0,1,0,0,0,0],[1,1,1,0,1,0,1,1,0,0]]"
10,525,-0.02059366142979671,0.02059366142979671,"[[1,1,0,0,0,1,0,0,0,0],[1,1,1,0,1,0,1,1,0,1]]"
10,526,-0.021042496219787633,0.021042496219787633,"[[1,1,0,0,0,1,0,0,0,0],[1,1,1,0,1,0,1,1,1,0]]"
10,527,-0.020898502647698446,0.020898502647698446,"[[1,1,0,0,0,1,0,0,0,0],[1,1,1,0,1,0,1,1,1,1]]"
10,528,-0.01762804324120971,0.01762804324120971,"[[1,1,0,0,0,1,0,0,0,0],[1,1,1,0,1,1,0,0,0,0]]"
10,529,-0.01747014325360543,0.01747014325360543,"[[1,1,0,0,0,1,0,0,0,0],[1,1,1,0,1,1,0,0,0,1]]"
10,530,-0.01782689262688792,0.01782689262688792,"[[1,1,0,0,0,1,0,0,0,0],[1,1,1,0,1,1,0,0,1,0]]"
10,531,-0.017677096667744384,0.017677096667744384,"[[1,1,0,0,0,1,0,0,0,0],[1,1,1,0,1,1,0,0,1,1]]"
10,532,-0.020672388683880157,0.020672388683880157,"[[1,1,0,0,0,1,0,0,0,0],[1,1,1,0,1,1,0,1,0,0]]"
10,533,-0.02049697181285218,0.02049697181285218,"[[1,1,0,0,0,1,0,0,0,0],[1,1,1,0,1,1,0,1,0,1]]"
10,534,-0.02084158273181267,0.02084158273181267,"[[1,1,0,0,0,1,0,0,0,0],[1,1,1,0,1,1,0,1,1,0]]"
10,535,-0.02069583426097604,0.02069583426097604,"[[1,1,0,0,0,1,0,0,0,0],[1,1,1,0,1,1,0,1,1,1]]"
10,536,-0.02520561189054197,0.02520561189054197,"[[1,1,0,0,0,1,0,0,0,0],[1,1,1,0,1,1,1,0,0,0]]"
10,537,-0.02500669822095668,0.02500669822095668,"[[1,1,0,0,0,1,0,0,0,0],[1,1,1,0,1,1,1,0,0,1]]"
10,538,-0.025441219778693798,0.025441219778693798,"[[1,1,0,0,0,1,0,0,0,0],[1,1,1,0,1,1,1,0,1,0]]"
10,539,-0.02530366995387662,0.02530366995387662,"[[1,1,0,0,0,1,0,0,0,0],[1,1,1,0,1,1,1,0,1,1]]"
10,540,-0.028887561978644685,0.028887561978644685,"[[1,1,0,0,0,1,0,0,0,0],[1,1,1,0,1,1,1,1,0,0]]"
10,541,-0.02866813582002264,0.02866813582002264,"[[1,1,0,0,0,1,0,0,0,0],[1,1,1,0,1,1,1,1,0,1]]"
10,542,-0.029123196469042125,0.029123196469042125,"[[1,1,0,0,0,1,0,0,0,0],[1,1,1,0,1,1,1,1,1,0]]"
10,543,-0.029019958319022002,0.029019958319022002,"[[1,1,0,0,0,1,0,0,0,0],[1,1,1,0,1,1,1,1,1,1]]"
10,544,-0.01133232293165501,0.01133232293165501,"[[1,1,0,0,0,1,0,0,0,1],[1,1,1,0,1,0,0,0,0,0]]"
10,545,-0.011241060681891527,0.011241060681891527,"[[1,1,0,0,0,1,0,0,0,1],[1,1,1,0,1,0,0,0,0,1]]"
10,546,-0.011590814852144058,0.011590814852144058,"[[1,1,0,0,0,1,0,0,0,1],[1,1,1,0,1,0,0,0,1,0]]"
10,547,-0.011516273120566998,0.011516273120566998,"[[1,1,0,0,0,1,0,0,0,1],[1,1,1,0,1,0,0,0,1,1]]"
10,548,-0.013970713044743238,0.013970713044743238,"[[1,1,0,0,0,1,0,0,0,1],[1,1,1,0,1,0,0,1,0,0]]"
10,549,-0.01386057068777372,0.01386057068777372,"[[1,1,0,0,0,1,0,0,0,1],[1,1,1,0,1,0,0,1,0,1]]"
10,550,-0.014252826349711468,0.014252826349711468,"[[1,1,0,0,0,1,0,0,0,1],[1,1,1,0,1,0,0,1,1,0]]"
10,551,-0.014147921576495413,0.014147921576495413,"[[1,1,0,0,0,1,0,0,0,1],[1,1,1,0,1,0,0,1,1,1]]"
10,552,-0.017596704977457783,0.017596704977457783,"[[1,1,0,0,0,1,0,0,0,1],[1,1,1,0,1,0,1,0,0,0]]"
10,553,-0.017469180054122284,0.017469180054122284,"[[1,1,0,0,0,1,0,0,0,1],[1,1,1,0,1,0,1,0,0,1]]"
10,554,-0.017910979113917584,0.017910979113917584,"[[1,1,0,0,0,1,0,0,0,1],[1,1,1,0,1,0,1,0,1,0]]"
10,555,-0.017793327127708904,0.017793327127708904,"[[1,1,0,0,0,1,0,0,0,1],[1,1,1,0,1,0,1,0,1,1]]"
10,556,-0.020807978987586392,0.020807978987586392,"[[1,1,0,0,0,1,0,0,0,1],[1,1,1,0,1,0,1,1,0,0]]"
10,557,-0.02065479426943377,0.02065479426943377,"[[1,1,0,0,0,1,0,0,0,1],[1,1,1,0,1,0,1,1,0,1]]"
10,558,-0.02110274022077135,0.02110274022077135,"[[1,1,0,0,0,1,0,0,0,1],[1,1,1,0,1,0,1,1,1,0]]"
10,559,-0.020956902558991485,0.020956902558991485,"[[1,1,0,0,0,1,0,0,0,1],[1,1,1,0,1,0,1,1,1,1]]"
10,560,-0.017678436108666037,0.017678436108666037,"[[1,1,0,0,0,1,0,0,0,1],[1,1,1,0,1,1,0,0,0,0]]"
10,561,-0.017519878910215905,0.017519878910215905,"[[1,1,0,0,0,1,0,0,0,1],[1,1,1,0,1,1,0,0,0,1]]"
10,562,-0.017879480740757594,0.017879480740757594,"[[1,1,0,0,0,1,0,0,0,1],[1,1,1,0,1,1,0,0,1,0]]"
10,563,-0.01772914321722742,0.01772914321722742,"[[1,1,0,0,0,1,0,0,0,1],[1,1,1,0,1,1,0,0,1,1]]"
10,564,-0.020723795673233812,0.020723795673233812,"[[1,1,0,0,0,1,0,0,0,1],[1,1,1,0,1,1,0,1,0,0]]"
10,565,-0.020546298201226797,0.020546298201226797,"[[1,1,0,0,0,1,0,0,0,1],[1,1,1,0,1,1,0,1,0,1]]"
10,566,-0.0208970146237869,0.0208970146237869,"[[1,1,0,0,0,1,0,0,0,1],[1,1,1,0,1,1,0,1,1,0]]"
10,567,-0.020739223733557664,0.020739223733557664,"[[1,1,0,0,0,1,0,0,0,1],[1,1,1,0,1,1,0,1,1,1]]"
10,568,-0.025260279951674534,0.025260279951674534,"[[1,1,0,0,0,1,0,0,0,1],[1,1,1,0,1,1,1,0,0,0]]"
10,569,-0.02505899694308454,0.02505899694308454,"[[1,1,0,0,0,1,0,0,0,1],[1,1,1,0,1,1,1,0,0,1]]"
10,570,-0.02549804818701692,0.02549804818701692,"[[1,1,0,0,0,1,0,0,0,1],[1,1,1,0,1,1,1,0,1,0]]"
10,571,-0.02534616075865627,0.02534616075865627,"[[1,1,0,0,0,1,0,0,0,1],[1,1,1,0,1,1,1,0,1,1]]"
10,572,-0.028942223283706613,0.028942223283706613,"[[1,1,0,0,0,1,0,0,0,1],[1,1,1,0,1,1,1,1,0,0]]"
10,573,-0.028718730789005876,0.028718730789005876,"[[1,1,0,0,0,1,0,0,0,1],[1,1,1,0,1,1,1,1,0,1]]"
10,574,-0.029168707745308317,0.029168707745308317,"[[1,1,0,0,0,1,0,0,0,1],[1,1,1,0,1,1,1,1,1,0]]"
10,575,-0.029062638978942408,0.029062638978942408,"[[1,1,0,0,0,1,0,0,0,1],[1,1,1,0,1,1,1,1,1,1]]"
10,576,-0.010556645321570473,0.010556645321570473,"[[1,1,0,0,0,1,0,0,1,0],[1,1,1,0,1,0,0,0,0,0]]"
10,577,-0.010489620215841591,0.010489620215841591,"[[1,1,0,0,0,1,0,0,1,0],[1,1,1,0,1,0,0,0,0,1]]"
10,578,-0.010950655078200353,0.010950655078200353,"[[1,1,0,0,0,1,0,0,1,0],[1,1,1,0,1,0,0,0,1,0]]"
10,579,-0.010901293699373616,0.010901293699373616,"[[1,1,0,0,0,1,0,0,1,0],[1,1,1,0,1,0,0,0,1,1]]"
10,580,-0.01308154937894467,0.01308154937894467,"[[1,1,0,0,0,1,0,0,1,0],[1,1,1,0,1,0,0,1,0,0]]"
10,581,-0.012992393764124966,0.012992393764124966,"[[1,1,0,0,0,1,0,0,1,0],[1,1,1,0,1,0,0,1,0,1]]"
10,582,-0.013520341119663746,0.013520341119663746,"[[1,1,0,0,0,1,0,0,1,0],[1,1,1,0,1,0,0,1,1,0]]"
10,583,-0.013460690022314658,0.013460690022314658,"[[1,1,0,0,0,1,0,0,1,0],[1,1,1,0,1,0,0,1,1,1]]"
10,584,-0.01658742383673857,0.01658742383673857,"[[1,1,0,0,0,1,0,0,1,0],[1,1,1,0,1,0,1,0,0,0]]"
10,585,-0.01647321368793482,0.01647321368793482,"[[1,1,0,0,0,1,0,0,1,0],[1,1,1,0,1,0,1,0,0,1]]"
10,586,-0.0170628810708885,0.0170628810708885,"[[1,1,0,0,0,1,0,0,1,0],[1,1,1,0,1,0,1,0,1,0]]"
10,587,-0.016952694665026476,0.016952694665026476,"[[1,1,0,0,0,1,0,0,1,0],[1,1,1,0,1,0,1,0,1,1]]"
10,588,-0.01966865102021997,0.01966865102021997,"[[1,1,0,0,0,1,0,0,1,0],[1,1,1,0,1,0,1,1,0,0]]"
10,589,-0.01954006104343605,0.01954006104343605,"[[1,1,0,0,0,1,0,0,1,0],[1,1,1,0,1,0,1,1,0,1]]"
10,590,-0.020134006071912333,0.020134006071912333,"[[1,1,0,0,0,1,0,0,1,0],[1,1,1,0,1,0,1,1,1,0]]"
10,591,-0.0200280618369559,0.0200280618369559,"[[1,1,0,0,0,1,0,0,1,0],[1,1,1,0,1,0,1,1,1,1]]"
10,592,-0.016628747025993915,0.016628747025993915,"[[1,1,0,0,0,1,0,0,1,0],[1,1,1,0,1,1,0,0,0,0]]"
10,593,-0.016484791270881215,0.016484791270881215,"[[1,1,0,0,0,1,0,0,1,0],[1,1,1,0,1,1,0,0,0,1]]"
10,594,-0.01696233553845857,0.01696233553845857,"[[1,1,0,0,0,1,0,0,1,0],[1,1,1,0,1,1,0,0,1,0]]"
10,595,-0.016864364257848707,0.016864364257848707,"[[1,1,0,0,0,1,0,0,1,0],[1,1,1,0,1,1,0,0,1,1]]"
10,596,-0.019471154596729462,0.019471154596729462,"[[1,1,0,0,0,1,0,0,1,0],[1,1,1,0,1,1,0,1,0,0]]"
10,597,-0.0193210561489025,0.0193210561489025,"[[1,1,0,0,0,1,0,0,1,0],[1,1,1,0,1,1,0,1,0,1]]"
10,598,-0.019852491413653677,0.019852491413653677,"[[1,1,0,0,0,1,0,0,1,0],[1,1,1,0,1,1,0,1,1,0]]"
10,599,-0.01974846952407408,0.01974846952407408,"[[1,1,0,0,0,1,0,0,1,0],[1,1,1,0,1,1,0,1,1,1]]"
10,600,-0.02398168858319437,0.02398168858319437,"[[1,1,0,0,0,1,0,0,1,0],[1,1,1,0,1,1,1,0,0,0]]"
10,601,-0.023795880550791244,0.023795880550791244,"[[1,1,0,0,0,1,0,0,1,0],[1,1,1,0,1,1,1,0,0,1]]"
10,602,-0.024372116741469097,0.024372116741469097,"[[1,1,0,0,0,1,0,0,1,0],[1,1,1,0,1,1,1,0,1,0]]"
10,603,-0.024270632272371057,0.024270632272371057,"[[1,1,0,0,0,1,0,0,1,0],[1,1,1,0,1,1,1,0,1,1]]"
10,604,-0.027402881117079385,0.027402881117079385,"[[1,1,0,0,0,1,0,0,1,0],[1,1,1,0,1,1,1,1,0,0]]"
10,605,-0.02723468090866894,0.02723468090866894,"[[1,1,0,0,0,1,0,0,1,0],[1,1,1,0,1,1,1,1,0,1]]"
10,606,-0.027902167017700742,0.027902167017700742,"[[1,1,0,0,0,1,0,0,1,0],[1,1,1,0,1,1,1,1,1,0]]"
10,607,-0.027812660850215266,0.027812660850215266,"[[1,1,0,0,0,1,0,0,1,0],[1,1,1,0,1,1,1,1,1,1]]"
10,608,-0.01061374399548514,0.01061374399548514,"[[1,1,0,0,0,1,0,0,1,1],[1,1,1,0,1,0,0,0,0,0]]"
10,609,-0.010556171474278852,0.010556171474278852,"[[1,1,0,0,0,1,0,0,1,1],[1,1,1,0,1,0,0,0,0,1]]"
10,610,-0.011018227689485604,0.011018227689485604,"[[1,1,0,0,0,1,0,0,1,1],[1,1,1,0,1,0,0,0,1,0]]"
10,611,-0.010968618630911316,0.010968618630911316,"[[1,1,0,0,0,1,0,0,1,1],[1,1,1,0,1,0,0,0,1,1]]"
10,612,-0.013144737625068667,0.013144737625068667,"[[1,1,0,0,0,1,0,0,1,1],[1,1,1,0,1,0,0,1,0,0]]"
10,613,-0.013056238628808756,0.013056238628808756,"[[1,1,0,0,0,1,0,0,1,1],[1,1,1,0,1,0,0,1,0,1]]"
10,614,-0.013588254891148142,0.013588254891148142,"[[1,1,0,0,0,1,0,0,1,1],[1,1,1,0,1,0,0,1,1,0]]"
10,615,-0.013527402067872878,0.013527402067872878,"[[1,1,0,0,0,1,0,0,1,1],[1,1,1,0,1,0,0,1,1,1]]"
10,616,-0.016653641590107758,0.016653641590107758,"[[1,1,0,0,0,1,0,0,1,1],[1,1,1,0,1,0,1,0,0,0]]"
10,617,-0.016539752938981803,0.016539752938981803,"[[1,1,0,0,0,1,0,0,1,1],[1,1,1,0,1,0,1,0,0,1]]"
10,618,-0.017131304853878954,0.017131304853878954,"[[1,1,0,0,0,1,0,0,1,1],[1,1,1,0,1,0,1,0,1,0]]"
10,619,-0.01702088548182206,0.01702088548182206,"[[1,1,0,0,0,1,0,0,1,1],[1,1,1,0,1,0,1,0,1,1]]"
10,620,-0.019738532462335808,0.019738532462335808,"[[1,1,0,0,0,1,0,0,1,1],[1,1,1,0,1,0,1,1,0,0]]"
10,621,-0.019602814893314315,0.019602814893314315,"[[1,1,0,0,0,1,0,0,1,1],[1,1,1,0,1,0,1,1,0,1]]"
10,622,-0.020197302564295014,0.020197302564295014,"[[1,1,0,0,0,1,0,0,1,1],[1,1,1,0,1,0,1,1,1,0]]"
10,623,-0.020083004416396162,0.020083004416396162,"[[1,1,0,0,0,1,0,0,1,1],[1,1,1,0,1,0,1,1,1,1]]"
10,624,-0.01668023838554273,0.01668023838554273,"[[1,1,0,0,0,1,0,0,1,1],[1,1,1,0,1,1,0,0,0,0]]"
10,625,-0.016535945452516042,0.016535945452516042,"[[1,1,0,0,0,1,0,0,1,1],[1,1,1,0,1,1,0,0,0,1]]"
10,626,-0.017026588284293417,0.017026588284293417,"[[1,1,0,0,0,1,0,0,1,1],[1,1,1,0,1,1,0,0,1,0]]"
10,627,-0.01693295362838253,0.01693295362838253,"[[1,1,0,0,0,1,0,0,1,1],[1,1,1,0,1,1,0,0,1,1]]"
10,628,-0.01952841191031615,0.01952841191031615,"[[1,1,0,0,0,1,0,0,1,1],[1,1,1,0,1,1,0,1,0,0]]"
10,629,-0.0193764549169997,0.0193764549169997,"[[1,1,0,0,0,1,0,0,1,1],[1,1,1,0,1,1,0,1,0,1]]"
10,630,-0.019912241643029818,0.019912241643029818,"[[1,1,0,0,0,1,0,0,1,1],[1,1,1,0,1,1,0,1,1,0]]"
10,631,-0.019813308044027467,0.019813308044027467,"[[1,1,0,0,0,1,0,0,1,1],[1,1,1,0,1,1,0,1,1,1]]"
10,632,-0.024037052079727776,0.024037052079727776,"[[1,1,0,0,0,1,0,0,1,1],[1,1,1,0,1,1,1,0,0,0]]"
10,633,-0.02384924429608646,0.02384924429608646,"[[1,1,0,0,0,1,0,0,1,1],[1,1,1,0,1,1,1,0,0,1]]"
10,634,-0.024429451490366346,0.024429451490366346,"[[1,1,0,0,0,1,0,0,1,1],[1,1,1,0,1,1,1,0,1,0]]"
10,635,-0.02431458591285395,0.02431458591285395,"[[1,1,0,0,0,1,0,0,1,1],[1,1,1,0,1,1,1,0,1,1]]"
10,636,-0.02746257874553205,0.02746257874553205,"[[1,1,0,0,0,1,0,0,1,1],[1,1,1,0,1,1,1,1,0,0]]"
10,637,-0.02727988496753854,0.02727988496753854,"[[1,1,0,0,0,1,0,0,1,1],[1,1,1,0,1,1,1,1,0,1]]"
10,638,-0.0279525628654222,0.0279525628654222,"[[1,1,0,0,0,1,0,0,1,1],[1,1,1,0,1,1,1,1,1,0]]"
10,639,-0.02786035628394276,0.02786035628394276,"[[1,1,0,0,0,1,0,0,1,1],[1,1,1,0,1,1,1,1,1,1]]"
10,640,-0.008189165099590966,0.008189165099590966,"[[1,1,0,0,0,1,0,1,0,0],[1,1,1,0,1,0,0,0,0,0]]"
10,641,-0.00812703838984224,0.00812703838984224,"[[1,1,0,0,0,1,0,1,0,0],[1,1,1,0,1,0,0,0,0,1]]"
10,642,-0.008516729493908514,0.008516729493908514,"[[1,1,0,0,0,1,0,1,0,0],[1,1,1,0,1,0,0,0,1,0]]"
10,643,-0.008468764085318808,0.008468764085318808,"[[1,1,0,0,0,1,0,1,0,0],[1,1,1,0,1,0,0,0,1,1]]"
10,644,-0.010708734263309497,0.010708734263309497,"[[1,1,0,0,0,1,0,1,0,0],[1,1,1,0,1,0,0,1,0,0]]"
10,645,-0.01064147209610994,0.01064147209610994,"[[1,1,0,0,0,1,0,1,0,0],[1,1,1,0,1,0,0,1,0,1]]"
10,646,-0.010989118435093578,0.010989118435093578,"[[1,1,0,0,0,1,0,1,0,0],[1,1,1,0,1,0,0,1,1,0]]"
10,647,-0.010942190446808199,0.010942190446808199,"[[1,1,0,0,0,1,0,1,0,0],[1,1,1,0,1,0,0,1,1,1]]"
10,648,-0.0136265565427726,0.0136265565427726,"[[1,1,0,0,0,1,0,1,0,0],[1,1,1,0,1,0,1,0,0,0]]"
10,649,-0.013512907624258214,0.013512907624258214,"[[1,1,0,0,0,1,0,1,0,0],[1,1,1,0,1,0,1,0,0,1]]"
10,650,-0.013951240994700471,0.013951240994700471,"[[1,1,0,0,0,1,0,1,0,0],[1,1,1,0,1,0,1,0,1,0]]"
10,651,-0.013848701230210292,0.013848701230210292,"[[1,1,0,0,0,1,0,1,0,0],[1,1,1,0,1,0,1,0,1,1]]"
10,652,-0.016701982709894606,0.016701982709894606,"[[1,1,0,0,0,1,0,1,0,0],[1,1,1,0,1,0,1,1,0,0]]"
10,653,-0.016586535874101093,0.016586535874101093,"[[1,1,0,0,0,1,0,1,0,0],[1,1,1,0,1,0,1,1,0,1]]"
10,654,-0.016995864949151746,0.016995864949151746,"[[1,1,0,0,0,1,0,1,0,0],[1,1,1,0,1,0,1,1,1,0]]"
10,655,-0.016882882178541996,0.016882882178541996,"[[1,1,0,0,0,1,0,1,0,0],[1,1,1,0,1,0,1,1,1,1]]"
10,656,-0.013941278975458257,0.013941278975458257,"[[1,1,0,0,0,1,0,1,0,0],[1,1,1,0,1,1,0,0,0,0]]"
10,657,-0.0138087344035157,0.0138087344035157,"[[1,1,0,0,0,1,0,1,0,0],[1,1,1,0,1,1,0,0,0,1]]"
10,658,-0.01415883320378367,0.01415883320378367,"[[1,1,0,0,0,1,0,1,0,0],[1,1,1,0,1,1,0,0,1,0]]"
10,659,-0.01407076287018123,0.01407076287018123,"[[1,1,0,0,0,1,0,1,0,0],[1,1,1,0,1,1,0,0,1,1]]"
10,660,-0.016638375152715087,0.016638375152715087,"[[1,1,0,0,0,1,0,1,0,0],[1,1,1,0,1,1,0,1,0,0]]"
10,661,-0.016491409470981613,0.016491409470981613,"[[1,1,0,0,0,1,0,1,0,0],[1,1,1,0,1,1,0,1,0,1]]"
10,662,-0.016816173752997196,0.016816173752997196,"[[1,1,0,0,0,1,0,1,0,0],[1,1,1,0,1,1,0,1,1,0]]"
10,663,-0.016717862758896362,0.016717862758896362,"[[1,1,0,0,0,1,0,1,0,0],[1,1,1,0,1,1,0,1,1,1]]"
10,664,-0.020729874274638394,0.020729874274638394,"[[1,1,0,0,0,1,0,1,0,0],[1,1,1,0,1,1,1,0,0,0]]"
10,665,-0.02055565369206212,0.02055565369206212,"[[1,1,0,0,0,1,0,1,0,0],[1,1,1,0,1,1,1,0,0,1]]"
10,666,-0.020981304162840175,0.020981304162840175,"[[1,1,0,0,0,1,0,1,0,0],[1,1,1,0,1,1,1,0,1,0]]"
10,667,-0.020810577433452958,0.020810577433452958,"[[1,1,0,0,0,1,0,1,0,0],[1,1,1,0,1,1,1,0,1,1]]"
10,668,-0.023990740994198845,0.023990740994198845,"[[1,1,0,0,0,1,0,1,0,0],[1,1,1,0,1,1,1,1,0,0]]"
10,669,-0.023800973635637362,0.023800973635637362,"[[1,1,0,0,0,1,0,1,0,0],[1,1,1,0,1,1,1,1,0,1]]"
10,670,-0.024214723487391055,0.024214723487391055,"[[1,1,0,0,0,1,0,1,0,0],[1,1,1,0,1,1,1,1,1,0]]"
10,671,-0.02409914903147178,0.02409914903147178,"[[1,1,0,0,0,1,0,1,0,0],[1,1,1,0,1,1,1,1,1,1]]"
10,672,-0.00823980382761235,0.00823980382761235,"[[1,1,0,0,0,1,0,1,0,1],[1,1,1,0,1,0,0,0,0,0]]"
10,673,-0.008184204556606019,0.008184204556606019,"[[1,1,0,0,0,1,0,1,0,1],[1,1,1,0,1,0,0,0,0,1]]"
10,674,-0.00857768442051243,0.00857768442051243,"[[1,1,0,0,0,1,0,1,0,1],[1,1,1,0,1,0,0,0,1,0]]"
10,675,-0.00852930478545741,0.00852930478545741,"[[1,1,0,0,0,1,0,1,0,1],[1,1,1,0,1,0,0,0,1,1]]"
10,676,-0.010767370532786062,0.010767370532786062,"[[1,1,0,0,0,1,0,1,0,1],[1,1,1,0,1,0,0,1,0,0]]"
10,677,-0.01070939772039447,0.01070939772039447,"[[1,1,0,0,0,1,0,1,0,1],[1,1,1,0,1,0,0,1,0,1]]"
10,678,-0.011059497856670127,0.011059497856670127,"[[1,1,0,0,0,1,0,1,0,1],[1,1,1,0,1,0,0,1,1,0]]"
10,679,-0.011010288233222443,0.011010288233222443,"[[1,1,0,0,0,1,0,1,0,1],[1,1,1,0,1,0,0,1,1,1]]"
10,680,-0.013684929131371116,0.013684929131371116,"[[1,1,0,0,0,1,0,1,0,1],[1,1,1,0,1,0,1,0,0,0]]"
10,681,-0.013571364794249967,0.013571364794249967,"[[1,1,0,0,0,1,0,1,0,1],[1,1,1,0,1,0,1,0,0,1]]"
10,682,-0.014013778495998084,0.014013778495998084,"[[1,1,0,0,0,1,0,1,0,1],[1,1,1,0,1,0,1,0,1,0]]"
10,683,-0.013911515236785361,0.013911515236785361,"[[1,1,0,0,0,1,0,1,0,1],[1,1,1,0,1,0,1,0,1,1]]"
10,684,-0.016768792022463622,0.016768792022463622,"[[1,1,0,0,0,1,0,1,0,1],[1,1,1,0,1,0,1,1,0,0]]"
10,685,-0.01665355223328853,0.01665355223328853,"[[1,1,0,0,0,1,0,1,0,1],[1,1,1,0,1,0,1,1,0,1]]"
10,686,-0.017056271671957005,0.017056271671957005,"[[1,1,0,0,0,1,0,1,0,1],[1,1,1,0,1,0,1,1,1,0]]"
10,687,-0.016943379919875132,0.016943379919875132,"[[1,1,0,0,0,1,0,1,0,1],[1,1,1,0,1,0,1,1,1,1]]"
10,688,-0.013995007876011281,0.013995007876011281,"[[1,1,0,0,0,1,0,1,0,1],[1,1,1,0,1,1,0,0,0,0]]"
10,689,-0.013871721589347172,0.013871721589347172,"[[1,1,0,0,0,1,0,1,0,1],[1,1,1,0,1,1,0,0,0,1]]"
10,690,-0.014224068949750628,0.014224068949750628,"[[1,1,0,0,0,1,0,1,0,1],[1,1,1,0,1,1,0,0,1,0]]"
10,691,-0.014133033292476789,0.014133033292476789,"[[1,1,0,0,0,1,0,1,0,1],[1,1,1,0,1,1,0,0,1,1]]"
10,692,-0.016688372745697348,0.016688372745697348,"[[1,1,0,0,0,1,0,1,0,1],[1,1,1,0,1,1,0,1,0,0]]"
10,693,-0.01653991662938211,0.01653991662938211,"[[1,1,0,0,0,1,0,1,0,1],[1,1,1,0,1,1,0,1,0,1]]"
10,694,-0.016879609680564317,0.016879609680564317,"[[1,1,0,0,0,1,0,1,0,1],[1,1,1,0,1,1,0,1,1,0]]"
10,695,-0.016785340699149155,0.016785340699149155,"[[1,1,0,0,0,1,0,1,0,1],[1,1,1,0,1,1,0,1,1,1]]"
10,696,-0.020789143851745434,0.020789143851745434,"[[1,1,0,0,0,1,0,1,0,1],[1,1,1,0,1,1,1,0,0,0]]"
10,697,-0.020613097171391353,0.020613097171391353,"[[1,1,0,0,0,1,0,1,0,1],[1,1,1,0,1,1,1,0,0,1]]"
10,698,-0.021035374866594438,0.021035374866594438,"[[1,1,0,0,0,1,0,1,0,1],[1,1,1,0,1,1,1,0,1,0]]"
10,699,-0.020862714391564265,0.020862714391564265,"[[1,1,0,0,0,1,0,1,0,1],[1,1,1,0,1,1,1,0,1,1]]"
10,700,-0.024045017122908786,0.024045017122908786,"[[1,1,0,0,0,1,0,1,0,1],[1,1,1,0,1,1,1,1,0,0]]"
10,701,-0.02385302734822171,0.02385302734822171,"[[1,1,0,0,0,1,0,1,0,1],[1,1,1,0,1,1,1,1,0,1]]"
10,702,-0.024271523495419514,0.024271523495419514,"[[1,1,0,0,0,1,0,1,0,1],[1,1,1,0,1,1,1,1,1,0]]"
10,703,-0.024142235787844232,0.024142235787844232,"[[1,1,0,0,0,1,0,1,0,1],[1,1,1,0,1,1,1,1,1,1]]"
10,704,-0.007682036672812326,0.007682036672812326,"[[1,1,0,0,0,1,0,1,1,0],[1,1,1,0,1,0,0,0,0,0]]"
10,705,-0.007631358424640362,0.007631358424640362,"[[1,1,0,0,0,1,0,1,1,0],[1,1,1,0,1,0,0,0,0,1]]"
10,706,-0.008153791242427225,0.008153791242427225,"[[1,1,0,0,0,1,0,1,1,0],[1,1,1,0,1,0,0,0,1,0]]"
10,707,-0.008105288891046466,0.008105288891046466,"[[1,1,0,0,0,1,0,1,1,0],[1,1,1,0,1,0,0,0,1,1]]"
10,708,-0.01009578455343421,0.01009578455343421,"[[1,1,0,0,0,1,0,1,1,0],[1,1,1,0,1,0,0,1,0,0]]"
10,709,-0.010049114556507784,0.010049114556507784,"[[1,1,0,0,0,1,0,1,1,0],[1,1,1,0,1,0,0,1,0,1]]"
10,710,-0.010578062746078372,0.010578062746078372,"[[1,1,0,0,0,1,0,1,1,0],[1,1,1,0,1,0,0,1,1,0]]"
10,711,-0.010535033628167345,0.010535033628167345,"[[1,1,0,0,0,1,0,1,1,0],[1,1,1,0,1,0,0,1,1,1]]"
10,712,-0.012826109595215187,0.012826109595215187,"[[1,1,0,0,0,1,0,1,1,0],[1,1,1,0,1,0,1,0,0,0]]"
10,713,-0.012726020673163162,0.012726020673163162,"[[1,1,0,0,0,1,0,1,1,0],[1,1,1,0,1,0,1,0,0,1]]"
10,714,-0.013270065966077596,0.013270065966077596,"[[1,1,0,0,0,1,0,1,1,0],[1,1,1,0,1,0,1,0,1,0]]"
10,715,-0.01317738765996807,0.01317738765996807,"[[1,1,0,0,0,1,0,1,1,0],[1,1,1,0,1,0,1,0,1,1]]"
10,716,-0.01580317011681863,0.01580317011681863,"[[1,1,0,0,0,1,0,1,1,0],[1,1,1,0,1,0,1,1,0,0]]"
10,717,-0.015701354884737163,0.015701354884737163,"[[1,1,0,0,0,1,0,1,1,0],[1,1,1,0,1,0,1,1,0,1]]"
10,718,-0.01624767391539054,0.01624767391539054,"[[1,1,0,0,0,1,0,1,1,0],[1,1,1,0,1,0,1,1,1,0]]"
10,719,-0.0161491051158052,0.0161491051158052,"[[1,1,0,0,0,1,0,1,1,0],[1,1,1,0,1,0,1,1,1,1]]"
10,720,-0.013112066550910899,0.013112066550910899,"[[1,1,0,0,0,1,0,1,1,0],[1,1,1,0,1,1,0,0,0,0]]"
10,721,-0.013028347060397792,0.013028347060397792,"[[1,1,0,0,0,1,0,1,1,0],[1,1,1,0,1,1,0,0,0,1]]"
10,722,-0.013626940366104543,0.013626940366104543,"[[1,1,0,0,0,1,0,1,1,0],[1,1,1,0,1,1,0,0,1,0]]"
10,723,-0.013539093249497102,0.013539093249497102,"[[1,1,0,0,0,1,0,1,1,0],[1,1,1,0,1,1,0,0,1,1]]"
10,724,-0.015649674145363602,0.015649674145363602,"[[1,1,0,0,0,1,0,1,1,0],[1,1,1,0,1,1,0,1,0,0]]"
10,725,-0.015561913124215144,0.015561913124215144,"[[1,1,0,0,0,1,0,1,1,0],[1,1,1,0,1,1,0,1,0,1]]"
10,726,-0.016128491121174777,0.016128491121174777,"[[1,1,0,0,0,1,0,1,1,0],[1,1,1,0,1,1,0,1,1,0]]"
10,727,-0.016044298945411872,0.016044298945411872,"[[1,1,0,0,0,1,0,1,1,0],[1,1,1,0,1,1,0,1,1,1]]"
10,728,-0.01964256115129234,0.01964256115129234,"[[1,1,0,0,0,1,0,1,1,0],[1,1,1,0,1,1,1,0,0,0]]"
10,729,-0.01948160931750116,0.01948160931750116,"[[1,1,0,0,0,1,0,1,1,0],[1,1,1,0,1,1,1,0,0,1]]"
10,730,-0.020073040113671888,0.020073040113671888,"[[1,1,0,0,0,1,0,1,1,0],[1,1,1,0,1,1,1,0,1,0]]"
10,731,-0.019912057185014986,0.019912057185014986,"[[1,1,0,0,0,1,0,1,1,0],[1,1,1,0,1,1,1,0,1,1]]"
10,732,-0.022730468375176192,0.022730468375176192,"[[1,1,0,0,0,1,0,1,1,0],[1,1,1,0,1,1,1,1,0,0]]"
10,733,-0.02256072169950854,0.02256072169950854,"[[1,1,0,0,0,1,0,1,1,0],[1,1,1,0,1,1,1,1,0,1]]"
10,734,-0.023125466710958175,0.023125466710958175,"[[1,1,0,0,0,1,0,1,1,0],[1,1,1,0,1,1,1,1,1,0]]"
10,735,-0.02304807375945507,0.02304807375945507,"[[1,1,0,0,0,1,0,1,1,0],[1,1,1,0,1,1,1,1,1,1]]"
10,736,-0.007737860471804137,0.007737860471804137,"[[1,1,0,0,0,1,0,1,1,1],[1,1,1,0,1,0,0,0,0,0]]"
10,737,-0.007686863250608876,0.007686863250608876,"[[1,1,0,0,0,1,0,1,1,1],[1,1,1,0,1,0,0,0,0,1]]"
10,738,-0.008210644881347262,0.008210644881347262,"[[1,1,0,0,0,1,0,1,1,1],[1,1,1,0,1,0,0,0,1,0]]"
10,739,-0.0081618751318363,0.0081618751318363,"[[1,1,0,0,0,1,0,1,1,1],[1,1,1,0,1,0,0,0,1,1]]"
10,740,-0.010162989074912145,0.010162989074912145,"[[1,1,0,0,0,1,0,1,1,1],[1,1,1,0,1,0,0,1,0,0]]"
10,741,-0.010116287613416075,0.010116287613416075,"[[1,1,0,0,0,1,0,1,1,1],[1,1,1,0,1,0,0,1,0,1]]"
10,742,-0.010646588891738761,0.010646588891738761,"[[1,1,0,0,0,1,0,1,1,1],[1,1,1,0,1,0,0,1,1,0]]"
10,743,-0.010599873624904858,0.010599873624904858,"[[1,1,0,0,0,1,0,1,1,1],[1,1,1,0,1,0,0,1,1,1]]"
10,744,-0.01288555566592398,0.01288555566592398,"[[1,1,0,0,0,1,0,1,1,1],[1,1,1,0,1,0,1,0,0,0]]"
10,745,-0.012785919203132323,0.012785919203132323,"[[1,1,0,0,0,1,0,1,1,1],[1,1,1,0,1,0,1,0,0,1]]"
10,746,-0.013331789619227773,0.013331789619227773,"[[1,1,0,0,0,1,0,1,1,1],[1,1,1,0,1,0,1,0,1,0]]"
10,747,-0.013239707204615965,0.013239707204615965,"[[1,1,0,0,0,1,0,1,1,1],[1,1,1,0,1,0,1,0,1,1]]"
10,748,-0.015871017999161883,0.015871017999161883,"[[1,1,0,0,0,1,0,1,1,1],[1,1,1,0,1,0,1,1,0,0]]"
10,749,-0.015769306850121508,0.015769306850121508,"[[1,1,0,0,0,1,0,1,1,1],[1,1,1,0,1,0,1,1,0,1]]"
10,750,-0.016309082270426687,0.016309082270426687,"[[1,1,0,0,0,1,0,1,1,1],[1,1,1,0,1,0,1,1,1,0]]"
10,751,-0.01621103079301588,0.01621103079301588,"[[1,1,0,0,0,1,0,1,1,1],[1,1,1,0,1,0,1,1,1,1]]"
10,752,-0.013180267206114564,0.013180267206114564,"[[1,1,0,0,0,1,0,1,1,1],[1,1,1,0,1,1,0,0,0,0]]"
10,753,-0.013094611704808176,0.013094611704808176,"[[1,1,0,0,0,1,0,1,1,1],[1,1,1,0,1,1,0,0,0,1]]"
10,754,-0.013687965650100336,0.013687965650100336,"[[1,1,0,0,0,1,0,1,1,1],[1,1,1,0,1,1,0,0,1,0]]"
10,755,-0.013597997883816517,0.013597997883816517,"[[1,1,0,0,0,1,0,1,1,1],[1,1,1,0,1,1,0,0,1,1]]"
10,756,-0.015718244652855342,0.015718244652855342,"[[1,1,0,0,0,1,0,1,1,1],[1,1,1,0,1,1,0,1,0,0]]"
10,757,-0.015628458687687866,0.015628458687687866,"[[1,1,0,0,0,1,0,1,1,1],[1,1,1,0,1,1,0,1,0,1]]"
10,758,-0.01619788545462951,0.01619788545462951,"[[1,1,0,0,0,1,0,1,1,1],[1,1,1,0,1,1,0,1,1,0]]"
10,759,-0.016111552177962243,0.016111552177962243,"[[1,1,0,0,0,1,0,1,1,1],[1,1,1,0,1,1,0,1,1,1]]"
10,760,-0.019702709770248288,0.019702709770248288,"[[1,1,0,0,0,1,0,1,1,1],[1,1,1,0,1,1,1,0,0,0]]"
10,761,-0.019540296369713942,0.019540296369713942,"[[1,1,0,0,0,1,0,1,1,1],[1,1,1,0,1,1,1,0,0,1]]"
10,762,-0.020126161750076393,0.020126161750076393,"[[1,1,0,0,0,1,0,1,1,1],[1,1,1,0,1,1,1,0,1,0]]"
10,763,-0.019963555143887923,0.019963555143887923,"[[1,1,0,0,0,1,0,1,1,1],[1,1,1,0,1,1,1,0,1,1]]"
10,764,-0.022788325780317652,0.022788325780317652,"[[1,1,0,0,0,1,0,1,1,1],[1,1,1,0,1,1,1,1,0,0]]"
10,765,-0.022616888089983734,0.022616888089983734,"[[1,1,0,0,0,1,0,1,1,1],[1,1,1,0,1,1,1,1,0,1]]"
10,766,-0.023185622494838434,0.023185622494838434,"[[1,1,0,0,0,1,0,1,1,1],[1,1,1,0,1,1,1,1,1,0]]"
10,767,-0.02309598968766473,0.02309598968766473,"[[1,1,0,0,0,1,0,1,1,1],[1,1,1,0,1,1,1,1,1,1]]"
10,768,-0.005855341434797256,0.005855341434797256,"[[1,1,0,0,0,1,1,0,0,0],[1,1,1,0,1,0,0,0,0,0]]"
10,769,-0.005769095365145395,0.005769095365145395,"[[1,1,0,0,0,1,1,0,0,0],[1,1,1,0,1,0,0,0,0,1]]"
10,770,-0.006168872375593293,0.006168872375593293,"[[1,1,0,0,0,1,1,0,0,0],[1,1,1,0,1,0,0,0,1,0]]"
10,771,-0.006096424380488486,0.006096424380488486,"[[1,1,0,0,0,1,1,0,0,0],[1,1,1,0,1,0,0,0,1,1]]"
10,772,-0.008156718988002836,0.008156718988002836,"[[1,1,0,0,0,1,1,0,0,0],[1,1,1,0,1,0,0,1,0,0]]"
10,773,-0.00805999741033227,0.00805999741033227,"[[1,1,0,0,0,1,1,0,0,0],[1,1,1,0,1,0,0,1,0,1]]"
10,774,-0.008375609822138488,0.008375609822138488,"[[1,1,0,0,0,1,1,0,0,0],[1,1,1,0,1,0,0,1,1,0]]"
10,775,-0.00829437548878619,0.00829437548878619,"[[1,1,0,0,0,1,1,0,0,0],[1,1,1,0,1,0,0,1,1,1]]"
10,776,-0.010689369058804566,0.010689369058804566,"[[1,1,0,0,0,1,1,0,0,0],[1,1,1,0,1,0,1,0,0,0]]"
10,777,-0.010601476192442023,0.010601476192442023,"[[1,1,0,0,0,1,1,0,0,0],[1,1,1,0,1,0,1,0,0,1]]"
10,778,-0.01106518308310898,0.01106518308310898,"[[1,1,0,0,0,1,1,0,0,0],[1,1,1,0,1,0,1,0,1,0]]"
10,779,-0.010982003182012095,0.010982003182012095,"[[1,1,0,0,0,1,1,0,0,0],[1,1,1,0,1,0,1,0,1,1]]"
10,780,-0.013656035488783453,0.013656035488783453,"[[1,1,0,0,0,1,1,0,0,0],[1,1,1,0,1,0,1,1,0,0]]"
10,781,-0.013549805480970954,0.013549805480970954,"[[1,1,0,0,0,1,1,0,0,0],[1,1,1,0,1,0,1,1,0,1]]"
10,782,-0.013947379704431584,0.013947379704431584,"[[1,1,0,0,0,1,1,0,0,0],[1,1,1,0,1,0,1,1,1,0]]"
10,783,-0.013858704897898555,0.013858704897898555,"[[1,1,0,0,0,1,1,0,0,0],[1,1,1,0,1,0,1,1,1,1]]"
10,784,-0.011185582758794643,0.011185582758794643,"[[1,1,0,0,0,1,1,0,0,0],[1,1,1,0,1,1,0,0,0,0]]"
10,785,-0.01107272202800793,0.01107272202800793,"[[1,1,0,0,0,1,1,0,0,0],[1,1,1,0,1,1,0,0,0,1]]"
10,786,-0.011492904824626296,0.011492904824626296,"[[1,1,0,0,0,1,1,0,0,0],[1,1,1,0,1,1,0,0,1,0]]"
10,787,-0.011387539252406204,0.011387539252406204,"[[1,1,0,0,0,1,1,0,0,0],[1,1,1,0,1,1,0,0,1,1]]"
10,788,-0.01413429221212751,0.01413429221212751,"[[1,1,0,0,0,1,1,0,0,0],[1,1,1,0,1,1,0,1,0,0]]"
10,789,-0.014012406682437946,0.014012406682437946,"[[1,1,0,0,0,1,1,0,0,0],[1,1,1,0,1,1,0,1,0,1]]"
10,790,-0.01437731981470589,0.01437731981470589,"[[1,1,0,0,0,1,1,0,0,0],[1,1,1,0,1,1,0,1,1,0]]"
10,791,-0.01428559607264368,0.01428559607264368,"[[1,1,0,0,0,1,1,0,0,0],[1,1,1,0,1,1,0,1,1,1]]"
10,792,-0.01767675689894863,0.01767675689894863,"[[1,1,0,0,0,1,1,0,0,0],[1,1,1,0,1,1,1,0,0,0]]"
10,793,-0.01754031723412991,0.01754031723412991,"[[1,1,0,0,0,1,1,0,0,0],[1,1,1,0,1,1,1,0,0,1]]"
10,794,-0.017898437959539312,0.017898437959539312,"[[1,1,0,0,0,1,1,0,0,0],[1,1,1,0,1,1,1,0,1,0]]"
10,795,-0.017811532561207186,0.017811532561207186,"[[1,1,0,0,0,1,1,0,0,0],[1,1,1,0,1,1,1,0,1,1]]"
10,796,-0.020703555862917236,0.020703555862917236,"[[1,1,0,0,0,1,1,0,0,0],[1,1,1,0,1,1,1,1,0,0]]"
10,797,-0.020553980596621328,0.020553980596621328,"[[1,1,0,0,0,1,1,0,0,0],[1,1,1,0,1,1,1,1,0,1]]"
10,798,-0.020972676868874034,0.020972676868874034,"[[1,1,0,0,0,1,1,0,0,0],[1,1,1,0,1,1,1,1,1,0]]"
10,799,-0.02090597845026493,0.02090597845026493,"[[1,1,0,0,0,1,1,0,0,0],[1,1,1,0,1,1,1,1,1,1]]"
10,800,-0.0058897723959623095,0.0058897723959623095,"[[1,1,0,0,0,1,1,0,0,1],[1,1,1,0,1,0,0,0,0,0]]"
10,801,-0.005805040514056873,0.005805040514056873,"[[1,1,0,0,0,1,1,0,0,1],[1,1,1,0,1,0,0,0,0,1]]"
10,802,-0.006197641743679567,0.006197641743679567,"[[1,1,0,0,0,1,1,0,0,1],[1,1,1,0,1,0,0,0,1,0]]"
10,803,-0.006135674535632438,0.006135674535632438,"[[1,1,0,0,0,1,1,0,0,1],[1,1,1,0,1,0,0,0,1,1]]"
10,804,-0.008190856332853134,0.008190856332853134,"[[1,1,0,0,0,1,1,0,0,1],[1,1,1,0,1,0,0,1,0,0]]"
10,805,-0.008094153917546065,0.008094153917546065,"[[1,1,0,0,0,1,1,0,0,1],[1,1,1,0,1,0,0,1,0,1]]"
10,806,-0.00841588455646581,0.00841588455646581,"[[1,1,0,0,0,1,1,0,0,1],[1,1,1,0,1,0,0,1,1,0]]"
10,807,-0.008334956819284915,0.008334956819284915,"[[1,1,0,0,0,1,1,0,0,1],[1,1,1,0,1,0,0,1,1,1]]"
10,808,-0.01074829304742742,0.01074829304742742,"[[1,1,0,0,0,1,1,0,0,1],[1,1,1,0,1,0,1,0,0,0]]"
10,809,-0.010652993619249047,0.010652993619249047,"[[1,1,0,0,0,1,1,0,0,1],[1,1,1,0,1,0,1,0,0,1]]"
10,810,-0.011121386434788492,0.011121386434788492,"[[1,1,0,0,0,1,1,0,0,1],[1,1,1,0,1,0,1,0,1,0]]"
10,811,-0.011038920311185928,0.011038920311185928,"[[1,1,0,0,0,1,1,0,0,1],[1,1,1,0,1,0,1,0,1,1]]"
10,812,-0.013714971757684151,0.013714971757684151,"[[1,1,0,0,0,1,1,0,0,1],[1,1,1,0,1,0,1,1,0,0]]"
10,813,-0.013609099986927786,0.013609099986927786,"[[1,1,0,0,0,1,1,0,0,1],[1,1,1,0,1,0,1,1,0,1]]"
10,814,-0.01401154036919766,0.01401154036919766,"[[1,1,0,0,0,1,1,0,0,1],[1,1,1,0,1,0,1,1,1,0]]"
10,815,-0.013919999439616883,0.013919999439616883,"[[1,1,0,0,0,1,1,0,0,1],[1,1,1,0,1,0,1,1,1,1]]"
10,816,-0.011234505010932134,0.011234505010932134,"[[1,1,0,0,0,1,1,0,0,1],[1,1,1,0,1,1,0,0,0,0]]"
10,817,-0.011115730387492697,0.011115730387492697,"[[1,1,0,0,0,1,1,0,0,1],[1,1,1,0,1,1,0,0,0,1]]"
10,818,-0.011541918995079533,0.011541918995079533,"[[1,1,0,0,0,1,1,0,0,1],[1,1,1,0,1,1,0,0,1,0]]"
10,819,-0.011435878269246892,0.011435878269246892,"[[1,1,0,0,0,1,1,0,0,1],[1,1,1,0,1,1,0,0,1,1]]"
10,820,-0.014189041677610332,0.014189041677610332,"[[1,1,0,0,0,1,1,0,0,1],[1,1,1,0,1,1,0,1,0,0]]"
10,821,-0.014066293875935849,0.014066293875935849,"[[1,1,0,0,0,1,1,0,0,1],[1,1,1,0,1,1,0,1,0,1]]"
10,822,-0.014437646557925694,0.014437646557925694,"[[1,1,0,0,0,1,1,0,0,1],[1,1,1,0,1,1,0,1,1,0]]"
10,823,-0.014337897704008291,0.014337897704008291,"[[1,1,0,0,0,1,1,0,0,1],[1,1,1,0,1,1,0,1,1,1]]"
10,824,-0.017735705752644097,0.017735705752644097,"[[1,1,0,0,0,1,1,0,0,1],[1,1,1,0,1,1,1,0,0,0]]"
10,825,-0.01759838663769008,0.01759838663769008,"[[1,1,0,0,0,1,1,0,0,1],[1,1,1,0,1,1,1,0,0,1]]"
10,826,-0.017959556972291915,0.017959556972291915,"[[1,1,0,0,0,1,1,0,0,1],[1,1,1,0,1,1,1,0,1,0]]"
10,827,-0.017863216111519507,0.017863216111519507,"[[1,1,0,0,0,1,1,0,0,1],[1,1,1,0,1,1,1,0,1,1]]"
10,828,-0.020764119589160416,0.020764119589160416,"[[1,1,0,0,0,1,1,0,0,1],[1,1,1,0,1,1,1,1,0,0]]"
10,829,-0.020608402547485114,0.020608402547485114,"[[1,1,0,0,0,1,1,0,0,1],[1,1,1,0,1,1,1,1,0,1]]"
10,830,-0.021027980778349026,0.021027980778349026,"[[1,1,0,0,0,1,1,0,0,1],[1,1,1,0,1,1,1,1,1,0]]"
10,831,-0.020960035328994323,0.020960035328994323,"[[1,1,0,0,0,1,1,0,0,1],[1,1,1,0,1,1,1,1,1,1]]"
10,832,-0.005317983489661618,0.005317983489661618,"[[1,1,0,0,0,1,1,0,1,0],[1,1,1,0,1,0,0,0,0,0]]"
10,833,-0.005269002246090981,0.005269002246090981,"[[1,1,0,0,0,1,1,0,1,0],[1,1,1,0,1,0,0,0,0,1]]"
10,834,-0.0057449984231678,0.0057449984231678,"[[1,1,0,0,0,1,1,0,1,0],[1,1,1,0,1,0,0,0,1,0]]"
10,835,-0.005702303616642407,0.005702303616642407,"[[1,1,0,0,0,1,1,0,1,0],[1,1,1,0,1,0,0,0,1,1]]"
10,836,-0.0074957415412721775,0.0074957415412721775,"[[1,1,0,0,0,1,1,0,1,0],[1,1,1,0,1,0,0,1,0,0]]"
10,837,-0.007423407752579896,0.007423407752579896,"[[1,1,0,0,0,1,1,0,1,0],[1,1,1,0,1,0,0,1,0,1]]"
10,838,-0.007850753895128066,0.007850753895128066,"[[1,1,0,0,0,1,1,0,1,0],[1,1,1,0,1,0,0,1,1,0]]"
10,839,-0.007808840978574392,0.007808840978574392,"[[1,1,0,0,0,1,1,0,1,0],[1,1,1,0,1,0,0,1,1,1]]"
10,840,-0.009995901433385204,0.009995901433385204,"[[1,1,0,0,0,1,1,0,1,0],[1,1,1,0,1,0,1,0,0,0]]"
10,841,-0.009915813679587384,0.009915813679587384,"[[1,1,0,0,0,1,1,0,1,0],[1,1,1,0,1,0,1,0,0,1]]"
10,842,-0.010476874853907449,0.010476874853907449,"[[1,1,0,0,0,1,1,0,1,0],[1,1,1,0,1,0,1,0,1,0]]"
10,843,-0.010405529886877329,0.010405529886877329,"[[1,1,0,0,0,1,1,0,1,0],[1,1,1,0,1,0,1,0,1,1]]"
10,844,-0.012860235466369458,0.012860235466369458,"[[1,1,0,0,0,1,1,0,1,0],[1,1,1,0,1,0,1,1,0,0]]"
10,845,-0.01277793985677956,0.01277793985677956,"[[1,1,0,0,0,1,1,0,1,0],[1,1,1,0,1,0,1,1,0,1]]"
10,846,-0.013319397872725396,0.013319397872725396,"[[1,1,0,0,0,1,1,0,1,0],[1,1,1,0,1,0,1,1,1,0]]"
10,847,-0.01326171099578146,0.01326171099578146,"[[1,1,0,0,0,1,1,0,1,0],[1,1,1,0,1,0,1,1,1,1]]"
10,848,-0.010418045096780286,0.010418045096780286,"[[1,1,0,0,0,1,1,0,1,0],[1,1,1,0,1,1,0,0,0,0]]"
10,849,-0.010315540755117598,0.010315540755117598,"[[1,1,0,0,0,1,1,0,1,0],[1,1,1,0,1,1,0,0,0,1]]"
10,850,-0.010845069562887076,0.010845069562887076,"[[1,1,0,0,0,1,1,0,1,0],[1,1,1,0,1,1,0,0,1,0]]"
10,851,-0.010784893947024135,0.010784893947024135,"[[1,1,0,0,0,1,1,0,1,0],[1,1,1,0,1,1,0,0,1,1]]"
10,852,-0.013268813555464784,0.013268813555464784,"[[1,1,0,0,0,1,1,0,1,0],[1,1,1,0,1,1,0,1,0,0]]"
10,853,-0.013171468088444726,0.013171468088444726,"[[1,1,0,0,0,1,1,0,1,0],[1,1,1,0,1,1,0,1,0,1]]"
10,854,-0.013705582629402347,0.013705582629402347,"[[1,1,0,0,0,1,1,0,1,0],[1,1,1,0,1,1,0,1,1,0]]"
10,855,-0.01365436287376835,0.01365436287376835,"[[1,1,0,0,0,1,1,0,1,0],[1,1,1,0,1,1,0,1,1,1]]"
10,856,-0.016715955475587123,0.016715955475587123,"[[1,1,0,0,0,1,1,0,1,0],[1,1,1,0,1,1,1,0,0,0]]"
10,857,-0.01659391342295042,0.01659391342295042,"[[1,1,0,0,0,1,1,0,1,0],[1,1,1,0,1,1,1,0,0,1]]"
10,858,-0.01710310366490794,0.01710310366490794,"[[1,1,0,0,0,1,1,0,1,0],[1,1,1,0,1,1,1,0,1,0]]"
10,859,-0.017045473202977227,0.017045473202977227,"[[1,1,0,0,0,1,1,0,1,0],[1,1,1,0,1,1,1,0,1,1]]"
10,860,-0.019630253346847294,0.019630253346847294,"[[1,1,0,0,0,1,1,0,1,0],[1,1,1,0,1,1,1,1,0,0]]"
10,861,-0.019523631137955764,0.019523631137955764,"[[1,1,0,0,0,1,1,0,1,0],[1,1,1,0,1,1,1,1,0,1]]"
10,862,-0.020131854815862608,0.020131854815862608,"[[1,1,0,0,0,1,1,0,1,0],[1,1,1,0,1,1,1,1,1,0]]"
10,863,-0.020075670728583576,0.020075670728583576,"[[1,1,0,0,0,1,1,0,1,0],[1,1,1,0,1,1,1,1,1,1]]"
10,864,-0.0053590273215219615,0.0053590273215219615,"[[1,1,0,0,0,1,1,0,1,1],[1,1,1,0,1,0,0,0,0,0]]"
10,865,-0.005317183013499204,0.005317183013499204,"[[1,1,0,0,0,1,1,0,1,1],[1,1,1,0,1,0,0,0,0,1]]"
10,866,-0.0057835047170300335,0.0057835047170300335,"[[1,1,0,0,0,1,1,0,1,1],[1,1,1,0,1,0,0,0,1,0]]"
10,867,-0.005740243066639696,0.005740243066639696,"[[1,1,0,0,0,1,1,0,1,1],[1,1,1,0,1,0,0,0,1,1]]"
10,868,-0.0075358987503321125,0.0075358987503321125,"[[1,1,0,0,0,1,1,0,1,1],[1,1,1,0,1,0,0,1,0,0]]"
10,869,-0.0074703998204389945,0.0074703998204389945,"[[1,1,0,0,0,1,1,0,1,1],[1,1,1,0,1,0,0,1,0,1]]"
10,870,-0.007902625633729026,0.007902625633729026,"[[1,1,0,0,0,1,1,0,1,1],[1,1,1,0,1,0,0,1,1,0]]"
10,871,-0.00786029339076315,0.00786029339076315,"[[1,1,0,0,0,1,1,0,1,1],[1,1,1,0,1,0,0,1,1,1]]"
10,872,-0.010050146818811154,0.010050146818811154,"[[1,1,0,0,0,1,1,0,1,1],[1,1,1,0,1,0,1,0,0,0]]"
10,873,-0.009968776681511155,0.009968776681511155,"[[1,1,0,0,0,1,1,0,1,1],[1,1,1,0,1,0,1,0,0,1]]"
10,874,-0.010533164600266104,0.010533164600266104,"[[1,1,0,0,0,1,1,0,1,1],[1,1,1,0,1,0,1,0,1,0]]"
10,875,-0.010462898219144073,0.010462898219144073,"[[1,1,0,0,0,1,1,0,1,1],[1,1,1,0,1,0,1,0,1,1]]"
10,876,-0.012924905736591465,0.012924905736591465,"[[1,1,0,0,0,1,1,0,1,1],[1,1,1,0,1,0,1,1,0,0]]"
10,877,-0.01284358151773477,0.01284358151773477,"[[1,1,0,0,0,1,1,0,1,1],[1,1,1,0,1,0,1,1,0,1]]"
10,878,-0.013387270050926096,0.013387270050926096,"[[1,1,0,0,0,1,1,0,1,1],[1,1,1,0,1,0,1,1,1,0]]"
10,879,-0.013325694496748454,0.013325694496748454,"[[1,1,0,0,0,1,1,0,1,1],[1,1,1,0,1,0,1,1,1,1]]"
10,880,-0.010463866681416235,0.010463866681416235,"[[1,1,0,0,0,1,1,0,1,1],[1,1,1,0,1,1,0,0,0,0]]"
10,881,-0.010371137913646172,0.010371137913646172,"[[1,1,0,0,0,1,1,0,1,1],[1,1,1,0,1,1,0,0,0,1]]"
10,882,-0.010907269870099238,0.010907269870099238,"[[1,1,0,0,0,1,1,0,1,1],[1,1,1,0,1,1,0,0,1,0]]"
10,883,-0.010845695667177736,0.010845695667177736,"[[1,1,0,0,0,1,1,0,1,1],[1,1,1,0,1,1,0,0,1,1]]"
10,884,-0.01332987650450974,0.01332987650450974,"[[1,1,0,0,0,1,1,0,1,1],[1,1,1,0,1,1,0,1,0,0]]"
10,885,-0.013232468431401348,0.013232468431401348,"[[1,1,0,0,0,1,1,0,1,1],[1,1,1,0,1,1,0,1,0,1]]"
10,886,-0.013770463939372144,0.013770463939372144,"[[1,1,0,0,0,1,1,0,1,1],[1,1,1,0,1,1,0,1,1,0]]"
10,887,-0.013721500024528113,0.013721500024528113,"[[1,1,0,0,0,1,1,0,1,1],[1,1,1,0,1,1,0,1,1,1]]"
10,888,-0.016776148962861684,0.016776148962861684,"[[1,1,0,0,0,1,1,0,1,1],[1,1,1,0,1,1,1,0,0,0]]"
10,889,-0.016653616111630916,0.016653616111630916,"[[1,1,0,0,0,1,1,0,1,1],[1,1,1,0,1,1,1,0,0,1]]"
10,890,-0.017165591138370642,0.017165591138370642,"[[1,1,0,0,0,1,1,0,1,1],[1,1,1,0,1,1,1,0,1,0]]"
10,891,-0.017099639533372415,0.017099639533372415,"[[1,1,0,0,0,1,1,0,1,1],[1,1,1,0,1,1,1,0,1,1]]"
10,892,-0.019696296311225336,0.019696296311225336,"[[1,1,0,0,0,1,1,0,1,1],[1,1,1,0,1,1,1,1,0,0]]"
10,893,-0.019580610784045483,0.019580610784045483,"[[1,1,0,0,0,1,1,0,1,1],[1,1,1,0,1,1,1,1,0,1]]"
10,894,-0.020191947434196986,0.020191947434196986,"[[1,1,0,0,0,1,1,0,1,1],[1,1,1,0,1,1,1,1,1,0]]"
10,895,-0.020134926173034414,0.020134926173034414,"[[1,1,0,0,0,1,1,0,1,1],[1,1,1,0,1,1,1,1,1,1]]"
10,896,-0.003756020111705227,0.003756020111705227,"[[1,1,0,0,0,1,1,1,0,0],[1,1,1,0,1,0,0,0,0,0]]"
10,897,-0.00370453432608018,0.00370453432608018,"[[1,1,0,0,0,1,1,1,0,0],[1,1,1,0,1,0,0,0,0,1]]"
10,898,-0.004007878693325963,0.004007878693325963,"[[1,1,0,0,0,1,1,1,0,0],[1,1,1,0,1,0,0,0,1,0]]"
10,899,-0.003970920905190799,0.003970920905190799,"[[1,1,0,0,0,1,1,1,0,0],[1,1,1,0,1,0,0,0,1,1]]"
10,900,-0.005679916868641389,0.005679916868641389,"[[1,1,0,0,0,1,1,1,0,0],[1,1,1,0,1,0,0,1,0,0]]"
10,901,-0.005628683971007989,0.005628683971007989,"[[1,1,0,0,0,1,1,1,0,0],[1,1,1,0,1,0,0,1,0,1]]"
10,902,-0.005946204059373918,0.005946204059373918,"[[1,1,0,0,0,1,1,1,0,0],[1,1,1,0,1,0,0,1,1,0]]"
10,903,-0.0059084878919044735,0.0059084878919044735,"[[1,1,0,0,0,1,1,1,0,0],[1,1,1,0,1,0,0,1,1,1]]"
10,904,-0.007595816135245091,0.007595816135245091,"[[1,1,0,0,0,1,1,1,0,0],[1,1,1,0,1,0,1,0,0,0]]"
10,905,-0.007530653635347685,0.007530653635347685,"[[1,1,0,0,0,1,1,1,0,0],[1,1,1,0,1,0,1,0,0,1]]"
10,906,-0.008067859047047784,0.008067859047047784,"[[1,1,0,0,0,1,1,1,0,0],[1,1,1,0,1,0,1,0,1,0]]"
10,907,-0.007999686161425101,0.007999686161425101,"[[1,1,0,0,0,1,1,1,0,0],[1,1,1,0,1,0,1,0,1,1]]"
10,908,-0.01049586872454608,0.01049586872454608,"[[1,1,0,0,0,1,1,1,0,0],[1,1,1,0,1,0,1,1,0,0]]"
10,909,-0.01042158011314549,0.01042158011314549,"[[1,1,0,0,0,1,1,1,0,0],[1,1,1,0,1,0,1,1,0,1]]"
10,910,-0.010766541191066101,0.010766541191066101,"[[1,1,0,0,0,1,1,1,0,0],[1,1,1,0,1,0,1,1,1,0]]"
10,911,-0.010701980352950464,0.010701980352950464,"[[1,1,0,0,0,1,1,1,0,0],[1,1,1,0,1,0,1,1,1,1]]"
10,912,-0.008097295104108086,0.008097295104108086,"[[1,1,0,0,0,1,1,1,0,0],[1,1,1,0,1,1,0,0,0,0]]"
10,913,-0.008013500253328906,0.008013500253328906,"[[1,1,0,0,0,1,1,1,0,0],[1,1,1,0,1,1,0,0,0,1]]"
10,914,-0.008490814978813507,0.008490814978813507,"[[1,1,0,0,0,1,1,1,0,0],[1,1,1,0,1,1,0,0,1,0]]"
10,915,-0.00842859947532565,0.00842859947532565,"[[1,1,0,0,0,1,1,1,0,0],[1,1,1,0,1,1,0,0,1,1]]"
10,916,-0.010871271299103305,0.010871271299103305,"[[1,1,0,0,0,1,1,1,0,0],[1,1,1,0,1,1,0,1,0,0]]"
10,917,-0.010774652403235791,0.010774652403235791,"[[1,1,0,0,0,1,1,1,0,0],[1,1,1,0,1,1,0,1,0,1]]"
10,918,-0.011100141934574443,0.011100141934574443,"[[1,1,0,0,0,1,1,1,0,0],[1,1,1,0,1,1,0,1,1,0]]"
10,919,-0.011043608352593519,0.011043608352593519,"[[1,1,0,0,0,1,1,1,0,0],[1,1,1,0,1,1,0,1,1,1]]"
10,920,-0.013854670278140295,0.013854670278140295,"[[1,1,0,0,0,1,1,1,0,0],[1,1,1,0,1,1,1,0,0,0]]"
10,921,-0.013739600757169606,0.013739600757169606,"[[1,1,0,0,0,1,1,1,0,0],[1,1,1,0,1,1,1,0,0,1]]"
10,922,-0.014138747379988445,0.014138747379988445,"[[1,1,0,0,0,1,1,1,0,0],[1,1,1,0,1,1,1,0,1,0]]"
10,923,-0.014034283752718788,0.014034283752718788,"[[1,1,0,0,0,1,1,1,0,0],[1,1,1,0,1,1,1,0,1,1]]"
10,924,-0.016709819133076106,0.016709819133076106,"[[1,1,0,0,0,1,1,1,0,0],[1,1,1,0,1,1,1,1,0,0]]"
10,925,-0.01658265404735455,0.01658265404735455,"[[1,1,0,0,0,1,1,1,0,0],[1,1,1,0,1,1,1,1,0,1]]"
10,926,-0.016928161078474026,0.016928161078474026,"[[1,1,0,0,0,1,1,1,0,0],[1,1,1,0,1,1,1,1,1,0]]"
10,927,-0.016860263963595013,0.016860263963595013,"[[1,1,0,0,0,1,1,1,0,0],[1,1,1,0,1,1,1,1,1,1]]"
10,928,-0.003785849847277104,0.003785849847277104,"[[1,1,0,0,0,1,1,1,0,1],[1,1,1,0,1,0,0,0,0,0]]"
10,929,-0.0037342471086546127,0.0037342471086546127,"[[1,1,0,0,0,1,1,1,0,1],[1,1,1,0,1,0,0,0,0,1]]"
10,930,-0.0040497413656711894,0.0040497413656711894,"[[1,1,0,0,0,1,1,1,0,1],[1,1,1,0,1,0,0,0,1,0]]"
10,931,-0.004013047255711792,0.004013047255711792,"[[1,1,0,0,0,1,1,1,0,1],[1,1,1,0,1,0,0,0,1,1]]"
10,932,-0.005714780610455608,0.005714780610455608,"[[1,1,0,0,0,1,1,1,0,1],[1,1,1,0,1,0,0,1,0,0]]"
10,933,-0.005668750492434233,0.005668750492434233,"[[1,1,0,0,0,1,1,1,0,1],[1,1,1,0,1,0,0,1,0,1]]"
10,934,-0.005990395058972701,0.005990395058972701,"[[1,1,0,0,0,1,1,1,0,1],[1,1,1,0,1,0,0,1,1,0]]"
10,935,-0.0059522801081269,0.0059522801081269,"[[1,1,0,0,0,1,1,1,0,1],[1,1,1,0,1,0,0,1,1,1]]"
10,936,-0.007665876411594722,0.007665876411594722,"[[1,1,0,0,0,1,1,1,0,1],[1,1,1,0,1,0,1,0,0,0]]"
10,937,-0.007602910807801016,0.007602910807801016,"[[1,1,0,0,0,1,1,1,0,1],[1,1,1,0,1,0,1,0,0,1]]"
10,938,-0.008117877335048594,0.008117877335048594,"[[1,1,0,0,0,1,1,1,0,1],[1,1,1,0,1,0,1,0,1,0]]"
10,939,-0.008050588717984452,0.008050588717984452,"[[1,1,0,0,0,1,1,1,0,1],[1,1,1,0,1,0,1,0,1,1]]"
10,940,-0.010554686466589538,0.010554686466589538,"[[1,1,0,0,0,1,1,1,0,1],[1,1,1,0,1,0,1,1,0,0]]"
10,941,-0.01048145743570137,0.01048145743570137,"[[1,1,0,0,0,1,1,1,0,1],[1,1,1,0,1,0,1,1,0,1]]"
10,942,-0.010828609839413942,0.010828609839413942,"[[1,1,0,0,0,1,1,1,0,1],[1,1,1,0,1,0,1,1,1,0]]"
10,943,-0.010765244513628654,0.010765244513628654,"[[1,1,0,0,0,1,1,1,0,1],[1,1,1,0,1,0,1,1,1,1]]"
10,944,-0.008155509747320733,0.008155509747320733,"[[1,1,0,0,0,1,1,1,0,1],[1,1,1,0,1,1,0,0,0,0]]"
10,945,-0.008084256600468367,0.008084256600468367,"[[1,1,0,0,0,1,1,1,0,1],[1,1,1,0,1,1,0,0,0,1]]"
10,946,-0.008544515718862316,0.008544515718862316,"[[1,1,0,0,0,1,1,1,0,1],[1,1,1,0,1,1,0,0,1,0]]"
10,947,-0.008480610789566112,0.008480610789566112,"[[1,1,0,0,0,1,1,1,0,1],[1,1,1,0,1,1,0,0,1,1]]"
10,948,-0.010922810481079192,0.010922810481079192,"[[1,1,0,0,0,1,1,1,0,1],[1,1,1,0,1,1,0,1,0,0]]"
10,949,-0.01083491201569782,0.01083491201569782,"[[1,1,0,0,0,1,1,1,0,1],[1,1,1,0,1,1,0,1,0,1]]"
10,950,-0.011166853761974736,0.011166853761974736,"[[1,1,0,0,0,1,1,1,0,1],[1,1,1,0,1,1,0,1,1,0]]"
10,951,-0.011109014833986543,0.011109014833986543,"[[1,1,0,0,0,1,1,1,0,1],[1,1,1,0,1,1,0,1,1,1]]"
10,952,-0.013916285361038732,0.013916285361038732,"[[1,1,0,0,0,1,1,1,0,1],[1,1,1,0,1,1,1,0,0,0]]"
10,953,-0.01380075630835791,0.01380075630835791,"[[1,1,0,0,0,1,1,1,0,1],[1,1,1,0,1,1,1,0,0,1]]"
10,954,-0.01420420266444901,0.01420420266444901,"[[1,1,0,0,0,1,1,1,0,1],[1,1,1,0,1,1,1,0,1,0]]"
10,955,-0.014099441226778742,0.014099441226778742,"[[1,1,0,0,0,1,1,1,0,1],[1,1,1,0,1,1,1,0,1,1]]"
10,956,-0.01676846232735523,0.01676846232735523,"[[1,1,0,0,0,1,1,1,0,1],[1,1,1,0,1,1,1,1,0,0]]"
10,957,-0.016640571138191586,0.016640571138191586,"[[1,1,0,0,0,1,1,1,0,1],[1,1,1,0,1,1,1,1,0,1]]"
10,958,-0.016990192514873798,0.016990192514873798,"[[1,1,0,0,0,1,1,1,0,1],[1,1,1,0,1,1,1,1,1,0]]"
10,959,-0.01691366181381621,0.01691366181381621,"[[1,1,0,0,0,1,1,1,0,1],[1,1,1,0,1,1,1,1,1,1]]"
10,960,-0.0034586902059500486,0.0034586902059500486,"[[1,1,0,0,0,1,1,1,1,0],[1,1,1,0,1,0,0,0,0,0]]"
10,961,-0.0034106617562482612,0.0034106617562482612,"[[1,1,0,0,0,1,1,1,1,0],[1,1,1,0,1,0,0,0,0,1]]"
10,962,-0.003809307762153634,0.003809307762153634,"[[1,1,0,0,0,1,1,1,1,0],[1,1,1,0,1,0,0,0,1,0]]"
10,963,-0.00377129996372319,0.00377129996372319,"[[1,1,0,0,0,1,1,1,1,0],[1,1,1,0,1,0,0,0,1,1]]"
10,964,-0.005255922415476335,0.005255922415476335,"[[1,1,0,0,0,1,1,1,1,0],[1,1,1,0,1,0,0,1,0,0]]"
10,965,-0.0052194046468604085,0.0052194046468604085,"[[1,1,0,0,0,1,1,1,1,0],[1,1,1,0,1,0,0,1,0,1]]"
10,966,-0.005649074313563017,0.005649074313563017,"[[1,1,0,0,0,1,1,1,1,0],[1,1,1,0,1,0,0,1,1,0]]"
10,967,-0.005617324766201559,0.005617324766201559,"[[1,1,0,0,0,1,1,1,1,0],[1,1,1,0,1,0,0,1,1,1]]"
10,968,-0.007026085227800219,0.007026085227800219,"[[1,1,0,0,0,1,1,1,1,0],[1,1,1,0,1,0,1,0,0,0]]"
10,969,-0.006975334790501764,0.006975334790501764,"[[1,1,0,0,0,1,1,1,1,0],[1,1,1,0,1,0,1,0,0,1]]"
10,970,-0.007597464929657321,0.007597464929657321,"[[1,1,0,0,0,1,1,1,1,0],[1,1,1,0,1,0,1,0,1,0]]"
10,971,-0.007539906919014612,0.007539906919014612,"[[1,1,0,0,0,1,1,1,1,0],[1,1,1,0,1,0,1,0,1,1]]"
10,972,-0.009863365411690486,0.009863365411690486,"[[1,1,0,0,0,1,1,1,1,0],[1,1,1,0,1,0,1,1,0,0]]"
10,973,-0.009807855589826346,0.009807855589826346,"[[1,1,0,0,0,1,1,1,1,0],[1,1,1,0,1,0,1,1,0,1]]"
10,974,-0.010285620675835556,0.010285620675835556,"[[1,1,0,0,0,1,1,1,1,0],[1,1,1,0,1,0,1,1,1,0]]"
10,975,-0.010240917814549517,0.010240917814549517,"[[1,1,0,0,0,1,1,1,1,0],[1,1,1,0,1,0,1,1,1,1]]"
10,976,-0.007513970850858399,0.007513970850858399,"[[1,1,0,0,0,1,1,1,1,0],[1,1,1,0,1,1,0,0,0,0]]"
10,977,-0.007463915917960996,0.007463915917960996,"[[1,1,0,0,0,1,1,1,1,0],[1,1,1,0,1,1,0,0,0,1]]"
10,978,-0.00811872029328667,0.00811872029328667,"[[1,1,0,0,0,1,1,1,1,0],[1,1,1,0,1,1,0,0,1,0]]"
10,979,-0.008056688022328127,0.008056688022328127,"[[1,1,0,0,0,1,1,1,1,0],[1,1,1,0,1,1,0,0,1,1]]"
10,980,-0.01017969160438597,0.01017969160438597,"[[1,1,0,0,0,1,1,1,1,0],[1,1,1,0,1,1,0,1,0,0]]"
10,981,-0.010126677660338892,0.010126677660338892,"[[1,1,0,0,0,1,1,1,1,0],[1,1,1,0,1,1,0,1,0,1]]"
10,982,-0.010656844358447775,0.010656844358447775,"[[1,1,0,0,0,1,1,1,1,0],[1,1,1,0,1,1,0,1,1,0]]"
10,983,-0.010606861058449445,0.010606861058449445,"[[1,1,0,0,0,1,1,1,1,0],[1,1,1,0,1,1,0,1,1,1]]"
10,984,-0.013044204962922516,0.013044204962922516,"[[1,1,0,0,0,1,1,1,1,0],[1,1,1,0,1,1,1,0,0,0]]"
10,985,-0.012942694620055458,0.012942694620055458,"[[1,1,0,0,0,1,1,1,1,0],[1,1,1,0,1,1,1,0,0,1]]"
10,986,-0.013461963428407274,0.013461963428407274,"[[1,1,0,0,0,1,1,1,1,0],[1,1,1,0,1,1,1,0,1,0]]"
10,987,-0.013367358423056284,0.013367358423056284,"[[1,1,0,0,0,1,1,1,1,0],[1,1,1,0,1,1,1,0,1,1]]"
10,988,-0.015802381826623534,0.015802381826623534,"[[1,1,0,0,0,1,1,1,1,0],[1,1,1,0,1,1,1,1,0,0]]"
10,989,-0.01569732282829318,0.01569732282829318,"[[1,1,0,0,0,1,1,1,1,0],[1,1,1,0,1,1,1,1,0,1]]"
10,990,-0.01620741208661644,0.01620741208661644,"[[1,1,0,0,0,1,1,1,1,0],[1,1,1,0,1,1,1,1,1,0]]"
10,991,-0.016167586615963493,0.016167586615963493,"[[1,1,0,0,0,1,1,1,1,0],[1,1,1,0,1,1,1,1,1,1]]"
10,992,-0.003486033610989965,0.003486033610989965,"[[1,1,0,0,0,1,1,1,1,1],[1,1,1,0,1,0,0,0,0,0]]"
10,993,-0.003438142873341148,0.003438142873341148,"[[1,1,0,0,0,1,1,1,1,1],[1,1,1,0,1,0,0,0,0,1]]"
10,994,-0.003846211906032816,0.003846211906032816,"[[1,1,0,0,0,1,1,1,1,1],[1,1,1,0,1,0,0,0,1,0]]"
10,995,-0.003806669375531935,0.003806669375531935,"[[1,1,0,0,0,1,1,1,1,1],[1,1,1,0,1,0,0,0,1,1]]"
10,996,-0.005297033398710723,0.005297033398710723,"[[1,1,0,0,0,1,1,1,1,1],[1,1,1,0,1,0,0,1,0,0]]"
10,997,-0.005260362567166305,0.005260362567166305,"[[1,1,0,0,0,1,1,1,1,1],[1,1,1,0,1,0,0,1,0,1]]"
10,998,-0.005692507389027498,0.005692507389027498,"[[1,1,0,0,0,1,1,1,1,1],[1,1,1,0,1,0,0,1,1,0]]"
10,999,-0.005660752615032483,0.005660752615032483,"[[1,1,0,0,0,1,1,1,1,1],[1,1,1,0,1,0,0,1,1,1]]"
10,1000,-0.007098287476745802,0.007098287476745802,"[[1,1,0,0,0,1,1,1,1,1],[1,1,1,0,1,0,1,0,0,0]]"
10,1001,-0.0070501150731257425,0.0070501150731257425,"[[1,1,0,0,0,1,1,1,1,1],[1,1,1,0,1,0,1,0,0,1]]"
10,1002,-0.007646806395021046,0.007646806395021046,"[[1,1,0,0,0,1,1,1,1,1],[1,1,1,0,1,0,1,0,1,0]]"
10,1003,-0.0075964680374886314,0.0075964680374886314,"[[1,1,0,0,0,1,1,1,1,1],[1,1,1,0,1,0,1,0,1,1]]"
10,1004,-0.009925576826434475,0.009925576826434475,"[[1,1,0,0,0,1,1,1,1,1],[1,1,1,0,1,0,1,1,0,0]]"
10,1005,-0.009871608717824573,0.009871608717824573,"[[1,1,0,0,0,1,1,1,1,1],[1,1,1,0,1,0,1,1,0,1]]"
10,1006,-0.010351428265600076,0.010351428265600076,"[[1,1,0,0,0,1,1,1,1,1],[1,1,1,0,1,0,1,1,1,0]]"
10,1007,-0.01031010479174435,0.01031010479174435,"[[1,1,0,0,0,1,1,1,1,1],[1,1,1,0,1,0,1,1,1,1]]"
10,1008,-0.007584122513209723,0.007584122513209723,"[[1,1,0,0,0,1,1,1,1,1],[1,1,1,0,1,1,0,0,0,0]]"
10,1009,-0.007533582616222327,0.007533582616222327,"[[1,1,0,0,0,1,1,1,1,1],[1,1,1,0,1,1,0,0,0,1]]"
10,1010,-0.008168569161374171,0.008168569161374171,"[[1,1,0,0,0,1,1,1,1,1],[1,1,1,0,1,1,0,0,1,0]]"
10,1011,-0.008105015981617843,0.008105015981617843,"[[1,1,0,0,0,1,1,1,1,1],[1,1,1,0,1,1,0,0,1,1]]"
10,1012,-0.010244677464952334,0.010244677464952334,"[[1,1,0,0,0,1,1,1,1,1],[1,1,1,0,1,1,0,1,0,0]]"
10,1013,-0.01019071493843159,0.01019071493843159,"[[1,1,0,0,0,1,1,1,1,1],[1,1,1,0,1,1,0,1,0,1]]"
10,1014,-0.010722892197947132,0.010722892197947132,"[[1,1,0,0,0,1,1,1,1,1],[1,1,1,0,1,1,0,1,1,0]]"
10,1015,-0.01067229738537502,0.01067229738537502,"[[1,1,0,0,0,1,1,1,1,1],[1,1,1,0,1,1,0,1,1,1]]"
10,1016,-0.013106893007450073,0.013106893007450073,"[[1,1,0,0,0,1,1,1,1,1],[1,1,1,0,1,1,1,0,0,0]]"
10,1017,-0.013005298349090522,0.013005298349090522,"[[1,1,0,0,0,1,1,1,1,1],[1,1,1,0,1,1,1,0,0,1]]"
10,1018,-0.013526599187145298,0.013526599187145298,"[[1,1,0,0,0,1,1,1,1,1],[1,1,1,0,1,1,1,0,1,0]]"
10,1019,-0.013432025805961405,0.013432025805961405,"[[1,1,0,0,0,1,1,1,1,1],[1,1,1,0,1,1,1,0,1,1]]"
10,1020,-0.01586548173207752,0.01586548173207752,"[[1,1,0,0,0,1,1,1,1,1],[1,1,1,0,1,1,1,1,0,0]]"
10,1021,-0.0157602704422275,0.0157602704422275,"[[1,1,0,0,0,1,1,1,1,1],[1,1,1,0,1,1,1,1,0,1]]"
10,1022,-0.0162714687096491,0.0162714687096491,"[[1,1,0,0,0,1,1,1,1,1],[1,1,1,0,1,1,1,1,1,0]]"
10,1023,-0.016225806646168687,0.016225806646168687,"[[1,1,0,0,0,1,1,1,1,1],[1,1,1,0,1,1,1,1,1,1]]"
