run,candidate_index,fitness,shape_error,chromosome
1,0,-0.020846216378158474,0.020846216378158474,"[[1,1,0,0,1,0,0,0,0,0],[1,1,1,1,0,0,0,0,0,0]]"
1,1,-0.020937070177240006,0.020937070177240006,"[[1,1,0,0,1,0,0,0,0,0],[1,1,1,1,0,0,0,0,0,1]]"
1,2,-0.02239166139296805,0.02239166139296805,"[[1,1,0,0,1,0,0,0,0,0],[1,1,1,1,0,0,0,0,1,0]]"
1,3,-0.02260864546568193,0.02260864546568193,"[[1,1,0,0,1,0,0,0,0,0],[1,1,1,1,0,0,0,0,1,1]]"
1,4,-0.0252035210284172,0.0252035210284172,"[[1,1,0,0,1,0,0,0,0,0],[1,1,1,1,0,0,0,1,0,0]]"
1,5,-0.025452004553424997,0.025452004553424997,"[[1,1,0,0,1,0,0,0,0,0],[1,1,1,1,0,0,0,1,0,1]]"
1,6,-0.02656389636591894,0.02656389636591894,"[[1,1,0,0,1,0,0,0,0,0],[1,1,1,1,0,0,0,1,1,0]]"
1,7,-0.02582195026614769,0.02582195026614769,"[[1,1,0,0,1,0,0,0,0,0],[1,1,1,1,0,0,0,1,1,1]]"
1,8,-0.03107757803824371,0.03107757803824371,"[[1,1,0,0,1,0,0,0,0,0],[1,1,1,1,0,0,1,0,0,0]]"
1,9,-0.03117845379540965,0.03117845379540965,"[[1,1,0,0,1,0,0,0,0,0],[1,1,1,1,0,0,1,0,0,1]]"
1,10,-0.03249036230633438,0.03249036230633438,"[[1,1,0,0,1,0,0,0,0,0],[1,1,1,1,0,0,1,0,1,0]]"
1,11,-0.032303332771611626,0.032303332771611626,"[[1,1,0,0,1,0,0,0,0,0],[1,1,1,1,0,0,1,0,1,1]]"
1,12,-0.03492195892991929,0.03492195892991929,"[[1,1,0,0,1,0,0,0,0,0],[1,1,1,1,0,0,1,1,0,0]]"
1,13,-0.03439278546206086,0.03439278546206086,"[[1,1,0,0,1,0,0,0,0,0],[1,1,1,1,0,0,1,1,0,1]]"
1,14,-0.03511543902374309,0.03511543902374309,"[[1,1,0,0,1,0,0,0,0,0],[1,1,1,1,0,0,1,1,1,0]]"
1,15,-0.03258257717223505,0.03258257717223505,"[[1,1,0,0,1,0,0,0,0,0],[1,1,1,1,0,0,1,1,1,1]]"
1,16,-0.03633521255742806,0.03633521255742806,"[[1,1,0,0,1,0,0,0,0,0],[1,1,1,1,0,1,0,0,0,0]]"
1,17,-0.03661368123694493,0.03661368123694493,"[[1,1,0,0,1,0,0,0,0,0],[1,1,1,1,0,1,0,0,0,1]]"
1,18,-0.037901404817473734,0.037901404817473734,"[[1,1,0,0,1,0,0,0,0,0],[1,1,1,1,0,1,0,0,1,0]]"
1,19,-0.037925550711192406,0.037925550711192406,"[[1,1,0,0,1,0,0,0,0,0],[1,1,1,1,0,1,0,0,1,1]]"
1,20,-0.04023819159628629,0.04023819159628629,"[[1,1,0,0,1,0,0,0,0,0],[1,1,1,1,0,1,0,1,0,0]]"
1,21,-0.039751639235984154,0.039751639235984154,"[[1,1,0,0,1,0,0,0,0,0],[1,1,1,1,0,1,0,1,0,1]]"
1,22,-0.04071963272834358,0.04071963272834358,"[[1,1,0,0,1,0,0,0,0,0],[1,1,1,1,0,1,0,1,1,0]]"
1,23,-0.038486865837656925,0.038486865837656925,"[[1,1,0,0,1,0,0,0,0,0],[1,1,1,1,0,1,0,1,1,1]]"
1,24,-0.04626711413843733,0.04626711413843733,"[[1,1,0,0,1,0,0,0,0,0],[1,1,1,1,0,1,1,0,0,0]]"
1,25,-0.04627275291849377,0.04627275291849377,"[[1,1,0,0,1,0,0,0,0,0],[1,1,1,1,0,1,1,0,0,1]]"
1,26,-0.04777804227026192,0.04777804227026192,"[[1,1,0,0,1,0,0,0,0,0],[1,1,1,1,0,1,1,0,1,0]]"
1,27,-0.0466059143542967,0.0466059143542967,"[[1,1,0,0,1,0,0,0,0,0],[1,1,1,1,0,1,1,0,1,1]]"
1,28,-0.04853616818730381,0.04853616818730381,"[[1,1,0,0,1,0,0,0,0,0],[1,1,1,1,0,1,1,1,0,0]]"
1,29,-0.04713354197487743,0.04713354197487743,"[[1,1,0,0,1,0,0,0,0,0],[1,1,1,1,0,1,1,1,0,1]]"
1,30,-0.046123517822644546,0.046123517822644546,"[[1,1,0,0,1,0,0,0,0,0],[1,1,1,1,0,1,1,1,1,0]]"
1,31,-0.040670991257316276,0.040670991257316276,"[[1,1,0,0,1,0,0,0,0,0],[1,1,1,1,0,1,1,1,1,1]]"
1,32,-0.02091615878657478,0.02091615878657478,"[[1,1,0,0,1,0,0,0,0,1],[1,1,1,1,0,0,0,0,0,0]]"
1,33,-0.02112811366884742,0.02112811366884742,"[[1,1,0,0,1,0,0,0,0,1],[1,1,1,1,0,0,0,0,0,1]]"
1,34,-0.022648312102232657,0.022648312102232657,"[[1,1,0,0,1,0,0,0,0,1],[1,1,1,1,0,0,0,0,1,0]]"
1,35,-0.022884204909081093,0.022884204909081093,"[[1,1,0,0,1,0,0,0,0,1],[1,1,1,1,0,0,0,0,1,1]]"
1,36,-0.025738644945336616,0.025738644945336616,"[[1,1,0,0,1,0,0,0,0,1],[1,1,1,1,0,0,0,1,0,0]]"
1,37,-0.025934199950152274,0.025934199950152274,"[[1,1,0,0,1,0,0,0,0,1],[1,1,1,1,0,0,0,1,0,1]]"
1,38,-0.02693147998974795,0.02693147998974795,"[[1,1,0,0,1,0,0,0,0,1],[1,1,1,1,0,0,0,1,1,0]]"
1,39,-0.026728586948917686,0.026728586948917686,"[[1,1,0,0,1,0,0,0,0,1],[1,1,1,1,0,0,0,1,1,1]]"
1,40,-0.03143671493400391,0.03143671493400391,"[[1,1,0,0,1,0,0,0,0,1],[1,1,1,1,0,0,1,0,0,0]]"
1,41,-0.03181300979002341,0.03181300979002341,"[[1,1,0,0,1,0,0,0,0,1],[1,1,1,1,0,0,1,0,0,1]]"
1,42,-0.033097142113633446,0.033097142113633446,"[[1,1,0,0,1,0,0,0,0,1],[1,1,1,1,0,0,1,0,1,0]]"
1,43,-0.032715149708647154,0.032715149708647154,"[[1,1,0,0,1,0,0,0,0,1],[1,1,1,1,0,0,1,0,1,1]]"
1,44,-0.03612438605721819,0.03612438605721819,"[[1,1,0,0,1,0,0,0,0,1],[1,1,1,1,0,0,1,1,0,0]]"
1,45,-0.03552920930883944,0.03552920930883944,"[[1,1,0,0,1,0,0,0,0,1],[1,1,1,1,0,0,1,1,0,1]]"
1,46,-0.03614796491476388,0.03614796491476388,"[[1,1,0,0,1,0,0,0,0,1],[1,1,1,1,0,0,1,1,1,0]]"
1,47,-0.03473817339153575,0.03473817339153575,"[[1,1,0,0,1,0,0,0,0,1],[1,1,1,1,0,0,1,1,1,1]]"
1,48,-0.037337859318670376,0.037337859318670376,"[[1,1,0,0,1,0,0,0,0,1],[1,1,1,1,0,1,0,0,0,0]]"
1,49,-0.03730285636900503,0.03730285636900503,"[[1,1,0,0,1,0,0,0,0,1],[1,1,1,1,0,1,0,0,0,1]]"
1,50,-0.038660109568703326,0.038660109568703326,"[[1,1,0,0,1,0,0,0,0,1],[1,1,1,1,0,1,0,0,1,0]]"
1,51,-0.03829514037733221,0.03829514037733221,"[[1,1,0,0,1,0,0,0,0,1],[1,1,1,1,0,1,0,0,1,1]]"
1,52,-0.04196055398549077,0.04196055398549077,"[[1,1,0,0,1,0,0,0,0,1],[1,1,1,1,0,1,0,1,0,0]]"
1,53,-0.04108518755287203,0.04108518755287203,"[[1,1,0,0,1,0,0,0,0,1],[1,1,1,1,0,1,0,1,0,1]]"
1,54,-0.04199545493032247,0.04199545493032247,"[[1,1,0,0,1,0,0,0,0,1],[1,1,1,1,0,1,0,1,1,0]]"
1,55,-0.04038850900826058,0.04038850900826058,"[[1,1,0,0,1,0,0,0,0,1],[1,1,1,1,0,1,0,1,1,1]]"
1,56,-0.04860959727234837,0.04860959727234837,"[[1,1,0,0,1,0,0,0,0,1],[1,1,1,1,0,1,1,0,0,0]]"
1,57,-0.04775166251373603,0.04775166251373603,"[[1,1,0,0,1,0,0,0,0,1],[1,1,1,1,0,1,1,0,0,1]]"
1,58,-0.049457270247968255,0.049457270247968255,"[[1,1,0,0,1,0,0,0,0,1],[1,1,1,1,0,1,1,0,1,0]]"
1,59,-0.04781983762441415,0.04781983762441415,"[[1,1,0,0,1,0,0,0,0,1],[1,1,1,1,0,1,1,0,1,1]]"
1,60,-0.05100555829544136,0.05100555829544136,"[[1,1,0,0,1,0,0,0,0,1],[1,1,1,1,0,1,1,1,0,0]]"
1,61,-0.04964817018279042,0.04964817018279042,"[[1,1,0,0,1,0,0,0,0,1],[1,1,1,1,0,1,1,1,0,1]]"
1,62,-0.04914713975133434,0.04914713975133434,"[[1,1,0,0,1,0,0,0,0,1],[1,1,1,1,0,1,1,1,1,0]]"
1,63,-0.04526409284222333,0.04526409284222333,"[[1,1,0,0,1,0,0,0,0,1],[1,1,1,1,0,1,1,1,1,1]]"
1,64,-0.018757131895646914,0.018757131895646914,"[[1,1,0,0,1,0,0,0,1,0],[1,1,1,1,0,0,0,0,0,0]]"
1,65,-0.018546793282630956,0.018546793282630956,"[[1,1,0,0,1,0,0,0,1,0],[1,1,1,1,0,0,0,0,0,1]]"
1,66,-0.02087593179391083,0.02087593179391083,"[[1,1,0,0,1,0,0,0,1,0],[1,1,1,1,0,0,0,0,1,0]]"
1,67,-0.021047114796627398,0.021047114796627398,"[[1,1,0,0,1,0,0,0,1,0],[1,1,1,1,0,0,0,0,1,1]]"
1,68,-0.024775365908262136,0.024775365908262136,"[[1,1,0,0,1,0,0,0,1,0],[1,1,1,1,0,0,0,1,0,0]]"
1,69,-0.024800901276842806,0.024800901276842806,"[[1,1,0,0,1,0,0,0,1,0],[1,1,1,1,0,0,0,1,0,1]]"
1,70,-0.026352281799674346,0.026352281799674346,"[[1,1,0,0,1,0,0,0,1,0],[1,1,1,1,0,0,0,1,1,0]]"
1,71,-0.02623693389735818,0.02623693389735818,"[[1,1,0,0,1,0,0,0,1,0],[1,1,1,1,0,0,0,1,1,1]]"
1,72,-0.029959994949194223,0.029959994949194223,"[[1,1,0,0,1,0,0,0,1,0],[1,1,1,1,0,0,1,0,0,0]]"
1,73,-0.02980520344019614,0.02980520344019614,"[[1,1,0,0,1,0,0,0,1,0],[1,1,1,1,0,0,1,0,0,1]]"
1,74,-0.032040658547917655,0.032040658547917655,"[[1,1,0,0,1,0,0,0,1,0],[1,1,1,1,0,0,1,0,1,0]]"
1,75,-0.031940029118340985,0.031940029118340985,"[[1,1,0,0,1,0,0,0,1,0],[1,1,1,1,0,0,1,0,1,1]]"
1,76,-0.035907889666790364,0.035907889666790364,"[[1,1,0,0,1,0,0,0,1,0],[1,1,1,1,0,0,1,1,0,0]]"
1,77,-0.03583710635113823,0.03583710635113823,"[[1,1,0,0,1,0,0,0,1,0],[1,1,1,1,0,0,1,1,0,1]]"
1,78,-0.036672823632732575,0.036672823632732575,"[[1,1,0,0,1,0,0,0,1,0],[1,1,1,1,0,0,1,1,1,0]]"
1,79,-0.03601234626121265,0.03601234626121265,"[[1,1,0,0,1,0,0,0,1,0],[1,1,1,1,0,0,1,1,1,1]]"
1,80,-0.035702915139208126,0.035702915139208126,"[[1,1,0,0,1,0,0,0,1,0],[1,1,1,1,0,1,0,0,0,0]]"
1,81,-0.035356241497294424,0.035356241497294424,"[[1,1,0,0,1,0,0,0,1,0],[1,1,1,1,0,1,0,0,0,1]]"
1,82,-0.037517564407141275,0.037517564407141275,"[[1,1,0,0,1,0,0,0,1,0],[1,1,1,1,0,1,0,0,1,0]]"
1,83,-0.03741308922360556,0.03741308922360556,"[[1,1,0,0,1,0,0,0,1,0],[1,1,1,1,0,1,0,0,1,1]]"
1,84,-0.04226370641606228,0.04226370641606228,"[[1,1,0,0,1,0,0,0,1,0],[1,1,1,1,0,1,0,1,0,0]]"
1,85,-0.04176495432700301,0.04176495432700301,"[[1,1,0,0,1,0,0,0,1,0],[1,1,1,1,0,1,0,1,0,1]]"
1,86,-0.04234353211079057,0.04234353211079057,"[[1,1,0,0,1,0,0,0,1,0],[1,1,1,1,0,1,0,1,1,0]]"
1,87,-0.041515708614165946,0.041515708614165946,"[[1,1,0,0,1,0,0,0,1,0],[1,1,1,1,0,1,0,1,1,1]]"
1,88,-0.04755672075351183,0.04755672075351183,"[[1,1,0,0,1,0,0,0,1,0],[1,1,1,1,0,1,1,0,0,0]]"
1,89,-0.046779276634055636,0.046779276634055636,"[[1,1,0,0,1,0,0,0,1,0],[1,1,1,1,0,1,1,0,0,1]]"
1,90,-0.04876263980305933,0.04876263980305933,"[[1,1,0,0,1,0,0,0,1,0],[1,1,1,1,0,1,1,0,1,0]]"
1,91,-0.04809605455252438,0.04809605455252438,"[[1,1,0,0,1,0,0,0,1,0],[1,1,1,1,0,1,1,0,1,1]]"
1,92,-0.051146696313249744,0.051146696313249744,"[[1,1,0,0,1,0,0,0,1,0],[1,1,1,1,0,1,1,1,0,0]]"
1,93,-0.05048838979685958,0.05048838979685958,"[[1,1,0,0,1,0,0,0,1,0],[1,1,1,1,0,1,1,1,0,1]]"
1,94,-0.05006020168631161,0.05006020168631161,"[[1,1,0,0,1,0,0,0,1,0],[1,1,1,1,0,1,1,1,1,0]]"
1,95,-0.048491948448832735,0.048491948448832735,"[[1,1,0,0,1,0,0,0,1,0],[1,1,1,1,0,1,1,1,1,1]]"
1,96,-0.01836094308386247,0.01836094308386247,"[[1,1,0,0,1,0,0,0,1,1],[1,1,1,1,0,0,0,0,0,0]]"
1,97,-0.01876297022701219,0.01876297022701219,"[[1,1,0,0,1,0,0,0,1,1],[1,1,1,1,0,0,0,0,0,1]]"
1,98,-0.020829750628122434,0.020829750628122434,"[[1,1,0,0,1,0,0,0,1,1],[1,1,1,1,0,0,0,0,1,0]]"
1,99,-0.021211795762858133,0.021211795762858133,"[[1,1,0,0,1,0,0,0,1,1],[1,1,1,1,0,0,0,0,1,1]]"
1,100,-0.024291621000988292,0.024291621000988292,"[[1,1,0,0,1,0,0,0,1,1],[1,1,1,1,0,0,0,1,0,0]]"
1,101,-0.024865767110253616,0.024865767110253616,"[[1,1,0,0,1,0,0,0,1,1],[1,1,1,1,0,0,0,1,0,1]]"
1,102,-0.02659896296969208,0.02659896296969208,"[[1,1,0,0,1,0,0,0,1,1],[1,1,1,1,0,0,0,1,1,0]]"
1,103,-0.0267293829158055,0.0267293829158055,"[[1,1,0,0,1,0,0,0,1,1],[1,1,1,1,0,0,0,1,1,1]]"
1,104,-0.029534153635980692,0.029534153635980692,"[[1,1,0,0,1,0,0,0,1,1],[1,1,1,1,0,0,1,0,0,0]]"
1,105,-0.030016203793753957,0.030016203793753957,"[[1,1,0,0,1,0,0,0,1,1],[1,1,1,1,0,0,1,0,0,1]]"
1,106,-0.03191915853613844,0.03191915853613844,"[[1,1,0,0,1,0,0,0,1,1],[1,1,1,1,0,0,1,0,1,0]]"
1,107,-0.03232795427400409,0.03232795427400409,"[[1,1,0,0,1,0,0,0,1,1],[1,1,1,1,0,0,1,0,1,1]]"
1,108,-0.035579506712606096,0.035579506712606096,"[[1,1,0,0,1,0,0,0,1,1],[1,1,1,1,0,0,1,1,0,0]]"
1,109,-0.03614847856012814,0.03614847856012814,"[[1,1,0,0,1,0,0,0,1,1],[1,1,1,1,0,0,1,1,0,1]]"
1,110,-0.03742716804867471,0.03742716804867471,"[[1,1,0,0,1,0,0,0,1,1],[1,1,1,1,0,0,1,1,1,0]]"
1,111,-0.03682985421840592,0.03682985421840592,"[[1,1,0,0,1,0,0,0,1,1],[1,1,1,1,0,0,1,1,1,1]]"
1,112,-0.035499216376724284,0.035499216376724284,"[[1,1,0,0,1,0,0,0,1,1],[1,1,1,1,0,1,0,0,0,0]]"
1,113,-0.035872648822823476,0.035872648822823476,"[[1,1,0,0,1,0,0,0,1,1],[1,1,1,1,0,1,0,0,0,1]]"
1,114,-0.037911131834624336,0.037911131834624336,"[[1,1,0,0,1,0,0,0,1,1],[1,1,1,1,0,1,0,0,1,0]]"
1,115,-0.03800520910633865,0.03800520910633865,"[[1,1,0,0,1,0,0,0,1,1],[1,1,1,1,0,1,0,0,1,1]]"
1,116,-0.04211749803315615,0.04211749803315615,"[[1,1,0,0,1,0,0,0,1,1],[1,1,1,1,0,1,0,1,0,0]]"
1,117,-0.042280992837274815,0.042280992837274815,"[[1,1,0,0,1,0,0,0,1,1],[1,1,1,1,0,1,0,1,0,1]]"
1,118,-0.0434738081531734,0.0434738081531734,"[[1,1,0,0,1,0,0,0,1,1],[1,1,1,1,0,1,0,1,1,0]]"
1,119,-0.0425534575436857,0.0425534575436857,"[[1,1,0,0,1,0,0,0,1,1],[1,1,1,1,0,1,0,1,1,1]]"
1,120,-0.04862376150029249,0.04862376150029249,"[[1,1,0,0,1,0,0,0,1,1],[1,1,1,1,0,1,1,0,0,0]]"
1,121,-0.04814975272134903,0.04814975272134903,"[[1,1,0,0,1,0,0,0,1,1],[1,1,1,1,0,1,1,0,0,1]]"
1,122,-0.04994668857041031,0.04994668857041031,"[[1,1,0,0,1,0,0,0,1,1],[1,1,1,1,0,1,1,0,1,0]]"
1,123,-0.04927091256184607,0.04927091256184607,"[[1,1,0,0,1,0,0,0,1,1],[1,1,1,1,0,1,1,0,1,1]]"
1,124,-0.05241212148439961,0.05241212148439961,"[[1,1,0,0,1,0,0,0,1,1],[1,1,1,1,0,1,1,1,0,0]]"
1,125,-0.05223173461969841,0.05223173461969841,"[[1,1,0,0,1,0,0,0,1,1],[1,1,1,1,0,1,1,1,0,1]]"
1,126,-0.05263234625197892,0.05263234625197892,"[[1,1,0,0,1,0,0,0,1,1],[1,1,1,1,0,1,1,1,1,0]]"
1,127,-0.05067982167272973,0.05067982167272973,"[[1,1,0,0,1,0,0,0,1,1],[1,1,1,1,0,1,1,1,1,1]]"
1,128,-0.015553050492075384,0.015553050492075384,"[[1,1,0,0,1,0,0,1,0,0],[1,1,1,1,0,0,0,0,0,0]]"
1,129,-0.015796944933302543,0.015796944933302543,"[[1,1,0,0,1,0,0,1,0,0],[1,1,1,1,0,0,0,0,0,1]]"
1,130,-0.01711154049139429,0.01711154049139429,"[[1,1,0,0,1,0,0,1,0,0],[1,1,1,1,0,0,0,0,1,0]]"
1,131,-0.017466375182539767,0.017466375182539767,"[[1,1,0,0,1,0,0,1,0,0],[1,1,1,1,0,0,0,0,1,1]]"
1,132,-0.02120098676561802,0.02120098676561802,"[[1,1,0,0,1,0,0,1,0,0],[1,1,1,1,0,0,0,1,0,0]]"
1,133,-0.021891496566920566,0.021891496566920566,"[[1,1,0,0,1,0,0,1,0,0],[1,1,1,1,0,0,0,1,0,1]]"
1,134,-0.02322990147924586,0.02322990147924586,"[[1,1,0,0,1,0,0,1,0,0],[1,1,1,1,0,0,0,1,1,0]]"
1,135,-0.023357409037518814,0.023357409037518814,"[[1,1,0,0,1,0,0,1,0,0],[1,1,1,1,0,0,0,1,1,1]]"
1,136,-0.026712068507545678,0.026712068507545678,"[[1,1,0,0,1,0,0,1,0,0],[1,1,1,1,0,0,1,0,0,0]]"
1,137,-0.027353215036501056,0.027353215036501056,"[[1,1,0,0,1,0,0,1,0,0],[1,1,1,1,0,0,1,0,0,1]]"
1,138,-0.028864617974923158,0.028864617974923158,"[[1,1,0,0,1,0,0,1,0,0],[1,1,1,1,0,0,1,0,1,0]]"
1,139,-0.02907101927780996,0.02907101927780996,"[[1,1,0,0,1,0,0,1,0,0],[1,1,1,1,0,0,1,0,1,1]]"
1,140,-0.03373145375664102,0.03373145375664102,"[[1,1,0,0,1,0,0,1,0,0],[1,1,1,1,0,0,1,1,0,0]]"
1,141,-0.03400950246873444,0.03400950246873444,"[[1,1,0,0,1,0,0,1,0,0],[1,1,1,1,0,0,1,1,0,1]]"
1,142,-0.03495251679603884,0.03495251679603884,"[[1,1,0,0,1,0,0,1,0,0],[1,1,1,1,0,0,1,1,1,0]]"
1,143,-0.03392434631764072,0.03392434631764072,"[[1,1,0,0,1,0,0,1,0,0],[1,1,1,1,0,0,1,1,1,1]]"
1,144,-0.031785244738327535,0.031785244738327535,"[[1,1,0,0,1,0,0,1,0,0],[1,1,1,1,0,1,0,0,0,0]]"
1,145,-0.032198191374867194,0.032198191374867194,"[[1,1,0,0,1,0,0,1,0,0],[1,1,1,1,0,1,0,0,0,1]]"
1,146,-0.03396617674722265,0.03396617674722265,"[[1,1,0,0,1,0,0,1,0,0],[1,1,1,1,0,1,0,0,1,0]]"
1,147,-0.03432442614608236,0.03432442614608236,"[[1,1,0,0,1,0,0,1,0,0],[1,1,1,1,0,1,0,0,1,1]]"
1,148,-0.038307586740091125,0.038307586740091125,"[[1,1,0,0,1,0,0,1,0,0],[1,1,1,1,0,1,0,1,0,0]]"
1,149,-0.03890784264888322,0.03890784264888322,"[[1,1,0,0,1,0,0,1,0,0],[1,1,1,1,0,1,0,1,0,1]]"
1,150,-0.04002469768866889,0.04002469768866889,"[[1,1,0,0,1,0,0,1,0,0],[1,1,1,1,0,1,0,1,1,0]]"
1,151,-0.039515240183080065,0.039515240183080065,"[[1,1,0,0,1,0,0,1,0,0],[1,1,1,1,0,1,0,1,1,1]]"
1,152,-0.04521480536498789,0.04521480536498789,"[[1,1,0,0,1,0,0,1,0,0],[1,1,1,1,0,1,1,0,0,0]]"
1,153,-0.04536337164138331,0.04536337164138331,"[[1,1,0,0,1,0,0,1,0,0],[1,1,1,1,0,1,1,0,0,1]]"
1,154,-0.04730641907338713,0.04730641907338713,"[[1,1,0,0,1,0,0,1,0,0],[1,1,1,1,0,1,1,0,1,0]]"
1,155,-0.046416827496772714,0.046416827496772714,"[[1,1,0,0,1,0,0,1,0,0],[1,1,1,1,0,1,1,0,1,1]]"
1,156,-0.05021665360871359,0.05021665360871359,"[[1,1,0,0,1,0,0,1,0,0],[1,1,1,1,0,1,1,1,0,0]]"
1,157,-0.05000682678346522,0.05000682678346522,"[[1,1,0,0,1,0,0,1,0,0],[1,1,1,1,0,1,1,1,0,1]]"
1,158,-0.05110771539336447,0.05110771539336447,"[[1,1,0,0,1,0,0,1,0,0],[1,1,1,1,0,1,1,1,1,0]]"
1,159,-0.04879809318136249,0.04879809318136249,"[[1,1,0,0,1,0,0,1,0,0],[1,1,1,1,0,1,1,1,1,1]]"
1,160,-0.01536234725446383,0.01536234725446383,"[[1,1,0,0,1,0,0,1,0,1],[1,1,1,1,0,0,0,0,0,0]]"
1,161,-0.015825508821846964,0.015825508821846964,"[[1,1,0,0,1,0,0,1,0,1],[1,1,1,1,0,0,0,0,0,1]]"
1,162,-0.017435824414577833,0.017435824414577833,"[[1,1,0,0,1,0,0,1,0,1],[1,1,1,1,0,0,0,0,1,0]]"
1,163,-0.01764777286790076,0.01764777286790076,"[[1,1,0,0,1,0,0,1,0,1],[1,1,1,1,0,0,0,0,1,1]]"
1,164,-0.02131541229889332,0.02131541229889332,"[[1,1,0,0,1,0,0,1,0,1],[1,1,1,1,0,0,0,1,0,0]]"
1,165,-0.021882981399143624,0.021882981399143624,"[[1,1,0,0,1,0,0,1,0,1],[1,1,1,1,0,0,0,1,0,1]]"
1,166,-0.023554193016775412,0.023554193016775412,"[[1,1,0,0,1,0,0,1,0,1],[1,1,1,1,0,0,0,1,1,0]]"
1,167,-0.023645878298810593,0.023645878298810593,"[[1,1,0,0,1,0,0,1,0,1],[1,1,1,1,0,0,0,1,1,1]]"
1,168,-0.026333847920039125,0.026333847920039125,"[[1,1,0,0,1,0,0,1,0,1],[1,1,1,1,0,0,1,0,0,0]]"
1,169,-0.02723216400836126,0.02723216400836126,"[[1,1,0,0,1,0,0,1,0,1],[1,1,1,1,0,0,1,0,0,1]]"
1,170,-0.02924718376843082,0.02924718376843082,"[[1,1,0,0,1,0,0,1,0,1],[1,1,1,1,0,0,1,0,1,0]]"
1,171,-0.029429202502339886,0.029429202502339886,"[[1,1,0,0,1,0,0,1,0,1],[1,1,1,1,0,0,1,0,1,1]]"
1,172,-0.033761317402134304,0.033761317402134304,"[[1,1,0,0,1,0,0,1,0,1],[1,1,1,1,0,0,1,1,0,0]]"
1,173,-0.03429642982763726,0.03429642982763726,"[[1,1,0,0,1,0,0,1,0,1],[1,1,1,1,0,0,1,1,0,1]]"
1,174,-0.03541295087229828,0.03541295087229828,"[[1,1,0,0,1,0,0,1,0,1],[1,1,1,1,0,0,1,1,1,0]]"
1,175,-0.03442264507981671,0.03442264507981671,"[[1,1,0,0,1,0,0,1,0,1],[1,1,1,1,0,0,1,1,1,1]]"
1,176,-0.03157717080788375,0.03157717080788375,"[[1,1,0,0,1,0,0,1,0,1],[1,1,1,1,0,1,0,0,0,0]]"
1,177,-0.03215308336228393,0.03215308336228393,"[[1,1,0,0,1,0,0,1,0,1],[1,1,1,1,0,1,0,0,0,1]]"
1,178,-0.03444431893892717,0.03444431893892717,"[[1,1,0,0,1,0,0,1,0,1],[1,1,1,1,0,1,0,0,1,0]]"
1,179,-0.03454408411505094,0.03454408411505094,"[[1,1,0,0,1,0,0,1,0,1],[1,1,1,1,0,1,0,0,1,1]]"
1,180,-0.03909767180354292,0.03909767180354292,"[[1,1,0,0,1,0,0,1,0,1],[1,1,1,1,0,1,0,1,0,0]]"
1,181,-0.039156092443024905,0.039156092443024905,"[[1,1,0,0,1,0,0,1,0,1],[1,1,1,1,0,1,0,1,0,1]]"
1,182,-0.040574581495023895,0.040574581495023895,"[[1,1,0,0,1,0,0,1,0,1],[1,1,1,1,0,1,0,1,1,0]]"
1,183,-0.03981690209298931,0.03981690209298931,"[[1,1,0,0,1,0,0,1,0,1],[1,1,1,1,0,1,0,1,1,1]]"
1,184,-0.04538635189946365,0.04538635189946365,"[[1,1,0,0,1,0,0,1,0,1],[1,1,1,1,0,1,1,0,0,0]]"
1,185,-0.0458326572136609,0.0458326572136609,"[[1,1,0,0,1,0,0,1,0,1],[1,1,1,1,0,1,1,0,0,1]]"
1,186,-0.04804104494290136,0.04804104494290136,"[[1,1,0,0,1,0,0,1,0,1],[1,1,1,1,0,1,1,0,1,0]]"
1,187,-0.04711814368004777,0.04711814368004777,"[[1,1,0,0,1,0,0,1,0,1],[1,1,1,1,0,1,1,0,1,1]]"
1,188,-0.051646858091107736,0.051646858091107736,"[[1,1,0,0,1,0,0,1,0,1],[1,1,1,1,0,1,1,1,0,0]]"
1,189,-0.05131721436957593,0.05131721436957593,"[[1,1,0,0,1,0,0,1,0,1],[1,1,1,1,0,1,1,1,0,1]]"
1,190,-0.05207593782894177,0.05207593782894177,"[[1,1,0,0,1,0,0,1,0,1],[1,1,1,1,0,1,1,1,1,0]]"
1,191,-0.04992511249567754,0.04992511249567754,"[[1,1,0,0,1,0,0,1,0,1],[1,1,1,1,0,1,1,1,1,1]]"
1,192,-0.012847844885857516,0.012847844885857516,"[[1,1,0,0,1,0,0,1,1,0],[1,1,1,1,0,0,0,0,0,0]]"
1,193,-0.013057727879341457,0.013057727879341457,"[[1,1,0,0,1,0,0,1,1,0],[1,1,1,1,0,0,0,0,0,1]]"
1,194,-0.015167685945851727,0.015167685945851727,"[[1,1,0,0,1,0,0,1,1,0],[1,1,1,1,0,0,0,0,1,0]]"
1,195,-0.015359107660683087,0.015359107660683087,"[[1,1,0,0,1,0,0,1,1,0],[1,1,1,1,0,0,0,0,1,1]]"
1,196,-0.01956962069208365,0.01956962069208365,"[[1,1,0,0,1,0,0,1,1,0],[1,1,1,1,0,0,0,1,0,0]]"
1,197,-0.019547237333683017,0.019547237333683017,"[[1,1,0,0,1,0,0,1,1,0],[1,1,1,1,0,0,0,1,0,1]]"
1,198,-0.021820114356156117,0.021820114356156117,"[[1,1,0,0,1,0,0,1,1,0],[1,1,1,1,0,0,0,1,1,0]]"
1,199,-0.02220127506559458,0.02220127506559458,"[[1,1,0,0,1,0,0,1,1,0],[1,1,1,1,0,0,0,1,1,1]]"
1,200,-0.023939092065735704,0.023939092065735704,"[[1,1,0,0,1,0,0,1,1,0],[1,1,1,1,0,0,1,0,0,0]]"
1,201,-0.02454400210560432,0.02454400210560432,"[[1,1,0,0,1,0,0,1,1,0],[1,1,1,1,0,0,1,0,0,1]]"
1,202,-0.02672859619696573,0.02672859619696573,"[[1,1,0,0,1,0,0,1,1,0],[1,1,1,1,0,0,1,0,1,0]]"
1,203,-0.027187796699049412,0.027187796699049412,"[[1,1,0,0,1,0,0,1,1,0],[1,1,1,1,0,0,1,0,1,1]]"
1,204,-0.03236823190107959,0.03236823190107959,"[[1,1,0,0,1,0,0,1,1,0],[1,1,1,1,0,0,1,1,0,0]]"
1,205,-0.03257573778640839,0.03257573778640839,"[[1,1,0,0,1,0,0,1,1,0],[1,1,1,1,0,0,1,1,0,1]]"
1,206,-0.03497671749127374,0.03497671749127374,"[[1,1,0,0,1,0,0,1,1,0],[1,1,1,1,0,0,1,1,1,0]]"
1,207,-0.03480651166168054,0.03480651166168054,"[[1,1,0,0,1,0,0,1,1,0],[1,1,1,1,0,0,1,1,1,1]]"
1,208,-0.02941122213011252,0.02941122213011252,"[[1,1,0,0,1,0,0,1,1,0],[1,1,1,1,0,1,0,0,0,0]]"
1,209,-0.0296133934618469,0.0296133934618469,"[[1,1,0,0,1,0,0,1,1,0],[1,1,1,1,0,1,0,0,0,1]]"
1,210,-0.03215954464825679,0.03215954464825679,"[[1,1,0,0,1,0,0,1,1,0],[1,1,1,1,0,1,0,0,1,0]]"
1,211,-0.03248400302603931,0.03248400302603931,"[[1,1,0,0,1,0,0,1,1,0],[1,1,1,1,0,1,0,0,1,1]]"
1,212,-0.03723339533034292,0.03723339533034292,"[[1,1,0,0,1,0,0,1,1,0],[1,1,1,1,0,1,0,1,0,0]]"
1,213,-0.037134395832705766,0.037134395832705766,"[[1,1,0,0,1,0,0,1,1,0],[1,1,1,1,0,1,0,1,0,1]]"
1,214,-0.039829246224268824,0.039829246224268824,"[[1,1,0,0,1,0,0,1,1,0],[1,1,1,1,0,1,0,1,1,0]]"
1,215,-0.03983028251101198,0.03983028251101198,"[[1,1,0,0,1,0,0,1,1,0],[1,1,1,1,0,1,0,1,1,1]]"
1,216,-0.0434301602141996,0.0434301602141996,"[[1,1,0,0,1,0,0,1,1,0],[1,1,1,1,0,1,1,0,0,0]]"
1,217,-0.043758916865277185,0.043758916865277185,"[[1,1,0,0,1,0,0,1,1,0],[1,1,1,1,0,1,1,0,0,1]]"
1,218,-0.046368084484205416,0.046368084484205416,"[[1,1,0,0,1,0,0,1,1,0],[1,1,1,1,0,1,1,0,1,0]]"
1,219,-0.04639420635725569,0.04639420635725569,"[[1,1,0,0,1,0,0,1,1,0],[1,1,1,1,0,1,1,0,1,1]]"
1,220,-0.05118177218044469,0.05118177218044469,"[[1,1,0,0,1,0,0,1,1,0],[1,1,1,1,0,1,1,1,0,0]]"
1,221,-0.05075159066467313,0.05075159066467313,"[[1,1,0,0,1,0,0,1,1,0],[1,1,1,1,0,1,1,1,0,1]]"
1,222,-0.05200598709332187,0.05200598709332187,"[[1,1,0,0,1,0,0,1,1,0],[1,1,1,1,0,1,1,1,1,0]]"
1,223,-0.05131985815378324,0.05131985815378324,"[[1,1,0,0,1,0,0,1,1,0],[1,1,1,1,0,1,1,1,1,1]]"
1,224,-0.012278563280351353,0.012278563280351353,"[[1,1,0,0,1,0,0,1,1,1],[1,1,1,1,0,0,0,0,0,0]]"
1,225,-0.012495526432335485,0.012495526432335485,"[[1,1,0,0,1,0,0,1,1,1],[1,1,1,1,0,0,0,0,0,1]]"
1,226,-0.014751582688849307,0.014751582688849307,"[[1,1,0,0,1,0,0,1,1,1],[1,1,1,1,0,0,0,0,1,0]]"
1,227,-0.01532031920921039,0.01532031920921039,"[[1,1,0,0,1,0,0,1,1,1],[1,1,1,1,0,0,0,0,1,1]]"
1,228,-0.019096565340873558,0.019096565340873558,"[[1,1,0,0,1,0,0,1,1,1],[1,1,1,1,0,0,0,1,0,0]]"
1,229,-0.019453196056539137,0.019453196056539137,"[[1,1,0,0,1,0,0,1,1,1],[1,1,1,1,0,0,0,1,0,1]]"
1,230,-0.021791066593434483,0.021791066593434483,"[[1,1,0,0,1,0,0,1,1,1],[1,1,1,1,0,0,0,1,1,0]]"
1,231,-0.022327586476734097,0.022327586476734097,"[[1,1,0,0,1,0,0,1,1,1],[1,1,1,1,0,0,0,1,1,1]]"
1,232,-0.02324965781056225,0.02324965781056225,"[[1,1,0,0,1,0,0,1,1,1],[1,1,1,1,0,0,1,0,0,0]]"
1,233,-0.024005640859831052,0.024005640859831052,"[[1,1,0,0,1,0,0,1,1,1],[1,1,1,1,0,0,1,0,0,1]]"
1,234,-0.026491951792103837,0.026491951792103837,"[[1,1,0,0,1,0,0,1,1,1],[1,1,1,1,0,0,1,0,1,0]]"
1,235,-0.02711727209702657,0.02711727209702657,"[[1,1,0,0,1,0,0,1,1,1],[1,1,1,1,0,0,1,0,1,1]]"
1,236,-0.03151033755392067,0.03151033755392067,"[[1,1,0,0,1,0,0,1,1,1],[1,1,1,1,0,0,1,1,0,0]]"
1,237,-0.03224157078935661,0.03224157078935661,"[[1,1,0,0,1,0,0,1,1,1],[1,1,1,1,0,0,1,1,0,1]]"
1,238,-0.03478432035118762,0.03478432035118762,"[[1,1,0,0,1,0,0,1,1,1],[1,1,1,1,0,0,1,1,1,0]]"
1,239,-0.03515278434374305,0.03515278434374305,"[[1,1,0,0,1,0,0,1,1,1],[1,1,1,1,0,0,1,1,1,1]]"
1,240,-0.028330658505311055,0.028330658505311055,"[[1,1,0,0,1,0,0,1,1,1],[1,1,1,1,0,1,0,0,0,0]]"
1,241,-0.028996235182145558,0.028996235182145558,"[[1,1,0,0,1,0,0,1,1,1],[1,1,1,1,0,1,0,0,0,1]]"
1,242,-0.03159461526876038,0.03159461526876038,"[[1,1,0,0,1,0,0,1,1,1],[1,1,1,1,0,1,0,0,1,0]]"
1,243,-0.03221578849147828,0.03221578849147828,"[[1,1,0,0,1,0,0,1,1,1],[1,1,1,1,0,1,0,0,1,1]]"
1,244,-0.03658732803074301,0.03658732803074301,"[[1,1,0,0,1,0,0,1,1,1],[1,1,1,1,0,1,0,1,0,0]]"
1,245,-0.03714499687319515,0.03714499687319515,"[[1,1,0,0,1,0,0,1,1,1],[1,1,1,1,0,1,0,1,0,1]]"
1,246,-0.03987933890416959,0.03987933890416959,"[[1,1,0,0,1,0,0,1,1,1],[1,1,1,1,0,1,0,1,1,0]]"
1,247,-0.04021559020651468,0.04021559020651468,"[[1,1,0,0,1,0,0,1,1,1],[1,1,1,1,0,1,0,1,1,1]]"
1,248,-0.042671686389337486,0.042671686389337486,"[[1,1,0,0,1,0,0,1,1,1],[1,1,1,1,0,1,1,0,0,0]]"
1,249,-0.043590848638814086,0.043590848638814086,"[[1,1,0,0,1,0,0,1,1,1],[1,1,1,1,0,1,1,0,0,1]]"
1,250,-0.046071385521597244,0.046071385521597244,"[[1,1,0,0,1,0,0,1,1,1],[1,1,1,1,0,1,1,0,1,0]]"
1,251,-0.046264418160162746,0.046264418160162746,"[[1,1,0,0,1,0,0,1,1,1],[1,1,1,1,0,1,1,0,1,1]]"
1,252,-0.05110708422486861,0.05110708422486861,"[[1,1,0,0,1,0,0,1,1,1],[1,1,1,1,0,1,1,1,0,0]]"
1,253,-0.051324203049841095,0.051324203049841095,"[[1,1,0,0,1,0,0,1,1,1],[1,1,1,1,0,1,1,1,0,1]]"
1,254,-0.052753095550484436,0.052753095550484436,"[[1,1,0,0,1,0,0,1,1,1],[1,1,1,1,0,1,1,1,1,0]]"
1,255,-0.052184078153924535,0.052184078153924535,"[[1,1,0,0,1,0,0,1,1,1],[1,1,1,1,0,1,1,1,1,1]]"
1,256,-0.011665511380729044,0.011665511380729044,"[[1,1,0,0,1,0,1,0,0,0],[1,1,1,1,0,0,0,0,0,0]]"
1,257,-0.011564110859586555,0.011564110859586555,"[[1,1,0,0,1,0,1,0,0,0],[1,1,1,1,0,0,0,0,0,1]]"
1,258,-0.013354665320255572,0.013354665320255572,"[[1,1,0,0,1,0,1,0,0,0],[1,1,1,1,0,0,0,0,1,0]]"
1,259,-0.013560940065036301,0.013560940065036301,"[[1,1,0,0,1,0,1,0,0,0],[1,1,1,1,0,0,0,0,1,1]]"
1,260,-0.015865143134274187,0.015865143134274187,"[[1,1,0,0,1,0,1,0,0,0],[1,1,1,1,0,0,0,1,0,0]]"
1,261,-0.016306985953326344,0.016306985953326344,"[[1,1,0,0,1,0,1,0,0,0],[1,1,1,1,0,0,0,1,0,1]]"
1,262,-0.018033915715317487,0.018033915715317487,"[[1,1,0,0,1,0,1,0,0,0],[1,1,1,1,0,0,0,1,1,0]]"
1,263,-0.018085672682923316,0.018085672682923316,"[[1,1,0,0,1,0,1,0,0,0],[1,1,1,1,0,0,0,1,1,1]]"
1,264,-0.02123601739408265,0.02123601739408265,"[[1,1,0,0,1,0,1,0,0,0],[1,1,1,1,0,0,1,0,0,0]]"
1,265,-0.021500155462611005,0.021500155462611005,"[[1,1,0,0,1,0,1,0,0,0],[1,1,1,1,0,0,1,0,0,1]]"
1,266,-0.023120081922555477,0.023120081922555477,"[[1,1,0,0,1,0,1,0,0,0],[1,1,1,1,0,0,1,0,1,0]]"
1,267,-0.023436018990554315,0.023436018990554315,"[[1,1,0,0,1,0,1,0,0,0],[1,1,1,1,0,0,1,0,1,1]]"
1,268,-0.026693854459078726,0.026693854459078726,"[[1,1,0,0,1,0,1,0,0,0],[1,1,1,1,0,0,1,1,0,0]]"
1,269,-0.026844017606556206,0.026844017606556206,"[[1,1,0,0,1,0,1,0,0,0],[1,1,1,1,0,0,1,1,0,1]]"
1,270,-0.027680547194427585,0.027680547194427585,"[[1,1,0,0,1,0,1,0,0,0],[1,1,1,1,0,0,1,1,1,0]]"
1,271,-0.026705009846675606,0.026705009846675606,"[[1,1,0,0,1,0,1,0,0,0],[1,1,1,1,0,0,1,1,1,1]]"
1,272,-0.027485068549244613,0.027485068549244613,"[[1,1,0,0,1,0,1,0,0,0],[1,1,1,1,0,1,0,0,0,0]]"
1,273,-0.02769471538132576,0.02769471538132576,"[[1,1,0,0,1,0,1,0,0,0],[1,1,1,1,0,1,0,0,0,1]]"
1,274,-0.029669867785055967,0.029669867785055967,"[[1,1,0,0,1,0,1,0,0,0],[1,1,1,1,0,1,0,0,1,0]]"
1,275,-0.030181378853513807,0.030181378853513807,"[[1,1,0,0,1,0,1,0,0,0],[1,1,1,1,0,1,0,0,1,1]]"
1,276,-0.03267706317644315,0.03267706317644315,"[[1,1,0,0,1,0,1,0,0,0],[1,1,1,1,0,1,0,1,0,0]]"
1,277,-0.033391887990227645,0.033391887990227645,"[[1,1,0,0,1,0,1,0,0,0],[1,1,1,1,0,1,0,1,0,1]]"
1,278,-0.03436225803717871,0.03436225803717871,"[[1,1,0,0,1,0,1,0,0,0],[1,1,1,1,0,1,0,1,1,0]]"
1,279,-0.03345292358939299,0.03345292358939299,"[[1,1,0,0,1,0,1,0,0,0],[1,1,1,1,0,1,0,1,1,1]]"
1,280,-0.040074790061520586,0.040074790061520586,"[[1,1,0,0,1,0,1,0,0,0],[1,1,1,1,0,1,1,0,0,0]]"
1,281,-0.04032870357090003,0.04032870357090003,"[[1,1,0,0,1,0,1,0,0,0],[1,1,1,1,0,1,1,0,0,1]]"
1,282,-0.04177336570338742,0.04177336570338742,"[[1,1,0,0,1,0,1,0,0,0],[1,1,1,1,0,1,1,0,1,0]]"
1,283,-0.04190682722992132,0.04190682722992132,"[[1,1,0,0,1,0,1,0,0,0],[1,1,1,1,0,1,1,0,1,1]]"
1,284,-0.04416707734724385,0.04416707734724385,"[[1,1,0,0,1,0,1,0,0,0],[1,1,1,1,0,1,1,1,0,0]]"
1,285,-0.04347664929222831,0.04347664929222831,"[[1,1,0,0,1,0,1,0,0,0],[1,1,1,1,0,1,1,1,0,1]]"
1,286,-0.04398143120058226,0.04398143120058226,"[[1,1,0,0,1,0,1,0,0,0],[1,1,1,1,0,1,1,1,1,0]]"
1,287,-0.04117096606534302,0.04117096606534302,"[[1,1,0,0,1,0,1,0,0,0],[1,1,1,1,0,1,1,1,1,1]]"
1,288,-0.011287682821694114,0.011287682821694114,"[[1,1,0,0,1,0,1,0,0,1],[1,1,1,1,0,0,0,0,0,0]]"
1,289,-0.011686239104676682,0.011686239104676682,"[[1,1,0,0,1,0,1,0,0,1],[1,1,1,1,0,0,0,0,0,1]]"
1,290,-0.01325435898000415,0.01325435898000415,"[[1,1,0,0,1,0,1,0,0,1],[1,1,1,1,0,0,0,0,1,0]]"
1,291,-0.013678200289240222,0.013678200289240222,"[[1,1,0,0,1,0,1,0,0,1],[1,1,1,1,0,0,0,0,1,1]]"
1,292,-0.01603352873468394,0.01603352873468394,"[[1,1,0,0,1,0,1,0,0,1],[1,1,1,1,0,0,0,1,0,0]]"
1,293,-0.016389555003614817,0.016389555003614817,"[[1,1,0,0,1,0,1,0,0,1],[1,1,1,1,0,0,0,1,0,1]]"
1,294,-0.018159424731237404,0.018159424731237404,"[[1,1,0,0,1,0,1,0,0,1],[1,1,1,1,0,0,0,1,1,0]]"
1,295,-0.01858261535548187,0.01858261535548187,"[[1,1,0,0,1,0,1,0,0,1],[1,1,1,1,0,0,0,1,1,1]]"
1,296,-0.02110704538954926,0.02110704538954926,"[[1,1,0,0,1,0,1,0,0,1],[1,1,1,1,0,0,1,0,0,0]]"
1,297,-0.021522292489763183,0.021522292489763183,"[[1,1,0,0,1,0,1,0,0,1],[1,1,1,1,0,0,1,0,0,1]]"
1,298,-0.023435197055281104,0.023435197055281104,"[[1,1,0,0,1,0,1,0,0,1],[1,1,1,1,0,0,1,0,1,0]]"
1,299,-0.023768595263644842,0.023768595263644842,"[[1,1,0,0,1,0,1,0,0,1],[1,1,1,1,0,0,1,0,1,1]]"
1,300,-0.02721898171884842,0.02721898171884842,"[[1,1,0,0,1,0,1,0,0,1],[1,1,1,1,0,0,1,1,0,0]]"
1,301,-0.02726410707556952,0.02726410707556952,"[[1,1,0,0,1,0,1,0,0,1],[1,1,1,1,0,0,1,1,0,1]]"
1,302,-0.028149691302425294,0.028149691302425294,"[[1,1,0,0,1,0,1,0,0,1],[1,1,1,1,0,0,1,1,1,0]]"
1,303,-0.02781047972682087,0.02781047972682087,"[[1,1,0,0,1,0,1,0,0,1],[1,1,1,1,0,0,1,1,1,1]]"
1,304,-0.0273978326652829,0.0273978326652829,"[[1,1,0,0,1,0,1,0,0,1],[1,1,1,1,0,1,0,0,0,0]]"
1,305,-0.027781220136617404,0.027781220136617404,"[[1,1,0,0,1,0,1,0,0,1],[1,1,1,1,0,1,0,0,0,1]]"
1,306,-0.029746002640580912,0.029746002640580912,"[[1,1,0,0,1,0,1,0,0,1],[1,1,1,1,0,1,0,0,1,0]]"
1,307,-0.030175686152781135,0.030175686152781135,"[[1,1,0,0,1,0,1,0,0,1],[1,1,1,1,0,1,0,0,1,1]]"
1,308,-0.0332329578519465,0.0332329578519465,"[[1,1,0,0,1,0,1,0,0,1],[1,1,1,1,0,1,0,1,0,0]]"
1,309,-0.03354779701813105,0.03354779701813105,"[[1,1,0,0,1,0,1,0,0,1],[1,1,1,1,0,1,0,1,0,1]]"
1,310,-0.03496090639397908,0.03496090639397908,"[[1,1,0,0,1,0,1,0,0,1],[1,1,1,1,0,1,0,1,1,0]]"
1,311,-0.034927002475776445,0.034927002475776445,"[[1,1,0,0,1,0,1,0,0,1],[1,1,1,1,0,1,0,1,1,1]]"
1,312,-0.040605682531846495,0.040605682531846495,"[[1,1,0,0,1,0,1,0,0,1],[1,1,1,1,0,1,1,0,0,0]]"
1,313,-0.04060417436149855,0.04060417436149855,"[[1,1,0,0,1,0,1,0,0,1],[1,1,1,1,0,1,1,0,0,1]]"
1,314,-0.042538709922216526,0.042538709922216526,"[[1,1,0,0,1,0,1,0,0,1],[1,1,1,1,0,1,1,0,1,0]]"
1,315,-0.04205702683016976,0.04205702683016976,"[[1,1,0,0,1,0,1,0,0,1],[1,1,1,1,0,1,1,0,1,1]]"
1,316,-0.0458701055676535,0.0458701055676535,"[[1,1,0,0,1,0,1,0,0,1],[1,1,1,1,0,1,1,1,0,0]]"
1,317,-0.044857609568301315,0.044857609568301315,"[[1,1,0,0,1,0,1,0,0,1],[1,1,1,1,0,1,1,1,0,1]]"
1,318,-0.0455547503164568,0.0455547503164568,"[[1,1,0,0,1,0,1,0,0,1],[1,1,1,1,0,1,1,1,1,0]]"
1,319,-0.04379711849870473,0.04379711849870473,"[[1,1,0,0,1,0,1,0,0,1],[1,1,1,1,0,1,1,1,1,1]]"
1,320,-0.009408036223217668,0.009408036223217668,"[[1,1,0,0,1,0,1,0,1,0],[1,1,1,1,0,0,0,0,0,0]]"
1,321,-0.009365466502026241,0.009365466502026241,"[[1,1,0,0,1,0,1,0,1,0],[1,1,1,1,0,0,0,0,0,1]]"
1,322,-0.011470356309776157,0.011470356309776157,"[[1,1,0,0,1,0,1,0,1,0],[1,1,1,1,0,0,0,0,1,0]]"
1,323,-0.011568790945399254,0.011568790945399254,"[[1,1,0,0,1,0,1,0,1,0],[1,1,1,1,0,0,0,0,1,1]]"
1,324,-0.014741458251837711,0.014741458251837711,"[[1,1,0,0,1,0,1,0,1,0],[1,1,1,1,0,0,0,1,0,0]]"
1,325,-0.014542774006053291,0.014542774006053291,"[[1,1,0,0,1,0,1,0,1,0],[1,1,1,1,0,0,0,1,0,1]]"
1,326,-0.016841109641701418,0.016841109641701418,"[[1,1,0,0,1,0,1,0,1,0],[1,1,1,1,0,0,0,1,1,0]]"
1,327,-0.017075337659718182,0.017075337659718182,"[[1,1,0,0,1,0,1,0,1,0],[1,1,1,1,0,0,0,1,1,1]]"
1,328,-0.019303375825605276,0.019303375825605276,"[[1,1,0,0,1,0,1,0,1,0],[1,1,1,1,0,0,1,0,0,0]]"
1,329,-0.01920983049454842,0.01920983049454842,"[[1,1,0,0,1,0,1,0,1,0],[1,1,1,1,0,0,1,0,0,1]]"
1,330,-0.02154504726201515,0.02154504726201515,"[[1,1,0,0,1,0,1,0,1,0],[1,1,1,1,0,0,1,0,1,0]]"
1,331,-0.02190895116347085,0.02190895116347085,"[[1,1,0,0,1,0,1,0,1,0],[1,1,1,1,0,0,1,0,1,1]]"
1,332,-0.02641348988074183,0.02641348988074183,"[[1,1,0,0,1,0,1,0,1,0],[1,1,1,1,0,0,1,1,0,0]]"
1,333,-0.02652092718347345,0.02652092718347345,"[[1,1,0,0,1,0,1,0,1,0],[1,1,1,1,0,0,1,1,0,1]]"
1,334,-0.028203643354520396,0.028203643354520396,"[[1,1,0,0,1,0,1,0,1,0],[1,1,1,1,0,0,1,1,1,0]]"
1,335,-0.027925606511199304,0.027925606511199304,"[[1,1,0,0,1,0,1,0,1,0],[1,1,1,1,0,0,1,1,1,1]]"
1,336,-0.025469894119238955,0.025469894119238955,"[[1,1,0,0,1,0,1,0,1,0],[1,1,1,1,0,1,0,0,0,0]]"
1,337,-0.025034928100695,0.025034928100695,"[[1,1,0,0,1,0,1,0,1,0],[1,1,1,1,0,1,0,0,0,1]]"
1,338,-0.027862604133324247,0.027862604133324247,"[[1,1,0,0,1,0,1,0,1,0],[1,1,1,1,0,1,0,0,1,0]]"
1,339,-0.027935932986323776,0.027935932986323776,"[[1,1,0,0,1,0,1,0,1,0],[1,1,1,1,0,1,0,0,1,1]]"
1,340,-0.03247057047709908,0.03247057047709908,"[[1,1,0,0,1,0,1,0,1,0],[1,1,1,1,0,1,0,1,0,0]]"
1,341,-0.03214597454541105,0.03214597454541105,"[[1,1,0,0,1,0,1,0,1,0],[1,1,1,1,0,1,0,1,0,1]]"
1,342,-0.03472188655491891,0.03472188655491891,"[[1,1,0,0,1,0,1,0,1,0],[1,1,1,1,0,1,0,1,1,0]]"
1,343,-0.034369144484622846,0.034369144484622846,"[[1,1,0,0,1,0,1,0,1,0],[1,1,1,1,0,1,0,1,1,1]]"
1,344,-0.039247034227064825,0.039247034227064825,"[[1,1,0,0,1,0,1,0,1,0],[1,1,1,1,0,1,1,0,0,0]]"
1,345,-0.03884531098440053,0.03884531098440053,"[[1,1,0,0,1,0,1,0,1,0],[1,1,1,1,0,1,1,0,0,1]]"
1,346,-0.04158130248472336,0.04158130248472336,"[[1,1,0,0,1,0,1,0,1,0],[1,1,1,1,0,1,1,0,1,0]]"
1,347,-0.041186666495069434,0.041186666495069434,"[[1,1,0,0,1,0,1,0,1,0],[1,1,1,1,0,1,1,0,1,1]]"
1,348,-0.046440531828193604,0.046440531828193604,"[[1,1,0,0,1,0,1,0,1,0],[1,1,1,1,0,1,1,1,0,0]]"
1,349,-0.04557413068751062,0.04557413068751062,"[[1,1,0,0,1,0,1,0,1,0],[1,1,1,1,0,1,1,1,0,1]]"
1,350,-0.045900445745431534,0.045900445745431534,"[[1,1,0,0,1,0,1,0,1,0],[1,1,1,1,0,1,1,1,1,0]]"
1,351,-0.04473660149090227,0.04473660149090227,"[[1,1,0,0,1,0,1,0,1,0],[1,1,1,1,0,1,1,1,1,1]]"
1,352,-0.008760459663249698,0.008760459663249698,"[[1,1,0,0,1,0,1,0,1,1],[1,1,1,1,0,0,0,0,0,0]]"
1,353,-0.009052797819917446,0.009052797819917446,"[[1,1,0,0,1,0,1,0,1,1],[1,1,1,1,0,0,0,0,0,1]]"
1,354,-0.011283278023419763,0.011283278023419763,"[[1,1,0,0,1,0,1,0,1,1],[1,1,1,1,0,0,0,0,1,0]]"
1,355,-0.011630669028403968,0.011630669028403968,"[[1,1,0,0,1,0,1,0,1,1],[1,1,1,1,0,0,0,0,1,1]]"
1,356,-0.014443600979528142,0.014443600979528142,"[[1,1,0,0,1,0,1,0,1,1],[1,1,1,1,0,0,0,1,0,0]]"
1,357,-0.014595602274344175,0.014595602274344175,"[[1,1,0,0,1,0,1,0,1,1],[1,1,1,1,0,0,0,1,0,1]]"
1,358,-0.016883347472943906,0.016883347472943906,"[[1,1,0,0,1,0,1,0,1,1],[1,1,1,1,0,0,0,1,1,0]]"
1,359,-0.017297252618963133,0.017297252618963133,"[[1,1,0,0,1,0,1,0,1,1],[1,1,1,1,0,0,0,1,1,1]]"
1,360,-0.018741930411487064,0.018741930411487064,"[[1,1,0,0,1,0,1,0,1,1],[1,1,1,1,0,0,1,0,0,0]]"
1,361,-0.019270113692385137,0.019270113692385137,"[[1,1,0,0,1,0,1,0,1,1],[1,1,1,1,0,0,1,0,0,1]]"
1,362,-0.02140432499364351,0.02140432499364351,"[[1,1,0,0,1,0,1,0,1,1],[1,1,1,1,0,0,1,0,1,0]]"
1,363,-0.021971791333203726,0.021971791333203726,"[[1,1,0,0,1,0,1,0,1,1],[1,1,1,1,0,0,1,0,1,1]]"
1,364,-0.02599298983102521,0.02599298983102521,"[[1,1,0,0,1,0,1,0,1,1],[1,1,1,1,0,0,1,1,0,0]]"
1,365,-0.026399981516221197,0.026399981516221197,"[[1,1,0,0,1,0,1,0,1,1],[1,1,1,1,0,0,1,1,0,1]]"
1,366,-0.028501572804538883,0.028501572804538883,"[[1,1,0,0,1,0,1,0,1,1],[1,1,1,1,0,0,1,1,1,0]]"
1,367,-0.028565190281346343,0.028565190281346343,"[[1,1,0,0,1,0,1,0,1,1],[1,1,1,1,0,0,1,1,1,1]]"
1,368,-0.025008030398240847,0.025008030398240847,"[[1,1,0,0,1,0,1,0,1,1],[1,1,1,1,0,1,0,0,0,0]]"
1,369,-0.025212609423902455,0.025212609423902455,"[[1,1,0,0,1,0,1,0,1,1],[1,1,1,1,0,1,0,0,0,1]]"
1,370,-0.02771293448819351,0.02771293448819351,"[[1,1,0,0,1,0,1,0,1,1],[1,1,1,1,0,1,0,0,1,0]]"
1,371,-0.028194193900913867,0.028194193900913867,"[[1,1,0,0,1,0,1,0,1,1],[1,1,1,1,0,1,0,0,1,1]]"
1,372,-0.03203385664914812,0.03203385664914812,"[[1,1,0,0,1,0,1,0,1,1],[1,1,1,1,0,1,0,1,0,0]]"
1,373,-0.032222905347545135,0.032222905347545135,"[[1,1,0,0,1,0,1,0,1,1],[1,1,1,1,0,1,0,1,0,1]]"
1,374,-0.03493095323885875,0.03493095323885875,"[[1,1,0,0,1,0,1,0,1,1],[1,1,1,1,0,1,0,1,1,0]]"
1,375,-0.03491749489485651,0.03491749489485651,"[[1,1,0,0,1,0,1,0,1,1],[1,1,1,1,0,1,0,1,1,1]]"
1,376,-0.03889050637212074,0.03889050637212074,"[[1,1,0,0,1,0,1,0,1,1],[1,1,1,1,0,1,1,0,0,0]]"
1,377,-0.0391541879211003,0.0391541879211003,"[[1,1,0,0,1,0,1,0,1,1],[1,1,1,1,0,1,1,0,0,1]]"
1,378,-0.04161641489934656,0.04161641489934656,"[[1,1,0,0,1,0,1,0,1,1],[1,1,1,1,0,1,1,0,1,0]]"
1,379,-0.04171337358703881,0.04171337358703881,"[[1,1,0,0,1,0,1,0,1,1],[1,1,1,1,0,1,1,0,1,1]]"
1,380,-0.0462853190965153,0.0462853190965153,"[[1,1,0,0,1,0,1,0,1,1],[1,1,1,1,0,1,1,1,0,0]]"
1,381,-0.046295937157513206,0.046295937157513206,"[[1,1,0,0,1,0,1,0,1,1],[1,1,1,1,0,1,1,1,0,1]]"
1,382,-0.047683171397763645,0.047683171397763645,"[[1,1,0,0,1,0,1,0,1,1],[1,1,1,1,0,1,1,1,1,0]]"
1,383,-0.04609049883601744,0.04609049883601744,"[[1,1,0,0,1,0,1,0,1,1],[1,1,1,1,0,1,1,1,1,1]]"
1,384,-0.006486222520594933,0.006486222520594933,"[[1,1,0,0,1,0,1,1,0,0],[1,1,1,1,0,0,0,0,0,0]]"
1,385,-0.0066542701148417675,0.0066542701148417675,"[[1,1,0,0,1,0,1,1,0,0],[1,1,1,1,0,0,0,0,0,1]]"
1,386,-0.00798770453192998,0.00798770453192998,"[[1,1,0,0,1,0,1,1,0,0],[1,1,1,1,0,0,0,0,1,0]]"
1,387,-0.008474240396999585,0.008474240396999585,"[[1,1,0,0,1,0,1,1,0,0],[1,1,1,1,0,0,0,0,1,1]]"
1,388,-0.010919362063422526,0.010919362063422526,"[[1,1,0,0,1,0,1,1,0,0],[1,1,1,1,0,0,0,1,0,0]]"
1,389,-0.011297828995822982,0.011297828995822982,"[[1,1,0,0,1,0,1,1,0,0],[1,1,1,1,0,0,0,1,0,1]]"
1,390,-0.013022354193623471,0.013022354193623471,"[[1,1,0,0,1,0,1,1,0,0],[1,1,1,1,0,0,0,1,1,0]]"
1,391,-0.013433696223064782,0.013433696223064782,"[[1,1,0,0,1,0,1,1,0,0],[1,1,1,1,0,0,0,1,1,1]]"
1,392,-0.01586983465604745,0.01586983465604745,"[[1,1,0,0,1,0,1,1,0,0],[1,1,1,1,0,0,1,0,0,0]]"
1,393,-0.0162161950524649,0.0162161950524649,"[[1,1,0,0,1,0,1,1,0,0],[1,1,1,1,0,0,1,0,0,1]]"
1,394,-0.017498007698543018,0.017498007698543018,"[[1,1,0,0,1,0,1,1,0,0],[1,1,1,1,0,0,1,0,1,0]]"
1,395,-0.01791875082666571,0.01791875082666571,"[[1,1,0,0,1,0,1,1,0,0],[1,1,1,1,0,0,1,0,1,1]]"
1,396,-0.022050713813548145,0.022050713813548145,"[[1,1,0,0,1,0,1,1,0,0],[1,1,1,1,0,0,1,1,0,0]]"
1,397,-0.022684649759247586,0.022684649759247586,"[[1,1,0,0,1,0,1,1,0,0],[1,1,1,1,0,0,1,1,0,1]]"
1,398,-0.02426973889004211,0.02426973889004211,"[[1,1,0,0,1,0,1,1,0,0],[1,1,1,1,0,0,1,1,1,0]]"
1,399,-0.024407522400941916,0.024407522400941916,"[[1,1,0,0,1,0,1,1,0,0],[1,1,1,1,0,0,1,1,1,1]]"
1,400,-0.02103152156611419,0.02103152156611419,"[[1,1,0,0,1,0,1,1,0,0],[1,1,1,1,0,1,0,0,0,0]]"
1,401,-0.02137138014105866,0.02137138014105866,"[[1,1,0,0,1,0,1,1,0,0],[1,1,1,1,0,1,0,0,0,1]]"
1,402,-0.023212251130966463,0.023212251130966463,"[[1,1,0,0,1,0,1,1,0,0],[1,1,1,1,0,1,0,0,1,0]]"
1,403,-0.02374972033738061,0.02374972033738061,"[[1,1,0,0,1,0,1,1,0,0],[1,1,1,1,0,1,0,0,1,1]]"
1,404,-0.027250798065063617,0.027250798065063617,"[[1,1,0,0,1,0,1,1,0,0],[1,1,1,1,0,1,0,1,0,0]]"
1,405,-0.02785375675923642,0.02785375675923642,"[[1,1,0,0,1,0,1,1,0,0],[1,1,1,1,0,1,0,1,0,1]]"
1,406,-0.029960383451256175,0.029960383451256175,"[[1,1,0,0,1,0,1,1,0,0],[1,1,1,1,0,1,0,1,1,0]]"
1,407,-0.030408567832039254,0.030408567832039254,"[[1,1,0,0,1,0,1,1,0,0],[1,1,1,1,0,1,0,1,1,1]]"
1,408,-0.03496219241888828,0.03496219241888828,"[[1,1,0,0,1,0,1,1,0,0],[1,1,1,1,0,1,1,0,0,0]]"
1,409,-0.03540425911863132,0.03540425911863132,"[[1,1,0,0,1,0,1,1,0,0],[1,1,1,1,0,1,1,0,0,1]]"
1,410,-0.037453807797727806,0.037453807797727806,"[[1,1,0,0,1,0,1,1,0,0],[1,1,1,1,0,1,1,0,1,0]]"
1,411,-0.03776223649231144,0.03776223649231144,"[[1,1,0,0,1,0,1,1,0,0],[1,1,1,1,0,1,1,0,1,1]]"
1,412,-0.0425690400935205,0.0425690400935205,"[[1,1,0,0,1,0,1,1,0,0],[1,1,1,1,0,1,1,1,0,0]]"
1,413,-0.04300366649139123,0.04300366649139123,"[[1,1,0,0,1,0,1,1,0,0],[1,1,1,1,0,1,1,1,0,1]]"
1,414,-0.04401293373893982,0.04401293373893982,"[[1,1,0,0,1,0,1,1,0,0],[1,1,1,1,0,1,1,1,1,0]]"
1,415,-0.04343346163702825,0.04343346163702825,"[[1,1,0,0,1,0,1,1,0,0],[1,1,1,1,0,1,1,1,1,1]]"
1,416,-0.00598531237441646,0.00598531237441646,"[[1,1,0,0,1,0,1,1,0,1],[1,1,1,1,0,0,0,0,0,0]]"
1,417,-0.006299882301541922,0.006299882301541922,"[[1,1,0,0,1,0,1,1,0,1],[1,1,1,1,0,0,0,0,0,1]]"
1,418,-0.0077682807085168335,0.0077682807085168335,"[[1,1,0,0,1,0,1,1,0,1],[1,1,1,1,0,0,0,0,1,0]]"
1,419,-0.008434162664567736,0.008434162664567736,"[[1,1,0,0,1,0,1,1,0,1],[1,1,1,1,0,0,0,0,1,1]]"
1,420,-0.010755892273834748,0.010755892273834748,"[[1,1,0,0,1,0,1,1,0,1],[1,1,1,1,0,0,0,1,0,0]]"
1,421,-0.011298114069769681,0.011298114069769681,"[[1,1,0,0,1,0,1,1,0,1],[1,1,1,1,0,0,0,1,0,1]]"
1,422,-0.013077687625272207,0.013077687625272207,"[[1,1,0,0,1,0,1,1,0,1],[1,1,1,1,0,0,0,1,1,0]]"
1,423,-0.013540937248194957,0.013540937248194957,"[[1,1,0,0,1,0,1,1,0,1],[1,1,1,1,0,0,0,1,1,1]]"
1,424,-0.015350716302363166,0.015350716302363166,"[[1,1,0,0,1,0,1,1,0,1],[1,1,1,1,0,0,1,0,0,0]]"
1,425,-0.016001881461245013,0.016001881461245013,"[[1,1,0,0,1,0,1,1,0,1],[1,1,1,1,0,0,1,0,0,1]]"
1,426,-0.017625400111460944,0.017625400111460944,"[[1,1,0,0,1,0,1,1,0,1],[1,1,1,1,0,0,1,0,1,0]]"
1,427,-0.017966499861800565,0.017966499861800565,"[[1,1,0,0,1,0,1,1,0,1],[1,1,1,1,0,0,1,0,1,1]]"
1,428,-0.022026015746337727,0.022026015746337727,"[[1,1,0,0,1,0,1,1,0,1],[1,1,1,1,0,0,1,1,0,0]]"
1,429,-0.022532283550238993,0.022532283550238993,"[[1,1,0,0,1,0,1,1,0,1],[1,1,1,1,0,0,1,1,0,1]]"
1,430,-0.024711671655037085,0.024711671655037085,"[[1,1,0,0,1,0,1,1,0,1],[1,1,1,1,0,0,1,1,1,0]]"
1,431,-0.024840061103544836,0.024840061103544836,"[[1,1,0,0,1,0,1,1,0,1],[1,1,1,1,0,0,1,1,1,1]]"
1,432,-0.020470336015847735,0.020470336015847735,"[[1,1,0,0,1,0,1,1,0,1],[1,1,1,1,0,1,0,0,0,0]]"
1,433,-0.021161178777817567,0.021161178777817567,"[[1,1,0,0,1,0,1,1,0,1],[1,1,1,1,0,1,0,0,0,1]]"
1,434,-0.023180265261194623,0.023180265261194623,"[[1,1,0,0,1,0,1,1,0,1],[1,1,1,1,0,1,0,0,1,0]]"
1,435,-0.02369510311172097,0.02369510311172097,"[[1,1,0,0,1,0,1,1,0,1],[1,1,1,1,0,1,0,0,1,1]]"
1,436,-0.02737395172339961,0.02737395172339961,"[[1,1,0,0,1,0,1,1,0,1],[1,1,1,1,0,1,0,1,0,0]]"
1,437,-0.027997101701984682,0.027997101701984682,"[[1,1,0,0,1,0,1,1,0,1],[1,1,1,1,0,1,0,1,0,1]]"
1,438,-0.030100253058412175,0.030100253058412175,"[[1,1,0,0,1,0,1,1,0,1],[1,1,1,1,0,1,0,1,1,0]]"
1,439,-0.030619495757429904,0.030619495757429904,"[[1,1,0,0,1,0,1,1,0,1],[1,1,1,1,0,1,0,1,1,1]]"
1,440,-0.034394383878517926,0.034394383878517926,"[[1,1,0,0,1,0,1,1,0,1],[1,1,1,1,0,1,1,0,0,0]]"
1,441,-0.03509777639324886,0.03509777639324886,"[[1,1,0,0,1,0,1,1,0,1],[1,1,1,1,0,1,1,0,0,1]]"
1,442,-0.03762854771955952,0.03762854771955952,"[[1,1,0,0,1,0,1,1,0,1],[1,1,1,1,0,1,1,0,1,0]]"
1,443,-0.037761023154416214,0.037761023154416214,"[[1,1,0,0,1,0,1,1,0,1],[1,1,1,1,0,1,1,0,1,1]]"
1,444,-0.04308033263251804,0.04308033263251804,"[[1,1,0,0,1,0,1,1,0,1],[1,1,1,1,0,1,1,1,0,0]]"
1,445,-0.04318646516726104,0.04318646516726104,"[[1,1,0,0,1,0,1,1,0,1],[1,1,1,1,0,1,1,1,0,1]]"
1,446,-0.04457898685052762,0.04457898685052762,"[[1,1,0,0,1,0,1,1,0,1],[1,1,1,1,0,1,1,1,1,0]]"
1,447,-0.04389399867945446,0.04389399867945446,"[[1,1,0,0,1,0,1,1,0,1],[1,1,1,1,0,1,1,1,1,1]]"
1,448,-0.004588649206347452,0.004588649206347452,"[[1,1,0,0,1,0,1,1,1,0],[1,1,1,1,0,0,0,0,0,0]]"
1,449,-0.004597775476814774,0.004597775476814774,"[[1,1,0,0,1,0,1,1,1,0],[1,1,1,1,0,0,0,0,0,1]]"
1,450,-0.0057278522848768386,0.0057278522848768386,"[[1,1,0,0,1,0,1,1,1,0],[1,1,1,1,0,0,0,0,1,0]]"
1,451,-0.006057617044287338,0.006057617044287338,"[[1,1,0,0,1,0,1,1,1,0],[1,1,1,1,0,0,0,0,1,1]]"
1,452,-0.008584053863610884,0.008584053863610884,"[[1,1,0,0,1,0,1,1,1,0],[1,1,1,1,0,0,0,1,0,0]]"
1,453,-0.008698142236611667,0.008698142236611667,"[[1,1,0,0,1,0,1,1,1,0],[1,1,1,1,0,0,0,1,0,1]]"
1,454,-0.010933528157880103,0.010933528157880103,"[[1,1,0,0,1,0,1,1,1,0],[1,1,1,1,0,0,0,1,1,0]]"
1,455,-0.011107380948044063,0.011107380948044063,"[[1,1,0,0,1,0,1,1,1,0],[1,1,1,1,0,0,0,1,1,1]]"
1,456,-0.013067159835582544,0.013067159835582544,"[[1,1,0,0,1,0,1,1,1,0],[1,1,1,1,0,0,1,0,0,0]]"
1,457,-0.013324390251057522,0.013324390251057522,"[[1,1,0,0,1,0,1,1,1,0],[1,1,1,1,0,0,1,0,0,1]]"
1,458,-0.01530341801199413,0.01530341801199413,"[[1,1,0,0,1,0,1,1,1,0],[1,1,1,1,0,0,1,0,1,0]]"
1,459,-0.015694308942530117,0.015694308942530117,"[[1,1,0,0,1,0,1,1,1,0],[1,1,1,1,0,0,1,0,1,1]]"
1,460,-0.020285180333926754,0.020285180333926754,"[[1,1,0,0,1,0,1,1,1,0],[1,1,1,1,0,0,1,1,0,0]]"
1,461,-0.02022039952852268,0.02022039952852268,"[[1,1,0,0,1,0,1,1,1,0],[1,1,1,1,0,0,1,1,0,1]]"
1,462,-0.02280656834773828,0.02280656834773828,"[[1,1,0,0,1,0,1,1,1,0],[1,1,1,1,0,0,1,1,1,0]]"
1,463,-0.02327793408509127,0.02327793408509127,"[[1,1,0,0,1,0,1,1,1,0],[1,1,1,1,0,0,1,1,1,1]]"
1,464,-0.01797397724039872,0.01797397724039872,"[[1,1,0,0,1,0,1,1,1,0],[1,1,1,1,0,1,0,0,0,0]]"
1,465,-0.018100277585319284,0.018100277585319284,"[[1,1,0,0,1,0,1,1,1,0],[1,1,1,1,0,1,0,0,0,1]]"
1,466,-0.02041027935859089,0.02041027935859089,"[[1,1,0,0,1,0,1,1,1,0],[1,1,1,1,0,1,0,0,1,0]]"
1,467,-0.020867346705888464,0.020867346705888464,"[[1,1,0,0,1,0,1,1,1,0],[1,1,1,1,0,1,0,0,1,1]]"
1,468,-0.025325344800263515,0.025325344800263515,"[[1,1,0,0,1,0,1,1,1,0],[1,1,1,1,0,1,0,1,0,0]]"
1,469,-0.025216281588796154,0.025216281588796154,"[[1,1,0,0,1,0,1,1,1,0],[1,1,1,1,0,1,0,1,0,1]]"
1,470,-0.028017483994942024,0.028017483994942024,"[[1,1,0,0,1,0,1,1,1,0],[1,1,1,1,0,1,0,1,1,0]]"
1,471,-0.028378254632745067,0.028378254632745067,"[[1,1,0,0,1,0,1,1,1,0],[1,1,1,1,0,1,0,1,1,1]]"
1,472,-0.03205293473754789,0.03205293473754789,"[[1,1,0,0,1,0,1,1,1,0],[1,1,1,1,0,1,1,0,0,0]]"
1,473,-0.032521935028684466,0.032521935028684466,"[[1,1,0,0,1,0,1,1,1,0],[1,1,1,1,0,1,1,0,0,1]]"
1,474,-0.03476965921787194,0.03476965921787194,"[[1,1,0,0,1,0,1,1,1,0],[1,1,1,1,0,1,1,0,1,0]]"
1,475,-0.03532533394616232,0.03532533394616232,"[[1,1,0,0,1,0,1,1,1,0],[1,1,1,1,0,1,1,0,1,1]]"
1,476,-0.04138756190506255,0.04138756190506255,"[[1,1,0,0,1,0,1,1,1,0],[1,1,1,1,0,1,1,1,0,0]]"
1,477,-0.041405948555281444,0.041405948555281444,"[[1,1,0,0,1,0,1,1,1,0],[1,1,1,1,0,1,1,1,0,1]]"
1,478,-0.044058324366566266,0.044058324366566266,"[[1,1,0,0,1,0,1,1,1,0],[1,1,1,1,0,1,1,1,1,0]]"
1,479,-0.043887426003967674,0.043887426003967674,"[[1,1,0,0,1,0,1,1,1,0],[1,1,1,1,0,1,1,1,1,1]]"
1,480,-0.004102459112523914,0.004102459112523914,"[[1,1,0,0,1,0,1,1,1,1],[1,1,1,1,0,0,0,0,0,0]]"
1,481,-0.004223125887456052,0.004223125887456052,"[[1,1,0,0,1,0,1,1,1,1],[1,1,1,1,0,0,0,0,0,1]]"
1,482,-0.005408621093846528,0.005408621093846528,"[[1,1,0,0,1,0,1,1,1,1],[1,1,1,1,0,0,0,0,1,0]]"
1,483,-0.005748443877215562,0.005748443877215562,"[[1,1,0,0,1,0,1,1,1,1],[1,1,1,1,0,0,0,0,1,1]]"
1,484,-0.008004293994552152,0.008004293994552152,"[[1,1,0,0,1,0,1,1,1,1],[1,1,1,1,0,0,0,1,0,0]]"
1,485,-0.008367845825470671,0.008367845825470671,"[[1,1,0,0,1,0,1,1,1,1],[1,1,1,1,0,0,0,1,0,1]]"
1,486,-0.010504036258723362,0.010504036258723362,"[[1,1,0,0,1,0,1,1,1,1],[1,1,1,1,0,0,0,1,1,0]]"
1,487,-0.01118348655825799,0.01118348655825799,"[[1,1,0,0,1,0,1,1,1,1],[1,1,1,1,0,0,0,1,1,1]]"
1,488,-0.012264517371273133,0.012264517371273133,"[[1,1,0,0,1,0,1,1,1,1],[1,1,1,1,0,0,1,0,0,0]]"
1,489,-0.012685228364115059,0.012685228364115059,"[[1,1,0,0,1,0,1,1,1,1],[1,1,1,1,0,0,1,0,0,1]]"
1,490,-0.014942255914998419,0.014942255914998419,"[[1,1,0,0,1,0,1,1,1,1],[1,1,1,1,0,0,1,0,1,0]]"
1,491,-0.015607106738271355,0.015607106738271355,"[[1,1,0,0,1,0,1,1,1,1],[1,1,1,1,0,0,1,0,1,1]]"
1,492,-0.019868505066742224,0.019868505066742224,"[[1,1,0,0,1,0,1,1,1,1],[1,1,1,1,0,0,1,1,0,0]]"
1,493,-0.020252574978176986,0.020252574978176986,"[[1,1,0,0,1,0,1,1,1,1],[1,1,1,1,0,0,1,1,0,1]]"
1,494,-0.022671540513942223,0.022671540513942223,"[[1,1,0,0,1,0,1,1,1,1],[1,1,1,1,0,0,1,1,1,0]]"
1,495,-0.023424741610414385,0.023424741610414385,"[[1,1,0,0,1,0,1,1,1,1],[1,1,1,1,0,0,1,1,1,1]]"
1,496,-0.01711025439403338,0.01711025439403338,"[[1,1,0,0,1,0,1,1,1,1],[1,1,1,1,0,1,0,0,0,0]]"
1,497,-0.0175417492175698,0.0175417492175698,"[[1,1,0,0,1,0,1,1,1,1],[1,1,1,1,0,1,0,0,0,1]]"
1,498,-0.019716706492865697,0.019716706492865697,"[[1,1,0,0,1,0,1,1,1,1],[1,1,1,1,0,1,0,0,1,0]]"
1,499,-0.02056967324343827,0.02056967324343827,"[[1,1,0,0,1,0,1,1,1,1],[1,1,1,1,0,1,0,0,1,1]]"
1,500,-0.024650574945564926,0.024650574945564926,"[[1,1,0,0,1,0,1,1,1,1],[1,1,1,1,0,1,0,1,0,0]]"
1,501,-0.025034184393917323,0.025034184393917323,"[[1,1,0,0,1,0,1,1,1,1],[1,1,1,1,0,1,0,1,0,1]]"
1,502,-0.027746378538788447,0.027746378538788447,"[[1,1,0,0,1,0,1,1,1,1],[1,1,1,1,0,1,0,1,1,0]]"
1,503,-0.028522673911337226,0.028522673911337226,"[[1,1,0,0,1,0,1,1,1,1],[1,1,1,1,0,1,0,1,1,1]]"
1,504,-0.0307966214188384,0.0307966214188384,"[[1,1,0,0,1,0,1,1,1,1],[1,1,1,1,0,1,1,0,0,0]]"
1,505,-0.031771575069551215,0.031771575069551215,"[[1,1,0,0,1,0,1,1,1,1],[1,1,1,1,0,1,1,0,0,1]]"
1,506,-0.03423735087541638,0.03423735087541638,"[[1,1,0,0,1,0,1,1,1,1],[1,1,1,1,0,1,1,0,1,0]]"
1,507,-0.03500398126559465,0.03500398126559465,"[[1,1,0,0,1,0,1,1,1,1],[1,1,1,1,0,1,1,0,1,1]]"
1,508,-0.040673864847479625,0.040673864847479625,"[[1,1,0,0,1,0,1,1,1,1],[1,1,1,1,0,1,1,1,0,0]]"
1,509,-0.041213587123516186,0.041213587123516186,"[[1,1,0,0,1,0,1,1,1,1],[1,1,1,1,0,1,1,1,0,1]]"
1,510,-0.044080148673733346,0.044080148673733346,"[[1,1,0,0,1,0,1,1,1,1],[1,1,1,1,0,1,1,1,1,0]]"
1,511,-0.04434148824909823,0.04434148824909823,"[[1,1,0,0,1,0,1,1,1,1],[1,1,1,1,0,1,1,1,1,1]]"
1,512,-0.008048762511029569,0.008048762511029569,"[[1,1,0,0,1,1,0,0,0,0],[1,1,1,1,0,0,0,0,0,0]]"
1,513,-0.00792325189346373,0.00792325189346373,"[[1,1,0,0,1,1,0,0,0,0],[1,1,1,1,0,0,0,0,0,1]]"
1,514,-0.009123175788120597,0.009123175788120597,"[[1,1,0,0,1,1,0,0,0,0],[1,1,1,1,0,0,0,0,1,0]]"
1,515,-0.009383958851805867,0.009383958851805867,"[[1,1,0,0,1,1,0,0,0,0],[1,1,1,1,0,0,0,0,1,1]]"
1,516,-0.011942842528603052,0.011942842528603052,"[[1,1,0,0,1,1,0,0,0,0],[1,1,1,1,0,0,0,1,0,0]]"
1,517,-0.012287414607135047,0.012287414607135047,"[[1,1,0,0,1,1,0,0,0,0],[1,1,1,1,0,0,0,1,0,1]]"
1,518,-0.013200667692593576,0.013200667692593576,"[[1,1,0,0,1,1,0,0,0,0],[1,1,1,1,0,0,0,1,1,0]]"
1,519,-0.013179696439601324,0.013179696439601324,"[[1,1,0,0,1,1,0,0,0,0],[1,1,1,1,0,0,0,1,1,1]]"
1,520,-0.01535399354654166,0.01535399354654166,"[[1,1,0,0,1,1,0,0,0,0],[1,1,1,1,0,0,1,0,0,0]]"
1,521,-0.015701253416326923,0.015701253416326923,"[[1,1,0,0,1,1,0,0,0,0],[1,1,1,1,0,0,1,0,0,1]]"
1,522,-0.01713910487998323,0.01713910487998323,"[[1,1,0,0,1,1,0,0,0,0],[1,1,1,1,0,0,1,0,1,0]]"
1,523,-0.017292455500063163,0.017292455500063163,"[[1,1,0,0,1,1,0,0,0,0],[1,1,1,1,0,0,1,0,1,1]]"
1,524,-0.02036359808394972,0.02036359808394972,"[[1,1,0,0,1,1,0,0,0,0],[1,1,1,1,0,0,1,1,0,0]]"
1,525,-0.020583289557833232,0.020583289557833232,"[[1,1,0,0,1,1,0,0,0,0],[1,1,1,1,0,0,1,1,0,1]]"
1,526,-0.021320231387962713,0.021320231387962713,"[[1,1,0,0,1,1,0,0,0,0],[1,1,1,1,0,0,1,1,1,0]]"
1,527,-0.020452559768952258,0.020452559768952258,"[[1,1,0,0,1,1,0,0,0,0],[1,1,1,1,0,0,1,1,1,1]]"
1,528,-0.020114836489080218,0.020114836489080218,"[[1,1,0,0,1,1,0,0,0,0],[1,1,1,1,0,1,0,0,0,0]]"
1,529,-0.0202198629654451,0.0202198629654451,"[[1,1,0,0,1,1,0,0,0,0],[1,1,1,1,0,1,0,0,0,1]]"
1,530,-0.021963111097010723,0.021963111097010723,"[[1,1,0,0,1,1,0,0,0,0],[1,1,1,1,0,1,0,0,1,0]]"
1,531,-0.022204867781465226,0.022204867781465226,"[[1,1,0,0,1,1,0,0,0,0],[1,1,1,1,0,1,0,0,1,1]]"
1,532,-0.02525264737138741,0.02525264737138741,"[[1,1,0,0,1,1,0,0,0,0],[1,1,1,1,0,1,0,1,0,0]]"
1,533,-0.025514844897170028,0.025514844897170028,"[[1,1,0,0,1,1,0,0,0,0],[1,1,1,1,0,1,0,1,0,1]]"
1,534,-0.026518073183244856,0.026518073183244856,"[[1,1,0,0,1,1,0,0,0,0],[1,1,1,1,0,1,0,1,1,0]]"
1,535,-0.02598481370511795,0.02598481370511795,"[[1,1,0,0,1,1,0,0,0,0],[1,1,1,1,0,1,0,1,1,1]]"
1,536,-0.031238402585906332,0.031238402585906332,"[[1,1,0,0,1,1,0,0,0,0],[1,1,1,1,0,1,1,0,0,0]]"
1,537,-0.03139143401477304,0.03139143401477304,"[[1,1,0,0,1,1,0,0,0,0],[1,1,1,1,0,1,1,0,0,1]]"
1,538,-0.03298619807453225,0.03298619807453225,"[[1,1,0,0,1,1,0,0,0,0],[1,1,1,1,0,1,1,0,1,0]]"
1,539,-0.032764409073719684,0.032764409073719684,"[[1,1,0,0,1,1,0,0,0,0],[1,1,1,1,0,1,1,0,1,1]]"
1,540,-0.0350017628726446,0.0350017628726446,"[[1,1,0,0,1,1,0,0,0,0],[1,1,1,1,0,1,1,1,0,0]]"
1,541,-0.034375235808868275,0.034375235808868275,"[[1,1,0,0,1,1,0,0,0,0],[1,1,1,1,0,1,1,1,0,1]]"
1,542,-0.034668120043266526,0.034668120043266526,"[[1,1,0,0,1,1,0,0,0,0],[1,1,1,1,0,1,1,1,1,0]]"
1,543,-0.03203813225201585,0.03203813225201585,"[[1,1,0,0,1,1,0,0,0,0],[1,1,1,1,0,1,1,1,1,1]]"
1,544,-0.00782077751713815,0.00782077751713815,"[[1,1,0,0,1,1,0,0,0,1],[1,1,1,1,0,0,0,0,0,0]]"
1,545,-0.00801486534031848,0.00801486534031848,"[[1,1,0,0,1,1,0,0,0,1],[1,1,1,1,0,0,0,0,0,1]]"
1,546,-0.00930168815776706,0.00930168815776706,"[[1,1,0,0,1,1,0,0,0,1],[1,1,1,1,0,0,0,0,1,0]]"
1,547,-0.009562525831141495,0.009562525831141495,"[[1,1,0,0,1,1,0,0,0,1],[1,1,1,1,0,0,0,0,1,1]]"
1,548,-0.011985515588734823,0.011985515588734823,"[[1,1,0,0,1,1,0,0,0,1],[1,1,1,1,0,0,0,1,0,0]]"
1,549,-0.012324330751564782,0.012324330751564782,"[[1,1,0,0,1,1,0,0,0,1],[1,1,1,1,0,0,0,1,0,1]]"
1,550,-0.013610560027011515,0.013610560027011515,"[[1,1,0,0,1,1,0,0,0,1],[1,1,1,1,0,0,0,1,1,0]]"
1,551,-0.013711469583186942,0.013711469583186942,"[[1,1,0,0,1,1,0,0,0,1],[1,1,1,1,0,0,0,1,1,1]]"
1,552,-0.015386920486219091,0.015386920486219091,"[[1,1,0,0,1,1,0,0,0,1],[1,1,1,1,0,0,1,0,0,0]]"
1,553,-0.01587492126381737,0.01587492126381737,"[[1,1,0,0,1,1,0,0,0,1],[1,1,1,1,0,0,1,0,0,1]]"
1,554,-0.017493769676824245,0.017493769676824245,"[[1,1,0,0,1,1,0,0,0,1],[1,1,1,1,0,0,1,0,1,0]]"
1,555,-0.017619080715816453,0.017619080715816453,"[[1,1,0,0,1,1,0,0,0,1],[1,1,1,1,0,0,1,0,1,1]]"
1,556,-0.02093348379468368,0.02093348379468368,"[[1,1,0,0,1,1,0,0,0,1],[1,1,1,1,0,0,1,1,0,0]]"
1,557,-0.02109818978606476,0.02109818978606476,"[[1,1,0,0,1,1,0,0,0,1],[1,1,1,1,0,0,1,1,0,1]]"
1,558,-0.021945227148101442,0.021945227148101442,"[[1,1,0,0,1,1,0,0,0,1],[1,1,1,1,0,0,1,1,1,0]]"
1,559,-0.021488789464364003,0.021488789464364003,"[[1,1,0,0,1,1,0,0,0,1],[1,1,1,1,0,0,1,1,1,1]]"
1,560,-0.020096950498520224,0.020096950498520224,"[[1,1,0,0,1,1,0,0,0,1],[1,1,1,1,0,1,0,0,0,0]]"
1,561,-0.020379014037409174,0.020379014037409174,"[[1,1,0,0,1,1,0,0,0,1],[1,1,1,1,0,1,0,0,0,1]]"
1,562,-0.022018032788241194,0.022018032788241194,"[[1,1,0,0,1,1,0,0,0,1],[1,1,1,1,0,1,0,0,1,0]]"
1,563,-0.022457117927720174,0.022457117927720174,"[[1,1,0,0,1,1,0,0,0,1],[1,1,1,1,0,1,0,0,1,1]]"
1,564,-0.025698517222687296,0.025698517222687296,"[[1,1,0,0,1,1,0,0,0,1],[1,1,1,1,0,1,0,1,0,0]]"
1,565,-0.025914263863300008,0.025914263863300008,"[[1,1,0,0,1,1,0,0,0,1],[1,1,1,1,0,1,0,1,0,1]]"
1,566,-0.026824476814727116,0.026824476814727116,"[[1,1,0,0,1,1,0,0,0,1],[1,1,1,1,0,1,0,1,1,0]]"
1,567,-0.02675989062171026,0.02675989062171026,"[[1,1,0,0,1,1,0,0,0,1],[1,1,1,1,0,1,0,1,1,1]]"
1,568,-0.03145341069954438,0.03145341069954438,"[[1,1,0,0,1,1,0,0,0,1],[1,1,1,1,0,1,1,0,0,0]]"
1,569,-0.031874084553445155,0.031874084553445155,"[[1,1,0,0,1,1,0,0,0,1],[1,1,1,1,0,1,1,0,0,1]]"
1,570,-0.0334981001755788,0.0334981001755788,"[[1,1,0,0,1,1,0,0,0,1],[1,1,1,1,0,1,1,0,1,0]]"
1,571,-0.03325742386956584,0.03325742386956584,"[[1,1,0,0,1,1,0,0,0,1],[1,1,1,1,0,1,1,0,1,1]]"
1,572,-0.03601489685866763,0.03601489685866763,"[[1,1,0,0,1,1,0,0,0,1],[1,1,1,1,0,1,1,1,0,0]]"
1,573,-0.03556167718764723,0.03556167718764723,"[[1,1,0,0,1,1,0,0,0,1],[1,1,1,1,0,1,1,1,0,1]]"
1,574,-0.03568273570188751,0.03568273570188751,"[[1,1,0,0,1,1,0,0,0,1],[1,1,1,1,0,1,1,1,1,0]]"
1,575,-0.03418158633442329,0.03418158633442329,"[[1,1,0,0,1,1,0,0,0,1],[1,1,1,1,0,1,1,1,1,1]]"
1,576,-0.006211707892377611,0.006211707892377611,"[[1,1,0,0,1,1,0,0,1,0],[1,1,1,1,0,0,0,0,0,0]]"
1,577,-0.006249468645117823,0.006249468645117823,"[[1,1,0,0,1,1,0,0,1,0],[1,1,1,1,0,0,0,0,0,1]]"
1,578,-0.007753223165368167,0.007753223165368167,"[[1,1,0,0,1,1,0,0,1,0],[1,1,1,1,0,0,0,0,1,0]]"
1,579,-0.007916391472406014,0.007916391472406014,"[[1,1,0,0,1,1,0,0,1,0],[1,1,1,1,0,0,0,0,1,1]]"
1,580,-0.01068887396811131,0.01068887396811131,"[[1,1,0,0,1,1,0,0,1,0],[1,1,1,1,0,0,0,1,0,0]]"
1,581,-0.010722279544357796,0.010722279544357796,"[[1,1,0,0,1,1,0,0,1,0],[1,1,1,1,0,0,0,1,0,1]]"
1,582,-0.012676765788650426,0.012676765788650426,"[[1,1,0,0,1,1,0,0,1,0],[1,1,1,1,0,0,0,1,1,0]]"
1,583,-0.01282184674733716,0.01282184674733716,"[[1,1,0,0,1,1,0,0,1,0],[1,1,1,1,0,0,0,1,1,1]]"
1,584,-0.01381974836818705,0.01381974836818705,"[[1,1,0,0,1,1,0,0,1,0],[1,1,1,1,0,0,1,0,0,0]]"
1,585,-0.013950343717865455,0.013950343717865455,"[[1,1,0,0,1,1,0,0,1,0],[1,1,1,1,0,0,1,0,0,1]]"
1,586,-0.015825789471810448,0.015825789471810448,"[[1,1,0,0,1,1,0,0,1,0],[1,1,1,1,0,0,1,0,1,0]]"
1,587,-0.016343207254030694,0.016343207254030694,"[[1,1,0,0,1,1,0,0,1,0],[1,1,1,1,0,0,1,0,1,1]]"
1,588,-0.019546096834087007,0.019546096834087007,"[[1,1,0,0,1,1,0,0,1,0],[1,1,1,1,0,0,1,1,0,0]]"
1,589,-0.020072451271983267,0.020072451271983267,"[[1,1,0,0,1,1,0,0,1,0],[1,1,1,1,0,0,1,1,0,1]]"
1,590,-0.021715812273435817,0.021715812273435817,"[[1,1,0,0,1,1,0,0,1,0],[1,1,1,1,0,0,1,1,1,0]]"
1,591,-0.021632236952773946,0.021632236952773946,"[[1,1,0,0,1,1,0,0,1,0],[1,1,1,1,0,0,1,1,1,1]]"
1,592,-0.01814499917221764,0.01814499917221764,"[[1,1,0,0,1,1,0,0,1,0],[1,1,1,1,0,1,0,0,0,0]]"
1,593,-0.017933582668654205,0.017933582668654205,"[[1,1,0,0,1,1,0,0,1,0],[1,1,1,1,0,1,0,0,0,1]]"
1,594,-0.020258784671745703,0.020258784671745703,"[[1,1,0,0,1,1,0,0,1,0],[1,1,1,1,0,1,0,0,1,0]]"
1,595,-0.020722904298629673,0.020722904298629673,"[[1,1,0,0,1,1,0,0,1,0],[1,1,1,1,0,1,0,0,1,1]]"
1,596,-0.024644511098845846,0.024644511098845846,"[[1,1,0,0,1,1,0,0,1,0],[1,1,1,1,0,1,0,1,0,0]]"
1,597,-0.024866560691729843,0.024866560691729843,"[[1,1,0,0,1,1,0,0,1,0],[1,1,1,1,0,1,0,1,0,1]]"
1,598,-0.02643256557217182,0.02643256557217182,"[[1,1,0,0,1,1,0,0,1,0],[1,1,1,1,0,1,0,1,1,0]]"
1,599,-0.02627191452876448,0.02627191452876448,"[[1,1,0,0,1,1,0,0,1,0],[1,1,1,1,0,1,0,1,1,1]]"
1,600,-0.030359106769247992,0.030359106769247992,"[[1,1,0,0,1,1,0,0,1,0],[1,1,1,1,0,1,1,0,0,0]]"
1,601,-0.030237676262938846,0.030237676262938846,"[[1,1,0,0,1,1,0,0,1,0],[1,1,1,1,0,1,1,0,0,1]]"
1,602,-0.03230536051732451,0.03230536051732451,"[[1,1,0,0,1,1,0,0,1,0],[1,1,1,1,0,1,1,0,1,0]]"
1,603,-0.032186057754693215,0.032186057754693215,"[[1,1,0,0,1,1,0,0,1,0],[1,1,1,1,0,1,1,0,1,1]]"
1,604,-0.0360009877373986,0.0360009877373986,"[[1,1,0,0,1,1,0,0,1,0],[1,1,1,1,0,1,1,1,0,0]]"
1,605,-0.03592596861886797,0.03592596861886797,"[[1,1,0,0,1,1,0,0,1,0],[1,1,1,1,0,1,1,1,0,1]]"
1,606,-0.036791375496088345,0.036791375496088345,"[[1,1,0,0,1,1,0,0,1,0],[1,1,1,1,0,1,1,1,1,0]]"
1,607,-0.03598972196367811,0.03598972196367811,"[[1,1,0,0,1,1,0,0,1,0],[1,1,1,1,0,1,1,1,1,1]]"
1,608,-0.005817790876481017,0.005817790876481017,"[[1,1,0,0,1,1,0,0,1,1],[1,1,1,1,0,0,0,0,0,0]]"
1,609,-0.006215918885656868,0.006215918885656868,"[[1,1,0,0,1,1,0,0,1,1],[1,1,1,1,0,0,0,0,0,1]]"
1,610,-0.007696999167676973,0.007696999167676973,"[[1,1,0,0,1,1,0,0,1,1],[1,1,1,1,0,0,0,0,1,0]]"
1,611,-0.008046248537764276,0.008046248537764276,"[[1,1,0,0,1,1,0,0,1,1],[1,1,1,1,0,0,0,0,1,1]]"
1,612,-0.010404027215982698,0.010404027215982698,"[[1,1,0,0,1,1,0,0,1,1],[1,1,1,1,0,0,0,1,0,0]]"
1,613,-0.010857323403790855,0.010857323403790855,"[[1,1,0,0,1,1,0,0,1,1],[1,1,1,1,0,0,0,1,0,1]]"
1,614,-0.012675788169254005,0.012675788169254005,"[[1,1,0,0,1,1,0,0,1,1],[1,1,1,1,0,0,0,1,1,0]]"
1,615,-0.013121446681734032,0.013121446681734032,"[[1,1,0,0,1,1,0,0,1,1],[1,1,1,1,0,0,0,1,1,1]]"
1,616,-0.013540488324817803,0.013540488324817803,"[[1,1,0,0,1,1,0,0,1,1],[1,1,1,1,0,0,1,0,0,0]]"
1,617,-0.014046485422905325,0.014046485422905325,"[[1,1,0,0,1,1,0,0,1,1],[1,1,1,1,0,0,1,0,0,1]]"
1,618,-0.015555326628345632,0.015555326628345632,"[[1,1,0,0,1,1,0,0,1,1],[1,1,1,1,0,0,1,0,1,0]]"
1,619,-0.01628635783465952,0.01628635783465952,"[[1,1,0,0,1,1,0,0,1,1],[1,1,1,1,0,0,1,0,1,1]]"
1,620,-0.01906324958586361,0.01906324958586361,"[[1,1,0,0,1,1,0,0,1,1],[1,1,1,1,0,0,1,1,0,0]]"
1,621,-0.019960026635830835,0.019960026635830835,"[[1,1,0,0,1,1,0,0,1,1],[1,1,1,1,0,0,1,1,0,1]]"
1,622,-0.02192585870876608,0.02192585870876608,"[[1,1,0,0,1,1,0,0,1,1],[1,1,1,1,0,0,1,1,1,0]]"
1,623,-0.022199805296610857,0.022199805296610857,"[[1,1,0,0,1,1,0,0,1,1],[1,1,1,1,0,0,1,1,1,1]]"
1,624,-0.017794562395894987,0.017794562395894987,"[[1,1,0,0,1,1,0,0,1,1],[1,1,1,1,0,1,0,0,0,0]]"
1,625,-0.01819743847821749,0.01819743847821749,"[[1,1,0,0,1,1,0,0,1,1],[1,1,1,1,0,1,0,0,0,1]]"
1,626,-0.020093632297924297,0.020093632297924297,"[[1,1,0,0,1,1,0,0,1,1],[1,1,1,1,0,1,0,0,1,0]]"
1,627,-0.0207197914734276,0.0207197914734276,"[[1,1,0,0,1,1,0,0,1,1],[1,1,1,1,0,1,0,0,1,1]]"
1,628,-0.02414039403406781,0.02414039403406781,"[[1,1,0,0,1,1,0,0,1,1],[1,1,1,1,0,1,0,1,0,0]]"
1,629,-0.024807070651288878,0.024807070651288878,"[[1,1,0,0,1,1,0,0,1,1],[1,1,1,1,0,1,0,1,0,1]]"
1,630,-0.02657349490555542,0.02657349490555542,"[[1,1,0,0,1,1,0,0,1,1],[1,1,1,1,0,1,0,1,1,0]]"
1,631,-0.026821188110486026,0.026821188110486026,"[[1,1,0,0,1,1,0,0,1,1],[1,1,1,1,0,1,0,1,1,1]]"
1,632,-0.029816604323705687,0.029816604323705687,"[[1,1,0,0,1,1,0,0,1,1],[1,1,1,1,0,1,1,0,0,0]]"
1,633,-0.030385658144214078,0.030385658144214078,"[[1,1,0,0,1,1,0,0,1,1],[1,1,1,1,0,1,1,0,0,1]]"
1,634,-0.032255031648367447,0.032255031648367447,"[[1,1,0,0,1,1,0,0,1,1],[1,1,1,1,0,1,1,0,1,0]]"
1,635,-0.032611074954264636,0.032611074954264636,"[[1,1,0,0,1,1,0,0,1,1],[1,1,1,1,0,1,1,0,1,1]]"
1,636,-0.03567713995867722,0.03567713995867722,"[[1,1,0,0,1,1,0,0,1,1],[1,1,1,1,0,1,1,1,0,0]]"
1,637,-0.0362919874278769,0.0362919874278769,"[[1,1,0,0,1,1,0,0,1,1],[1,1,1,1,0,1,1,1,0,1]]"
1,638,-0.03747242152686073,0.03747242152686073,"[[1,1,0,0,1,1,0,0,1,1],[1,1,1,1,0,1,1,1,1,0]]"
1,639,-0.036925792337862584,0.036925792337862584,"[[1,1,0,0,1,1,0,0,1,1],[1,1,1,1,0,1,1,1,1,1]]"
1,640,-0.004124940162306689,0.004124940162306689,"[[1,1,0,0,1,1,0,1,0,0],[1,1,1,1,0,0,0,0,0,0]]"
1,641,-0.004243054471989464,0.004243054471989464,"[[1,1,0,0,1,1,0,1,0,0],[1,1,1,1,0,0,0,0,0,1]]"
1,642,-0.00523125247314436,0.00523125247314436,"[[1,1,0,0,1,1,0,1,0,0],[1,1,1,1,0,0,0,0,1,0]]"
1,643,-0.005495018791283027,0.005495018791283027,"[[1,1,0,0,1,1,0,1,0,0],[1,1,1,1,0,0,0,0,1,1]]"
1,644,-0.00813976648947024,0.00813976648947024,"[[1,1,0,0,1,1,0,1,0,0],[1,1,1,1,0,0,0,1,0,0]]"
1,645,-0.008318000601569547,0.008318000601569547,"[[1,1,0,0,1,1,0,1,0,0],[1,1,1,1,0,0,0,1,0,1]]"
1,646,-0.009362842552797167,0.009362842552797167,"[[1,1,0,0,1,1,0,1,0,0],[1,1,1,1,0,0,0,1,1,0]]"
1,647,-0.009634299949698394,0.009634299949698394,"[[1,1,0,0,1,1,0,1,0,0],[1,1,1,1,0,0,0,1,1,1]]"
1,648,-0.01155093602735527,0.01155093602735527,"[[1,1,0,0,1,1,0,1,0,0],[1,1,1,1,0,0,1,0,0,0]]"
1,649,-0.011725164042146432,0.011725164042146432,"[[1,1,0,0,1,1,0,1,0,0],[1,1,1,1,0,0,1,0,0,1]]"
1,650,-0.012976417436773214,0.012976417436773214,"[[1,1,0,0,1,1,0,1,0,0],[1,1,1,1,0,0,1,0,1,0]]"
1,651,-0.013246270599027549,0.013246270599027549,"[[1,1,0,0,1,1,0,1,0,0],[1,1,1,1,0,0,1,0,1,1]]"
1,652,-0.017105840503248582,0.017105840503248582,"[[1,1,0,0,1,1,0,1,0,0],[1,1,1,1,0,0,1,1,0,0]]"
1,653,-0.017627724197820455,0.017627724197820455,"[[1,1,0,0,1,1,0,1,0,0],[1,1,1,1,0,0,1,1,0,1]]"
1,654,-0.018729647788718953,0.018729647788718953,"[[1,1,0,0,1,1,0,1,0,0],[1,1,1,1,0,0,1,1,1,0]]"
1,655,-0.018692389475468526,0.018692389475468526,"[[1,1,0,0,1,1,0,1,0,0],[1,1,1,1,0,0,1,1,1,1]]"
1,656,-0.015307527018009907,0.015307527018009907,"[[1,1,0,0,1,1,0,1,0,0],[1,1,1,1,0,1,0,0,0,0]]"
1,657,-0.015537484464335337,0.015537484464335337,"[[1,1,0,0,1,1,0,1,0,0],[1,1,1,1,0,1,0,0,0,1]]"
1,658,-0.016964732626293028,0.016964732626293028,"[[1,1,0,0,1,1,0,1,0,0],[1,1,1,1,0,1,0,0,1,0]]"
1,659,-0.0173828235331083,0.0173828235331083,"[[1,1,0,0,1,1,0,1,0,0],[1,1,1,1,0,1,0,0,1,1]]"
1,660,-0.02101888543822127,0.02101888543822127,"[[1,1,0,0,1,1,0,1,0,0],[1,1,1,1,0,1,0,1,0,0]]"
1,661,-0.02156189402921023,0.02156189402921023,"[[1,1,0,0,1,1,0,1,0,0],[1,1,1,1,0,1,0,1,0,1]]"
1,662,-0.023169412709208134,0.023169412709208134,"[[1,1,0,0,1,1,0,1,0,0],[1,1,1,1,0,1,0,1,1,0]]"
1,663,-0.02340986760487835,0.02340986760487835,"[[1,1,0,0,1,1,0,1,0,0],[1,1,1,1,0,1,0,1,1,1]]"
1,664,-0.02728596393933017,0.02728596393933017,"[[1,1,0,0,1,1,0,1,0,0],[1,1,1,1,0,1,1,0,0,0]]"
1,665,-0.027783328920418522,0.027783328920418522,"[[1,1,0,0,1,1,0,1,0,0],[1,1,1,1,0,1,1,0,0,1]]"
1,666,-0.029240023927634945,0.029240023927634945,"[[1,1,0,0,1,1,0,1,0,0],[1,1,1,1,0,1,1,0,1,0]]"
1,667,-0.029608776276312154,0.029608776276312154,"[[1,1,0,0,1,1,0,1,0,0],[1,1,1,1,0,1,1,0,1,1]]"
1,668,-0.0340223281273016,0.0340223281273016,"[[1,1,0,0,1,1,0,1,0,0],[1,1,1,1,0,1,1,1,0,0]]"
1,669,-0.03444004842376446,0.03444004842376446,"[[1,1,0,0,1,1,0,1,0,0],[1,1,1,1,0,1,1,1,0,1]]"
1,670,-0.035406738828579545,0.035406738828579545,"[[1,1,0,0,1,1,0,1,0,0],[1,1,1,1,0,1,1,1,1,0]]"
1,671,-0.03469675516307368,0.03469675516307368,"[[1,1,0,0,1,1,0,1,0,0],[1,1,1,1,0,1,1,1,1,1]]"
1,672,-0.003798363339578987,0.003798363339578987,"[[1,1,0,0,1,1,0,1,0,1],[1,1,1,1,0,0,0,0,0,0]]"
1,673,-0.004109639416489019,0.004109639416489019,"[[1,1,0,0,1,1,0,1,0,1],[1,1,1,1,0,0,0,0,0,1]]"
1,674,-0.00525330073995681,0.00525330073995681,"[[1,1,0,0,1,1,0,1,0,1],[1,1,1,1,0,0,0,0,1,0]]"
1,675,-0.0055685228815173585,0.0055685228815173585,"[[1,1,0,0,1,1,0,1,0,1],[1,1,1,1,0,0,0,0,1,1]]"
1,676,-0.008053296480542286,0.008053296480542286,"[[1,1,0,0,1,1,0,1,0,1],[1,1,1,1,0,0,0,1,0,0]]"
1,677,-0.008387492382859858,0.008387492382859858,"[[1,1,0,0,1,1,0,1,0,1],[1,1,1,1,0,0,0,1,0,1]]"
1,678,-0.009582825561347963,0.009582825561347963,"[[1,1,0,0,1,1,0,1,0,1],[1,1,1,1,0,0,0,1,1,0]]"
1,679,-0.009750960746983226,0.009750960746983226,"[[1,1,0,0,1,1,0,1,0,1],[1,1,1,1,0,0,0,1,1,1]]"
1,680,-0.01125544293441189,0.01125544293441189,"[[1,1,0,0,1,1,0,1,0,1],[1,1,1,1,0,0,1,0,0,0]]"
1,681,-0.01182620002318522,0.01182620002318522,"[[1,1,0,0,1,1,0,1,0,1],[1,1,1,1,0,0,1,0,0,1]]"
1,682,-0.013335770711013675,0.013335770711013675,"[[1,1,0,0,1,1,0,1,0,1],[1,1,1,1,0,0,1,0,1,0]]"
1,683,-0.013455057534730646,0.013455057534730646,"[[1,1,0,0,1,1,0,1,0,1],[1,1,1,1,0,0,1,0,1,1]]"
1,684,-0.01697006545772255,0.01697006545772255,"[[1,1,0,0,1,1,0,1,0,1],[1,1,1,1,0,0,1,1,0,0]]"
1,685,-0.017615189289893658,0.017615189289893658,"[[1,1,0,0,1,1,0,1,0,1],[1,1,1,1,0,0,1,1,0,1]]"
1,686,-0.01917466960184209,0.01917466960184209,"[[1,1,0,0,1,1,0,1,0,1],[1,1,1,1,0,0,1,1,1,0]]"
1,687,-0.01905578973287365,0.01905578973287365,"[[1,1,0,0,1,1,0,1,0,1],[1,1,1,1,0,0,1,1,1,1]]"
1,688,-0.015019061464659011,0.015019061464659011,"[[1,1,0,0,1,1,0,1,0,1],[1,1,1,1,0,1,0,0,0,0]]"
1,689,-0.015602433818173696,0.015602433818173696,"[[1,1,0,0,1,1,0,1,0,1],[1,1,1,1,0,1,0,0,0,1]]"
1,690,-0.017245512971115314,0.017245512971115314,"[[1,1,0,0,1,1,0,1,0,1],[1,1,1,1,0,1,0,0,1,0]]"
1,691,-0.017534480684903004,0.017534480684903004,"[[1,1,0,0,1,1,0,1,0,1],[1,1,1,1,0,1,0,0,1,1]]"
1,692,-0.02122051552290632,0.02122051552290632,"[[1,1,0,0,1,1,0,1,0,1],[1,1,1,1,0,1,0,1,0,0]]"
1,693,-0.021689034237324867,0.021689034237324867,"[[1,1,0,0,1,1,0,1,0,1],[1,1,1,1,0,1,0,1,0,1]]"
1,694,-0.0234844276657655,0.0234844276657655,"[[1,1,0,0,1,1,0,1,0,1],[1,1,1,1,0,1,0,1,1,0]]"
1,695,-0.02363833609702779,0.02363833609702779,"[[1,1,0,0,1,1,0,1,0,1],[1,1,1,1,0,1,0,1,1,1]]"
1,696,-0.026892127899012137,0.026892127899012137,"[[1,1,0,0,1,1,0,1,0,1],[1,1,1,1,0,1,1,0,0,0]]"
1,697,-0.027740342134055483,0.027740342134055483,"[[1,1,0,0,1,1,0,1,0,1],[1,1,1,1,0,1,1,0,0,1]]"
1,698,-0.029634696316073385,0.029634696316073385,"[[1,1,0,0,1,1,0,1,0,1],[1,1,1,1,0,1,1,0,1,0]]"
1,699,-0.02977287351349993,0.02977287351349993,"[[1,1,0,0,1,1,0,1,0,1],[1,1,1,1,0,1,1,0,1,1]]"
1,700,-0.034092117082583626,0.034092117082583626,"[[1,1,0,0,1,1,0,1,0,1],[1,1,1,1,0,1,1,1,0,0]]"
1,701,-0.03470645864133424,0.03470645864133424,"[[1,1,0,0,1,1,0,1,0,1],[1,1,1,1,0,1,1,1,0,1]]"
1,702,-0.03601645310325575,0.03601645310325575,"[[1,1,0,0,1,1,0,1,0,1],[1,1,1,1,0,1,1,1,1,0]]"
1,703,-0.03510425456857699,0.03510425456857699,"[[1,1,0,0,1,1,0,1,0,1],[1,1,1,1,0,1,1,1,1,1]]"
1,704,-0.0025073815820228678,0.0025073815820228678,"[[1,1,0,0,1,1,0,1,1,0],[1,1,1,1,0,0,0,0,0,0]]"
1,705,-0.0025840464539889385,0.0025840464539889385,"[[1,1,0,0,1,1,0,1,1,0],[1,1,1,1,0,0,0,0,0,1]]"
1,706,-0.0036705693434907257,0.0036705693434907257,"[[1,1,0,0,1,1,0,1,1,0],[1,1,1,1,0,0,0,0,1,0]]"
1,707,-0.0039520713032654515,0.0039520713032654515,"[[1,1,0,0,1,1,0,1,1,0],[1,1,1,1,0,0,0,0,1,1]]"
1,708,-0.006312434154120088,0.006312434154120088,"[[1,1,0,0,1,1,0,1,1,0],[1,1,1,1,0,0,0,1,0,0]]"
1,709,-0.006384417626287606,0.006384417626287606,"[[1,1,0,0,1,1,0,1,1,0],[1,1,1,1,0,0,0,1,0,1]]"
1,710,-0.008140691271590273,0.008140691271590273,"[[1,1,0,0,1,1,0,1,1,0],[1,1,1,1,0,0,0,1,1,0]]"
1,711,-0.008332918333758791,0.008332918333758791,"[[1,1,0,0,1,1,0,1,1,0],[1,1,1,1,0,0,0,1,1,1]]"
1,712,-0.009130337137515402,0.009130337137515402,"[[1,1,0,0,1,1,0,1,1,0],[1,1,1,1,0,0,1,0,0,0]]"
1,713,-0.009435224343551617,0.009435224343551617,"[[1,1,0,0,1,1,0,1,1,0],[1,1,1,1,0,0,1,0,0,1]]"
1,714,-0.01114329723029834,0.01114329723029834,"[[1,1,0,0,1,1,0,1,1,0],[1,1,1,1,0,0,1,0,1,0]]"
1,715,-0.011433117729806456,0.011433117729806456,"[[1,1,0,0,1,1,0,1,1,0],[1,1,1,1,0,0,1,0,1,1]]"
1,716,-0.015437860011698048,0.015437860011698048,"[[1,1,0,0,1,1,0,1,1,0],[1,1,1,1,0,0,1,1,0,0]]"
1,717,-0.015577726752963414,0.015577726752963414,"[[1,1,0,0,1,1,0,1,1,0],[1,1,1,1,0,0,1,1,0,1]]"
1,718,-0.017778641749946672,0.017778641749946672,"[[1,1,0,0,1,1,0,1,1,0],[1,1,1,1,0,0,1,1,1,0]]"
1,719,-0.01819454272182588,0.01819454272182588,"[[1,1,0,0,1,1,0,1,1,0],[1,1,1,1,0,0,1,1,1,1]]"
1,720,-0.012784278128541562,0.012784278128541562,"[[1,1,0,0,1,1,0,1,1,0],[1,1,1,1,0,1,0,0,0,0]]"
1,721,-0.012992360240406477,0.012992360240406477,"[[1,1,0,0,1,1,0,1,1,0],[1,1,1,1,0,1,0,0,0,1]]"
1,722,-0.015011742924199996,0.015011742924199996,"[[1,1,0,0,1,1,0,1,1,0],[1,1,1,1,0,1,0,0,1,0]]"
1,723,-0.015203116923825748,0.015203116923825748,"[[1,1,0,0,1,1,0,1,1,0],[1,1,1,1,0,1,0,0,1,1]]"
1,724,-0.01939909091243875,0.01939909091243875,"[[1,1,0,0,1,1,0,1,1,0],[1,1,1,1,0,1,0,1,0,0]]"
1,725,-0.019316778075151367,0.019316778075151367,"[[1,1,0,0,1,1,0,1,1,0],[1,1,1,1,0,1,0,1,0,1]]"
1,726,-0.021586587358892434,0.021586587358892434,"[[1,1,0,0,1,1,0,1,1,0],[1,1,1,1,0,1,0,1,1,0]]"
1,727,-0.02196630468580915,0.02196630468580915,"[[1,1,0,0,1,1,0,1,1,0],[1,1,1,1,0,1,0,1,1,1]]"
1,728,-0.024807429799848017,0.024807429799848017,"[[1,1,0,0,1,1,0,1,1,0],[1,1,1,1,0,1,1,0,0,0]]"
1,729,-0.02527489752307162,0.02527489752307162,"[[1,1,0,0,1,1,0,1,1,0],[1,1,1,1,0,1,1,0,0,1]]"
1,730,-0.02747596373941849,0.02747596373941849,"[[1,1,0,0,1,1,0,1,1,0],[1,1,1,1,0,1,1,0,1,0]]"
1,731,-0.027831676479716537,0.027831676479716537,"[[1,1,0,0,1,1,0,1,1,0],[1,1,1,1,0,1,1,0,1,1]]"
1,732,-0.03311740563341003,0.03311740563341003,"[[1,1,0,0,1,1,0,1,1,0],[1,1,1,1,0,1,1,1,0,0]]"
1,733,-0.033232489368207295,0.033232489368207295,"[[1,1,0,0,1,1,0,1,1,0],[1,1,1,1,0,1,1,1,0,1]]"
1,734,-0.0352911483531853,0.0352911483531853,"[[1,1,0,0,1,1,0,1,1,0],[1,1,1,1,0,1,1,1,1,0]]"
1,735,-0.03523771152765304,0.03523771152765304,"[[1,1,0,0,1,1,0,1,1,0],[1,1,1,1,0,1,1,1,1,1]]"
1,736,-0.0021653547784263342,0.0021653547784263342,"[[1,1,0,0,1,1,0,1,1,1],[1,1,1,1,0,0,0,0,0,0]]"
1,737,-0.0022745587150388674,0.0022745587150388674,"[[1,1,0,0,1,1,0,1,1,1],[1,1,1,1,0,0,0,0,0,1]]"
1,738,-0.0034433385606716317,0.0034433385606716317,"[[1,1,0,0,1,1,0,1,1,1],[1,1,1,1,0,0,0,0,1,0]]"
1,739,-0.003798694509085053,0.003798694509085053,"[[1,1,0,0,1,1,0,1,1,1],[1,1,1,1,0,0,0,0,1,1]]"
1,740,-0.005770230655133621,0.005770230655133621,"[[1,1,0,0,1,1,0,1,1,1],[1,1,1,1,0,0,0,1,0,0]]"
1,741,-0.006133880799760455,0.006133880799760455,"[[1,1,0,0,1,1,0,1,1,1],[1,1,1,1,0,0,0,1,0,1]]"
1,742,-0.008009596635555208,0.008009596635555208,"[[1,1,0,0,1,1,0,1,1,1],[1,1,1,1,0,0,0,1,1,0]]"
1,743,-0.008437815464955974,0.008437815464955974,"[[1,1,0,0,1,1,0,1,1,1],[1,1,1,1,0,0,0,1,1,1]]"
1,744,-0.008504002487612626,0.008504002487612626,"[[1,1,0,0,1,1,0,1,1,1],[1,1,1,1,0,0,1,0,0,0]]"
1,745,-0.008995683443025714,0.008995683443025714,"[[1,1,0,0,1,1,0,1,1,1],[1,1,1,1,0,0,1,0,0,1]]"
1,746,-0.010880993996877402,0.010880993996877402,"[[1,1,0,0,1,1,0,1,1,1],[1,1,1,1,0,0,1,0,1,0]]"
1,747,-0.011519830385090175,0.011519830385090175,"[[1,1,0,0,1,1,0,1,1,1],[1,1,1,1,0,0,1,0,1,1]]"
1,748,-0.014944430694641679,0.014944430694641679,"[[1,1,0,0,1,1,0,1,1,1],[1,1,1,1,0,0,1,1,0,0]]"
1,749,-0.015466336078217261,0.015466336078217261,"[[1,1,0,0,1,1,0,1,1,1],[1,1,1,1,0,0,1,1,0,1]]"
1,750,-0.017549947899387974,0.017549947899387974,"[[1,1,0,0,1,1,0,1,1,1],[1,1,1,1,0,0,1,1,1,0]]"
1,751,-0.0182210300049867,0.0182210300049867,"[[1,1,0,0,1,1,0,1,1,1],[1,1,1,1,0,0,1,1,1,1]]"
1,752,-0.012089435918215456,0.012089435918215456,"[[1,1,0,0,1,1,0,1,1,1],[1,1,1,1,0,1,0,0,0,0]]"
1,753,-0.012404899253865224,0.012404899253865224,"[[1,1,0,0,1,1,0,1,1,1],[1,1,1,1,0,1,0,0,0,1]]"
1,754,-0.014703086424328498,0.014703086424328498,"[[1,1,0,0,1,1,0,1,1,1],[1,1,1,1,0,1,0,0,1,0]]"
1,755,-0.015192570590485281,0.015192570590485281,"[[1,1,0,0,1,1,0,1,1,1],[1,1,1,1,0,1,0,0,1,1]]"
1,756,-0.018873803657172495,0.018873803657172495,"[[1,1,0,0,1,1,0,1,1,1],[1,1,1,1,0,1,0,1,0,0]]"
1,757,-0.019295440529177504,0.019295440529177504,"[[1,1,0,0,1,1,0,1,1,1],[1,1,1,1,0,1,0,1,0,1]]"
1,758,-0.021506472029395502,0.021506472029395502,"[[1,1,0,0,1,1,0,1,1,1],[1,1,1,1,0,1,0,1,1,0]]"
1,759,-0.022080198970690246,0.022080198970690246,"[[1,1,0,0,1,1,0,1,1,1],[1,1,1,1,0,1,0,1,1,1]]"
1,760,-0.023983653142209165,0.023983653142209165,"[[1,1,0,0,1,1,0,1,1,1],[1,1,1,1,0,1,1,0,0,0]]"
1,761,-0.024760895767101908,0.024760895767101908,"[[1,1,0,0,1,1,0,1,1,1],[1,1,1,1,0,1,1,0,0,1]]"
1,762,-0.027154955822744787,0.027154955822744787,"[[1,1,0,0,1,1,0,1,1,1],[1,1,1,1,0,1,1,0,1,0]]"
1,763,-0.027675839795226365,0.027675839795226365,"[[1,1,0,0,1,1,0,1,1,1],[1,1,1,1,0,1,1,0,1,1]]"
1,764,-0.032212611634515186,0.032212611634515186,"[[1,1,0,0,1,1,0,1,1,1],[1,1,1,1,0,1,1,1,0,0]]"
1,765,-0.032896423481576134,0.032896423481576134,"[[1,1,0,0,1,1,0,1,1,1],[1,1,1,1,0,1,1,1,0,1]]"
1,766,-0.03509380071163084,0.03509380071163084,"[[1,1,0,0,1,1,0,1,1,1],[1,1,1,1,0,1,1,1,1,0]]"
1,767,-0.03541800202575153,0.03541800202575153,"[[1,1,0,0,1,1,0,1,1,1],[1,1,1,1,0,1,1,1,1,1]]"
1,768,-0.00219480296106378,0.00219480296106378,"[[1,1,0,0,1,1,1,0,0,0],[1,1,1,1,0,0,0,0,0,0]]"
1,769,-0.0023010740658268485,0.0023010740658268485,"[[1,1,0,0,1,1,1,0,0,0],[1,1,1,1,0,0,0,0,0,1]]"
1,770,-0.0031936269384942313,0.0031936269384942313,"[[1,1,0,0,1,1,1,0,0,0],[1,1,1,1,0,0,0,0,1,0]]"
1,771,-0.0033108938246356194,0.0033108938246356194,"[[1,1,0,0,1,1,1,0,0,0],[1,1,1,1,0,0,0,0,1,1]]"
1,772,-0.004680603173223991,0.004680603173223991,"[[1,1,0,0,1,1,1,0,0,0],[1,1,1,1,0,0,0,1,0,0]]"
1,773,-0.004926173598855724,0.004926173598855724,"[[1,1,0,0,1,1,1,0,0,0],[1,1,1,1,0,0,0,1,0,1]]"
1,774,-0.006063960663124171,0.006063960663124171,"[[1,1,0,0,1,1,1,0,0,0],[1,1,1,1,0,0,0,1,1,0]]"
1,775,-0.006202782859228435,0.006202782859228435,"[[1,1,0,0,1,1,1,0,0,0],[1,1,1,1,0,0,0,1,1,1]]"
1,776,-0.007502110223280234,0.007502110223280234,"[[1,1,0,0,1,1,1,0,0,0],[1,1,1,1,0,0,1,0,0,0]]"
1,777,-0.007565730880258449,0.007565730880258449,"[[1,1,0,0,1,1,1,0,0,0],[1,1,1,1,0,0,1,0,0,1]]"
1,778,-0.008799285696378702,0.008799285696378702,"[[1,1,0,0,1,1,1,0,0,0],[1,1,1,1,0,0,1,0,1,0]]"
1,779,-0.00907617340219814,0.00907617340219814,"[[1,1,0,0,1,1,1,0,0,0],[1,1,1,1,0,0,1,0,1,1]]"
1,780,-0.011623055435210949,0.011623055435210949,"[[1,1,0,0,1,1,1,0,0,0],[1,1,1,1,0,0,1,1,0,0]]"
1,781,-0.011947998136791213,0.011947998136791213,"[[1,1,0,0,1,1,1,0,0,0],[1,1,1,1,0,0,1,1,0,1]]"
1,782,-0.013134946380594412,0.013134946380594412,"[[1,1,0,0,1,1,1,0,0,0],[1,1,1,1,0,0,1,1,1,0]]"
1,783,-0.01314363152548149,0.01314363152548149,"[[1,1,0,0,1,1,1,0,0,0],[1,1,1,1,0,0,1,1,1,1]]"
1,784,-0.01080341945461245,0.01080341945461245,"[[1,1,0,0,1,1,1,0,0,0],[1,1,1,1,0,1,0,0,0,0]]"
1,785,-0.010670534863576567,0.010670534863576567,"[[1,1,0,0,1,1,1,0,0,0],[1,1,1,1,0,1,0,0,0,1]]"
1,786,-0.01233707827927457,0.01233707827927457,"[[1,1,0,0,1,1,1,0,0,0],[1,1,1,1,0,1,0,0,1,0]]"
1,787,-0.012601026707207762,0.012601026707207762,"[[1,1,0,0,1,1,1,0,0,0],[1,1,1,1,0,1,0,0,1,1]]"
1,788,-0.015092673106584058,0.015092673106584058,"[[1,1,0,0,1,1,1,0,0,0],[1,1,1,1,0,1,0,1,0,0]]"
1,789,-0.015549190183687063,0.015549190183687063,"[[1,1,0,0,1,1,1,0,0,0],[1,1,1,1,0,1,0,1,0,1]]"
1,790,-0.017087805013016828,0.017087805013016828,"[[1,1,0,0,1,1,1,0,0,0],[1,1,1,1,0,1,0,1,1,0]]"
1,791,-0.017450960314238803,0.017450960314238803,"[[1,1,0,0,1,1,1,0,0,0],[1,1,1,1,0,1,0,1,1,1]]"
1,792,-0.02065530717914326,0.02065530717914326,"[[1,1,0,0,1,1,1,0,0,0],[1,1,1,1,0,1,1,0,0,0]]"
1,793,-0.020859928091470983,0.020859928091470983,"[[1,1,0,0,1,1,1,0,0,0],[1,1,1,1,0,1,1,0,0,1]]"
1,794,-0.02276813397202883,0.02276813397202883,"[[1,1,0,0,1,1,1,0,0,0],[1,1,1,1,0,1,1,0,1,0]]"
1,795,-0.023098343623188897,0.023098343623188897,"[[1,1,0,0,1,1,1,0,0,0],[1,1,1,1,0,1,1,0,1,1]]"
1,796,-0.02635929495999412,0.02635929495999412,"[[1,1,0,0,1,1,1,0,0,0],[1,1,1,1,0,1,1,1,0,0]]"
1,797,-0.026548823876884987,0.026548823876884987,"[[1,1,0,0,1,1,1,0,0,0],[1,1,1,1,0,1,1,1,0,1]]"
1,798,-0.02782979557259492,0.02782979557259492,"[[1,1,0,0,1,1,1,0,0,0],[1,1,1,1,0,1,1,1,1,0]]"
1,799,-0.027063472709110692,0.027063472709110692,"[[1,1,0,0,1,1,1,0,0,0],[1,1,1,1,0,1,1,1,1,1]]"
1,800,-0.0019107269302106032,0.0019107269302106032,"[[1,1,0,0,1,1,1,0,0,1],[1,1,1,1,0,0,0,0,0,0]]"
1,801,-0.0021594773097766084,0.0021594773097766084,"[[1,1,0,0,1,1,1,0,0,1],[1,1,1,1,0,0,0,0,0,1]]"
1,802,-0.003169367183351075,0.003169367183351075,"[[1,1,0,0,1,1,1,0,0,1],[1,1,1,1,0,0,0,0,1,0]]"
1,803,-0.003498119835268651,0.003498119835268651,"[[1,1,0,0,1,1,1,0,0,1],[1,1,1,1,0,0,0,0,1,1]]"
1,804,-0.004635786990674104,0.004635786990674104,"[[1,1,0,0,1,1,1,0,0,1],[1,1,1,1,0,0,0,1,0,0]]"
1,805,-0.004911227378448255,0.004911227378448255,"[[1,1,0,0,1,1,1,0,0,1],[1,1,1,1,0,0,0,1,0,1]]"
1,806,-0.006080480077420286,0.006080480077420286,"[[1,1,0,0,1,1,1,0,0,1],[1,1,1,1,0,0,0,1,1,0]]"
1,807,-0.006430790157350248,0.006430790157350248,"[[1,1,0,0,1,1,1,0,0,1],[1,1,1,1,0,0,0,1,1,1]]"
1,808,-0.007372997164495799,0.007372997164495799,"[[1,1,0,0,1,1,1,0,0,1],[1,1,1,1,0,0,1,0,0,0]]"
1,809,-0.0077182530649408795,0.0077182530649408795,"[[1,1,0,0,1,1,1,0,0,1],[1,1,1,1,0,0,1,0,0,1]]"
1,810,-0.008978642996299855,0.008978642996299855,"[[1,1,0,0,1,1,1,0,0,1],[1,1,1,1,0,0,1,0,1,0]]"
1,811,-0.009227007890372839,0.009227007890372839,"[[1,1,0,0,1,1,1,0,0,1],[1,1,1,1,0,0,1,0,1,1]]"
1,812,-0.011717530344561718,0.011717530344561718,"[[1,1,0,0,1,1,1,0,0,1],[1,1,1,1,0,0,1,1,0,0]]"
1,813,-0.012002688165065067,0.012002688165065067,"[[1,1,0,0,1,1,1,0,0,1],[1,1,1,1,0,0,1,1,0,1]]"
1,814,-0.013538079319446911,0.013538079319446911,"[[1,1,0,0,1,1,1,0,0,1],[1,1,1,1,0,0,1,1,1,0]]"
1,815,-0.013709696711333326,0.013709696711333326,"[[1,1,0,0,1,1,1,0,0,1],[1,1,1,1,0,0,1,1,1,1]]"
1,816,-0.010507318292803445,0.010507318292803445,"[[1,1,0,0,1,1,1,0,0,1],[1,1,1,1,0,1,0,0,0,0]]"
1,817,-0.01089760535717137,0.01089760535717137,"[[1,1,0,0,1,1,1,0,0,1],[1,1,1,1,0,1,0,0,0,1]]"
1,818,-0.012398353231773176,0.012398353231773176,"[[1,1,0,0,1,1,1,0,0,1],[1,1,1,1,0,1,0,0,1,0]]"
1,819,-0.012805495065852652,0.012805495065852652,"[[1,1,0,0,1,1,1,0,0,1],[1,1,1,1,0,1,0,0,1,1]]"
1,820,-0.015129883719590159,0.015129883719590159,"[[1,1,0,0,1,1,1,0,0,1],[1,1,1,1,0,1,0,1,0,0]]"
1,821,-0.015560944152511545,0.015560944152511545,"[[1,1,0,0,1,1,1,0,0,1],[1,1,1,1,0,1,0,1,0,1]]"
1,822,-0.0171937786532135,0.0171937786532135,"[[1,1,0,0,1,1,1,0,0,1],[1,1,1,1,0,1,0,1,1,0]]"
1,823,-0.017783761246253253,0.017783761246253253,"[[1,1,0,0,1,1,1,0,0,1],[1,1,1,1,0,1,0,1,1,1]]"
1,824,-0.02060547341054658,0.02060547341054658,"[[1,1,0,0,1,1,1,0,0,1],[1,1,1,1,0,1,1,0,0,0]]"
1,825,-0.021033660168015902,0.021033660168015902,"[[1,1,0,0,1,1,1,0,0,1],[1,1,1,1,0,1,1,0,0,1]]"
1,826,-0.02305534209480869,0.02305534209480869,"[[1,1,0,0,1,1,1,0,0,1],[1,1,1,1,0,1,1,0,1,0]]"
1,827,-0.02343093760397101,0.02343093760397101,"[[1,1,0,0,1,1,1,0,0,1],[1,1,1,1,0,1,1,0,1,1]]"
1,828,-0.026855039838508267,0.026855039838508267,"[[1,1,0,0,1,1,1,0,0,1],[1,1,1,1,0,1,1,1,0,0]]"
1,829,-0.027037061224971227,0.027037061224971227,"[[1,1,0,0,1,1,1,0,0,1],[1,1,1,1,0,1,1,1,0,1]]"
1,830,-0.02849811845228004,0.02849811845228004,"[[1,1,0,0,1,1,1,0,0,1],[1,1,1,1,0,1,1,1,1,0]]"
1,831,-0.02817714949672717,0.02817714949672717,"[[1,1,0,0,1,1,1,0,0,1],[1,1,1,1,0,1,1,1,1,1]]"
1,832,-0.0011536972012182174,0.0011536972012182174,"[[1,1,0,0,1,1,1,0,1,0],[1,1,1,1,0,0,0,0,0,0]]"
1,833,-0.0012140945550692358,0.0012140945550692358,"[[1,1,0,0,1,1,1,0,1,0],[1,1,1,1,0,0,0,0,0,1]]"
1,834,-0.0020303236302549764,0.0020303236302549764,"[[1,1,0,0,1,1,1,0,1,0],[1,1,1,1,0,0,0,0,1,0]]"
1,835,-0.002192340905297128,0.002192340905297128,"[[1,1,0,0,1,1,1,0,1,0],[1,1,1,1,0,0,0,0,1,1]]"
1,836,-0.0037241222578709332,0.0037241222578709332,"[[1,1,0,0,1,1,1,0,1,0],[1,1,1,1,0,0,0,1,0,0]]"
1,837,-0.0038096068667619965,0.0038096068667619965,"[[1,1,0,0,1,1,1,0,1,0],[1,1,1,1,0,0,0,1,0,1]]"
1,838,-0.005143401536919221,0.005143401536919221,"[[1,1,0,0,1,1,1,0,1,0],[1,1,1,1,0,0,0,1,1,0]]"
1,839,-0.005298766930011396,0.005298766930011396,"[[1,1,0,0,1,1,1,0,1,0],[1,1,1,1,0,0,0,1,1,1]]"
1,840,-0.005773147399752571,0.005773147399752571,"[[1,1,0,0,1,1,1,0,1,0],[1,1,1,1,0,0,1,0,0,0]]"
1,841,-0.00591399347247884,0.00591399347247884,"[[1,1,0,0,1,1,1,0,1,0],[1,1,1,1,0,0,1,0,0,1]]"
1,842,-0.007599010176274765,0.007599010176274765,"[[1,1,0,0,1,1,1,0,1,0],[1,1,1,1,0,0,1,0,1,0]]"
1,843,-0.00776728389460255,0.00776728389460255,"[[1,1,0,0,1,1,1,0,1,0],[1,1,1,1,0,0,1,0,1,1]]"
1,844,-0.010615001113885076,0.010615001113885076,"[[1,1,0,0,1,1,1,0,1,0],[1,1,1,1,0,0,1,1,0,0]]"
1,845,-0.010623171624531032,0.010623171624531032,"[[1,1,0,0,1,1,1,0,1,0],[1,1,1,1,0,0,1,1,0,1]]"
1,846,-0.01245126507260526,0.01245126507260526,"[[1,1,0,0,1,1,1,0,1,0],[1,1,1,1,0,0,1,1,1,0]]"
1,847,-0.012723949716840564,0.012723949716840564,"[[1,1,0,0,1,1,1,0,1,0],[1,1,1,1,0,0,1,1,1,1]]"
1,848,-0.008792864506933104,0.008792864506933104,"[[1,1,0,0,1,1,1,0,1,0],[1,1,1,1,0,1,0,0,0,0]]"
1,849,-0.008779871160076598,0.008779871160076598,"[[1,1,0,0,1,1,1,0,1,0],[1,1,1,1,0,1,0,0,0,1]]"
1,850,-0.010632937790297153,0.010632937790297153,"[[1,1,0,0,1,1,1,0,1,0],[1,1,1,1,0,1,0,0,1,0]]"
1,851,-0.010687790962636723,0.010687790962636723,"[[1,1,0,0,1,1,1,0,1,0],[1,1,1,1,0,1,0,0,1,1]]"
1,852,-0.01405926516300507,0.01405926516300507,"[[1,1,0,0,1,1,1,0,1,0],[1,1,1,1,0,1,0,1,0,0]]"
1,853,-0.013841628580876373,0.013841628580876373,"[[1,1,0,0,1,1,1,0,1,0],[1,1,1,1,0,1,0,1,0,1]]"
1,854,-0.01603227065456497,0.01603227065456497,"[[1,1,0,0,1,1,1,0,1,0],[1,1,1,1,0,1,0,1,1,0]]"
1,855,-0.016217355537683772,0.016217355537683772,"[[1,1,0,0,1,1,1,0,1,0],[1,1,1,1,0,1,0,1,1,1]]"
1,856,-0.019151211695532622,0.019151211695532622,"[[1,1,0,0,1,1,1,0,1,0],[1,1,1,1,0,1,1,0,0,0]]"
1,857,-0.01888311866096432,0.01888311866096432,"[[1,1,0,0,1,1,1,0,1,0],[1,1,1,1,0,1,1,0,0,1]]"
1,858,-0.02125664505584889,0.02125664505584889,"[[1,1,0,0,1,1,1,0,1,0],[1,1,1,1,0,1,1,0,1,0]]"
1,859,-0.021465538426437936,0.021465538426437936,"[[1,1,0,0,1,1,1,0,1,0],[1,1,1,1,0,1,1,0,1,1]]"
1,860,-0.02596738755725064,0.02596738755725064,"[[1,1,0,0,1,1,1,0,1,0],[1,1,1,1,0,1,1,1,0,0]]"
1,861,-0.02598253694012441,0.02598253694012441,"[[1,1,0,0,1,1,1,0,1,0],[1,1,1,1,0,1,1,1,0,1]]"
1,862,-0.028013794882408197,0.028013794882408197,"[[1,1,0,0,1,1,1,0,1,0],[1,1,1,1,0,1,1,1,1,0]]"
1,863,-0.02785994169175793,0.02785994169175793,"[[1,1,0,0,1,1,1,0,1,0],[1,1,1,1,0,1,1,1,1,1]]"
1,864,-0.0009153311733956014,0.0009153311733956014,"[[1,1,0,0,1,1,1,0,1,1],[1,1,1,1,0,0,0,0,0,0]]"
1,865,-0.0010682837906736344,0.0010682837906736344,"[[1,1,0,0,1,1,1,0,1,1],[1,1,1,1,0,0,0,0,0,1]]"
1,866,-0.0018422617889730785,0.0018422617889730785,"[[1,1,0,0,1,1,1,0,1,1],[1,1,1,1,0,0,0,0,1,0]]"
1,867,-0.0021188874615733506,0.0021188874615733506,"[[1,1,0,0,1,1,1,0,1,1],[1,1,1,1,0,0,0,0,1,1]]"
1,868,-0.0033535610536357986,0.0033535610536357986,"[[1,1,0,0,1,1,1,0,1,1],[1,1,1,1,0,0,0,1,0,0]]"
1,869,-0.003585454369588283,0.003585454369588283,"[[1,1,0,0,1,1,1,0,1,1],[1,1,1,1,0,0,0,1,0,1]]"
1,870,-0.005127840748045993,0.005127840748045993,"[[1,1,0,0,1,1,1,0,1,1],[1,1,1,1,0,0,0,1,1,0]]"
1,871,-0.005373557042206604,0.005373557042206604,"[[1,1,0,0,1,1,1,0,1,1],[1,1,1,1,0,0,0,1,1,1]]"
1,872,-0.005315287710460864,0.005315287710460864,"[[1,1,0,0,1,1,1,0,1,1],[1,1,1,1,0,0,1,0,0,0]]"
1,873,-0.005751822607026696,0.005751822607026696,"[[1,1,0,0,1,1,1,0,1,1],[1,1,1,1,0,0,1,0,0,1]]"
1,874,-0.007512959428595189,0.007512959428595189,"[[1,1,0,0,1,1,1,0,1,1],[1,1,1,1,0,0,1,0,1,0]]"
1,875,-0.007921135138241546,0.007921135138241546,"[[1,1,0,0,1,1,1,0,1,1],[1,1,1,1,0,0,1,0,1,1]]"
1,876,-0.010361716885301386,0.010361716885301386,"[[1,1,0,0,1,1,1,0,1,1],[1,1,1,1,0,0,1,1,0,0]]"
1,877,-0.010718811346806429,0.010718811346806429,"[[1,1,0,0,1,1,1,0,1,1],[1,1,1,1,0,0,1,1,0,1]]"
1,878,-0.012496524558843224,0.012496524558843224,"[[1,1,0,0,1,1,1,0,1,1],[1,1,1,1,0,0,1,1,1,0]]"
1,879,-0.012961775760171159,0.012961775760171159,"[[1,1,0,0,1,1,1,0,1,1],[1,1,1,1,0,0,1,1,1,1]]"
1,880,-0.008216091329081902,0.008216091329081902,"[[1,1,0,0,1,1,1,0,1,1],[1,1,1,1,0,1,0,0,0,0]]"
1,881,-0.008590137663929902,0.008590137663929902,"[[1,1,0,0,1,1,1,0,1,1],[1,1,1,1,0,1,0,0,0,1]]"
1,882,-0.010463853914752857,0.010463853914752857,"[[1,1,0,0,1,1,1,0,1,1],[1,1,1,1,0,1,0,0,1,0]]"
1,883,-0.010888863120525233,0.010888863120525233,"[[1,1,0,0,1,1,1,0,1,1],[1,1,1,1,0,1,0,0,1,1]]"
1,884,-0.01367140109811497,0.01367140109811497,"[[1,1,0,0,1,1,1,0,1,1],[1,1,1,1,0,1,0,1,0,0]]"
1,885,-0.01389766204173813,0.01389766204173813,"[[1,1,0,0,1,1,1,0,1,1],[1,1,1,1,0,1,0,1,0,1]]"
1,886,-0.016021321652565076,0.016021321652565076,"[[1,1,0,0,1,1,1,0,1,1],[1,1,1,1,0,1,0,1,1,0]]"
1,887,-0.016412970320577917,0.016412970320577917,"[[1,1,0,0,1,1,1,0,1,1],[1,1,1,1,0,1,0,1,1,1]]"
1,888,-0.018541930118687537,0.018541930118687537,"[[1,1,0,0,1,1,1,0,1,1],[1,1,1,1,0,1,1,0,0,0]]"
1,889,-0.01897083282619147,0.01897083282619147,"[[1,1,0,0,1,1,1,0,1,1],[1,1,1,1,0,1,1,0,0,1]]"
1,890,-0.021149881622669772,0.021149881622669772,"[[1,1,0,0,1,1,1,0,1,1],[1,1,1,1,0,1,1,0,1,0]]"
1,891,-0.021738474041271404,0.021738474041271404,"[[1,1,0,0,1,1,1,0,1,1],[1,1,1,1,0,1,1,0,1,1]]"
1,892,-0.025445012473092044,0.025445012473092044,"[[1,1,0,0,1,1,1,0,1,1],[1,1,1,1,0,1,1,1,0,0]]"
1,893,-0.025940571884653197,0.025940571884653197,"[[1,1,0,0,1,1,1,0,1,1],[1,1,1,1,0,1,1,1,0,1]]"
1,894,-0.028371874208097905,0.028371874208097905,"[[1,1,0,0,1,1,1,0,1,1],[1,1,1,1,0,1,1,1,1,0]]"
1,895,-0.028419457957147558,0.028419457957147558,"[[1,1,0,0,1,1,1,0,1,1],[1,1,1,1,0,1,1,1,1,1]]"
1,896,-0.00035711672570241465,0.00035711672570241465,"[[1,1,0,0,1,1,1,1,0,0],[1,1,1,1,0,0,0,0,0,0]]"
1,897,-0.00046266419447084167,0.00046266419447084167,"[[1,1,0,0,1,1,1,1,0,0],[1,1,1,1,0,0,0,0,0,1]]"
1,898,-0.0007664412601014344,0.0007664412601014344,"[[1,1,0,0,1,1,1,1,0,0],[1,1,1,1,0,0,0,0,1,0]]"
1,899,-0.0009759200408870716,0.0009759200408870716,"[[1,1,0,0,1,1,1,1,0,0],[1,1,1,1,0,0,0,0,1,1]]"
1,900,-0.0017322084855595006,0.0017322084855595006,"[[1,1,0,0,1,1,1,1,0,0],[1,1,1,1,0,0,0,1,0,0]]"
1,901,-0.002011770412271189,0.002011770412271189,"[[1,1,0,0,1,1,1,1,0,0],[1,1,1,1,0,0,0,1,0,1]]"
1,902,-0.002837882593999959,0.002837882593999959,"[[1,1,0,0,1,1,1,1,0,0],[1,1,1,1,0,0,0,1,1,0]]"
1,903,-0.0031240758957133837,0.0031240758957133837,"[[1,1,0,0,1,1,1,1,0,0],[1,1,1,1,0,0,0,1,1,1]]"
1,904,-0.0034359183926404714,0.0034359183926404714,"[[1,1,0,0,1,1,1,1,0,0],[1,1,1,1,0,0,1,0,0,0]]"
1,905,-0.003597799080911598,0.003597799080911598,"[[1,1,0,0,1,1,1,1,0,0],[1,1,1,1,0,0,1,0,0,1]]"
1,906,-0.004579553674274071,0.004579553674274071,"[[1,1,0,0,1,1,1,1,0,0],[1,1,1,1,0,0,1,0,1,0]]"
1,907,-0.004869370783146931,0.004869370783146931,"[[1,1,0,0,1,1,1,1,0,0],[1,1,1,1,0,0,1,0,1,1]]"
1,908,-0.007387368009551897,0.007387368009551897,"[[1,1,0,0,1,1,1,1,0,0],[1,1,1,1,0,0,1,1,0,0]]"
1,909,-0.007772194642633513,0.007772194642633513,"[[1,1,0,0,1,1,1,1,0,0],[1,1,1,1,0,0,1,1,0,1]]"
1,910,-0.008815585247227588,0.008815585247227588,"[[1,1,0,0,1,1,1,1,0,0],[1,1,1,1,0,0,1,1,1,0]]"
1,911,-0.009174519482778629,0.009174519482778629,"[[1,1,0,0,1,1,1,1,0,0],[1,1,1,1,0,0,1,1,1,1]]"
1,912,-0.005806257995434716,0.005806257995434716,"[[1,1,0,0,1,1,1,1,0,0],[1,1,1,1,0,1,0,0,0,0]]"
1,913,-0.005984089958769795,0.005984089958769795,"[[1,1,0,0,1,1,1,1,0,0],[1,1,1,1,0,1,0,0,0,1]]"
1,914,-0.007263000954004285,0.007263000954004285,"[[1,1,0,0,1,1,1,1,0,0],[1,1,1,1,0,1,0,0,1,0]]"
1,915,-0.007682147092595116,0.007682147092595116,"[[1,1,0,0,1,1,1,1,0,0],[1,1,1,1,0,1,0,0,1,1]]"
1,916,-0.010185188994083176,0.010185188994083176,"[[1,1,0,0,1,1,1,1,0,0],[1,1,1,1,0,1,0,1,0,0]]"
1,917,-0.010541964876864408,0.010541964876864408,"[[1,1,0,0,1,1,1,1,0,0],[1,1,1,1,0,1,0,1,0,1]]"
1,918,-0.01199170626231197,0.01199170626231197,"[[1,1,0,0,1,1,1,1,0,0],[1,1,1,1,0,1,0,1,1,0]]"
1,919,-0.012405643935338653,0.012405643935338653,"[[1,1,0,0,1,1,1,1,0,0],[1,1,1,1,0,1,0,1,1,1]]"
1,920,-0.015596638873501545,0.015596638873501545,"[[1,1,0,0,1,1,1,1,0,0],[1,1,1,1,0,1,1,0,0,0]]"
1,921,-0.015896176781745274,0.015896176781745274,"[[1,1,0,0,1,1,1,1,0,0],[1,1,1,1,0,1,1,0,0,1]]"
1,922,-0.017422901635770774,0.017422901635770774,"[[1,1,0,0,1,1,1,1,0,0],[1,1,1,1,0,1,1,0,1,0]]"
1,923,-0.01776810869053131,0.01776810869053131,"[[1,1,0,0,1,1,1,1,0,0],[1,1,1,1,0,1,1,0,1,1]]"
1,924,-0.021717420297200137,0.021717420297200137,"[[1,1,0,0,1,1,1,1,0,0],[1,1,1,1,0,1,1,1,0,0]]"
1,925,-0.02224769723545774,0.02224769723545774,"[[1,1,0,0,1,1,1,1,0,0],[1,1,1,1,0,1,1,1,0,1]]"
1,926,-0.023771218765327,0.023771218765327,"[[1,1,0,0,1,1,1,1,0,0],[1,1,1,1,0,1,1,1,1,0]]"
1,927,-0.02413837764680298,0.02413837764680298,"[[1,1,0,0,1,1,1,1,0,0],[1,1,1,1,0,1,1,1,1,1]]"
1,928,-0.0002476312539025683,0.0002476312539025683,"[[1,1,0,0,1,1,1,1,0,1],[1,1,1,1,0,0,0,0,0,0]]"
1,929,-0.00035195387410398555,0.00035195387410398555,"[[1,1,0,0,1,1,1,1,0,1],[1,1,1,1,0,0,0,0,0,1]]"
1,930,-0.0007093223156935307,0.0007093223156935307,"[[1,1,0,0,1,1,1,1,0,1],[1,1,1,1,0,0,0,0,1,0]]"
1,931,-0.0009321994932295491,0.0009321994932295491,"[[1,1,0,0,1,1,1,1,0,1],[1,1,1,1,0,0,0,0,1,1]]"
1,932,-0.0015501825723892965,0.0015501825723892965,"[[1,1,0,0,1,1,1,1,0,1],[1,1,1,1,0,0,0,1,0,0]]"
1,933,-0.0018602616107503622,0.0018602616107503622,"[[1,1,0,0,1,1,1,1,0,1],[1,1,1,1,0,0,0,1,0,1]]"
1,934,-0.0027813943657883583,0.0027813943657883583,"[[1,1,0,0,1,1,1,1,0,1],[1,1,1,1,0,0,0,1,1,0]]"
1,935,-0.003155559861185465,0.003155559861185465,"[[1,1,0,0,1,1,1,1,0,1],[1,1,1,1,0,0,0,1,1,1]]"
1,936,-0.003094478603819582,0.003094478603819582,"[[1,1,0,0,1,1,1,1,0,1],[1,1,1,1,0,0,1,0,0,0]]"
1,937,-0.00342319015463479,0.00342319015463479,"[[1,1,0,0,1,1,1,1,0,1],[1,1,1,1,0,0,1,0,0,1]]"
1,938,-0.004673851539594219,0.004673851539594219,"[[1,1,0,0,1,1,1,1,0,1],[1,1,1,1,0,0,1,0,1,0]]"
1,939,-0.00505673955301203,0.00505673955301203,"[[1,1,0,0,1,1,1,1,0,1],[1,1,1,1,0,0,1,0,1,1]]"
1,940,-0.007331058853376674,0.007331058853376674,"[[1,1,0,0,1,1,1,1,0,1],[1,1,1,1,0,0,1,1,0,0]]"
1,941,-0.007751737952741141,0.007751737952741141,"[[1,1,0,0,1,1,1,1,0,1],[1,1,1,1,0,0,1,1,0,1]]"
1,942,-0.009070410046130717,0.009070410046130717,"[[1,1,0,0,1,1,1,1,0,1],[1,1,1,1,0,0,1,1,1,0]]"
1,943,-0.009288472061839586,0.009288472061839586,"[[1,1,0,0,1,1,1,1,0,1],[1,1,1,1,0,0,1,1,1,1]]"
1,944,-0.005417407729407237,0.005417407729407237,"[[1,1,0,0,1,1,1,1,0,1],[1,1,1,1,0,1,0,0,0,0]]"
1,945,-0.005763646505634669,0.005763646505634669,"[[1,1,0,0,1,1,1,1,0,1],[1,1,1,1,0,1,0,0,0,1]]"
1,946,-0.007128290875153101,0.007128290875153101,"[[1,1,0,0,1,1,1,1,0,1],[1,1,1,1,0,1,0,0,1,0]]"
1,947,-0.007706851360693958,0.007706851360693958,"[[1,1,0,0,1,1,1,1,0,1],[1,1,1,1,0,1,0,0,1,1]]"
1,948,-0.010012206336531684,0.010012206336531684,"[[1,1,0,0,1,1,1,1,0,1],[1,1,1,1,0,1,0,1,0,0]]"
1,949,-0.01055327235307401,0.01055327235307401,"[[1,1,0,0,1,1,1,1,0,1],[1,1,1,1,0,1,0,1,0,1]]"
1,950,-0.012071862818866469,0.012071862818866469,"[[1,1,0,0,1,1,1,1,0,1],[1,1,1,1,0,1,0,1,1,0]]"
1,951,-0.01254346441831154,0.01254346441831154,"[[1,1,0,0,1,1,1,1,0,1],[1,1,1,1,0,1,0,1,1,1]]"
1,952,-0.015025593245972491,0.015025593245972491,"[[1,1,0,0,1,1,1,1,0,1],[1,1,1,1,0,1,1,0,0,0]]"
1,953,-0.01567823486771058,0.01567823486771058,"[[1,1,0,0,1,1,1,1,0,1],[1,1,1,1,0,1,1,0,0,1]]"
1,954,-0.01764319590117478,0.01764319590117478,"[[1,1,0,0,1,1,1,1,0,1],[1,1,1,1,0,1,1,0,1,0]]"
1,955,-0.01788741947642794,0.01788741947642794,"[[1,1,0,0,1,1,1,1,0,1],[1,1,1,1,0,1,1,0,1,1]]"
1,956,-0.021694683905723395,0.021694683905723395,"[[1,1,0,0,1,1,1,1,0,1],[1,1,1,1,0,1,1,1,0,0]]"
1,957,-0.022171714942171614,0.022171714942171614,"[[1,1,0,0,1,1,1,1,0,1],[1,1,1,1,0,1,1,1,0,1]]"
1,958,-0.024192569474749136,0.024192569474749136,"[[1,1,0,0,1,1,1,1,0,1],[1,1,1,1,0,1,1,1,1,0]]"
1,959,-0.024375708666314343,0.024375708666314343,"[[1,1,0,0,1,1,1,1,0,1],[1,1,1,1,0,1,1,1,1,1]]"
1,960,-0.00011961061608348394,0.00011961061608348394,"[[1,1,0,0,1,1,1,1,1,0],[1,1,1,1,0,0,0,0,0,0]]"
1,961,-0.00011636296067893222,0.00011636296067893222,"[[1,1,0,0,1,1,1,1,1,0],[1,1,1,1,0,0,0,0,0,1]]"
1,962,-0.00026506874697771946,0.00026506874697771946,"[[1,1,0,0,1,1,1,1,1,0],[1,1,1,1,0,0,0,0,1,0]]"
1,963,-0.00033742297333359486,0.00033742297333359486,"[[1,1,0,0,1,1,1,1,1,0],[1,1,1,1,0,0,0,0,1,1]]"
1,964,-0.0008082722800665466,0.0008082722800665466,"[[1,1,0,0,1,1,1,1,1,0],[1,1,1,1,0,0,0,1,0,0]]"
1,965,-0.0009391835699887935,0.0009391835699887935,"[[1,1,0,0,1,1,1,1,1,0],[1,1,1,1,0,0,0,1,0,1]]"
1,966,-0.001675951245116333,0.001675951245116333,"[[1,1,0,0,1,1,1,1,1,0],[1,1,1,1,0,0,0,1,1,0]]"
1,967,-0.001883528632605362,0.001883528632605362,"[[1,1,0,0,1,1,1,1,1,0],[1,1,1,1,0,0,0,1,1,1]]"
1,968,-0.002013700898235701,0.002013700898235701,"[[1,1,0,0,1,1,1,1,1,0],[1,1,1,1,0,0,1,0,0,0]]"
1,969,-0.002090944353055785,0.002090944353055785,"[[1,1,0,0,1,1,1,1,1,0],[1,1,1,1,0,0,1,0,0,1]]"
1,970,-0.003076103405433309,0.003076103405433309,"[[1,1,0,0,1,1,1,1,1,0],[1,1,1,1,0,0,1,0,1,0]]"
1,971,-0.0032757550223281393,0.0032757550223281393,"[[1,1,0,0,1,1,1,1,1,0],[1,1,1,1,0,0,1,0,1,1]]"
1,972,-0.005661524800226922,0.005661524800226922,"[[1,1,0,0,1,1,1,1,1,0],[1,1,1,1,0,0,1,1,0,0]]"
1,973,-0.005843801284995587,0.005843801284995587,"[[1,1,0,0,1,1,1,1,1,0],[1,1,1,1,0,0,1,1,0,1]]"
1,974,-0.007594296926865451,0.007594296926865451,"[[1,1,0,0,1,1,1,1,1,0],[1,1,1,1,0,0,1,1,1,0]]"
1,975,-0.007799098306356751,0.007799098306356751,"[[1,1,0,0,1,1,1,1,1,0],[1,1,1,1,0,0,1,1,1,1]]"
1,976,-0.0040895386934019055,0.0040895386934019055,"[[1,1,0,0,1,1,1,1,1,0],[1,1,1,1,0,1,0,0,0,0]]"
1,977,-0.004221961421361831,0.004221961421361831,"[[1,1,0,0,1,1,1,1,1,0],[1,1,1,1,0,1,0,0,0,1]]"
1,978,-0.0052983405484785286,0.0052983405484785286,"[[1,1,0,0,1,1,1,1,1,0],[1,1,1,1,0,1,0,0,1,0]]"
1,979,-0.005552829363437945,0.005552829363437945,"[[1,1,0,0,1,1,1,1,1,0],[1,1,1,1,0,1,0,0,1,1]]"
1,980,-0.008173293109187239,0.008173293109187239,"[[1,1,0,0,1,1,1,1,1,0],[1,1,1,1,0,1,0,1,0,0]]"
1,981,-0.0082520664106926,0.0082520664106926,"[[1,1,0,0,1,1,1,1,1,0],[1,1,1,1,0,1,0,1,0,1]]"
1,982,-0.010195526211865945,0.010195526211865945,"[[1,1,0,0,1,1,1,1,1,0],[1,1,1,1,0,1,0,1,1,0]]"
1,983,-0.010416627516654776,0.010416627516654776,"[[1,1,0,0,1,1,1,1,1,0],[1,1,1,1,0,1,0,1,1,1]]"
1,984,-0.012981822719758333,0.012981822719758333,"[[1,1,0,0,1,1,1,1,1,0],[1,1,1,1,0,1,1,0,0,0]]"
1,985,-0.013180085522836959,0.013180085522836959,"[[1,1,0,0,1,1,1,1,1,0],[1,1,1,1,0,1,1,0,0,1]]"
1,986,-0.015218919782556432,0.015218919782556432,"[[1,1,0,0,1,1,1,1,1,0],[1,1,1,1,0,1,1,0,1,0]]"
1,987,-0.015493904590634912,0.015493904590634912,"[[1,1,0,0,1,1,1,1,1,0],[1,1,1,1,0,1,1,0,1,1]]"
1,988,-0.020218011632658607,0.020218011632658607,"[[1,1,0,0,1,1,1,1,1,0],[1,1,1,1,0,1,1,1,0,0]]"
1,989,-0.020052935682369755,0.020052935682369755,"[[1,1,0,0,1,1,1,1,1,0],[1,1,1,1,0,1,1,1,0,1]]"
1,990,-0.022494553707291427,0.022494553707291427,"[[1,1,0,0,1,1,1,1,1,0],[1,1,1,1,0,1,1,1,1,0]]"
1,991,-0.022766927626706613,0.022766927626706613,"[[1,1,0,0,1,1,1,1,1,0],[1,1,1,1,0,1,1,1,1,1]]"
1,992,-0.00014119205711610012,0.00014119205711610012,"[[1,1,0,0,1,1,1,1,1,1],[1,1,1,1,0,0,0,0,0,0]]"
1,993,-0.00012050511010278729,0.00012050511010278729,"[[1,1,0,0,1,1,1,1,1,1],[1,1,1,1,0,0,0,0,0,1]]"
1,994,-0.0002137873554772289,0.0002137873554772289,"[[1,1,0,0,1,1,1,1,1,1],[1,1,1,1,0,0,0,0,1,0]]"
1,995,-0.00028634180044037003,0.00028634180044037003,"[[1,1,0,0,1,1,1,1,1,1],[1,1,1,1,0,0,0,0,1,1]]"
1,996,-0.0006396148409156623,0.0006396148409156623,"[[1,1,0,0,1,1,1,1,1,1],[1,1,1,1,0,0,0,1,0,0]]"
1,997,-0.0007608114031755378,0.0007608114031755378,"[[1,1,0,0,1,1,1,1,1,1],[1,1,1,1,0,0,0,1,0,1]]"
1,998,-0.0014946293952690978,0.0014946293952690978,"[[1,1,0,0,1,1,1,1,1,1],[1,1,1,1,0,0,0,1,1,0]]"
1,999,-0.0017407791337396114,0.0017407791337396114,"[[1,1,0,0,1,1,1,1,1,1],[1,1,1,1,0,0,0,1,1,1]]"
1,1000,-0.0017280728524299463,0.0017280728524299463,"[[1,1,0,0,1,1,1,1,1,1],[1,1,1,1,0,0,1,0,0,0]]"
1,1001,-0.0018408807278006852,0.0018408807278006852,"[[1,1,0,0,1,1,1,1,1,1],[1,1,1,1,0,0,1,0,0,1]]"
1,1002,-0.0029288346337226125,0.0029288346337226125,"[[1,1,0,0,1,1,1,1,1,1],[1,1,1,1,0,0,1,0,1,0]]"
1,1003,-0.0032066442761023673,0.0032066442761023673,"[[1,1,0,0,1,1,1,1,1,1],[1,1,1,1,0,0,1,0,1,1]]"
1,1004,-0.0052688676418069635,0.0052688676418069635,"[[1,1,0,0,1,1,1,1,1,1],[1,1,1,1,0,0,1,1,0,0]]"
1,1005,-0.005594921896023081,0.005594921896023081,"[[1,1,0,0,1,1,1,1,1,1],[1,1,1,1,0,0,1,1,0,1]]"
1,1006,-0.0074640288932932165,0.0074640288932932165,"[[1,1,0,0,1,1,1,1,1,1],[1,1,1,1,0,0,1,1,1,0]]"
1,1007,-0.007909279073627732,0.007909279073627732,"[[1,1,0,0,1,1,1,1,1,1],[1,1,1,1,0,0,1,1,1,1]]"
1,1008,-0.003655712563904634,0.003655712563904634,"[[1,1,0,0,1,1,1,1,1,1],[1,1,1,1,0,1,0,0,0,0]]"
1,1009,-0.0038215322246325785,0.0038215322246325785,"[[1,1,0,0,1,1,1,1,1,1],[1,1,1,1,0,1,0,0,0,1]]"
1,1010,-0.005012629675608568,0.005012629675608568,"[[1,1,0,0,1,1,1,1,1,1],[1,1,1,1,0,1,0,0,1,0]]"
1,1011,-0.005354501189933324,0.005354501189933324,"[[1,1,0,0,1,1,1,1,1,1],[1,1,1,1,0,1,0,0,1,1]]"
1,1012,-0.007573576393989363,0.007573576393989363,"[[1,1,0,0,1,1,1,1,1,1],[1,1,1,1,0,1,0,1,0,0]]"
1,1013,-0.007912252525546984,0.007912252525546984,"[[1,1,0,0,1,1,1,1,1,1],[1,1,1,1,0,1,0,1,0,1]]"
1,1014,-0.009864714360686058,0.009864714360686058,"[[1,1,0,0,1,1,1,1,1,1],[1,1,1,1,0,1,0,1,1,0]]"
1,1015,-0.01041391636812641,0.01041391636812641,"[[1,1,0,0,1,1,1,1,1,1],[1,1,1,1,0,1,0,1,1,1]]"
1,1016,-0.01219915786491818,0.01219915786491818,"[[1,1,0,0,1,1,1,1,1,1],[1,1,1,1,0,1,1,0,0,0]]"
1,1017,-0.012627709811513909,0.012627709811513909,"[[1,1,0,0,1,1,1,1,1,1],[1,1,1,1,0,1,1,0,0,1]]"
1,1018,-0.014794796452832217,0.014794796452832217,"[[1,1,0,0,1,1,1,1,1,1],[1,1,1,1,0,1,1,0,1,0]]"
1,1019,-0.015405425789816735,0.015405425789816735,"[[1,1,0,0,1,1,1,1,1,1],[1,1,1,1,0,1,1,0,1,1]]"
1,1020,-0.019698039499723135,0.019698039499723135,"[[1,1,0,0,1,1,1,1,1,1],[1,1,1,1,0,1,1,1,0,0]]"
1,1021,-0.020005746696029753,0.020005746696029753,"[[1,1,0,0,1,1,1,1,1,1],[1,1,1,1,0,1,1,1,0,1]]"
1,1022,-0.022354455555602327,0.022354455555602327,"[[1,1,0,0,1,1,1,1,1,1],[1,1,1,1,0,1,1,1,1,0]]"
1,1023,-0.023018049152720547,0.023018049152720547,"[[1,1,0,0,1,1,1,1,1,1],[1,1,1,1,0,1,1,1,1,1]]"
2,0,-0.020846216378158474,0.020846216378158474,"[[1,1,0,0,1,0,0,0,0,0],[1,1,1,1,0,0,0,0,0,0]]"
2,1,-0.020937070177240006,0.020937070177240006,"[[1,1,0,0,1,0,0,0,0,0],[1,1,1,1,0,0,0,0,0,1]]"
2,2,-0.02239166139296805,0.02239166139296805,"[[1,1,0,0,1,0,0,0,0,0],[1,1,1,1,0,0,0,0,1,0]]"
2,3,-0.02260864546568193,0.02260864546568193,"[[1,1,0,0,1,0,0,0,0,0],[1,1,1,1,0,0,0,0,1,1]]"
2,4,-0.0252035210284172,0.0252035210284172,"[[1,1,0,0,1,0,0,0,0,0],[1,1,1,1,0,0,0,1,0,0]]"
2,5,-0.025452004553424997,0.025452004553424997,"[[1,1,0,0,1,0,0,0,0,0],[1,1,1,1,0,0,0,1,0,1]]"
2,6,-0.02656389636591894,0.02656389636591894,"[[1,1,0,0,1,0,0,0,0,0],[1,1,1,1,0,0,0,1,1,0]]"
2,7,-0.02582195026614769,0.02582195026614769,"[[1,1,0,0,1,0,0,0,0,0],[1,1,1,1,0,0,0,1,1,1]]"
2,8,-0.03107757803824371,0.03107757803824371,"[[1,1,0,0,1,0,0,0,0,0],[1,1,1,1,0,0,1,0,0,0]]"
2,9,-0.03117845379540965,0.03117845379540965,"[[1,1,0,0,1,0,0,0,0,0],[1,1,1,1,0,0,1,0,0,1]]"
2,10,-0.03249036230633438,0.03249036230633438,"[[1,1,0,0,1,0,0,0,0,0],[1,1,1,1,0,0,1,0,1,0]]"
2,11,-0.032303332771611626,0.032303332771611626,"[[1,1,0,0,1,0,0,0,0,0],[1,1,1,1,0,0,1,0,1,1]]"
2,12,-0.03492195892991929,0.03492195892991929,"[[1,1,0,0,1,0,0,0,0,0],[1,1,1,1,0,0,1,1,0,0]]"
2,13,-0.03439278546206086,0.03439278546206086,"[[1,1,0,0,1,0,0,0,0,0],[1,1,1,1,0,0,1,1,0,1]]"
2,14,-0.03511543902374309,0.03511543902374309,"[[1,1,0,0,1,0,0,0,0,0],[1,1,1,1,0,0,1,1,1,0]]"
2,15,-0.03258257717223505,0.03258257717223505,"[[1,1,0,0,1,0,0,0,0,0],[1,1,1,1,0,0,1,1,1,1]]"
2,16,-0.03633521255742806,0.03633521255742806,"[[1,1,0,0,1,0,0,0,0,0],[1,1,1,1,0,1,0,0,0,0]]"
2,17,-0.03661368123694493,0.03661368123694493,"[[1,1,0,0,1,0,0,0,0,0],[1,1,1,1,0,1,0,0,0,1]]"
2,18,-0.037901404817473734,0.037901404817473734,"[[1,1,0,0,1,0,0,0,0,0],[1,1,1,1,0,1,0,0,1,0]]"
2,19,-0.037925550711192406,0.037925550711192406,"[[1,1,0,0,1,0,0,0,0,0],[1,1,1,1,0,1,0,0,1,1]]"
2,20,-0.04023819159628629,0.04023819159628629,"[[1,1,0,0,1,0,0,0,0,0],[1,1,1,1,0,1,0,1,0,0]]"
2,21,-0.039751639235984154,0.039751639235984154,"[[1,1,0,0,1,0,0,0,0,0],[1,1,1,1,0,1,0,1,0,1]]"
2,22,-0.04071963272834358,0.04071963272834358,"[[1,1,0,0,1,0,0,0,0,0],[1,1,1,1,0,1,0,1,1,0]]"
2,23,-0.038486865837656925,0.038486865837656925,"[[1,1,0,0,1,0,0,0,0,0],[1,1,1,1,0,1,0,1,1,1]]"
2,24,-0.04626711413843733,0.04626711413843733,"[[1,1,0,0,1,0,0,0,0,0],[1,1,1,1,0,1,1,0,0,0]]"
2,25,-0.04627275291849377,0.04627275291849377,"[[1,1,0,0,1,0,0,0,0,0],[1,1,1,1,0,1,1,0,0,1]]"
2,26,-0.04777804227026192,0.04777804227026192,"[[1,1,0,0,1,0,0,0,0,0],[1,1,1,1,0,1,1,0,1,0]]"
2,27,-0.0466059143542967,0.0466059143542967,"[[1,1,0,0,1,0,0,0,0,0],[1,1,1,1,0,1,1,0,1,1]]"
2,28,-0.04853616818730381,0.04853616818730381,"[[1,1,0,0,1,0,0,0,0,0],[1,1,1,1,0,1,1,1,0,0]]"
2,29,-0.04713354197487743,0.04713354197487743,"[[1,1,0,0,1,0,0,0,0,0],[1,1,1,1,0,1,1,1,0,1]]"
2,30,-0.046123517822644546,0.046123517822644546,"[[1,1,0,0,1,0,0,0,0,0],[1,1,1,1,0,1,1,1,1,0]]"
2,31,-0.040670991257316276,0.040670991257316276,"[[1,1,0,0,1,0,0,0,0,0],[1,1,1,1,0,1,1,1,1,1]]"
2,32,-0.02091615878657478,0.02091615878657478,"[[1,1,0,0,1,0,0,0,0,1],[1,1,1,1,0,0,0,0,0,0]]"
2,33,-0.02112811366884742,0.02112811366884742,"[[1,1,0,0,1,0,0,0,0,1],[1,1,1,1,0,0,0,0,0,1]]"
2,34,-0.022648312102232657,0.022648312102232657,"[[1,1,0,0,1,0,0,0,0,1],[1,1,1,1,0,0,0,0,1,0]]"
2,35,-0.022884204909081093,0.022884204909081093,"[[1,1,0,0,1,0,0,0,0,1],[1,1,1,1,0,0,0,0,1,1]]"
2,36,-0.025738644945336616,0.025738644945336616,"[[1,1,0,0,1,0,0,0,0,1],[1,1,1,1,0,0,0,1,0,0]]"
2,37,-0.025934199950152274,0.025934199950152274,"[[1,1,0,0,1,0,0,0,0,1],[1,1,1,1,0,0,0,1,0,1]]"
2,38,-0.02693147998974795,0.02693147998974795,"[[1,1,0,0,1,0,0,0,0,1],[1,1,1,1,0,0,0,1,1,0]]"
2,39,-0.026728586948917686,0.026728586948917686,"[[1,1,0,0,1,0,0,0,0,1],[1,1,1,1,0,0,0,1,1,1]]"
2,40,-0.03143671493400391,0.03143671493400391,"[[1,1,0,0,1,0,0,0,0,1],[1,1,1,1,0,0,1,0,0,0]]"
2,41,-0.03181300979002341,0.03181300979002341,"[[1,1,0,0,1,0,0,0,0,1],[1,1,1,1,0,0,1,0,0,1]]"
2,42,-0.033097142113633446,0.033097142113633446,"[[1,1,0,0,1,0,0,0,0,1],[1,1,1,1,0,0,1,0,1,0]]"
2,43,-0.032715149708647154,0.032715149708647154,"[[1,1,0,0,1,0,0,0,0,1],[1,1,1,1,0,0,1,0,1,1]]"
2,44,-0.03612438605721819,0.03612438605721819,"[[1,1,0,0,1,0,0,0,0,1],[1,1,1,1,0,0,1,1,0,0]]"
2,45,-0.03552920930883944,0.03552920930883944,"[[1,1,0,0,1,0,0,0,0,1],[1,1,1,1,0,0,1,1,0,1]]"
2,46,-0.03614796491476388,0.03614796491476388,"[[1,1,0,0,1,0,0,0,0,1],[1,1,1,1,0,0,1,1,1,0]]"
2,47,-0.03473817339153575,0.03473817339153575,"[[1,1,0,0,1,0,0,0,0,1],[1,1,1,1,0,0,1,1,1,1]]"
2,48,-0.037337859318670376,0.037337859318670376,"[[1,1,0,0,1,0,0,0,0,1],[1,1,1,1,0,1,0,0,0,0]]"
2,49,-0.03730285636900503,0.03730285636900503,"[[1,1,0,0,1,0,0,0,0,1],[1,1,1,1,0,1,0,0,0,1]]"
2,50,-0.038660109568703326,0.038660109568703326,"[[1,1,0,0,1,0,0,0,0,1],[1,1,1,1,0,1,0,0,1,0]]"
2,51,-0.03829514037733221,0.03829514037733221,"[[1,1,0,0,1,0,0,0,0,1],[1,1,1,1,0,1,0,0,1,1]]"
2,52,-0.04196055398549077,0.04196055398549077,"[[1,1,0,0,1,0,0,0,0,1],[1,1,1,1,0,1,0,1,0,0]]"
2,53,-0.04108518755287203,0.04108518755287203,"[[1,1,0,0,1,0,0,0,0,1],[1,1,1,1,0,1,0,1,0,1]]"
2,54,-0.04199545493032247,0.04199545493032247,"[[1,1,0,0,1,0,0,0,0,1],[1,1,1,1,0,1,0,1,1,0]]"
2,55,-0.04038850900826058,0.04038850900826058,"[[1,1,0,0,1,0,0,0,0,1],[1,1,1,1,0,1,0,1,1,1]]"
2,56,-0.04860959727234837,0.04860959727234837,"[[1,1,0,0,1,0,0,0,0,1],[1,1,1,1,0,1,1,0,0,0]]"
2,57,-0.04775166251373603,0.04775166251373603,"[[1,1,0,0,1,0,0,0,0,1],[1,1,1,1,0,1,1,0,0,1]]"
2,58,-0.049457270247968255,0.049457270247968255,"[[1,1,0,0,1,0,0,0,0,1],[1,1,1,1,0,1,1,0,1,0]]"
2,59,-0.04781983762441415,0.04781983762441415,"[[1,1,0,0,1,0,0,0,0,1],[1,1,1,1,0,1,1,0,1,1]]"
2,60,-0.05100555829544136,0.05100555829544136,"[[1,1,0,0,1,0,0,0,0,1],[1,1,1,1,0,1,1,1,0,0]]"
2,61,-0.04964817018279042,0.04964817018279042,"[[1,1,0,0,1,0,0,0,0,1],[1,1,1,1,0,1,1,1,0,1]]"
2,62,-0.04914713975133434,0.04914713975133434,"[[1,1,0,0,1,0,0,0,0,1],[1,1,1,1,0,1,1,1,1,0]]"
2,63,-0.04526409284222333,0.04526409284222333,"[[1,1,0,0,1,0,0,0,0,1],[1,1,1,1,0,1,1,1,1,1]]"
2,64,-0.018757131895646914,0.018757131895646914,"[[1,1,0,0,1,0,0,0,1,0],[1,1,1,1,0,0,0,0,0,0]]"
2,65,-0.018546793282630956,0.018546793282630956,"[[1,1,0,0,1,0,0,0,1,0],[1,1,1,1,0,0,0,0,0,1]]"
2,66,-0.02087593179391083,0.02087593179391083,"[[1,1,0,0,1,0,0,0,1,0],[1,1,1,1,0,0,0,0,1,0]]"
2,67,-0.021047114796627398,0.021047114796627398,"[[1,1,0,0,1,0,0,0,1,0],[1,1,1,1,0,0,0,0,1,1]]"
2,68,-0.024775365908262136,0.024775365908262136,"[[1,1,0,0,1,0,0,0,1,0],[1,1,1,1,0,0,0,1,0,0]]"
2,69,-0.024800901276842806,0.024800901276842806,"[[1,1,0,0,1,0,0,0,1,0],[1,1,1,1,0,0,0,1,0,1]]"
2,70,-0.026352281799674346,0.026352281799674346,"[[1,1,0,0,1,0,0,0,1,0],[1,1,1,1,0,0,0,1,1,0]]"
2,71,-0.02623693389735818,0.02623693389735818,"[[1,1,0,0,1,0,0,0,1,0],[1,1,1,1,0,0,0,1,1,1]]"
2,72,-0.029959994949194223,0.029959994949194223,"[[1,1,0,0,1,0,0,0,1,0],[1,1,1,1,0,0,1,0,0,0]]"
2,73,-0.02980520344019614,0.02980520344019614,"[[1,1,0,0,1,0,0,0,1,0],[1,1,1,1,0,0,1,0,0,1]]"
2,74,-0.032040658547917655,0.032040658547917655,"[[1,1,0,0,1,0,0,0,1,0],[1,1,1,1,0,0,1,0,1,0]]"
2,75,-0.031940029118340985,0.031940029118340985,"[[1,1,0,0,1,0,0,0,1,0],[1,1,1,1,0,0,1,0,1,1]]"
2,76,-0.035907889666790364,0.035907889666790364,"[[1,1,0,0,1,0,0,0,1,0],[1,1,1,1,0,0,1,1,0,0]]"
2,77,-0.03583710635113823,0.03583710635113823,"[[1,1,0,0,1,0,0,0,1,0],[1,1,1,1,0,0,1,1,0,1]]"
2,78,-0.036672823632732575,0.036672823632732575,"[[1,1,0,0,1,0,0,0,1,0],[1,1,1,1,0,0,1,1,1,0]]"
2,79,-0.03601234626121265,0.03601234626121265,"[[1,1,0,0,1,0,0,0,1,0],[1,1,1,1,0,0,1,1,1,1]]"
2,80,-0.035702915139208126,0.035702915139208126,"[[1,1,0,0,1,0,0,0,1,0],[1,1,1,1,0,1,0,0,0,0]]"
2,81,-0.035356241497294424,0.035356241497294424,"[[1,1,0,0,1,0,0,0,1,0],[1,1,1,1,0,1,0,0,0,1]]"
2,82,-0.037517564407141275,0.037517564407141275,"[[1,1,0,0,1,0,0,0,1,0],[1,1,1,1,0,1,0,0,1,0]]"
2,83,-0.03741308922360556,0.03741308922360556,"[[1,1,0,0,1,0,0,0,1,0],[1,1,1,1,0,1,0,0,1,1]]"
2,84,-0.04226370641606228,0.04226370641606228,"[[1,1,0,0,1,0,0,0,1,0],[1,1,1,1,0,1,0,1,0,0]]"
2,85,-0.04176495432700301,0.04176495432700301,"[[1,1,0,0,1,0,0,0,1,0],[1,1,1,1,0,1,0,1,0,1]]"
2,86,-0.04234353211079057,0.04234353211079057,"[[1,1,0,0,1,0,0,0,1,0],[1,1,1,1,0,1,0,1,1,0]]"
2,87,-0.041515708614165946,0.041515708614165946,"[[1,1,0,0,1,0,0,0,1,0],[1,1,1,1,0,1,0,1,1,1]]"
2,88,-0.04755672075351183,0.04755672075351183,"[[1,1,0,0,1,0,0,0,1,0],[1,1,1,1,0,1,1,0,0,0]]"
2,89,-0.046779276634055636,0.046779276634055636,"[[1,1,0,0,1,0,0,0,1,0],[1,1,1,1,0,1,1,0,0,1]]"
2,90,-0.04876263980305933,0.04876263980305933,"[[1,1,0,0,1,0,0,0,1,0],[1,1,1,1,0,1,1,0,1,0]]"
2,91,-0.04809605455252438,0.04809605455252438,"[[1,1,0,0,1,0,0,0,1,0],[1,1,1,1,0,1,1,0,1,1]]"
2,92,-0.051146696313249744,0.051146696313249744,"[[1,1,0,0,1,0,0,0,1,0],[1,1,1,1,0,1,1,1,0,0]]"
2,93,-0.05048838979685958,0.05048838979685958,"[[1,1,0,0,1,0,0,0,1,0],[1,1,1,1,0,1,1,1,0,1]]"
2,94,-0.05006020168631161,0.05006020168631161,"[[1,1,0,0,1,0,0,0,1,0],[1,1,1,1,0,1,1,1,1,0]]"
2,95,-0.048491948448832735,0.048491948448832735,"[[1,1,0,0,1,0,0,0,1,0],[1,1,1,1,0,1,1,1,1,1]]"
2,96,-0.01836094308386247,0.01836094308386247,"[[1,1,0,0,1,0,0,0,1,1],[1,1,1,1,0,0,0,0,0,0]]"
2,97,-0.01876297022701219,0.01876297022701219,"[[1,1,0,0,1,0,0,0,1,1],[1,1,1,1,0,0,0,0,0,1]]"
2,98,-0.020829750628122434,0.020829750628122434,"[[1,1,0,0,1,0,0,0,1,1],[1,1,1,1,0,0,0,0,1,0]]"
2,99,-0.021211795762858133,0.021211795762858133,"[[1,1,0,0,1,0,0,0,1,1],[1,1,1,1,0,0,0,0,1,1]]"
2,100,-0.024291621000988292,0.024291621000988292,"[[1,1,0,0,1,0,0,0,1,1],[1,1,1,1,0,0,0,1,0,0]]"
2,101,-0.024865767110253616,0.024865767110253616,"[[1,1,0,0,1,0,0,0,1,1],[1,1,1,1,0,0,0,1,0,1]]"
2,102,-0.02659896296969208,0.02659896296969208,"[[1,1,0,0,1,0,0,0,1,1],[1,1,1,1,0,0,0,1,1,0]]"
2,103,-0.0267293829158055,0.0267293829158055,"[[1,1,0,0,1,0,0,0,1,1],[1,1,1,1,0,0,0,1,1,1]]"
2,104,-0.029534153635980692,0.029534153635980692,"[[1,1,0,0,1,0,0,0,1,1],[1,1,1,1,0,0,1,0,0,0]]"
2,105,-0.030016203793753957,0.030016203793753957,"[[1,1,0,0,1,0,0,0,1,1],[1,1,1,1,0,0,1,0,0,1]]"
2,106,-0.03191915853613844,0.03191915853613844,"[[1,1,0,0,1,0,0,0,1,1],[1,1,1,1,0,0,1,0,1,0]]"
2,107,-0.03232795427400409,0.03232795427400409,"[[1,1,0,0,1,0,0,0,1,1],[1,1,1,1,0,0,1,0,1,1]]"
2,108,-0.035579506712606096,0.035579506712606096,"[[1,1,0,0,1,0,0,0,1,1],[1,1,1,1,0,0,1,1,0,0]]"
2,109,-0.03614847856012814,0.03614847856012814,"[[1,1,0,0,1,0,0,0,1,1],[1,1,1,1,0,0,1,1,0,1]]"
2,110,-0.03742716804867471,0.03742716804867471,"[[1,1,0,0,1,0,0,0,1,1],[1,1,1,1,0,0,1,1,1,0]]"
2,111,-0.03682985421840592,0.03682985421840592,"[[1,1,0,0,1,0,0,0,1,1],[1,1,1,1,0,0,1,1,1,1]]"
2,112,-0.035499216376724284,0.035499216376724284,"[[1,1,0,0,1,0,0,0,1,1],[1,1,1,1,0,1,0,0,0,0]]"
2,113,-0.035872648822823476,0.035872648822823476,"[[1,1,0,0,1,0,0,0,1,1],[1,1,1,1,0,1,0,0,0,1]]"
2,114,-0.037911131834624336,0.037911131834624336,"[[1,1,0,0,1,0,0,0,1,1],[1,1,1,1,0,1,0,0,1,0]]"
2,115,-0.03800520910633865,0.03800520910633865,"[[1,1,0,0,1,0,0,0,1,1],[1,1,1,1,0,1,0,0,1,1]]"
2,116,-0.04211749803315615,0.04211749803315615,"[[1,1,0,0,1,0,0,0,1,1],[1,1,1,1,0,1,0,1,0,0]]"
2,117,-0.042280992837274815,0.042280992837274815,"[[1,1,0,0,1,0,0,0,1,1],[1,1,1,1,0,1,0,1,0,1]]"
2,118,-0.0434738081531734,0.0434738081531734,"[[1,1,0,0,1,0,0,0,1,1],[1,1,1,1,0,1,0,1,1,0]]"
2,119,-0.0425534575436857,0.0425534575436857,"[[1,1,0,0,1,0,0,0,1,1],[1,1,1,1,0,1,0,1,1,1]]"
2,120,-0.04862376150029249,0.04862376150029249,"[[1,1,0,0,1,0,0,0,1,1],[1,1,1,1,0,1,1,0,0,0]]"
2,121,-0.04814975272134903,0.04814975272134903,"[[1,1,0,0,1,0,0,0,1,1],[1,1,1,1,0,1,1,0,0,1]]"
2,122,-0.04994668857041031,0.04994668857041031,"[[1,1,0,0,1,0,0,0,1,1],[1,1,1,1,0,1,1,0,1,0]]"
2,123,-0.04927091256184607,0.04927091256184607,"[[1,1,0,0,1,0,0,0,1,1],[1,1,1,1,0,1,1,0,1,1]]"
2,124,-0.05241212148439961,0.05241212148439961,"[[1,1,0,0,1,0,0,0,1,1],[1,1,1,1,0,1,1,1,0,0]]"
2,125,-0.05223173461969841,0.05223173461969841,"[[1,1,0,0,1,0,0,0,1,1],[1,1,1,1,0,1,1,1,0,1]]"
2,126,-0.05263234625197892,0.05263234625197892,"[[1,1,0,0,1,0,0,0,1,1],[1,1,1,1,0,1,1,1,1,0]]"
2,127,-0.05067982167272973,0.05067982167272973,"[[1,1,0,0,1,0,0,0,1,1],[1,1,1,1,0,1,1,1,1,1]]"
2,128,-0.015553050492075384,0.015553050492075384,"[[1,1,0,0,1,0,0,1,0,0],[1,1,1,1,0,0,0,0,0,0]]"
2,129,-0.015796944933302543,0.015796944933302543,"[[1,1,0,0,1,0,0,1,0,0],[1,1,1,1,0,0,0,0,0,1]]"
2,130,-0.01711154049139429,0.01711154049139429,"[[1,1,0,0,1,0,0,1,0,0],[1,1,1,1,0,0,0,0,1,0]]"
2,131,-0.017466375182539767,0.017466375182539767,"[[1,1,0,0,1,0,0,1,0,0],[1,1,1,1,0,0,0,0,1,1]]"
2,132,-0.02120098676561802,0.02120098676561802,"[[1,1,0,0,1,0,0,1,0,0],[1,1,1,1,0,0,0,1,0,0]]"
2,133,-0.021891496566920566,0.021891496566920566,"[[1,1,0,0,1,0,0,1,0,0],[1,1,1,1,0,0,0,1,0,1]]"
2,134,-0.02322990147924586,0.02322990147924586,"[[1,1,0,0,1,0,0,1,0,0],[1,1,1,1,0,0,0,1,1,0]]"
2,135,-0.023357409037518814,0.023357409037518814,"[[1,1,0,0,1,0,0,1,0,0],[1,1,1,1,0,0,0,1,1,1]]"
2,136,-0.026712068507545678,0.026712068507545678,"[[1,1,0,0,1,0,0,1,0,0],[1,1,1,1,0,0,1,0,0,0]]"
2,137,-0.027353215036501056,0.027353215036501056,"[[1,1,0,0,1,0,0,1,0,0],[1,1,1,1,0,0,1,0,0,1]]"
2,138,-0.028864617974923158,0.028864617974923158,"[[1,1,0,0,1,0,0,1,0,0],[1,1,1,1,0,0,1,0,1,0]]"
2,139,-0.02907101927780996,0.02907101927780996,"[[1,1,0,0,1,0,0,1,0,0],[1,1,1,1,0,0,1,0,1,1]]"
2,140,-0.03373145375664102,0.03373145375664102,"[[1,1,0,0,1,0,0,1,0,0],[1,1,1,1,0,0,1,1,0,0]]"
2,141,-0.03400950246873444,0.03400950246873444,"[[1,1,0,0,1,0,0,1,0,0],[1,1,1,1,0,0,1,1,0,1]]"
2,142,-0.03495251679603884,0.03495251679603884,"[[1,1,0,0,1,0,0,1,0,0],[1,1,1,1,0,0,1,1,1,0]]"
2,143,-0.03392434631764072,0.03392434631764072,"[[1,1,0,0,1,0,0,1,0,0],[1,1,1,1,0,0,1,1,1,1]]"
2,144,-0.031785244738327535,0.031785244738327535,"[[1,1,0,0,1,0,0,1,0,0],[1,1,1,1,0,1,0,0,0,0]]"
2,145,-0.032198191374867194,0.032198191374867194,"[[1,1,0,0,1,0,0,1,0,0],[1,1,1,1,0,1,0,0,0,1]]"
2,146,-0.03396617674722265,0.03396617674722265,"[[1,1,0,0,1,0,0,1,0,0],[1,1,1,1,0,1,0,0,1,0]]"
2,147,-0.03432442614608236,0.03432442614608236,"[[1,1,0,0,1,0,0,1,0,0],[1,1,1,1,0,1,0,0,1,1]]"
2,148,-0.038307586740091125,0.038307586740091125,"[[1,1,0,0,1,0,0,1,0,0],[1,1,1,1,0,1,0,1,0,0]]"
2,149,-0.03890784264888322,0.03890784264888322,"[[1,1,0,0,1,0,0,1,0,0],[1,1,1,1,0,1,0,1,0,1]]"
2,150,-0.04002469768866889,0.04002469768866889,"[[1,1,0,0,1,0,0,1,0,0],[1,1,1,1,0,1,0,1,1,0]]"
2,151,-0.039515240183080065,0.039515240183080065,"[[1,1,0,0,1,0,0,1,0,0],[1,1,1,1,0,1,0,1,1,1]]"
2,152,-0.04521480536498789,0.04521480536498789,"[[1,1,0,0,1,0,0,1,0,0],[1,1,1,1,0,1,1,0,0,0]]"
2,153,-0.04536337164138331,0.04536337164138331,"[[1,1,0,0,1,0,0,1,0,0],[1,1,1,1,0,1,1,0,0,1]]"
2,154,-0.04730641907338713,0.04730641907338713,"[[1,1,0,0,1,0,0,1,0,0],[1,1,1,1,0,1,1,0,1,0]]"
2,155,-0.046416827496772714,0.046416827496772714,"[[1,1,0,0,1,0,0,1,0,0],[1,1,1,1,0,1,1,0,1,1]]"
2,156,-0.05021665360871359,0.05021665360871359,"[[1,1,0,0,1,0,0,1,0,0],[1,1,1,1,0,1,1,1,0,0]]"
2,157,-0.05000682678346522,0.05000682678346522,"[[1,1,0,0,1,0,0,1,0,0],[1,1,1,1,0,1,1,1,0,1]]"
2,158,-0.05110771539336447,0.05110771539336447,"[[1,1,0,0,1,0,0,1,0,0],[1,1,1,1,0,1,1,1,1,0]]"
2,159,-0.04879809318136249,0.04879809318136249,"[[1,1,0,0,1,0,0,1,0,0],[1,1,1,1,0,1,1,1,1,1]]"
2,160,-0.01536234725446383,0.01536234725446383,"[[1,1,0,0,1,0,0,1,0,1],[1,1,1,1,0,0,0,0,0,0]]"
2,161,-0.015825508821846964,0.015825508821846964,"[[1,1,0,0,1,0,0,1,0,1],[1,1,1,1,0,0,0,0,0,1]]"
2,162,-0.017435824414577833,0.017435824414577833,"[[1,1,0,0,1,0,0,1,0,1],[1,1,1,1,0,0,0,0,1,0]]"
2,163,-0.01764777286790076,0.01764777286790076,"[[1,1,0,0,1,0,0,1,0,1],[1,1,1,1,0,0,0,0,1,1]]"
2,164,-0.02131541229889332,0.02131541229889332,"[[1,1,0,0,1,0,0,1,0,1],[1,1,1,1,0,0,0,1,0,0]]"
2,165,-0.021882981399143624,0.021882981399143624,"[[1,1,0,0,1,0,0,1,0,1],[1,1,1,1,0,0,0,1,0,1]]"
2,166,-0.023554193016775412,0.023554193016775412,"[[1,1,0,0,1,0,0,1,0,1],[1,1,1,1,0,0,0,1,1,0]]"
2,167,-0.023645878298810593,0.023645878298810593,"[[1,1,0,0,1,0,0,1,0,1],[1,1,1,1,0,0,0,1,1,1]]"
2,168,-0.026333847920039125,0.026333847920039125,"[[1,1,0,0,1,0,0,1,0,1],[1,1,1,1,0,0,1,0,0,0]]"
2,169,-0.02723216400836126,0.02723216400836126,"[[1,1,0,0,1,0,0,1,0,1],[1,1,1,1,0,0,1,0,0,1]]"
2,170,-0.02924718376843082,0.02924718376843082,"[[1,1,0,0,1,0,0,1,0,1],[1,1,1,1,0,0,1,0,1,0]]"
2,171,-0.029429202502339886,0.029429202502339886,"[[1,1,0,0,1,0,0,1,0,1],[1,1,1,1,0,0,1,0,1,1]]"
2,172,-0.033761317402134304,0.033761317402134304,"[[1,1,0,0,1,0,0,1,0,1],[1,1,1,1,0,0,1,1,0,0]]"
2,173,-0.03429642982763726,0.03429642982763726,"[[1,1,0,0,1,0,0,1,0,1],[1,1,1,1,0,0,1,1,0,1]]"
2,174,-0.03541295087229828,0.03541295087229828,"[[1,1,0,0,1,0,0,1,0,1],[1,1,1,1,0,0,1,1,1,0]]"
2,175,-0.03442264507981671,0.03442264507981671,"[[1,1,0,0,1,0,0,1,0,1],[1,1,1,1,0,0,1,1,1,1]]"
2,176,-0.03157717080788375,0.03157717080788375,"[[1,1,0,0,1,0,0,1,0,1],[1,1,1,1,0,1,0,0,0,0]]"
2,177,-0.03215308336228393,0.03215308336228393,"[[1,1,0,0,1,0,0,1,0,1],[1,1,1,1,0,1,0,0,0,1]]"
2,178,-0.03444431893892717,0.03444431893892717,"[[1,1,0,0,1,0,0,1,0,1],[1,1,1,1,0,1,0,0,1,0]]"
2,179,-0.03454408411505094,0.03454408411505094,"[[1,1,0,0,1,0,0,1,0,1],[1,1,1,1,0,1,0,0,1,1]]"
2,180,-0.03909767180354292,0.03909767180354292,"[[1,1,0,0,1,0,0,1,0,1],[1,1,1,1,0,1,0,1,0,0]]"
2,181,-0.039156092443024905,0.039156092443024905,"[[1,1,0,0,1,0,0,1,0,1],[1,1,1,1,0,1,0,1,0,1]]"
2,182,-0.040574581495023895,0.040574581495023895,"[[1,1,0,0,1,0,0,1,0,1],[1,1,1,1,0,1,0,1,1,0]]"
2,183,-0.03981690209298931,0.03981690209298931,"[[1,1,0,0,1,0,0,1,0,1],[1,1,1,1,0,1,0,1,1,1]]"
2,184,-0.04538635189946365,0.04538635189946365,"[[1,1,0,0,1,0,0,1,0,1],[1,1,1,1,0,1,1,0,0,0]]"
2,185,-0.0458326572136609,0.0458326572136609,"[[1,1,0,0,1,0,0,1,0,1],[1,1,1,1,0,1,1,0,0,1]]"
2,186,-0.04804104494290136,0.04804104494290136,"[[1,1,0,0,1,0,0,1,0,1],[1,1,1,1,0,1,1,0,1,0]]"
2,187,-0.04711814368004777,0.04711814368004777,"[[1,1,0,0,1,0,0,1,0,1],[1,1,1,1,0,1,1,0,1,1]]"
2,188,-0.051646858091107736,0.051646858091107736,"[[1,1,0,0,1,0,0,1,0,1],[1,1,1,1,0,1,1,1,0,0]]"
2,189,-0.05131721436957593,0.05131721436957593,"[[1,1,0,0,1,0,0,1,0,1],[1,1,1,1,0,1,1,1,0,1]]"
2,190,-0.05207593782894177,0.05207593782894177,"[[1,1,0,0,1,0,0,1,0,1],[1,1,1,1,0,1,1,1,1,0]]"
2,191,-0.04992511249567754,0.04992511249567754,"[[1,1,0,0,1,0,0,1,0,1],[1,1,1,1,0,1,1,1,1,1]]"
2,192,-0.012847844885857516,0.012847844885857516,"[[1,1,0,0,1,0,0,1,1,0],[1,1,1,1,0,0,0,0,0,0]]"
2,193,-0.013057727879341457,0.013057727879341457,"[[1,1,0,0,1,0,0,1,1,0],[1,1,1,1,0,0,0,0,0,1]]"
2,194,-0.015167685945851727,0.015167685945851727,"[[1,1,0,0,1,0,0,1,1,0],[1,1,1,1,0,0,0,0,1,0]]"
2,195,-0.015359107660683087,0.015359107660683087,"[[1,1,0,0,1,0,0,1,1,0],[1,1,1,1,0,0,0,0,1,1]]"
2,196,-0.01956962069208365,0.01956962069208365,"[[1,1,0,0,1,0,0,1,1,0],[1,1,1,1,0,0,0,1,0,0]]"
2,197,-0.019547237333683017,0.019547237333683017,"[[1,1,0,0,1,0,0,1,1,0],[1,1,1,1,0,0,0,1,0,1]]"
2,198,-0.021820114356156117,0.021820114356156117,"[[1,1,0,0,1,0,0,1,1,0],[1,1,1,1,0,0,0,1,1,0]]"
2,199,-0.02220127506559458,0.02220127506559458,"[[1,1,0,0,1,0,0,1,1,0],[1,1,1,1,0,0,0,1,1,1]]"
2,200,-0.023939092065735704,0.023939092065735704,"[[1,1,0,0,1,0,0,1,1,0],[1,1,1,1,0,0,1,0,0,0]]"
2,201,-0.02454400210560432,0.02454400210560432,"[[1,1,0,0,1,0,0,1,1,0],[1,1,1,1,0,0,1,0,0,1]]"
2,202,-0.02672859619696573,0.02672859619696573,"[[1,1,0,0,1,0,0,1,1,0],[1,1,1,1,0,0,1,0,1,0]]"
2,203,-0.027187796699049412,0.027187796699049412,"[[1,1,0,0,1,0,0,1,1,0],[1,1,1,1,0,0,1,0,1,1]]"
2,204,-0.03236823190107959,0.03236823190107959,"[[1,1,0,0,1,0,0,1,1,0],[1,1,1,1,0,0,1,1,0,0]]"
2,205,-0.03257573778640839,0.03257573778640839,"[[1,1,0,0,1,0,0,1,1,0],[1,1,1,1,0,0,1,1,0,1]]"
2,206,-0.03497671749127374,0.03497671749127374,"[[1,1,0,0,1,0,0,1,1,0],[1,1,1,1,0,0,1,1,1,0]]"
2,207,-0.03480651166168054,0.03480651166168054,"[[1,1,0,0,1,0,0,1,1,0],[1,1,1,1,0,0,1,1,1,1]]"
2,208,-0.02941122213011252,0.02941122213011252,"[[1,1,0,0,1,0,0,1,1,0],[1,1,1,1,0,1,0,0,0,0]]"
2,209,-0.0296133934618469,0.0296133934618469,"[[1,1,0,0,1,0,0,1,1,0],[1,1,1,1,0,1,0,0,0,1]]"
2,210,-0.03215954464825679,0.03215954464825679,"[[1,1,0,0,1,0,0,1,1,0],[1,1,1,1,0,1,0,0,1,0]]"
2,211,-0.03248400302603931,0.03248400302603931,"[[1,1,0,0,1,0,0,1,1,0],[1,1,1,1,0,1,0,0,1,1]]"
2,212,-0.03723339533034292,0.03723339533034292,"[[1,1,0,0,1,0,0,1,1,0],[1,1,1,1,0,1,0,1,0,0]]"
2,213,-0.037134395832705766,0.037134395832705766,"[[1,1,0,0,1,0,0,1,1,0],[1,1,1,1,0,1,0,1,0,1]]"
2,214,-0.039829246224268824,0.039829246224268824,"[[1,1,0,0,1,0,0,1,1,0],[1,1,1,1,0,1,0,1,1,0]]"
2,215,-0.03983028251101198,0.03983028251101198,"[[1,1,0,0,1,0,0,1,1,0],[1,1,1,1,0,1,0,1,1,1]]"
2,216,-0.0434301602141996,0.0434301602141996,"[[1,1,0,0,1,0,0,1,1,0],[1,1,1,1,0,1,1,0,0,0]]"
2,217,-0.043758916865277185,0.043758916865277185,"[[1,1,0,0,1,0,0,1,1,0],[1,1,1,1,0,1,1,0,0,1]]"
2,218,-0.046368084484205416,0.046368084484205416,"[[1,1,0,0,1,0,0,1,1,0],[1,1,1,1,0,1,1,0,1,0]]"
2,219,-0.04639420635725569,0.04639420635725569,"[[1,1,0,0,1,0,0,1,1,0],[1,1,1,1,0,1,1,0,1,1]]"
2,220,-0.05118177218044469,0.05118177218044469,"[[1,1,0,0,1,0,0,1,1,0],[1,1,1,1,0,1,1,1,0,0]]"
2,221,-0.05075159066467313,0.05075159066467313,"[[1,1,0,0,1,0,0,1,1,0],[1,1,1,1,0,1,1,1,0,1]]"
2,222,-0.05200598709332187,0.05200598709332187,"[[1,1,0,0,1,0,0,1,1,0],[1,1,1,1,0,1,1,1,1,0]]"
2,223,-0.05131985815378324,0.05131985815378324,"[[1,1,0,0,1,0,0,1,1,0],[1,1,1,1,0,1,1,1,1,1]]"
2,224,-0.012278563280351353,0.012278563280351353,"[[1,1,0,0,1,0,0,1,1,1],[1,1,1,1,0,0,0,0,0,0]]"
2,225,-0.012495526432335485,0.012495526432335485,"[[1,1,0,0,1,0,0,1,1,1],[1,1,1,1,0,0,0,0,0,1]]"
2,226,-0.014751582688849307,0.014751582688849307,"[[1,1,0,0,1,0,0,1,1,1],[1,1,1,1,0,0,0,0,1,0]]"
2,227,-0.01532031920921039,0.01532031920921039,"[[1,1,0,0,1,0,0,1,1,1],[1,1,1,1,0,0,0,0,1,1]]"
2,228,-0.019096565340873558,0.019096565340873558,"[[1,1,0,0,1,0,0,1,1,1],[1,1,1,1,0,0,0,1,0,0]]"
2,229,-0.019453196056539137,0.019453196056539137,"[[1,1,0,0,1,0,0,1,1,1],[1,1,1,1,0,0,0,1,0,1]]"
2,230,-0.021791066593434483,0.021791066593434483,"[[1,1,0,0,1,0,0,1,1,1],[1,1,1,1,0,0,0,1,1,0]]"
2,231,-0.022327586476734097,0.022327586476734097,"[[1,1,0,0,1,0,0,1,1,1],[1,1,1,1,0,0,0,1,1,1]]"
2,232,-0.02324965781056225,0.02324965781056225,"[[1,1,0,0,1,0,0,1,1,1],[1,1,1,1,0,0,1,0,0,0]]"
2,233,-0.024005640859831052,0.024005640859831052,"[[1,1,0,0,1,0,0,1,1,1],[1,1,1,1,0,0,1,0,0,1]]"
2,234,-0.026491951792103837,0.026491951792103837,"[[1,1,0,0,1,0,0,1,1,1],[1,1,1,1,0,0,1,0,1,0]]"
2,235,-0.02711727209702657,0.02711727209702657,"[[1,1,0,0,1,0,0,1,1,1],[1,1,1,1,0,0,1,0,1,1]]"
2,236,-0.03151033755392067,0.03151033755392067,"[[1,1,0,0,1,0,0,1,1,1],[1,1,1,1,0,0,1,1,0,0]]"
2,237,-0.03224157078935661,0.03224157078935661,"[[1,1,0,0,1,0,0,1,1,1],[1,1,1,1,0,0,1,1,0,1]]"
2,238,-0.03478432035118762,0.03478432035118762,"[[1,1,0,0,1,0,0,1,1,1],[1,1,1,1,0,0,1,1,1,0]]"
2,239,-0.03515278434374305,0.03515278434374305,"[[1,1,0,0,1,0,0,1,1,1],[1,1,1,1,0,0,1,1,1,1]]"
2,240,-0.028330658505311055,0.028330658505311055,"[[1,1,0,0,1,0,0,1,1,1],[1,1,1,1,0,1,0,0,0,0]]"
2,241,-0.028996235182145558,0.028996235182145558,"[[1,1,0,0,1,0,0,1,1,1],[1,1,1,1,0,1,0,0,0,1]]"
2,242,-0.03159461526876038,0.03159461526876038,"[[1,1,0,0,1,0,0,1,1,1],[1,1,1,1,0,1,0,0,1,0]]"
2,243,-0.03221578849147828,0.03221578849147828,"[[1,1,0,0,1,0,0,1,1,1],[1,1,1,1,0,1,0,0,1,1]]"
2,244,-0.03658732803074301,0.03658732803074301,"[[1,1,0,0,1,0,0,1,1,1],[1,1,1,1,0,1,0,1,0,0]]"
2,245,-0.03714499687319515,0.03714499687319515,"[[1,1,0,0,1,0,0,1,1,1],[1,1,1,1,0,1,0,1,0,1]]"
2,246,-0.03987933890416959,0.03987933890416959,"[[1,1,0,0,1,0,0,1,1,1],[1,1,1,1,0,1,0,1,1,0]]"
2,247,-0.04021559020651468,0.04021559020651468,"[[1,1,0,0,1,0,0,1,1,1],[1,1,1,1,0,1,0,1,1,1]]"
2,248,-0.042671686389337486,0.042671686389337486,"[[1,1,0,0,1,0,0,1,1,1],[1,1,1,1,0,1,1,0,0,0]]"
2,249,-0.043590848638814086,0.043590848638814086,"[[1,1,0,0,1,0,0,1,1,1],[1,1,1,1,0,1,1,0,0,1]]"
2,250,-0.046071385521597244,0.046071385521597244,"[[1,1,0,0,1,0,0,1,1,1],[1,1,1,1,0,1,1,0,1,0]]"
2,251,-0.046264418160162746,0.046264418160162746,"[[1,1,0,0,1,0,0,1,1,1],[1,1,1,1,0,1,1,0,1,1]]"
2,252,-0.05110708422486861,0.05110708422486861,"[[1,1,0,0,1,0,0,1,1,1],[1,1,1,1,0,1,1,1,0,0]]"
2,253,-0.051324203049841095,0.051324203049841095,"[[1,1,0,0,1,0,0,1,1,1],[1,1,1,1,0,1,1,1,0,1]]"
2,254,-0.052753095550484436,0.052753095550484436,"[[1,1,0,0,1,0,0,1,1,1],[1,1,1,1,0,1,1,1,1,0]]"
2,255,-0.052184078153924535,0.052184078153924535,"[[1,1,0,0,1,0,0,1,1,1],[1,1,1,1,0,1,1,1,1,1]]"
2,256,-0.011665511380729044,0.011665511380729044,"[[1,1,0,0,1,0,1,0,0,0],[1,1,1,1,0,0,0,0,0,0]]"
2,257,-0.011564110859586555,0.011564110859586555,"[[1,1,0,0,1,0,1,0,0,0],[1,1,1,1,0,0,0,0,0,1]]"
2,258,-0.013354665320255572,0.013354665320255572,"[[1,1,0,0,1,0,1,0,0,0],[1,1,1,1,0,0,0,0,1,0]]"
2,259,-0.013560940065036301,0.013560940065036301,"[[1,1,0,0,1,0,1,0,0,0],[1,1,1,1,0,0,0,0,1,1]]"
2,260,-0.015865143134274187,0.015865143134274187,"[[1,1,0,0,1,0,1,0,0,0],[1,1,1,1,0,0,0,1,0,0]]"
2,261,-0.016306985953326344,0.016306985953326344,"[[1,1,0,0,1,0,1,0,0,0],[1,1,1,1,0,0,0,1,0,1]]"
2,262,-0.018033915715317487,0.018033915715317487,"[[1,1,0,0,1,0,1,0,0,0],[1,1,1,1,0,0,0,1,1,0]]"
2,263,-0.018085672682923316,0.018085672682923316,"[[1,1,0,0,1,0,1,0,0,0],[1,1,1,1,0,0,0,1,1,1]]"
2,264,-0.02123601739408265,0.02123601739408265,"[[1,1,0,0,1,0,1,0,0,0],[1,1,1,1,0,0,1,0,0,0]]"
2,265,-0.021500155462611005,0.021500155462611005,"[[1,1,0,0,1,0,1,0,0,0],[1,1,1,1,0,0,1,0,0,1]]"
2,266,-0.023120081922555477,0.023120081922555477,"[[1,1,0,0,1,0,1,0,0,0],[1,1,1,1,0,0,1,0,1,0]]"
2,267,-0.023436018990554315,0.023436018990554315,"[[1,1,0,0,1,0,1,0,0,0],[1,1,1,1,0,0,1,0,1,1]]"
2,268,-0.026693854459078726,0.026693854459078726,"[[1,1,0,0,1,0,1,0,0,0],[1,1,1,1,0,0,1,1,0,0]]"
2,269,-0.026844017606556206,0.026844017606556206,"[[1,1,0,0,1,0,1,0,0,0],[1,1,1,1,0,0,1,1,0,1]]"
2,270,-0.027680547194427585,0.027680547194427585,"[[1,1,0,0,1,0,1,0,0,0],[1,1,1,1,0,0,1,1,1,0]]"
2,271,-0.026705009846675606,0.026705009846675606,"[[1,1,0,0,1,0,1,0,0,0],[1,1,1,1,0,0,1,1,1,1]]"
2,272,-0.027485068549244613,0.027485068549244613,"[[1,1,0,0,1,0,1,0,0,0],[1,1,1,1,0,1,0,0,0,0]]"
2,273,-0.02769471538132576,0.02769471538132576,"[[1,1,0,0,1,0,1,0,0,0],[1,1,1,1,0,1,0,0,0,1]]"
2,274,-0.029669867785055967,0.029669867785055967,"[[1,1,0,0,1,0,1,0,0,0],[1,1,1,1,0,1,0,0,1,0]]"
2,275,-0.030181378853513807,0.030181378853513807,"[[1,1,0,0,1,0,1,0,0,0],[1,1,1,1,0,1,0,0,1,1]]"
2,276,-0.03267706317644315,0.03267706317644315,"[[1,1,0,0,1,0,1,0,0,0],[1,1,1,1,0,1,0,1,0,0]]"
2,277,-0.033391887990227645,0.033391887990227645,"[[1,1,0,0,1,0,1,0,0,0],[1,1,1,1,0,1,0,1,0,1]]"
2,278,-0.03436225803717871,0.03436225803717871,"[[1,1,0,0,1,0,1,0,0,0],[1,1,1,1,0,1,0,1,1,0]]"
2,279,-0.03345292358939299,0.03345292358939299,"[[1,1,0,0,1,0,1,0,0,0],[1,1,1,1,0,1,0,1,1,1]]"
2,280,-0.040074790061520586,0.040074790061520586,"[[1,1,0,0,1,0,1,0,0,0],[1,1,1,1,0,1,1,0,0,0]]"
2,281,-0.04032870357090003,0.04032870357090003,"[[1,1,0,0,1,0,1,0,0,0],[1,1,1,1,0,1,1,0,0,1]]"
2,282,-0.04177336570338742,0.04177336570338742,"[[1,1,0,0,1,0,1,0,0,0],[1,1,1,1,0,1,1,0,1,0]]"
2,283,-0.04190682722992132,0.04190682722992132,"[[1,1,0,0,1,0,1,0,0,0],[1,1,1,1,0,1,1,0,1,1]]"
2,284,-0.04416707734724385,0.04416707734724385,"[[1,1,0,0,1,0,1,0,0,0],[1,1,1,1,0,1,1,1,0,0]]"
2,285,-0.04347664929222831,0.04347664929222831,"[[1,1,0,0,1,0,1,0,0,0],[1,1,1,1,0,1,1,1,0,1]]"
2,286,-0.04398143120058226,0.04398143120058226,"[[1,1,0,0,1,0,1,0,0,0],[1,1,1,1,0,1,1,1,1,0]]"
2,287,-0.04117096606534302,0.04117096606534302,"[[1,1,0,0,1,0,1,0,0,0],[1,1,1,1,0,1,1,1,1,1]]"
2,288,-0.011287682821694114,0.011287682821694114,"[[1,1,0,0,1,0,1,0,0,1],[1,1,1,1,0,0,0,0,0,0]]"
2,289,-0.011686239104676682,0.011686239104676682,"[[1,1,0,0,1,0,1,0,0,1],[1,1,1,1,0,0,0,0,0,1]]"
2,290,-0.01325435898000415,0.01325435898000415,"[[1,1,0,0,1,0,1,0,0,1],[1,1,1,1,0,0,0,0,1,0]]"
2,291,-0.013678200289240222,0.013678200289240222,"[[1,1,0,0,1,0,1,0,0,1],[1,1,1,1,0,0,0,0,1,1]]"
2,292,-0.01603352873468394,0.01603352873468394,"[[1,1,0,0,1,0,1,0,0,1],[1,1,1,1,0,0,0,1,0,0]]"
2,293,-0.016389555003614817,0.016389555003614817,"[[1,1,0,0,1,0,1,0,0,1],[1,1,1,1,0,0,0,1,0,1]]"
2,294,-0.018159424731237404,0.018159424731237404,"[[1,1,0,0,1,0,1,0,0,1],[1,1,1,1,0,0,0,1,1,0]]"
2,295,-0.01858261535548187,0.01858261535548187,"[[1,1,0,0,1,0,1,0,0,1],[1,1,1,1,0,0,0,1,1,1]]"
2,296,-0.02110704538954926,0.02110704538954926,"[[1,1,0,0,1,0,1,0,0,1],[1,1,1,1,0,0,1,0,0,0]]"
2,297,-0.021522292489763183,0.021522292489763183,"[[1,1,0,0,1,0,1,0,0,1],[1,1,1,1,0,0,1,0,0,1]]"
2,298,-0.023435197055281104,0.023435197055281104,"[[1,1,0,0,1,0,1,0,0,1],[1,1,1,1,0,0,1,0,1,0]]"
2,299,-0.023768595263644842,0.023768595263644842,"[[1,1,0,0,1,0,1,0,0,1],[1,1,1,1,0,0,1,0,1,1]]"
2,300,-0.02721898171884842,0.02721898171884842,"[[1,1,0,0,1,0,1,0,0,1],[1,1,1,1,0,0,1,1,0,0]]"
2,301,-0.02726410707556952,0.02726410707556952,"[[1,1,0,0,1,0,1,0,0,1],[1,1,1,1,0,0,1,1,0,1]]"
2,302,-0.028149691302425294,0.028149691302425294,"[[1,1,0,0,1,0,1,0,0,1],[1,1,1,1,0,0,1,1,1,0]]"
2,303,-0.02781047972682087,0.02781047972682087,"[[1,1,0,0,1,0,1,0,0,1],[1,1,1,1,0,0,1,1,1,1]]"
2,304,-0.0273978326652829,0.0273978326652829,"[[1,1,0,0,1,0,1,0,0,1],[1,1,1,1,0,1,0,0,0,0]]"
2,305,-0.027781220136617404,0.027781220136617404,"[[1,1,0,0,1,0,1,0,0,1],[1,1,1,1,0,1,0,0,0,1]]"
2,306,-0.029746002640580912,0.029746002640580912,"[[1,1,0,0,1,0,1,0,0,1],[1,1,1,1,0,1,0,0,1,0]]"
2,307,-0.030175686152781135,0.030175686152781135,"[[1,1,0,0,1,0,1,0,0,1],[1,1,1,1,0,1,0,0,1,1]]"
2,308,-0.0332329578519465,0.0332329578519465,"[[1,1,0,0,1,0,1,0,0,1],[1,1,1,1,0,1,0,1,0,0]]"
2,309,-0.03354779701813105,0.03354779701813105,"[[1,1,0,0,1,0,1,0,0,1],[1,1,1,1,0,1,0,1,0,1]]"
2,310,-0.03496090639397908,0.03496090639397908,"[[1,1,0,0,1,0,1,0,0,1],[1,1,1,1,0,1,0,1,1,0]]"
2,311,-0.034927002475776445,0.034927002475776445,"[[1,1,0,0,1,0,1,0,0,1],[1,1,1,1,0,1,0,1,1,1]]"
2,312,-0.040605682531846495,0.040605682531846495,"[[1,1,0,0,1,0,1,0,0,1],[1,1,1,1,0,1,1,0,0,0]]"
2,313,-0.04060417436149855,0.04060417436149855,"[[1,1,0,0,1,0,1,0,0,1],[1,1,1,1,0,1,1,0,0,1]]"
2,314,-0.042538709922216526,0.042538709922216526,"[[1,1,0,0,1,0,1,0,0,1],[1,1,1,1,0,1,1,0,1,0]]"
2,315,-0.04205702683016976,0.04205702683016976,"[[1,1,0,0,1,0,1,0,0,1],[1,1,1,1,0,1,1,0,1,1]]"
2,316,-0.0458701055676535,0.0458701055676535,"[[1,1,0,0,1,0,1,0,0,1],[1,1,1,1,0,1,1,1,0,0]]"
2,317,-0.044857609568301315,0.044857609568301315,"[[1,1,0,0,1,0,1,0,0,1],[1,1,1,1,0,1,1,1,0,1]]"
2,318,-0.0455547503164568,0.0455547503164568,"[[1,1,0,0,1,0,1,0,0,1],[1,1,1,1,0,1,1,1,1,0]]"
2,319,-0.04379711849870473,0.04379711849870473,"[[1,1,0,0,1,0,1,0,0,1],[1,1,1,1,0,1,1,1,1,1]]"
2,320,-0.009408036223217668,0.009408036223217668,"[[1,1,0,0,1,0,1,0,1,0],[1,1,1,1,0,0,0,0,0,0]]"
2,321,-0.009365466502026241,0.009365466502026241,"[[1,1,0,0,1,0,1,0,1,0],[1,1,1,1,0,0,0,0,0,1]]"
2,322,-0.011470356309776157,0.011470356309776157,"[[1,1,0,0,1,0,1,0,1,0],[1,1,1,1,0,0,0,0,1,0]]"
2,323,-0.011568790945399254,0.011568790945399254,"[[1,1,0,0,1,0,1,0,1,0],[1,1,1,1,0,0,0,0,1,1]]"
2,324,-0.014741458251837711,0.014741458251837711,"[[1,1,0,0,1,0,1,0,1,0],[1,1,1,1,0,0,0,1,0,0]]"
2,325,-0.014542774006053291,0.014542774006053291,"[[1,1,0,0,1,0,1,0,1,0],[1,1,1,1,0,0,0,1,0,1]]"
2,326,-0.016841109641701418,0.016841109641701418,"[[1,1,0,0,1,0,1,0,1,0],[1,1,1,1,0,0,0,1,1,0]]"
2,327,-0.017075337659718182,0.017075337659718182,"[[1,1,0,0,1,0,1,0,1,0],[1,1,1,1,0,0,0,1,1,1]]"
2,328,-0.019303375825605276,0.019303375825605276,"[[1,1,0,0,1,0,1,0,1,0],[1,1,1,1,0,0,1,0,0,0]]"
2,329,-0.01920983049454842,0.01920983049454842,"[[1,1,0,0,1,0,1,0,1,0],[1,1,1,1,0,0,1,0,0,1]]"
2,330,-0.02154504726201515,0.02154504726201515,"[[1,1,0,0,1,0,1,0,1,0],[1,1,1,1,0,0,1,0,1,0]]"
2,331,-0.02190895116347085,0.02190895116347085,"[[1,1,0,0,1,0,1,0,1,0],[1,1,1,1,0,0,1,0,1,1]]"
2,332,-0.02641348988074183,0.02641348988074183,"[[1,1,0,0,1,0,1,0,1,0],[1,1,1,1,0,0,1,1,0,0]]"
2,333,-0.02652092718347345,0.02652092718347345,"[[1,1,0,0,1,0,1,0,1,0],[1,1,1,1,0,0,1,1,0,1]]"
2,334,-0.028203643354520396,0.028203643354520396,"[[1,1,0,0,1,0,1,0,1,0],[1,1,1,1,0,0,1,1,1,0]]"
2,335,-0.027925606511199304,0.027925606511199304,"[[1,1,0,0,1,0,1,0,1,0],[1,1,1,1,0,0,1,1,1,1]]"
2,336,-0.025469894119238955,0.025469894119238955,"[[1,1,0,0,1,0,1,0,1,0],[1,1,1,1,0,1,0,0,0,0]]"
2,337,-0.025034928100695,0.025034928100695,"[[1,1,0,0,1,0,1,0,1,0],[1,1,1,1,0,1,0,0,0,1]]"
2,338,-0.027862604133324247,0.027862604133324247,"[[1,1,0,0,1,0,1,0,1,0],[1,1,1,1,0,1,0,0,1,0]]"
2,339,-0.027935932986323776,0.027935932986323776,"[[1,1,0,0,1,0,1,0,1,0],[1,1,1,1,0,1,0,0,1,1]]"
2,340,-0.03247057047709908,0.03247057047709908,"[[1,1,0,0,1,0,1,0,1,0],[1,1,1,1,0,1,0,1,0,0]]"
2,341,-0.03214597454541105,0.03214597454541105,"[[1,1,0,0,1,0,1,0,1,0],[1,1,1,1,0,1,0,1,0,1]]"
2,342,-0.03472188655491891,0.03472188655491891,"[[1,1,0,0,1,0,1,0,1,0],[1,1,1,1,0,1,0,1,1,0]]"
2,343,-0.034369144484622846,0.034369144484622846,"[[1,1,0,0,1,0,1,0,1,0],[1,1,1,1,0,1,0,1,1,1]]"
2,344,-0.039247034227064825,0.039247034227064825,"[[1,1,0,0,1,0,1,0,1,0],[1,1,1,1,0,1,1,0,0,0]]"
2,345,-0.03884531098440053,0.03884531098440053,"[[1,1,0,0,1,0,1,0,1,0],[1,1,1,1,0,1,1,0,0,1]]"
2,346,-0.04158130248472336,0.04158130248472336,"[[1,1,0,0,1,0,1,0,1,0],[1,1,1,1,0,1,1,0,1,0]]"
2,347,-0.041186666495069434,0.041186666495069434,"[[1,1,0,0,1,0,1,0,1,0],[1,1,1,1,0,1,1,0,1,1]]"
2,348,-0.046440531828193604,0.046440531828193604,"[[1,1,0,0,1,0,1,0,1,0],[1,1,1,1,0,1,1,1,0,0]]"
2,349,-0.04557413068751062,0.04557413068751062,"[[1,1,0,0,1,0,1,0,1,0],[1,1,1,1,0,1,1,1,0,1]]"
2,350,-0.045900445745431534,0.045900445745431534,"[[1,1,0,0,1,0,1,0,1,0],[1,1,1,1,0,1,1,1,1,0]]"
2,351,-0.04473660149090227,0.04473660149090227,"[[1,1,0,0,1,0,1,0,1,0],[1,1,1,1,0,1,1,1,1,1]]"
2,352,-0.008760459663249698,0.008760459663249698,"[[1,1,0,0,1,0,1,0,1,1],[1,1,1,1,0,0,0,0,0,0]]"
2,353,-0.009052797819917446,0.009052797819917446,"[[1,1,0,0,1,0,1,0,1,1],[1,1,1,1,0,0,0,0,0,1]]"
2,354,-0.011283278023419763,0.011283278023419763,"[[1,1,0,0,1,0,1,0,1,1],[1,1,1,1,0,0,0,0,1,0]]"
2,355,-0.011630669028403968,0.011630669028403968,"[[1,1,0,0,1,0,1,0,1,1],[1,1,1,1,0,0,0,0,1,1]]"
2,356,-0.014443600979528142,0.014443600979528142,"[[1,1,0,0,1,0,1,0,1,1],[1,1,1,1,0,0,0,1,0,0]]"
2,357,-0.014595602274344175,0.014595602274344175,"[[1,1,0,0,1,0,1,0,1,1],[1,1,1,1,0,0,0,1,0,1]]"
2,358,-0.016883347472943906,0.016883347472943906,"[[1,1,0,0,1,0,1,0,1,1],[1,1,1,1,0,0,0,1,1,0]]"
2,359,-0.017297252618963133,0.017297252618963133,"[[1,1,0,0,1,0,1,0,1,1],[1,1,1,1,0,0,0,1,1,1]]"
2,360,-0.018741930411487064,0.018741930411487064,"[[1,1,0,0,1,0,1,0,1,1],[1,1,1,1,0,0,1,0,0,0]]"
2,361,-0.019270113692385137,0.019270113692385137,"[[1,1,0,0,1,0,1,0,1,1],[1,1,1,1,0,0,1,0,0,1]]"
2,362,-0.02140432499364351,0.02140432499364351,"[[1,1,0,0,1,0,1,0,1,1],[1,1,1,1,0,0,1,0,1,0]]"
2,363,-0.021971791333203726,0.021971791333203726,"[[1,1,0,0,1,0,1,0,1,1],[1,1,1,1,0,0,1,0,1,1]]"
2,364,-0.02599298983102521,0.02599298983102521,"[[1,1,0,0,1,0,1,0,1,1],[1,1,1,1,0,0,1,1,0,0]]"
2,365,-0.026399981516221197,0.026399981516221197,"[[1,1,0,0,1,0,1,0,1,1],[1,1,1,1,0,0,1,1,0,1]]"
2,366,-0.028501572804538883,0.028501572804538883,"[[1,1,0,0,1,0,1,0,1,1],[1,1,1,1,0,0,1,1,1,0]]"
2,367,-0.028565190281346343,0.028565190281346343,"[[1,1,0,0,1,0,1,0,1,1],[1,1,1,1,0,0,1,1,1,1]]"
2,368,-0.025008030398240847,0.025008030398240847,"[[1,1,0,0,1,0,1,0,1,1],[1,1,1,1,0,1,0,0,0,0]]"
2,369,-0.025212609423902455,0.025212609423902455,"[[1,1,0,0,1,0,1,0,1,1],[1,1,1,1,0,1,0,0,0,1]]"
2,370,-0.02771293448819351,0.02771293448819351,"[[1,1,0,0,1,0,1,0,1,1],[1,1,1,1,0,1,0,0,1,0]]"
2,371,-0.028194193900913867,0.028194193900913867,"[[1,1,0,0,1,0,1,0,1,1],[1,1,1,1,0,1,0,0,1,1]]"
2,372,-0.03203385664914812,0.03203385664914812,"[[1,1,0,0,1,0,1,0,1,1],[1,1,1,1,0,1,0,1,0,0]]"
2,373,-0.032222905347545135,0.032222905347545135,"[[1,1,0,0,1,0,1,0,1,1],[1,1,1,1,0,1,0,1,0,1]]"
2,374,-0.03493095323885875,0.03493095323885875,"[[1,1,0,0,1,0,1,0,1,1],[1,1,1,1,0,1,0,1,1,0]]"
2,375,-0.03491749489485651,0.03491749489485651,"[[1,1,0,0,1,0,1,0,1,1],[1,1,1,1,0,1,0,1,1,1]]"
2,376,-0.03889050637212074,0.03889050637212074,"[[1,1,0,0,1,0,1,0,1,1],[1,1,1,1,0,1,1,0,0,0]]"
2,377,-0.0391541879211003,0.0391541879211003,"[[1,1,0,0,1,0,1,0,1,1],[1,1,1,1,0,1,1,0,0,1]]"
2,378,-0.04161641489934656,0.04161641489934656,"[[1,1,0,0,1,0,1,0,1,1],[1,1,1,1,0,1,1,0,1,0]]"
2,379,-0.04171337358703881,0.04171337358703881,"[[1,1,0,0,1,0,1,0,1,1],[1,1,1,1,0,1,1,0,1,1]]"
2,380,-0.0462853190965153,0.0462853190965153,"[[1,1,0,0,1,0,1,0,1,1],[1,1,1,1,0,1,1,1,0,0]]"
2,381,-0.046295937157513206,0.046295937157513206,"[[1,1,0,0,1,0,1,0,1,1],[1,1,1,1,0,1,1,1,0,1]]"
2,382,-0.047683171397763645,0.047683171397763645,"[[1,1,0,0,1,0,1,0,1,1],[1,1,1,1,0,1,1,1,1,0]]"
2,383,-0.04609049883601744,0.04609049883601744,"[[1,1,0,0,1,0,1,0,1,1],[1,1,1,1,0,1,1,1,1,1]]"
2,384,-0.006486222520594933,0.006486222520594933,"[[1,1,0,0,1,0,1,1,0,0],[1,1,1,1,0,0,0,0,0,0]]"
2,385,-0.0066542701148417675,0.0066542701148417675,"[[1,1,0,0,1,0,1,1,0,0],[1,1,1,1,0,0,0,0,0,1]]"
2,386,-0.00798770453192998,0.00798770453192998,"[[1,1,0,0,1,0,1,1,0,0],[1,1,1,1,0,0,0,0,1,0]]"
2,387,-0.008474240396999585,0.008474240396999585,"[[1,1,0,0,1,0,1,1,0,0],[1,1,1,1,0,0,0,0,1,1]]"
2,388,-0.010919362063422526,0.010919362063422526,"[[1,1,0,0,1,0,1,1,0,0],[1,1,1,1,0,0,0,1,0,0]]"
2,389,-0.011297828995822982,0.011297828995822982,"[[1,1,0,0,1,0,1,1,0,0],[1,1,1,1,0,0,0,1,0,1]]"
2,390,-0.013022354193623471,0.013022354193623471,"[[1,1,0,0,1,0,1,1,0,0],[1,1,1,1,0,0,0,1,1,0]]"
2,391,-0.013433696223064782,0.013433696223064782,"[[1,1,0,0,1,0,1,1,0,0],[1,1,1,1,0,0,0,1,1,1]]"
2,392,-0.01586983465604745,0.01586983465604745,"[[1,1,0,0,1,0,1,1,0,0],[1,1,1,1,0,0,1,0,0,0]]"
2,393,-0.0162161950524649,0.0162161950524649,"[[1,1,0,0,1,0,1,1,0,0],[1,1,1,1,0,0,1,0,0,1]]"
2,394,-0.017498007698543018,0.017498007698543018,"[[1,1,0,0,1,0,1,1,0,0],[1,1,1,1,0,0,1,0,1,0]]"
2,395,-0.01791875082666571,0.01791875082666571,"[[1,1,0,0,1,0,1,1,0,0],[1,1,1,1,0,0,1,0,1,1]]"
2,396,-0.022050713813548145,0.022050713813548145,"[[1,1,0,0,1,0,1,1,0,0],[1,1,1,1,0,0,1,1,0,0]]"
2,397,-0.022684649759247586,0.022684649759247586,"[[1,1,0,0,1,0,1,1,0,0],[1,1,1,1,0,0,1,1,0,1]]"
2,398,-0.02426973889004211,0.02426973889004211,"[[1,1,0,0,1,0,1,1,0,0],[1,1,1,1,0,0,1,1,1,0]]"
2,399,-0.024407522400941916,0.024407522400941916,"[[1,1,0,0,1,0,1,1,0,0],[1,1,1,1,0,0,1,1,1,1]]"
2,400,-0.02103152156611419,0.02103152156611419,"[[1,1,0,0,1,0,1,1,0,0],[1,1,1,1,0,1,0,0,0,0]]"
2,401,-0.02137138014105866,0.02137138014105866,"[[1,1,0,0,1,0,1,1,0,0],[1,1,1,1,0,1,0,0,0,1]]"
2,402,-0.023212251130966463,0.023212251130966463,"[[1,1,0,0,1,0,1,1,0,0],[1,1,1,1,0,1,0,0,1,0]]"
2,403,-0.02374972033738061,0.02374972033738061,"[[1,1,0,0,1,0,1,1,0,0],[1,1,1,1,0,1,0,0,1,1]]"
2,404,-0.027250798065063617,0.027250798065063617,"[[1,1,0,0,1,0,1,1,0,0],[1,1,1,1,0,1,0,1,0,0]]"
2,405,-0.02785375675923642,0.02785375675923642,"[[1,1,0,0,1,0,1,1,0,0],[1,1,1,1,0,1,0,1,0,1]]"
2,406,-0.029960383451256175,0.029960383451256175,"[[1,1,0,0,1,0,1,1,0,0],[1,1,1,1,0,1,0,1,1,0]]"
2,407,-0.030408567832039254,0.030408567832039254,"[[1,1,0,0,1,0,1,1,0,0],[1,1,1,1,0,1,0,1,1,1]]"
2,408,-0.03496219241888828,0.03496219241888828,"[[1,1,0,0,1,0,1,1,0,0],[1,1,1,1,0,1,1,0,0,0]]"
2,409,-0.03540425911863132,0.03540425911863132,"[[1,1,0,0,1,0,1,1,0,0],[1,1,1,1,0,1,1,0,0,1]]"
2,410,-0.037453807797727806,0.037453807797727806,"[[1,1,0,0,1,0,1,1,0,0],[1,1,1,1,0,1,1,0,1,0]]"
2,411,-0.03776223649231144,0.03776223649231144,"[[1,1,0,0,1,0,1,1,0,0],[1,1,1,1,0,1,1,0,1,1]]"
2,412,-0.0425690400935205,0.0425690400935205,"[[1,1,0,0,1,0,1,1,0,0],[1,1,1,1,0,1,1,1,0,0]]"
2,413,-0.04300366649139123,0.04300366649139123,"[[1,1,0,0,1,0,1,1,0,0],[1,1,1,1,0,1,1,1,0,1]]"
2,414,-0.04401293373893982,0.04401293373893982,"[[1,1,0,0,1,0,1,1,0,0],[1,1,1,1,0,1,1,1,1,0]]"
2,415,-0.04343346163702825,0.04343346163702825,"[[1,1,0,0,1,0,1,1,0,0],[1,1,1,1,0,1,1,1,1,1]]"
2,416,-0.00598531237441646,0.00598531237441646,"[[1,1,0,0,1,0,1,1,0,1],[1,1,1,1,0,0,0,0,0,0]]"
2,417,-0.006299882301541922,0.006299882301541922,"[[1,1,0,0,1,0,1,1,0,1],[1,1,1,1,0,0,0,0,0,1]]"
2,418,-0.0077682807085168335,0.0077682807085168335,"[[1,1,0,0,1,0,1,1,0,1],[1,1,1,1,0,0,0,0,1,0]]"
2,419,-0.008434162664567736,0.008434162664567736,"[[1,1,0,0,1,0,1,1,0,1],[1,1,1,1,0,0,0,0,1,1]]"
2,420,-0.010755892273834748,0.010755892273834748,"[[1,1,0,0,1,0,1,1,0,1],[1,1,1,1,0,0,0,1,0,0]]"
2,421,-0.011298114069769681,0.011298114069769681,"[[1,1,0,0,1,0,1,1,0,1],[1,1,1,1,0,0,0,1,0,1]]"
2,422,-0.013077687625272207,0.013077687625272207,"[[1,1,0,0,1,0,1,1,0,1],[1,1,1,1,0,0,0,1,1,0]]"
2,423,-0.013540937248194957,0.013540937248194957,"[[1,1,0,0,1,0,1,1,0,1],[1,1,1,1,0,0,0,1,1,1]]"
2,424,-0.015350716302363166,0.015350716302363166,"[[1,1,0,0,1,0,1,1,0,1],[1,1,1,1,0,0,1,0,0,0]]"
2,425,-0.016001881461245013,0.016001881461245013,"[[1,1,0,0,1,0,1,1,0,1],[1,1,1,1,0,0,1,0,0,1]]"
2,426,-0.017625400111460944,0.017625400111460944,"[[1,1,0,0,1,0,1,1,0,1],[1,1,1,1,0,0,1,0,1,0]]"
2,427,-0.017966499861800565,0.017966499861800565,"[[1,1,0,0,1,0,1,1,0,1],[1,1,1,1,0,0,1,0,1,1]]"
2,428,-0.022026015746337727,0.022026015746337727,"[[1,1,0,0,1,0,1,1,0,1],[1,1,1,1,0,0,1,1,0,0]]"
2,429,-0.022532283550238993,0.022532283550238993,"[[1,1,0,0,1,0,1,1,0,1],[1,1,1,1,0,0,1,1,0,1]]"
2,430,-0.024711671655037085,0.024711671655037085,"[[1,1,0,0,1,0,1,1,0,1],[1,1,1,1,0,0,1,1,1,0]]"
2,431,-0.024840061103544836,0.024840061103544836,"[[1,1,0,0,1,0,1,1,0,1],[1,1,1,1,0,0,1,1,1,1]]"
2,432,-0.020470336015847735,0.020470336015847735,"[[1,1,0,0,1,0,1,1,0,1],[1,1,1,1,0,1,0,0,0,0]]"
2,433,-0.021161178777817567,0.021161178777817567,"[[1,1,0,0,1,0,1,1,0,1],[1,1,1,1,0,1,0,0,0,1]]"
2,434,-0.023180265261194623,0.023180265261194623,"[[1,1,0,0,1,0,1,1,0,1],[1,1,1,1,0,1,0,0,1,0]]"
2,435,-0.02369510311172097,0.02369510311172097,"[[1,1,0,0,1,0,1,1,0,1],[1,1,1,1,0,1,0,0,1,1]]"
2,436,-0.02737395172339961,0.02737395172339961,"[[1,1,0,0,1,0,1,1,0,1],[1,1,1,1,0,1,0,1,0,0]]"
2,437,-0.027997101701984682,0.027997101701984682,"[[1,1,0,0,1,0,1,1,0,1],[1,1,1,1,0,1,0,1,0,1]]"
2,438,-0.030100253058412175,0.030100253058412175,"[[1,1,0,0,1,0,1,1,0,1],[1,1,1,1,0,1,0,1,1,0]]"
2,439,-0.030619495757429904,0.030619495757429904,"[[1,1,0,0,1,0,1,1,0,1],[1,1,1,1,0,1,0,1,1,1]]"
2,440,-0.034394383878517926,0.034394383878517926,"[[1,1,0,0,1,0,1,1,0,1],[1,1,1,1,0,1,1,0,0,0]]"
2,441,-0.03509777639324886,0.03509777639324886,"[[1,1,0,0,1,0,1,1,0,1],[1,1,1,1,0,1,1,0,0,1]]"
2,442,-0.03762854771955952,0.03762854771955952,"[[1,1,0,0,1,0,1,1,0,1],[1,1,1,1,0,1,1,0,1,0]]"
2,443,-0.037761023154416214,0.037761023154416214,"[[1,1,0,0,1,0,1,1,0,1],[1,1,1,1,0,1,1,0,1,1]]"
2,444,-0.04308033263251804,0.04308033263251804,"[[1,1,0,0,1,0,1,1,0,1],[1,1,1,1,0,1,1,1,0,0]]"
2,445,-0.04318646516726104,0.04318646516726104,"[[1,1,0,0,1,0,1,1,0,1],[1,1,1,1,0,1,1,1,0,1]]"
2,446,-0.04457898685052762,0.04457898685052762,"[[1,1,0,0,1,0,1,1,0,1],[1,1,1,1,0,1,1,1,1,0]]"
2,447,-0.04389399867945446,0.04389399867945446,"[[1,1,0,0,1,0,1,1,0,1],[1,1,1,1,0,1,1,1,1,1]]"
2,448,-0.004588649206347452,0.004588649206347452,"[[1,1,0,0,1,0,1,1,1,0],[1,1,1,1,0,0,0,0,0,0]]"
2,449,-0.004597775476814774,0.004597775476814774,"[[1,1,0,0,1,0,1,1,1,0],[1,1,1,1,0,0,0,0,0,1]]"
2,450,-0.0057278522848768386,0.0057278522848768386,"[[1,1,0,0,1,0,1,1,1,0],[1,1,1,1,0,0,0,0,1,0]]"
2,451,-0.006057617044287338,0.006057617044287338,"[[1,1,0,0,1,0,1,1,1,0],[1,1,1,1,0,0,0,0,1,1]]"
2,452,-0.008584053863610884,0.008584053863610884,"[[1,1,0,0,1,0,1,1,1,0],[1,1,1,1,0,0,0,1,0,0]]"
2,453,-0.008698142236611667,0.008698142236611667,"[[1,1,0,0,1,0,1,1,1,0],[1,1,1,1,0,0,0,1,0,1]]"
2,454,-0.010933528157880103,0.010933528157880103,"[[1,1,0,0,1,0,1,1,1,0],[1,1,1,1,0,0,0,1,1,0]]"
2,455,-0.011107380948044063,0.011107380948044063,"[[1,1,0,0,1,0,1,1,1,0],[1,1,1,1,0,0,0,1,1,1]]"
2,456,-0.013067159835582544,0.013067159835582544,"[[1,1,0,0,1,0,1,1,1,0],[1,1,1,1,0,0,1,0,0,0]]"
2,457,-0.013324390251057522,0.013324390251057522,"[[1,1,0,0,1,0,1,1,1,0],[1,1,1,1,0,0,1,0,0,1]]"
2,458,-0.01530341801199413,0.01530341801199413,"[[1,1,0,0,1,0,1,1,1,0],[1,1,1,1,0,0,1,0,1,0]]"
2,459,-0.015694308942530117,0.015694308942530117,"[[1,1,0,0,1,0,1,1,1,0],[1,1,1,1,0,0,1,0,1,1]]"
2,460,-0.020285180333926754,0.020285180333926754,"[[1,1,0,0,1,0,1,1,1,0],[1,1,1,1,0,0,1,1,0,0]]"
2,461,-0.02022039952852268,0.02022039952852268,"[[1,1,0,0,1,0,1,1,1,0],[1,1,1,1,0,0,1,1,0,1]]"
2,462,-0.02280656834773828,0.02280656834773828,"[[1,1,0,0,1,0,1,1,1,0],[1,1,1,1,0,0,1,1,1,0]]"
2,463,-0.02327793408509127,0.02327793408509127,"[[1,1,0,0,1,0,1,1,1,0],[1,1,1,1,0,0,1,1,1,1]]"
2,464,-0.01797397724039872,0.01797397724039872,"[[1,1,0,0,1,0,1,1,1,0],[1,1,1,1,0,1,0,0,0,0]]"
2,465,-0.018100277585319284,0.018100277585319284,"[[1,1,0,0,1,0,1,1,1,0],[1,1,1,1,0,1,0,0,0,1]]"
2,466,-0.02041027935859089,0.02041027935859089,"[[1,1,0,0,1,0,1,1,1,0],[1,1,1,1,0,1,0,0,1,0]]"
2,467,-0.020867346705888464,0.020867346705888464,"[[1,1,0,0,1,0,1,1,1,0],[1,1,1,1,0,1,0,0,1,1]]"
2,468,-0.025325344800263515,0.025325344800263515,"[[1,1,0,0,1,0,1,1,1,0],[1,1,1,1,0,1,0,1,0,0]]"
2,469,-0.025216281588796154,0.025216281588796154,"[[1,1,0,0,1,0,1,1,1,0],[1,1,1,1,0,1,0,1,0,1]]"
2,470,-0.028017483994942024,0.028017483994942024,"[[1,1,0,0,1,0,1,1,1,0],[1,1,1,1,0,1,0,1,1,0]]"
2,471,-0.028378254632745067,0.028378254632745067,"[[1,1,0,0,1,0,1,1,1,0],[1,1,1,1,0,1,0,1,1,1]]"
2,472,-0.03205293473754789,0.03205293473754789,"[[1,1,0,0,1,0,1,1,1,0],[1,1,1,1,0,1,1,0,0,0]]"
2,473,-0.032521935028684466,0.032521935028684466,"[[1,1,0,0,1,0,1,1,1,0],[1,1,1,1,0,1,1,0,0,1]]"
2,474,-0.03476965921787194,0.03476965921787194,"[[1,1,0,0,1,0,1,1,1,0],[1,1,1,1,0,1,1,0,1,0]]"
2,475,-0.03532533394616232,0.03532533394616232,"[[1,1,0,0,1,0,1,1,1,0],[1,1,1,1,0,1,1,0,1,1]]"
2,476,-0.04138756190506255,0.04138756190506255,"[[1,1,0,0,1,0,1,1,1,0],[1,1,1,1,0,1,1,1,0,0]]"
2,477,-0.041405948555281444,0.041405948555281444,"[[1,1,0,0,1,0,1,1,1,0],[1,1,1,1,0,1,1,1,0,1]]"
2,478,-0.044058324366566266,0.044058324366566266,"[[1,1,0,0,1,0,1,1,1,0],[1,1,1,1,0,1,1,1,1,0]]"
2,479,-0.043887426003967674,0.043887426003967674,"[[1,1,0,0,1,0,1,1,1,0],[1,1,1,1,0,1,1,1,1,1]]"
2,480,-0.004102459112523914,0.004102459112523914,"[[1,1,0,0,1,0,1,1,1,1],[1,1,1,1,0,0,0,0,0,0]]"
2,481,-0.004223125887456052,0.004223125887456052,"[[1,1,0,0,1,0,1,1,1,1],[1,1,1,1,0,0,0,0,0,1]]"
2,482,-0.005408621093846528,0.005408621093846528,"[[1,1,0,0,1,0,1,1,1,1],[1,1,1,1,0,0,0,0,1,0]]"
2,483,-0.005748443877215562,0.005748443877215562,"[[1,1,0,0,1,0,1,1,1,1],[1,1,1,1,0,0,0,0,1,1]]"
2,484,-0.008004293994552152,0.008004293994552152,"[[1,1,0,0,1,0,1,1,1,1],[1,1,1,1,0,0,0,1,0,0]]"
2,485,-0.008367845825470671,0.008367845825470671,"[[1,1,0,0,1,0,1,1,1,1],[1,1,1,1,0,0,0,1,0,1]]"
2,486,-0.010504036258723362,0.010504036258723362,"[[1,1,0,0,1,0,1,1,1,1],[1,1,1,1,0,0,0,1,1,0]]"
2,487,-0.01118348655825799,0.01118348655825799,"[[1,1,0,0,1,0,1,1,1,1],[1,1,1,1,0,0,0,1,1,1]]"
2,488,-0.012264517371273133,0.012264517371273133,"[[1,1,0,0,1,0,1,1,1,1],[1,1,1,1,0,0,1,0,0,0]]"
2,489,-0.012685228364115059,0.012685228364115059,"[[1,1,0,0,1,0,1,1,1,1],[1,1,1,1,0,0,1,0,0,1]]"
2,490,-0.014942255914998419,0.014942255914998419,"[[1,1,0,0,1,0,1,1,1,1],[1,1,1,1,0,0,1,0,1,0]]"
2,491,-0.015607106738271355,0.015607106738271355,"[[1,1,0,0,1,0,1,1,1,1],[1,1,1,1,0,0,1,0,1,1]]"
2,492,-0.019868505066742224,0.019868505066742224,"[[1,1,0,0,1,0,1,1,1,1],[1,1,1,1,0,0,1,1,0,0]]"
2,493,-0.020252574978176986,0.020252574978176986,"[[1,1,0,0,1,0,1,1,1,1],[1,1,1,1,0,0,1,1,0,1]]"
2,494,-0.022671540513942223,0.022671540513942223,"[[1,1,0,0,1,0,1,1,1,1],[1,1,1,1,0,0,1,1,1,0]]"
2,495,-0.023424741610414385,0.023424741610414385,"[[1,1,0,0,1,0,1,1,1,1],[1,1,1,1,0,0,1,1,1,1]]"
2,496,-0.01711025439403338,0.01711025439403338,"[[1,1,0,0,1,0,1,1,1,1],[1,1,1,1,0,1,0,0,0,0]]"
2,497,-0.0175417492175698,0.0175417492175698,"[[1,1,0,0,1,0,1,1,1,1],[1,1,1,1,0,1,0,0,0,1]]"
2,498,-0.019716706492865697,0.019716706492865697,"[[1,1,0,0,1,0,1,1,1,1],[1,1,1,1,0,1,0,0,1,0]]"
2,499,-0.02056967324343827,0.02056967324343827,"[[1,1,0,0,1,0,1,1,1,1],[1,1,1,1,0,1,0,0,1,1]]"
2,500,-0.024650574945564926,0.024650574945564926,"[[1,1,0,0,1,0,1,1,1,1],[1,1,1,1,0,1,0,1,0,0]]"
2,501,-0.025034184393917323,0.025034184393917323,"[[1,1,0,0,1,0,1,1,1,1],[1,1,1,1,0,1,0,1,0,1]]"
2,502,-0.027746378538788447,0.027746378538788447,"[[1,1,0,0,1,0,1,1,1,1],[1,1,1,1,0,1,0,1,1,0]]"
2,503,-0.028522673911337226,0.028522673911337226,"[[1,1,0,0,1,0,1,1,1,1],[1,1,1,1,0,1,0,1,1,1]]"
2,504,-0.0307966214188384,0.0307966214188384,"[[1,1,0,0,1,0,1,1,1,1],[1,1,1,1,0,1,1,0,0,0]]"
2,505,-0.031771575069551215,0.031771575069551215,"[[1,1,0,0,1,0,1,1,1,1],[1,1,1,1,0,1,1,0,0,1]]"
2,506,-0.03423735087541638,0.03423735087541638,"[[1,1,0,0,1,0,1,1,1,1],[1,1,1,1,0,1,1,0,1,0]]"
2,507,-0.03500398126559465,0.03500398126559465,"[[1,1,0,0,1,0,1,1,1,1],[1,1,1,1,0,1,1,0,1,1]]"
2,508,-0.040673864847479625,0.040673864847479625,"[[1,1,0,0,1,0,1,1,1,1],[1,1,1,1,0,1,1,1,0,0]]"
2,509,-0.041213587123516186,0.041213587123516186,"[[1,1,0,0,1,0,1,1,1,1],[1,1,1,1,0,1,1,1,0,1]]"
2,510,-0.044080148673733346,0.044080148673733346,"[[1,1,0,0,1,0,1,1,1,1],[1,1,1,1,0,1,1,1,1,0]]"
2,511,-0.04434148824909823,0.04434148824909823,"[[1,1,0,0,1,0,1,1,1,1],[1,1,1,1,0,1,1,1,1,1]]"
2,512,-0.008048762511029569,0.008048762511029569,"[[1,1,0,0,1,1,0,0,0,0],[1,1,1,1,0,0,0,0,0,0]]"
2,513,-0.00792325189346373,0.00792325189346373,"[[1,1,0,0,1,1,0,0,0,0],[1,1,1,1,0,0,0,0,0,1]]"
2,514,-0.009123175788120597,0.009123175788120597,"[[1,1,0,0,1,1,0,0,0,0],[1,1,1,1,0,0,0,0,1,0]]"
2,515,-0.009383958851805867,0.009383958851805867,"[[1,1,0,0,1,1,0,0,0,0],[1,1,1,1,0,0,0,0,1,1]]"
2,516,-0.011942842528603052,0.011942842528603052,"[[1,1,0,0,1,1,0,0,0,0],[1,1,1,1,0,0,0,1,0,0]]"
2,517,-0.012287414607135047,0.012287414607135047,"[[1,1,0,0,1,1,0,0,0,0],[1,1,1,1,0,0,0,1,0,1]]"
2,518,-0.013200667692593576,0.013200667692593576,"[[1,1,0,0,1,1,0,0,0,0],[1,1,1,1,0,0,0,1,1,0]]"
2,519,-0.013179696439601324,0.013179696439601324,"[[1,1,0,0,1,1,0,0,0,0],[1,1,1,1,0,0,0,1,1,1]]"
2,520,-0.01535399354654166,0.01535399354654166,"[[1,1,0,0,1,1,0,0,0,0],[1,1,1,1,0,0,1,0,0,0]]"
2,521,-0.015701253416326923,0.015701253416326923,"[[1,1,0,0,1,1,0,0,0,0],[1,1,1,1,0,0,1,0,0,1]]"
2,522,-0.01713910487998323,0.01713910487998323,"[[1,1,0,0,1,1,0,0,0,0],[1,1,1,1,0,0,1,0,1,0]]"
2,523,-0.017292455500063163,0.017292455500063163,"[[1,1,0,0,1,1,0,0,0,0],[1,1,1,1,0,0,1,0,1,1]]"
2,524,-0.02036359808394972,0.02036359808394972,"[[1,1,0,0,1,1,0,0,0,0],[1,1,1,1,0,0,1,1,0,0]]"
2,525,-0.020583289557833232,0.020583289557833232,"[[1,1,0,0,1,1,0,0,0,0],[1,1,1,1,0,0,1,1,0,1]]"
2,526,-0.021320231387962713,0.021320231387962713,"[[1,1,0,0,1,1,0,0,0,0],[1,1,1,1,0,0,1,1,1,0]]"
2,527,-0.020452559768952258,0.020452559768952258,"[[1,1,0,0,1,1,0,0,0,0],[1,1,1,1,0,0,1,1,1,1]]"
2,528,-0.020114836489080218,0.020114836489080218,"[[1,1,0,0,1,1,0,0,0,0],[1,1,1,1,0,1,0,0,0,0]]"
2,529,-0.0202198629654451,0.0202198629654451,"[[1,1,0,0,1,1,0,0,0,0],[1,1,1,1,0,1,0,0,0,1]]"
2,530,-0.021963111097010723,0.021963111097010723,"[[1,1,0,0,1,1,0,0,0,0],[1,1,1,1,0,1,0,0,1,0]]"
2,531,-0.022204867781465226,0.022204867781465226,"[[1,1,0,0,1,1,0,0,0,0],[1,1,1,1,0,1,0,0,1,1]]"
2,532,-0.02525264737138741,0.02525264737138741,"[[1,1,0,0,1,1,0,0,0,0],[1,1,1,1,0,1,0,1,0,0]]"
2,533,-0.025514844897170028,0.025514844897170028,"[[1,1,0,0,1,1,0,0,0,0],[1,1,1,1,0,1,0,1,0,1]]"
2,534,-0.026518073183244856,0.026518073183244856,"[[1,1,0,0,1,1,0,0,0,0],[1,1,1,1,0,1,0,1,1,0]]"
2,535,-0.02598481370511795,0.02598481370511795,"[[1,1,0,0,1,1,0,0,0,0],[1,1,1,1,0,1,0,1,1,1]]"
2,536,-0.031238402585906332,0.031238402585906332,"[[1,1,0,0,1,1,0,0,0,0],[1,1,1,1,0,1,1,0,0,0]]"
2,537,-0.03139143401477304,0.03139143401477304,"[[1,1,0,0,1,1,0,0,0,0],[1,1,1,1,0,1,1,0,0,1]]"
2,538,-0.03298619807453225,0.03298619807453225,"[[1,1,0,0,1,1,0,0,0,0],[1,1,1,1,0,1,1,0,1,0]]"
2,539,-0.032764409073719684,0.032764409073719684,"[[1,1,0,0,1,1,0,0,0,0],[1,1,1,1,0,1,1,0,1,1]]"
2,540,-0.0350017628726446,0.0350017628726446,"[[1,1,0,0,1,1,0,0,0,0],[1,1,1,1,0,1,1,1,0,0]]"
2,541,-0.034375235808868275,0.034375235808868275,"[[1,1,0,0,1,1,0,0,0,0],[1,1,1,1,0,1,1,1,0,1]]"
2,542,-0.034668120043266526,0.034668120043266526,"[[1,1,0,0,1,1,0,0,0,0],[1,1,1,1,0,1,1,1,1,0]]"
2,543,-0.03203813225201585,0.03203813225201585,"[[1,1,0,0,1,1,0,0,0,0],[1,1,1,1,0,1,1,1,1,1]]"
2,544,-0.00782077751713815,0.00782077751713815,"[[1,1,0,0,1,1,0,0,0,1],[1,1,1,1,0,0,0,0,0,0]]"
2,545,-0.00801486534031848,0.00801486534031848,"[[1,1,0,0,1,1,0,0,0,1],[1,1,1,1,0,0,0,0,0,1]]"
2,546,-0.00930168815776706,0.00930168815776706,"[[1,1,0,0,1,1,0,0,0,1],[1,1,1,1,0,0,0,0,1,0]]"
2,547,-0.009562525831141495,0.009562525831141495,"[[1,1,0,0,1,1,0,0,0,1],[1,1,1,1,0,0,0,0,1,1]]"
2,548,-0.011985515588734823,0.011985515588734823,"[[1,1,0,0,1,1,0,0,0,1],[1,1,1,1,0,0,0,1,0,0]]"
2,549,-0.012324330751564782,0.012324330751564782,"[[1,1,0,0,1,1,0,0,0,1],[1,1,1,1,0,0,0,1,0,1]]"
2,550,-0.013610560027011515,0.013610560027011515,"[[1,1,0,0,1,1,0,0,0,1],[1,1,1,1,0,0,0,1,1,0]]"
2,551,-0.013711469583186942,0.013711469583186942,"[[1,1,0,0,1,1,0,0,0,1],[1,1,1,1,0,0,0,1,1,1]]"
2,552,-0.015386920486219091,0.015386920486219091,"[[1,1,0,0,1,1,0,0,0,1],[1,1,1,1,0,0,1,0,0,0]]"
2,553,-0.01587492126381737,0.01587492126381737,"[[1,1,0,0,1,1,0,0,0,1],[1,1,1,1,0,0,1,0,0,1]]"
2,554,-0.017493769676824245,0.017493769676824245,"[[1,1,0,0,1,1,0,0,0,1],[1,1,1,1,0,0,1,0,1,0]]"
2,555,-0.017619080715816453,0.017619080715816453,"[[1,1,0,0,1,1,0,0,0,1],[1,1,1,1,0,0,1,0,1,1]]"
2,556,-0.02093348379468368,0.02093348379468368,"[[1,1,0,0,1,1,0,0,0,1],[1,1,1,1,0,0,1,1,0,0]]"
2,557,-0.02109818978606476,0.02109818978606476,"[[1,1,0,0,1,1,0,0,0,1],[1,1,1,1,0,0,1,1,0,1]]"
2,558,-0.021945227148101442,0.021945227148101442,"[[1,1,0,0,1,1,0,0,0,1],[1,1,1,1,0,0,1,1,1,0]]"
2,559,-0.021488789464364003,0.021488789464364003,"[[1,1,0,0,1,1,0,0,0,1],[1,1,1,1,0,0,1,1,1,1]]"
2,560,-0.020096950498520224,0.020096950498520224,"[[1,1,0,0,1,1,0,0,0,1],[1,1,1,1,0,1,0,0,0,0]]"
2,561,-0.020379014037409174,0.020379014037409174,"[[1,1,0,0,1,1,0,0,0,1],[1,1,1,1,0,1,0,0,0,1]]"
2,562,-0.022018032788241194,0.022018032788241194,"[[1,1,0,0,1,1,0,0,0,1],[1,1,1,1,0,1,0,0,1,0]]"
2,563,-0.022457117927720174,0.022457117927720174,"[[1,1,0,0,1,1,0,0,0,1],[1,1,1,1,0,1,0,0,1,1]]"
2,564,-0.025698517222687296,0.025698517222687296,"[[1,1,0,0,1,1,0,0,0,1],[1,1,1,1,0,1,0,1,0,0]]"
2,565,-0.025914263863300008,0.025914263863300008,"[[1,1,0,0,1,1,0,0,0,1],[1,1,1,1,0,1,0,1,0,1]]"
2,566,-0.026824476814727116,0.026824476814727116,"[[1,1,0,0,1,1,0,0,0,1],[1,1,1,1,0,1,0,1,1,0]]"
2,567,-0.02675989062171026,0.02675989062171026,"[[1,1,0,0,1,1,0,0,0,1],[1,1,1,1,0,1,0,1,1,1]]"
2,568,-0.03145341069954438,0.03145341069954438,"[[1,1,0,0,1,1,0,0,0,1],[1,1,1,1,0,1,1,0,0,0]]"
2,569,-0.031874084553445155,0.031874084553445155,"[[1,1,0,0,1,1,0,0,0,1],[1,1,1,1,0,1,1,0,0,1]]"
2,570,-0.0334981001755788,0.0334981001755788,"[[1,1,0,0,1,1,0,0,0,1],[1,1,1,1,0,1,1,0,1,0]]"
2,571,-0.03325742386956584,0.03325742386956584,"[[1,1,0,0,1,1,0,0,0,1],[1,1,1,1,0,1,1,0,1,1]]"
2,572,-0.03601489685866763,0.03601489685866763,"[[1,1,0,0,1,1,0,0,0,1],[1,1,1,1,0,1,1,1,0,0]]"
2,573,-0.03556167718764723,0.03556167718764723,"[[1,1,0,0,1,1,0,0,0,1],[1,1,1,1,0,1,1,1,0,1]]"
2,574,-0.03568273570188751,0.03568273570188751,"[[1,1,0,0,1,1,0,0,0,1],[1,1,1,1,0,1,1,1,1,0]]"
2,575,-0.03418158633442329,0.03418158633442329,"[[1,1,0,0,1,1,0,0,0,1],[1,1,1,1,0,1,1,1,1,1]]"
2,576,-0.006211707892377611,0.006211707892377611,"[[1,1,0,0,1,1,0,0,1,0],[1,1,1,1,0,0,0,0,0,0]]"
2,577,-0.006249468645117823,0.006249468645117823,"[[1,1,0,0,1,1,0,0,1,0],[1,1,1,1,0,0,0,0,0,1]]"
2,578,-0.007753223165368167,0.007753223165368167,"[[1,1,0,0,1,1,0,0,1,0],[1,1,1,1,0,0,0,0,1,0]]"
2,579,-0.007916391472406014,0.007916391472406014,"[[1,1,0,0,1,1,0,0,1,0],[1,1,1,1,0,0,0,0,1,1]]"
2,580,-0.01068887396811131,0.01068887396811131,"[[1,1,0,0,1,1,0,0,1,0],[1,1,1,1,0,0,0,1,0,0]]"
2,581,-0.010722279544357796,0.010722279544357796,"[[1,1,0,0,1,1,0,0,1,0],[1,1,1,1,0,0,0,1,0,1]]"
2,582,-0.012676765788650426,0.012676765788650426,"[[1,1,0,0,1,1,0,0,1,0],[1,1,1,1,0,0,0,1,1,0]]"
2,583,-0.01282184674733716,0.01282184674733716,"[[1,1,0,0,1,1,0,0,1,0],[1,1,1,1,0,0,0,1,1,1]]"
2,584,-0.01381974836818705,0.01381974836818705,"[[1,1,0,0,1,1,0,0,1,0],[1,1,1,1,0,0,1,0,0,0]]"
2,585,-0.013950343717865455,0.013950343717865455,"[[1,1,0,0,1,1,0,0,1,0],[1,1,1,1,0,0,1,0,0,1]]"
2,586,-0.015825789471810448,0.015825789471810448,"[[1,1,0,0,1,1,0,0,1,0],[1,1,1,1,0,0,1,0,1,0]]"
2,587,-0.016343207254030694,0.016343207254030694,"[[1,1,0,0,1,1,0,0,1,0],[1,1,1,1,0,0,1,0,1,1]]"
2,588,-0.019546096834087007,0.019546096834087007,"[[1,1,0,0,1,1,0,0,1,0],[1,1,1,1,0,0,1,1,0,0]]"
2,589,-0.020072451271983267,0.020072451271983267,"[[1,1,0,0,1,1,0,0,1,0],[1,1,1,1,0,0,1,1,0,1]]"
2,590,-0.021715812273435817,0.021715812273435817,"[[1,1,0,0,1,1,0,0,1,0],[1,1,1,1,0,0,1,1,1,0]]"
2,591,-0.021632236952773946,0.021632236952773946,"[[1,1,0,0,1,1,0,0,1,0],[1,1,1,1,0,0,1,1,1,1]]"
2,592,-0.01814499917221764,0.01814499917221764,"[[1,1,0,0,1,1,0,0,1,0],[1,1,1,1,0,1,0,0,0,0]]"
2,593,-0.017933582668654205,0.017933582668654205,"[[1,1,0,0,1,1,0,0,1,0],[1,1,1,1,0,1,0,0,0,1]]"
2,594,-0.020258784671745703,0.020258784671745703,"[[1,1,0,0,1,1,0,0,1,0],[1,1,1,1,0,1,0,0,1,0]]"
2,595,-0.020722904298629673,0.020722904298629673,"[[1,1,0,0,1,1,0,0,1,0],[1,1,1,1,0,1,0,0,1,1]]"
2,596,-0.024644511098845846,0.024644511098845846,"[[1,1,0,0,1,1,0,0,1,0],[1,1,1,1,0,1,0,1,0,0]]"
2,597,-0.024866560691729843,0.024866560691729843,"[[1,1,0,0,1,1,0,0,1,0],[1,1,1,1,0,1,0,1,0,1]]"
2,598,-0.02643256557217182,0.02643256557217182,"[[1,1,0,0,1,1,0,0,1,0],[1,1,1,1,0,1,0,1,1,0]]"
2,599,-0.02627191452876448,0.02627191452876448,"[[1,1,0,0,1,1,0,0,1,0],[1,1,1,1,0,1,0,1,1,1]]"
2,600,-0.030359106769247992,0.030359106769247992,"[[1,1,0,0,1,1,0,0,1,0],[1,1,1,1,0,1,1,0,0,0]]"
2,601,-0.030237676262938846,0.030237676262938846,"[[1,1,0,0,1,1,0,0,1,0],[1,1,1,1,0,1,1,0,0,1]]"
2,602,-0.03230536051732451,0.03230536051732451,"[[1,1,0,0,1,1,0,0,1,0],[1,1,1,1,0,1,1,0,1,0]]"
2,603,-0.032186057754693215,0.032186057754693215,"[[1,1,0,0,1,1,0,0,1,0],[1,1,1,1,0,1,1,0,1,1]]"
2,604,-0.0360009877373986,0.0360009877373986,"[[1,1,0,0,1,1,0,0,1,0],[1,1,1,1,0,1,1,1,0,0]]"
2,605,-0.03592596861886797,0.03592596861886797,"[[1,1,0,0,1,1,0,0,1,0],[1,1,1,1,0,1,1,1,0,1]]"
2,606,-0.036791375496088345,0.036791375496088345,"[[1,1,0,0,1,1,0,0,1,0],[1,1,1,1,0,1,1,1,1,0]]"
2,607,-0.03598972196367811,0.03598972196367811,"[[1,1,0,0,1,1,0,0,1,0],[1,1,1,1,0,1,1,1,1,1]]"
2,608,-0.005817790876481017,0.005817790876481017,"[[1,1,0,0,1,1,0,0,1,1],[1,1,1,1,0,0,0,0,0,0]]"
2,609,-0.006215918885656868,0.006215918885656868,"[[1,1,0,0,1,1,0,0,1,1],[1,1,1,1,0,0,0,0,0,1]]"
2,610,-0.007696999167676973,0.007696999167676973,"[[1,1,0,0,1,1,0,0,1,1],[1,1,1,1,0,0,0,0,1,0]]"
2,611,-0.008046248537764276,0.008046248537764276,"[[1,1,0,0,1,1,0,0,1,1],[1,1,1,1,0,0,0,0,1,1]]"
2,612,-0.010404027215982698,0.010404027215982698,"[[1,1,0,0,1,1,0,0,1,1],[1,1,1,1,0,0,0,1,0,0]]"
2,613,-0.010857323403790855,0.010857323403790855,"[[1,1,0,0,1,1,0,0,1,1],[1,1,1,1,0,0,0,1,0,1]]"
2,614,-0.012675788169254005,0.012675788169254005,"[[1,1,0,0,1,1,0,0,1,1],[1,1,1,1,0,0,0,1,1,0]]"
2,615,-0.013121446681734032,0.013121446681734032,"[[1,1,0,0,1,1,0,0,1,1],[1,1,1,1,0,0,0,1,1,1]]"
2,616,-0.013540488324817803,0.013540488324817803,"[[1,1,0,0,1,1,0,0,1,1],[1,1,1,1,0,0,1,0,0,0]]"
2,617,-0.014046485422905325,0.014046485422905325,"[[1,1,0,0,1,1,0,0,1,1],[1,1,1,1,0,0,1,0,0,1]]"
2,618,-0.015555326628345632,0.015555326628345632,"[[1,1,0,0,1,1,0,0,1,1],[1,1,1,1,0,0,1,0,1,0]]"
2,619,-0.01628635783465952,0.01628635783465952,"[[1,1,0,0,1,1,0,0,1,1],[1,1,1,1,0,0,1,0,1,1]]"
2,620,-0.01906324958586361,0.01906324958586361,"[[1,1,0,0,1,1,0,0,1,1],[1,1,1,1,0,0,1,1,0,0]]"
2,621,-0.019960026635830835,0.019960026635830835,"[[1,1,0,0,1,1,0,0,1,1],[1,1,1,1,0,0,1,1,0,1]]"
2,622,-0.02192585870876608,0.02192585870876608,"[[1,1,0,0,1,1,0,0,1,1],[1,1,1,1,0,0,1,1,1,0]]"
2,623,-0.022199805296610857,0.022199805296610857,"[[1,1,0,0,1,1,0,0,1,1],[1,1,1,1,0,0,1,1,1,1]]"
2,624,-0.017794562395894987,0.017794562395894987,"[[1,1,0,0,1,1,0,0,1,1],[1,1,1,1,0,1,0,0,0,0]]"
2,625,-0.01819743847821749,0.01819743847821749,"[[1,1,0,0,1,1,0,0,1,1],[1,1,1,1,0,1,0,0,0,1]]"
2,626,-0.020093632297924297,0.020093632297924297,"[[1,1,0,0,1,1,0,0,1,1],[1,1,1,1,0,1,0,0,1,0]]"
2,627,-0.0207197914734276,0.0207197914734276,"[[1,1,0,0,1,1,0,0,1,1],[1,1,1,1,0,1,0,0,1,1]]"
2,628,-0.02414039403406781,0.02414039403406781,"[[1,1,0,0,1,1,0,0,1,1],[1,1,1,1,0,1,0,1,0,0]]"
2,629,-0.024807070651288878,0.024807070651288878,"[[1,1,0,0,1,1,0,0,1,1],[1,1,1,1,0,1,0,1,0,1]]"
2,630,-0.02657349490555542,0.02657349490555542,"[[1,1,0,0,1,1,0,0,1,1],[1,1,1,1,0,1,0,1,1,0]]"
2,631,-0.026821188110486026,0.026821188110486026,"[[1,1,0,0,1,1,0,0,1,1],[1,1,1,1,0,1,0,1,1,1]]"
2,632,-0.029816604323705687,0.029816604323705687,"[[1,1,0,0,1,1,0,0,1,1],[1,1,1,1,0,1,1,0,0,0]]"
2,633,-0.030385658144214078,0.030385658144214078,"[[1,1,0,0,1,1,0,0,1,1],[1,1,1,1,0,1,1,0,0,1]]"
2,634,-0.032255031648367447,0.032255031648367447,"[[1,1,0,0,1,1,0,0,1,1],[1,1,1,1,0,1,1,0,1,0]]"
2,635,-0.032611074954264636,0.032611074954264636,"[[1,1,0,0,1,1,0,0,1,1],[1,1,1,1,0,1,1,0,1,1]]"
2,636,-0.03567713995867722,0.03567713995867722,"[[1,1,0,0,1,1,0,0,1,1],[1,1,1,1,0,1,1,1,0,0]]"
2,637,-0.0362919874278769,0.0362919874278769,"[[1,1,0,0,1,1,0,0,1,1],[1,1,1,1,0,1,1,1,0,1]]"
2,638,-0.03747242152686073,0.03747242152686073,"[[1,1,0,0,1,1,0,0,1,1],[1,1,1,1,0,1,1,1,1,0]]"
2,639,-0.036925792337862584,0.036925792337862584,"[[1,1,0,0,1,1,0,0,1,1],[1,1,1,1,0,1,1,1,1,1]]"
2,640,-0.004124940162306689,0.004124940162306689,"[[1,1,0,0,1,1,0,1,0,0],[1,1,1,1,0,0,0,0,0,0]]"
2,641,-0.004243054471989464,0.004243054471989464,"[[1,1,0,0,1,1,0,1,0,0],[1,1,1,1,0,0,0,0,0,1]]"
2,642,-0.00523125247314436,0.00523125247314436,"[[1,1,0,0,1,1,0,1,0,0],[1,1,1,1,0,0,0,0,1,0]]"
2,643,-0.005495018791283027,0.005495018791283027,"[[1,1,0,0,1,1,0,1,0,0],[1,1,1,1,0,0,0,0,1,1]]"
2,644,-0.00813976648947024,0.00813976648947024,"[[1,1,0,0,1,1,0,1,0,0],[1,1,1,1,0,0,0,1,0,0]]"
2,645,-0.008318000601569547,0.008318000601569547,"[[1,1,0,0,1,1,0,1,0,0],[1,1,1,1,0,0,0,1,0,1]]"
2,646,-0.009362842552797167,0.009362842552797167,"[[1,1,0,0,1,1,0,1,0,0],[1,1,1,1,0,0,0,1,1,0]]"
2,647,-0.009634299949698394,0.009634299949698394,"[[1,1,0,0,1,1,0,1,0,0],[1,1,1,1,0,0,0,1,1,1]]"
2,648,-0.01155093602735527,0.01155093602735527,"[[1,1,0,0,1,1,0,1,0,0],[1,1,1,1,0,0,1,0,0,0]]"
2,649,-0.011725164042146432,0.011725164042146432,"[[1,1,0,0,1,1,0,1,0,0],[1,1,1,1,0,0,1,0,0,1]]"
2,650,-0.012976417436773214,0.012976417436773214,"[[1,1,0,0,1,1,0,1,0,0],[1,1,1,1,0,0,1,0,1,0]]"
2,651,-0.013246270599027549,0.013246270599027549,"[[1,1,0,0,1,1,0,1,0,0],[1,1,1,1,0,0,1,0,1,1]]"
2,652,-0.017105840503248582,0.017105840503248582,"[[1,1,0,0,1,1,0,1,0,0],[1,1,1,1,0,0,1,1,0,0]]"
2,653,-0.017627724197820455,0.017627724197820455,"[[1,1,0,0,1,1,0,1,0,0],[1,1,1,1,0,0,1,1,0,1]]"
2,654,-0.018729647788718953,0.018729647788718953,"[[1,1,0,0,1,1,0,1,0,0],[1,1,1,1,0,0,1,1,1,0]]"
2,655,-0.018692389475468526,0.018692389475468526,"[[1,1,0,0,1,1,0,1,0,0],[1,1,1,1,0,0,1,1,1,1]]"
2,656,-0.015307527018009907,0.015307527018009907,"[[1,1,0,0,1,1,0,1,0,0],[1,1,1,1,0,1,0,0,0,0]]"
2,657,-0.015537484464335337,0.015537484464335337,"[[1,1,0,0,1,1,0,1,0,0],[1,1,1,1,0,1,0,0,0,1]]"
2,658,-0.016964732626293028,0.016964732626293028,"[[1,1,0,0,1,1,0,1,0,0],[1,1,1,1,0,1,0,0,1,0]]"
2,659,-0.0173828235331083,0.0173828235331083,"[[1,1,0,0,1,1,0,1,0,0],[1,1,1,1,0,1,0,0,1,1]]"
2,660,-0.02101888543822127,0.02101888543822127,"[[1,1,0,0,1,1,0,1,0,0],[1,1,1,1,0,1,0,1,0,0]]"
2,661,-0.02156189402921023,0.02156189402921023,"[[1,1,0,0,1,1,0,1,0,0],[1,1,1,1,0,1,0,1,0,1]]"
2,662,-0.023169412709208134,0.023169412709208134,"[[1,1,0,0,1,1,0,1,0,0],[1,1,1,1,0,1,0,1,1,0]]"
2,663,-0.02340986760487835,0.02340986760487835,"[[1,1,0,0,1,1,0,1,0,0],[1,1,1,1,0,1,0,1,1,1]]"
2,664,-0.02728596393933017,0.02728596393933017,"[[1,1,0,0,1,1,0,1,0,0],[1,1,1,1,0,1,1,0,0,0]]"
2,665,-0.027783328920418522,0.027783328920418522,"[[1,1,0,0,1,1,0,1,0,0],[1,1,1,1,0,1,1,0,0,1]]"
2,666,-0.029240023927634945,0.029240023927634945,"[[1,1,0,0,1,1,0,1,0,0],[1,1,1,1,0,1,1,0,1,0]]"
2,667,-0.029608776276312154,0.029608776276312154,"[[1,1,0,0,1,1,0,1,0,0],[1,1,1,1,0,1,1,0,1,1]]"
2,668,-0.0340223281273016,0.0340223281273016,"[[1,1,0,0,1,1,0,1,0,0],[1,1,1,1,0,1,1,1,0,0]]"
2,669,-0.03444004842376446,0.03444004842376446,"[[1,1,0,0,1,1,0,1,0,0],[1,1,1,1,0,1,1,1,0,1]]"
2,670,-0.035406738828579545,0.035406738828579545,"[[1,1,0,0,1,1,0,1,0,0],[1,1,1,1,0,1,1,1,1,0]]"
2,671,-0.03469675516307368,0.03469675516307368,"[[1,1,0,0,1,1,0,1,0,0],[1,1,1,1,0,1,1,1,1,1]]"
2,672,-0.003798363339578987,0.003798363339578987,"[[1,1,0,0,1,1,0,1,0,1],[1,1,1,1,0,0,0,0,0,0]]"
2,673,-0.004109639416489019,0.004109639416489019,"[[1,1,0,0,1,1,0,1,0,1],[1,1,1,1,0,0,0,0,0,1]]"
2,674,-0.00525330073995681,0.00525330073995681,"[[1,1,0,0,1,1,0,1,0,1],[1,1,1,1,0,0,0,0,1,0]]"
2,675,-0.0055685228815173585,0.0055685228815173585,"[[1,1,0,0,1,1,0,1,0,1],[1,1,1,1,0,0,0,0,1,1]]"
2,676,-0.008053296480542286,0.008053296480542286,"[[1,1,0,0,1,1,0,1,0,1],[1,1,1,1,0,0,0,1,0,0]]"
2,677,-0.008387492382859858,0.008387492382859858,"[[1,1,0,0,1,1,0,1,0,1],[1,1,1,1,0,0,0,1,0,1]]"
2,678,-0.009582825561347963,0.009582825561347963,"[[1,1,0,0,1,1,0,1,0,1],[1,1,1,1,0,0,0,1,1,0]]"
2,679,-0.009750960746983226,0.009750960746983226,"[[1,1,0,0,1,1,0,1,0,1],[1,1,1,1,0,0,0,1,1,1]]"
2,680,-0.01125544293441189,0.01125544293441189,"[[1,1,0,0,1,1,0,1,0,1],[1,1,1,1,0,0,1,0,0,0]]"
2,681,-0.01182620002318522,0.01182620002318522,"[[1,1,0,0,1,1,0,1,0,1],[1,1,1,1,0,0,1,0,0,1]]"
2,682,-0.013335770711013675,0.013335770711013675,"[[1,1,0,0,1,1,0,1,0,1],[1,1,1,1,0,0,1,0,1,0]]"
2,683,-0.013455057534730646,0.013455057534730646,"[[1,1,0,0,1,1,0,1,0,1],[1,1,1,1,0,0,1,0,1,1]]"
2,684,-0.01697006545772255,0.01697006545772255,"[[1,1,0,0,1,1,0,1,0,1],[1,1,1,1,0,0,1,1,0,0]]"
2,685,-0.017615189289893658,0.017615189289893658,"[[1,1,0,0,1,1,0,1,0,1],[1,1,1,1,0,0,1,1,0,1]]"
2,686,-0.01917466960184209,0.01917466960184209,"[[1,1,0,0,1,1,0,1,0,1],[1,1,1,1,0,0,1,1,1,0]]"
2,687,-0.01905578973287365,0.01905578973287365,"[[1,1,0,0,1,1,0,1,0,1],[1,1,1,1,0,0,1,1,1,1]]"
2,688,-0.015019061464659011,0.015019061464659011,"[[1,1,0,0,1,1,0,1,0,1],[1,1,1,1,0,1,0,0,0,0]]"
2,689,-0.015602433818173696,0.015602433818173696,"[[1,1,0,0,1,1,0,1,0,1],[1,1,1,1,0,1,0,0,0,1]]"
2,690,-0.017245512971115314,0.017245512971115314,"[[1,1,0,0,1,1,0,1,0,1],[1,1,1,1,0,1,0,0,1,0]]"
2,691,-0.017534480684903004,0.017534480684903004,"[[1,1,0,0,1,1,0,1,0,1],[1,1,1,1,0,1,0,0,1,1]]"
2,692,-0.02122051552290632,0.02122051552290632,"[[1,1,0,0,1,1,0,1,0,1],[1,1,1,1,0,1,0,1,0,0]]"
2,693,-0.021689034237324867,0.021689034237324867,"[[1,1,0,0,1,1,0,1,0,1],[1,1,1,1,0,1,0,1,0,1]]"
2,694,-0.0234844276657655,0.0234844276657655,"[[1,1,0,0,1,1,0,1,0,1],[1,1,1,1,0,1,0,1,1,0]]"
2,695,-0.02363833609702779,0.02363833609702779,"[[1,1,0,0,1,1,0,1,0,1],[1,1,1,1,0,1,0,1,1,1]]"
2,696,-0.026892127899012137,0.026892127899012137,"[[1,1,0,0,1,1,0,1,0,1],[1,1,1,1,0,1,1,0,0,0]]"
2,697,-0.027740342134055483,0.027740342134055483,"[[1,1,0,0,1,1,0,1,0,1],[1,1,1,1,0,1,1,0,0,1]]"
2,698,-0.029634696316073385,0.029634696316073385,"[[1,1,0,0,1,1,0,1,0,1],[1,1,1,1,0,1,1,0,1,0]]"
2,699,-0.02977287351349993,0.02977287351349993,"[[1,1,0,0,1,1,0,1,0,1],[1,1,1,1,0,1,1,0,1,1]]"
2,700,-0.034092117082583626,0.034092117082583626,"[[1,1,0,0,1,1,0,1,0,1],[1,1,1,1,0,1,1,1,0,0]]"
2,701,-0.03470645864133424,0.03470645864133424,"[[1,1,0,0,1,1,0,1,0,1],[1,1,1,1,0,1,1,1,0,1]]"
2,702,-0.03601645310325575,0.03601645310325575,"[[1,1,0,0,1,1,0,1,0,1],[1,1,1,1,0,1,1,1,1,0]]"
2,703,-0.03510425456857699,0.03510425456857699,"[[1,1,0,0,1,1,0,1,0,1],[1,1,1,1,0,1,1,1,1,1]]"
2,704,-0.0025073815820228678,0.0025073815820228678,"[[1,1,0,0,1,1,0,1,1,0],[1,1,1,1,0,0,0,0,0,0]]"
2,705,-0.0025840464539889385,0.0025840464539889385,"[[1,1,0,0,1,1,0,1,1,0],[1,1,1,1,0,0,0,0,0,1]]"
2,706,-0.0036705693434907257,0.0036705693434907257,"[[1,1,0,0,1,1,0,1,1,0],[1,1,1,1,0,0,0,0,1,0]]"
2,707,-0.0039520713032654515,0.0039520713032654515,"[[1,1,0,0,1,1,0,1,1,0],[1,1,1,1,0,0,0,0,1,1]]"
2,708,-0.006312434154120088,0.006312434154120088,"[[1,1,0,0,1,1,0,1,1,0],[1,1,1,1,0,0,0,1,0,0]]"
2,709,-0.006384417626287606,0.006384417626287606,"[[1,1,0,0,1,1,0,1,1,0],[1,1,1,1,0,0,0,1,0,1]]"
2,710,-0.008140691271590273,0.008140691271590273,"[[1,1,0,0,1,1,0,1,1,0],[1,1,1,1,0,0,0,1,1,0]]"
2,711,-0.008332918333758791,0.008332918333758791,"[[1,1,0,0,1,1,0,1,1,0],[1,1,1,1,0,0,0,1,1,1]]"
2,712,-0.009130337137515402,0.009130337137515402,"[[1,1,0,0,1,1,0,1,1,0],[1,1,1,1,0,0,1,0,0,0]]"
2,713,-0.009435224343551617,0.009435224343551617,"[[1,1,0,0,1,1,0,1,1,0],[1,1,1,1,0,0,1,0,0,1]]"
2,714,-0.01114329723029834,0.01114329723029834,"[[1,1,0,0,1,1,0,1,1,0],[1,1,1,1,0,0,1,0,1,0]]"
2,715,-0.011433117729806456,0.011433117729806456,"[[1,1,0,0,1,1,0,1,1,0],[1,1,1,1,0,0,1,0,1,1]]"
2,716,-0.015437860011698048,0.015437860011698048,"[[1,1,0,0,1,1,0,1,1,0],[1,1,1,1,0,0,1,1,0,0]]"
2,717,-0.015577726752963414,0.015577726752963414,"[[1,1,0,0,1,1,0,1,1,0],[1,1,1,1,0,0,1,1,0,1]]"
2,718,-0.017778641749946672,0.017778641749946672,"[[1,1,0,0,1,1,0,1,1,0],[1,1,1,1,0,0,1,1,1,0]]"
2,719,-0.01819454272182588,0.01819454272182588,"[[1,1,0,0,1,1,0,1,1,0],[1,1,1,1,0,0,1,1,1,1]]"
2,720,-0.012784278128541562,0.012784278128541562,"[[1,1,0,0,1,1,0,1,1,0],[1,1,1,1,0,1,0,0,0,0]]"
2,721,-0.012992360240406477,0.012992360240406477,"[[1,1,0,0,1,1,0,1,1,0],[1,1,1,1,0,1,0,0,0,1]]"
2,722,-0.015011742924199996,0.015011742924199996,"[[1,1,0,0,1,1,0,1,1,0],[1,1,1,1,0,1,0,0,1,0]]"
2,723,-0.015203116923825748,0.015203116923825748,"[[1,1,0,0,1,1,0,1,1,0],[1,1,1,1,0,1,0,0,1,1]]"
2,724,-0.01939909091243875,0.01939909091243875,"[[1,1,0,0,1,1,0,1,1,0],[1,1,1,1,0,1,0,1,0,0]]"
2,725,-0.019316778075151367,0.019316778075151367,"[[1,1,0,0,1,1,0,1,1,0],[1,1,1,1,0,1,0,1,0,1]]"
2,726,-0.021586587358892434,0.021586587358892434,"[[1,1,0,0,1,1,0,1,1,0],[1,1,1,1,0,1,0,1,1,0]]"
2,727,-0.02196630468580915,0.02196630468580915,"[[1,1,0,0,1,1,0,1,1,0],[1,1,1,1,0,1,0,1,1,1]]"
2,728,-0.024807429799848017,0.024807429799848017,"[[1,1,0,0,1,1,0,1,1,0],[1,1,1,1,0,1,1,0,0,0]]"
2,729,-0.02527489752307162,0.02527489752307162,"[[1,1,0,0,1,1,0,1,1,0],[1,1,1,1,0,1,1,0,0,1]]"
2,730,-0.02747596373941849,0.02747596373941849,"[[1,1,0,0,1,1,0,1,1,0],[1,1,1,1,0,1,1,0,1,0]]"
2,731,-0.027831676479716537,0.027831676479716537,"[[1,1,0,0,1,1,0,1,1,0],[1,1,1,1,0,1,1,0,1,1]]"
2,732,-0.03311740563341003,0.03311740563341003,"[[1,1,0,0,1,1,0,1,1,0],[1,1,1,1,0,1,1,1,0,0]]"
2,733,-0.033232489368207295,0.033232489368207295,"[[1,1,0,0,1,1,0,1,1,0],[1,1,1,1,0,1,1,1,0,1]]"
2,734,-0.0352911483531853,0.0352911483531853,"[[1,1,0,0,1,1,0,1,1,0],[1,1,1,1,0,1,1,1,1,0]]"
2,735,-0.03523771152765304,0.03523771152765304,"[[1,1,0,0,1,1,0,1,1,0],[1,1,1,1,0,1,1,1,1,1]]"
2,736,-0.0021653547784263342,0.0021653547784263342,"[[1,1,0,0,1,1,0,1,1,1],[1,1,1,1,0,0,0,0,0,0]]"
2,737,-0.0022745587150388674,0.0022745587150388674,"[[1,1,0,0,1,1,0,1,1,1],[1,1,1,1,0,0,0,0,0,1]]"
2,738,-0.0034433385606716317,0.0034433385606716317,"[[1,1,0,0,1,1,0,1,1,1],[1,1,1,1,0,0,0,0,1,0]]"
2,739,-0.003798694509085053,0.003798694509085053,"[[1,1,0,0,1,1,0,1,1,1],[1,1,1,1,0,0,0,0,1,1]]"
2,740,-0.005770230655133621,0.005770230655133621,"[[1,1,0,0,1,1,0,1,1,1],[1,1,1,1,0,0,0,1,0,0]]"
2,741,-0.006133880799760455,0.006133880799760455,"[[1,1,0,0,1,1,0,1,1,1],[1,1,1,1,0,0,0,1,0,1]]"
2,742,-0.008009596635555208,0.008009596635555208,"[[1,1,0,0,1,1,0,1,1,1],[1,1,1,1,0,0,0,1,1,0]]"
2,743,-0.008437815464955974,0.008437815464955974,"[[1,1,0,0,1,1,0,1,1,1],[1,1,1,1,0,0,0,1,1,1]]"
2,744,-0.008504002487612626,0.008504002487612626,"[[1,1,0,0,1,1,0,1,1,1],[1,1,1,1,0,0,1,0,0,0]]"
2,745,-0.008995683443025714,0.008995683443025714,"[[1,1,0,0,1,1,0,1,1,1],[1,1,1,1,0,0,1,0,0,1]]"
2,746,-0.010880993996877402,0.010880993996877402,"[[1,1,0,0,1,1,0,1,1,1],[1,1,1,1,0,0,1,0,1,0]]"
2,747,-0.011519830385090175,0.011519830385090175,"[[1,1,0,0,1,1,0,1,1,1],[1,1,1,1,0,0,1,0,1,1]]"
2,748,-0.014944430694641679,0.014944430694641679,"[[1,1,0,0,1,1,0,1,1,1],[1,1,1,1,0,0,1,1,0,0]]"
2,749,-0.015466336078217261,0.015466336078217261,"[[1,1,0,0,1,1,0,1,1,1],[1,1,1,1,0,0,1,1,0,1]]"
2,750,-0.017549947899387974,0.017549947899387974,"[[1,1,0,0,1,1,0,1,1,1],[1,1,1,1,0,0,1,1,1,0]]"
2,751,-0.0182210300049867,0.0182210300049867,"[[1,1,0,0,1,1,0,1,1,1],[1,1,1,1,0,0,1,1,1,1]]"
2,752,-0.012089435918215456,0.012089435918215456,"[[1,1,0,0,1,1,0,1,1,1],[1,1,1,1,0,1,0,0,0,0]]"
2,753,-0.012404899253865224,0.012404899253865224,"[[1,1,0,0,1,1,0,1,1,1],[1,1,1,1,0,1,0,0,0,1]]"
2,754,-0.014703086424328498,0.014703086424328498,"[[1,1,0,0,1,1,0,1,1,1],[1,1,1,1,0,1,0,0,1,0]]"
2,755,-0.015192570590485281,0.015192570590485281,"[[1,1,0,0,1,1,0,1,1,1],[1,1,1,1,0,1,0,0,1,1]]"
2,756,-0.018873803657172495,0.018873803657172495,"[[1,1,0,0,1,1,0,1,1,1],[1,1,1,1,0,1,0,1,0,0]]"
2,757,-0.019295440529177504,0.019295440529177504,"[[1,1,0,0,1,1,0,1,1,1],[1,1,1,1,0,1,0,1,0,1]]"
2,758,-0.021506472029395502,0.021506472029395502,"[[1,1,0,0,1,1,0,1,1,1],[1,1,1,1,0,1,0,1,1,0]]"
2,759,-0.022080198970690246,0.022080198970690246,"[[1,1,0,0,1,1,0,1,1,1],[1,1,1,1,0,1,0,1,1,1]]"
2,760,-0.023983653142209165,0.023983653142209165,"[[1,1,0,0,1,1,0,1,1,1],[1,1,1,1,0,1,1,0,0,0]]"
2,761,-0.024760895767101908,0.024760895767101908,"[[1,1,0,0,1,1,0,1,1,1],[1,1,1,1,0,1,1,0,0,1]]"
2,762,-0.027154955822744787,0.027154955822744787,"[[1,1,0,0,1,1,0,1,1,1],[1,1,1,1,0,1,1,0,1,0]]"
2,763,-0.027675839795226365,0.027675839795226365,"[[1,1,0,0,1,1,0,1,1,1],[1,1,1,1,0,1,1,0,1,1]]"
2,764,-0.032212611634515186,0.032212611634515186,"[[1,1,0,0,1,1,0,1,1,1],[1,1,1,1,0,1,1,1,0,0]]"
2,765,-0.032896423481576134,0.032896423481576134,"[[1,1,0,0,1,1,0,1,1,1],[1,1,1,1,0,1,1,1,0,1]]"
2,766,-0.03509380071163084,0.03509380071163084,"[[1,1,0,0,1,1,0,1,1,1],[1,1,1,1,0,1,1,1,1,0]]"
2,767,-0.03541800202575153,0.03541800202575153,"[[1,1,0,0,1,1,0,1,1,1],[1,1,1,1,0,1,1,1,1,1]]"
2,768,-0.00219480296106378,0.00219480296106378,"[[1,1,0,0,1,1,1,0,0,0],[1,1,1,1,0,0,0,0,0,0]]"
2,769,-0.0023010740658268485,0.0023010740658268485,"[[1,1,0,0,1,1,1,0,0,0],[1,1,1,1,0,0,0,0,0,1]]"
2,770,-0.0031936269384942313,0.0031936269384942313,"[[1,1,0,0,1,1,1,0,0,0],[1,1,1,1,0,0,0,0,1,0]]"
2,771,-0.0033108938246356194,0.0033108938246356194,"[[1,1,0,0,1,1,1,0,0,0],[1,1,1,1,0,0,0,0,1,1]]"
2,772,-0.004680603173223991,0.004680603173223991,"[[1,1,0,0,1,1,1,0,0,0],[1,1,1,1,0,0,0,1,0,0]]"
2,773,-0.004926173598855724,0.004926173598855724,"[[1,1,0,0,1,1,1,0,0,0],[1,1,1,1,0,0,0,1,0,1]]"
2,774,-0.006063960663124171,0.006063960663124171,"[[1,1,0,0,1,1,1,0,0,0],[1,1,1,1,0,0,0,1,1,0]]"
2,775,-0.006202782859228435,0.006202782859228435,"[[1,1,0,0,1,1,1,0,0,0],[1,1,1,1,0,0,0,1,1,1]]"
2,776,-0.007502110223280234,0.007502110223280234,"[[1,1,0,0,1,1,1,0,0,0],[1,1,1,1,0,0,1,0,0,0]]"
2,777,-0.007565730880258449,0.007565730880258449,"[[1,1,0,0,1,1,1,0,0,0],[1,1,1,1,0,0,1,0,0,1]]"
2,778,-0.008799285696378702,0.008799285696378702,"[[1,1,0,0,1,1,1,0,0,0],[1,1,1,1,0,0,1,0,1,0]]"
2,779,-0.00907617340219814,0.00907617340219814,"[[1,1,0,0,1,1,1,0,0,0],[1,1,1,1,0,0,1,0,1,1]]"
2,780,-0.011623055435210949,0.011623055435210949,"[[1,1,0,0,1,1,1,0,0,0],[1,1,1,1,0,0,1,1,0,0]]"
2,781,-0.011947998136791213,0.011947998136791213,"[[1,1,0,0,1,1,1,0,0,0],[1,1,1,1,0,0,1,1,0,1]]"
2,782,-0.013134946380594412,0.013134946380594412,"[[1,1,0,0,1,1,1,0,0,0],[1,1,1,1,0,0,1,1,1,0]]"
2,783,-0.01314363152548149,0.01314363152548149,"[[1,1,0,0,1,1,1,0,0,0],[1,1,1,1,0,0,1,1,1,1]]"
2,784,-0.01080341945461245,0.01080341945461245,"[[1,1,0,0,1,1,1,0,0,0],[1,1,1,1,0,1,0,0,0,0]]"
2,785,-0.010670534863576567,0.010670534863576567,"[[1,1,0,0,1,1,1,0,0,0],[1,1,1,1,0,1,0,0,0,1]]"
2,786,-0.01233707827927457,0.01233707827927457,"[[1,1,0,0,1,1,1,0,0,0],[1,1,1,1,0,1,0,0,1,0]]"
2,787,-0.012601026707207762,0.012601026707207762,"[[1,1,0,0,1,1,1,0,0,0],[1,1,1,1,0,1,0,0,1,1]]"
2,788,-0.015092673106584058,0.015092673106584058,"[[1,1,0,0,1,1,1,0,0,0],[1,1,1,1,0,1,0,1,0,0]]"
2,789,-0.015549190183687063,0.015549190183687063,"[[1,1,0,0,1,1,1,0,0,0],[1,1,1,1,0,1,0,1,0,1]]"
2,790,-0.017087805013016828,0.017087805013016828,"[[1,1,0,0,1,1,1,0,0,0],[1,1,1,1,0,1,0,1,1,0]]"
2,791,-0.017450960314238803,0.017450960314238803,"[[1,1,0,0,1,1,1,0,0,0],[1,1,1,1,0,1,0,1,1,1]]"
2,792,-0.02065530717914326,0.02065530717914326,"[[1,1,0,0,1,1,1,0,0,0],[1,1,1,1,0,1,1,0,0,0]]"
2,793,-0.020859928091470983,0.020859928091470983,"[[1,1,0,0,1,1,1,0,0,0],[1,1,1,1,0,1,1,0,0,1]]"
2,794,-0.02276813397202883,0.02276813397202883,"[[1,1,0,0,1,1,1,0,0,0],[1,1,1,1,0,1,1,0,1,0]]"
2,795,-0.023098343623188897,0.023098343623188897,"[[1,1,0,0,1,1,1,0,0,0],[1,1,1,1,0,1,1,0,1,1]]"
2,796,-0.02635929495999412,0.02635929495999412,"[[1,1,0,0,1,1,1,0,0,0],[1,1,1,1,0,1,1,1,0,0]]"
2,797,-0.026548823876884987,0.026548823876884987,"[[1,1,0,0,1,1,1,0,0,0],[1,1,1,1,0,1,1,1,0,1]]"
2,798,-0.02782979557259492,0.02782979557259492,"[[1,1,0,0,1,1,1,0,0,0],[1,1,1,1,0,1,1,1,1,0]]"
2,799,-0.027063472709110692,0.027063472709110692,"[[1,1,0,0,1,1,1,0,0,0],[1,1,1,1,0,1,1,1,1,1]]"
2,800,-0.0019107269302106032,0.0019107269302106032,"[[1,1,0,0,1,1,1,0,0,1],[1,1,1,1,0,0,0,0,0,0]]"
2,801,-0.0021594773097766084,0.0021594773097766084,"[[1,1,0,0,1,1,1,0,0,1],[1,1,1,1,0,0,0,0,0,1]]"
2,802,-0.003169367183351075,0.003169367183351075,"[[1,1,0,0,1,1,1,0,0,1],[1,1,1,1,0,0,0,0,1,0]]"
2,803,-0.003498119835268651,0.003498119835268651,"[[1,1,0,0,1,1,1,0,0,1],[1,1,1,1,0,0,0,0,1,1]]"
2,804,-0.004635786990674104,0.004635786990674104,"[[1,1,0,0,1,1,1,0,0,1],[1,1,1,1,0,0,0,1,0,0]]"
2,805,-0.004911227378448255,0.004911227378448255,"[[1,1,0,0,1,1,1,0,0,1],[1,1,1,1,0,0,0,1,0,1]]"
2,806,-0.006080480077420286,0.006080480077420286,"[[1,1,0,0,1,1,1,0,0,1],[1,1,1,1,0,0,0,1,1,0]]"
2,807,-0.006430790157350248,0.006430790157350248,"[[1,1,0,0,1,1,1,0,0,1],[1,1,1,1,0,0,0,1,1,1]]"
2,808,-0.007372997164495799,0.007372997164495799,"[[1,1,0,0,1,1,1,0,0,1],[1,1,1,1,0,0,1,0,0,0]]"
2,809,-0.0077182530649408795,0.0077182530649408795,"[[1,1,0,0,1,1,1,0,0,1],[1,1,1,1,0,0,1,0,0,1]]"
2,810,-0.008978642996299855,0.008978642996299855,"[[1,1,0,0,1,1,1,0,0,1],[1,1,1,1,0,0,1,0,1,0]]"
2,811,-0.009227007890372839,0.009227007890372839,"[[1,1,0,0,1,1,1,0,0,1],[1,1,1,1,0,0,1,0,1,1]]"
2,812,-0.011717530344561718,0.011717530344561718,"[[1,1,0,0,1,1,1,0,0,1],[1,1,1,1,0,0,1,1,0,0]]"
2,813,-0.012002688165065067,0.012002688165065067,"[[1,1,0,0,1,1,1,0,0,1],[1,1,1,1,0,0,1,1,0,1]]"
2,814,-0.013538079319446911,0.013538079319446911,"[[1,1,0,0,1,1,1,0,0,1],[1,1,1,1,0,0,1,1,1,0]]"
2,815,-0.013709696711333326,0.013709696711333326,"[[1,1,0,0,1,1,1,0,0,1],[1,1,1,1,0,0,1,1,1,1]]"
2,816,-0.010507318292803445,0.010507318292803445,"[[1,1,0,0,1,1,1,0,0,1],[1,1,1,1,0,1,0,0,0,0]]"
2,817,-0.01089760535717137,0.01089760535717137,"[[1,1,0,0,1,1,1,0,0,1],[1,1,1,1,0,1,0,0,0,1]]"
2,818,-0.012398353231773176,0.012398353231773176,"[[1,1,0,0,1,1,1,0,0,1],[1,1,1,1,0,1,0,0,1,0]]"
2,819,-0.012805495065852652,0.012805495065852652,"[[1,1,0,0,1,1,1,0,0,1],[1,1,1,1,0,1,0,0,1,1]]"
2,820,-0.015129883719590159,0.015129883719590159,"[[1,1,0,0,1,1,1,0,0,1],[1,1,1,1,0,1,0,1,0,0]]"
2,821,-0.015560944152511545,0.015560944152511545,"[[1,1,0,0,1,1,1,0,0,1],[1,1,1,1,0,1,0,1,0,1]]"
2,822,-0.0171937786532135,0.0171937786532135,"[[1,1,0,0,1,1,1,0,0,1],[1,1,1,1,0,1,0,1,1,0]]"
2,823,-0.017783761246253253,0.017783761246253253,"[[1,1,0,0,1,1,1,0,0,1],[1,1,1,1,0,1,0,1,1,1]]"
2,824,-0.02060547341054658,0.02060547341054658,"[[1,1,0,0,1,1,1,0,0,1],[1,1,1,1,0,1,1,0,0,0]]"
2,825,-0.021033660168015902,0.021033660168015902,"[[1,1,0,0,1,1,1,0,0,1],[1,1,1,1,0,1,1,0,0,1]]"
2,826,-0.02305534209480869,0.02305534209480869,"[[1,1,0,0,1,1,1,0,0,1],[1,1,1,1,0,1,1,0,1,0]]"
2,827,-0.02343093760397101,0.02343093760397101,"[[1,1,0,0,1,1,1,0,0,1],[1,1,1,1,0,1,1,0,1,1]]"
2,828,-0.026855039838508267,0.026855039838508267,"[[1,1,0,0,1,1,1,0,0,1],[1,1,1,1,0,1,1,1,0,0]]"
2,829,-0.027037061224971227,0.027037061224971227,"[[1,1,0,0,1,1,1,0,0,1],[1,1,1,1,0,1,1,1,0,1]]"
2,830,-0.02849811845228004,0.02849811845228004,"[[1,1,0,0,1,1,1,0,0,1],[1,1,1,1,0,1,1,1,1,0]]"
2,831,-0.02817714949672717,0.02817714949672717,"[[1,1,0,0,1,1,1,0,0,1],[1,1,1,1,0,1,1,1,1,1]]"
2,832,-0.0011536972012182174,0.0011536972012182174,"[[1,1,0,0,1,1,1,0,1,0],[1,1,1,1,0,0,0,0,0,0]]"
2,833,-0.0012140945550692358,0.0012140945550692358,"[[1,1,0,0,1,1,1,0,1,0],[1,1,1,1,0,0,0,0,0,1]]"
2,834,-0.0020303236302549764,0.0020303236302549764,"[[1,1,0,0,1,1,1,0,1,0],[1,1,1,1,0,0,0,0,1,0]]"
2,835,-0.002192340905297128,0.002192340905297128,"[[1,1,0,0,1,1,1,0,1,0],[1,1,1,1,0,0,0,0,1,1]]"
2,836,-0.0037241222578709332,0.0037241222578709332,"[[1,1,0,0,1,1,1,0,1,0],[1,1,1,1,0,0,0,1,0,0]]"
2,837,-0.0038096068667619965,0.0038096068667619965,"[[1,1,0,0,1,1,1,0,1,0],[1,1,1,1,0,0,0,1,0,1]]"
2,838,-0.005143401536919221,0.005143401536919221,"[[1,1,0,0,1,1,1,0,1,0],[1,1,1,1,0,0,0,1,1,0]]"
2,839,-0.005298766930011396,0.005298766930011396,"[[1,1,0,0,1,1,1,0,1,0],[1,1,1,1,0,0,0,1,1,1]]"
2,840,-0.005773147399752571,0.005773147399752571,"[[1,1,0,0,1,1,1,0,1,0],[1,1,1,1,0,0,1,0,0,0]]"
2,841,-0.00591399347247884,0.00591399347247884,"[[1,1,0,0,1,1,1,0,1,0],[1,1,1,1,0,0,1,0,0,1]]"
2,842,-0.007599010176274765,0.007599010176274765,"[[1,1,0,0,1,1,1,0,1,0],[1,1,1,1,0,0,1,0,1,0]]"
2,843,-0.00776728389460255,0.00776728389460255,"[[1,1,0,0,1,1,1,0,1,0],[1,1,1,1,0,0,1,0,1,1]]"
2,844,-0.010615001113885076,0.010615001113885076,"[[1,1,0,0,1,1,1,0,1,0],[1,1,1,1,0,0,1,1,0,0]]"
2,845,-0.010623171624531032,0.010623171624531032,"[[1,1,0,0,1,1,1,0,1,0],[1,1,1,1,0,0,1,1,0,1]]"
2,846,-0.01245126507260526,0.01245126507260526,"[[1,1,0,0,1,1,1,0,1,0],[1,1,1,1,0,0,1,1,1,0]]"
2,847,-0.012723949716840564,0.012723949716840564,"[[1,1,0,0,1,1,1,0,1,0],[1,1,1,1,0,0,1,1,1,1]]"
2,848,-0.008792864506933104,0.008792864506933104,"[[1,1,0,0,1,1,1,0,1,0],[1,1,1,1,0,1,0,0,0,0]]"
2,849,-0.008779871160076598,0.008779871160076598,"[[1,1,0,0,1,1,1,0,1,0],[1,1,1,1,0,1,0,0,0,1]]"
2,850,-0.010632937790297153,0.010632937790297153,"[[1,1,0,0,1,1,1,0,1,0],[1,1,1,1,0,1,0,0,1,0]]"
2,851,-0.010687790962636723,0.010687790962636723,"[[1,1,0,0,1,1,1,0,1,0],[1,1,1,1,0,1,0,0,1,1]]"
2,852,-0.01405926516300507,0.01405926516300507,"[[1,1,0,0,1,1,1,0,1,0],[1,1,1,1,0,1,0,1,0,0]]"
2,853,-0.013841628580876373,0.013841628580876373,"[[1,1,0,0,1,1,1,0,1,0],[1,1,1,1,0,1,0,1,0,1]]"
2,854,-0.01603227065456497,0.01603227065456497,"[[1,1,0,0,1,1,1,0,1,0],[1,1,1,1,0,1,0,1,1,0]]"
2,855,-0.016217355537683772,0.016217355537683772,"[[1,1,0,0,1,1,1,0,1,0],[1,1,1,1,0,1,0,1,1,1]]"
2,856,-0.019151211695532622,0.019151211695532622,"[[1,1,0,0,1,1,1,0,1,0],[1,1,1,1,0,1,1,0,0,0]]"
2,857,-0.01888311866096432,0.01888311866096432,"[[1,1,0,0,1,1,1,0,1,0],[1,1,1,1,0,1,1,0,0,1]]"
2,858,-0.02125664505584889,0.02125664505584889,"[[1,1,0,0,1,1,1,0,1,0],[1,1,1,1,0,1,1,0,1,0]]"
2,859,-0.021465538426437936,0.021465538426437936,"[[1,1,0,0,1,1,1,0,1,0],[1,1,1,1,0,1,1,0,1,1]]"
2,860,-0.02596738755725064,0.02596738755725064,"[[1,1,0,0,1,1,1,0,1,0],[1,1,1,1,0,1,1,1,0,0]]"
2,861,-0.02598253694012441,0.02598253694012441,"[[1,1,0,0,1,1,1,0,1,0],[1,1,1,1,0,1,1,1,0,1]]"
2,862,-0.028013794882408197,0.028013794882408197,"[[1,1,0,0,1,1,1,0,1,0],[1,1,1,1,0,1,1,1,1,0]]"
2,863,-0.02785994169175793,0.02785994169175793,"[[1,1,0,0,1,1,1,0,1,0],[1,1,1,1,0,1,1,1,1,1]]"
2,864,-0.0009153311733956014,0.0009153311733956014,"[[1,1,0,0,1,1,1,0,1,1],[1,1,1,1,0,0,0,0,0,0]]"
2,865,-0.0010682837906736344,0.0010682837906736344,"[[1,1,0,0,1,1,1,0,1,1],[1,1,1,1,0,0,0,0,0,1]]"
2,866,-0.0018422617889730785,0.0018422617889730785,"[[1,1,0,0,1,1,1,0,1,1],[1,1,1,1,0,0,0,0,1,0]]"
2,867,-0.0021188874615733506,0.0021188874615733506,"[[1,1,0,0,1,1,1,0,1,1],[1,1,1,1,0,0,0,0,1,1]]"
2,868,-0.0033535610536357986,0.0033535610536357986,"[[1,1,0,0,1,1,1,0,1,1],[1,1,1,1,0,0,0,1,0,0]]"
2,869,-0.003585454369588283,0.003585454369588283,"[[1,1,0,0,1,1,1,0,1,1],[1,1,1,1,0,0,0,1,0,1]]"
2,870,-0.005127840748045993,0.005127840748045993,"[[1,1,0,0,1,1,1,0,1,1],[1,1,1,1,0,0,0,1,1,0]]"
2,871,-0.005373557042206604,0.005373557042206604,"[[1,1,0,0,1,1,1,0,1,1],[1,1,1,1,0,0,0,1,1,1]]"
2,872,-0.005315287710460864,0.005315287710460864,"[[1,1,0,0,1,1,1,0,1,1],[1,1,1,1,0,0,1,0,0,0]]"
2,873,-0.005751822607026696,0.005751822607026696,"[[1,1,0,0,1,1,1,0,1,1],[1,1,1,1,0,0,1,0,0,1]]"
2,874,-0.007512959428595189,0.007512959428595189,"[[1,1,0,0,1,1,1,0,1,1],[1,1,1,1,0,0,1,0,1,0]]"
2,875,-0.007921135138241546,0.007921135138241546,"[[1,1,0,0,1,1,1,0,1,1],[1,1,1,1,0,0,1,0,1,1]]"
2,876,-0.010361716885301386,0.010361716885301386,"[[1,1,0,0,1,1,1,0,1,1],[1,1,1,1,0,0,1,1,0,0]]"
2,877,-0.010718811346806429,0.010718811346806429,"[[1,1,0,0,1,1,1,0,1,1],[1,1,1,1,0,0,1,1,0,1]]"
2,878,-0.012496524558843224,0.012496524558843224,"[[1,1,0,0,1,1,1,0,1,1],[1,1,1,1,0,0,1,1,1,0]]"
2,879,-0.012961775760171159,0.012961775760171159,"[[1,1,0,0,1,1,1,0,1,1],[1,1,1,1,0,0,1,1,1,1]]"
2,880,-0.008216091329081902,0.008216091329081902,"[[1,1,0,0,1,1,1,0,1,1],[1,1,1,1,0,1,0,0,0,0]]"
2,881,-0.008590137663929902,0.008590137663929902,"[[1,1,0,0,1,1,1,0,1,1],[1,1,1,1,0,1,0,0,0,1]]"
2,882,-0.010463853914752857,0.010463853914752857,"[[1,1,0,0,1,1,1,0,1,1],[1,1,1,1,0,1,0,0,1,0]]"
2,883,-0.010888863120525233,0.010888863120525233,"[[1,1,0,0,1,1,1,0,1,1],[1,1,1,1,0,1,0,0,1,1]]"
2,884,-0.01367140109811497,0.01367140109811497,"[[1,1,0,0,1,1,1,0,1,1],[1,1,1,1,0,1,0,1,0,0]]"
2,885,-0.01389766204173813,0.01389766204173813,"[[1,1,0,0,1,1,1,0,1,1],[1,1,1,1,0,1,0,1,0,1]]"
2,886,-0.016021321652565076,0.016021321652565076,"[[1,1,0,0,1,1,1,0,1,1],[1,1,1,1,0,1,0,1,1,0]]"
2,887,-0.016412970320577917,0.016412970320577917,"[[1,1,0,0,1,1,1,0,1,1],[1,1,1,1,0,1,0,1,1,1]]"
2,888,-0.018541930118687537,0.018541930118687537,"[[1,1,0,0,1,1,1,0,1,1],[1,1,1,1,0,1,1,0,0,0]]"
2,889,-0.01897083282619147,0.01897083282619147,"[[1,1,0,0,1,1,1,0,1,1],[1,1,1,1,0,1,1,0,0,1]]"
2,890,-0.021149881622669772,0.021149881622669772,"[[1,1,0,0,1,1,1,0,1,1],[1,1,1,1,0,1,1,0,1,0]]"
2,891,-0.021738474041271404,0.021738474041271404,"[[1,1,0,0,1,1,1,0,1,1],[1,1,1,1,0,1,1,0,1,1]]"
2,892,-0.025445012473092044,0.025445012473092044,"[[1,1,0,0,1,1,1,0,1,1],[1,1,1,1,0,1,1,1,0,0]]"
2,893,-0.025940571884653197,0.025940571884653197,"[[1,1,0,0,1,1,1,0,1,1],[1,1,1,1,0,1,1,1,0,1]]"
2,894,-0.028371874208097905,0.028371874208097905,"[[1,1,0,0,1,1,1,0,1,1],[1,1,1,1,0,1,1,1,1,0]]"
2,895,-0.028419457957147558,0.028419457957147558,"[[1,1,0,0,1,1,1,0,1,1],[1,1,1,1,0,1,1,1,1,1]]"
2,896,-0.00035711672570241465,0.00035711672570241465,"[[1,1,0,0,1,1,1,1,0,0],[1,1,1,1,0,0,0,0,0,0]]"
2,897,-0.00046266419447084167,0.00046266419447084167,"[[1,1,0,0,1,1,1,1,0,0],[1,1,1,1,0,0,0,0,0,1]]"
2,898,-0.0007664412601014344,0.0007664412601014344,"[[1,1,0,0,1,1,1,1,0,0],[1,1,1,1,0,0,0,0,1,0]]"
2,899,-0.0009759200408870716,0.0009759200408870716,"[[1,1,0,0,1,1,1,1,0,0],[1,1,1,1,0,0,0,0,1,1]]"
2,900,-0.0017322084855595006,0.0017322084855595006,"[[1,1,0,0,1,1,1,1,0,0],[1,1,1,1,0,0,0,1,0,0]]"
2,901,-0.002011770412271189,0.002011770412271189,"[[1,1,0,0,1,1,1,1,0,0],[1,1,1,1,0,0,0,1,0,1]]"
2,902,-0.002837882593999959,0.002837882593999959,"[[1,1,0,0,1,1,1,1,0,0],[1,1,1,1,0,0,0,1,1,0]]"
2,903,-0.0031240758957133837,0.0031240758957133837,"[[1,1,0,0,1,1,1,1,0,0],[1,1,1,1,0,0,0,1,1,1]]"
2,904,-0.0034359183926404714,0.0034359183926404714,"[[1,1,0,0,1,1,1,1,0,0],[1,1,1,1,0,0,1,0,0,0]]"
2,905,-0.003597799080911598,0.003597799080911598,"[[1,1,0,0,1,1,1,1,0,0],[1,1,1,1,0,0,1,0,0,1]]"
2,906,-0.004579553674274071,0.004579553674274071,"[[1,1,0,0,1,1,1,1,0,0],[1,1,1,1,0,0,1,0,1,0]]"
2,907,-0.004869370783146931,0.004869370783146931,"[[1,1,0,0,1,1,1,1,0,0],[1,1,1,1,0,0,1,0,1,1]]"
2,908,-0.007387368009551897,0.007387368009551897,"[[1,1,0,0,1,1,1,1,0,0],[1,1,1,1,0,0,1,1,0,0]]"
2,909,-0.007772194642633513,0.007772194642633513,"[[1,1,0,0,1,1,1,1,0,0],[1,1,1,1,0,0,1,1,0,1]]"
2,910,-0.008815585247227588,0.008815585247227588,"[[1,1,0,0,1,1,1,1,0,0],[1,1,1,1,0,0,1,1,1,0]]"
2,911,-0.009174519482778629,0.009174519482778629,"[[1,1,0,0,1,1,1,1,0,0],[1,1,1,1,0,0,1,1,1,1]]"
2,912,-0.005806257995434716,0.005806257995434716,"[[1,1,0,0,1,1,1,1,0,0],[1,1,1,1,0,1,0,0,0,0]]"
2,913,-0.005984089958769795,0.005984089958769795,"[[1,1,0,0,1,1,1,1,0,0],[1,1,1,1,0,1,0,0,0,1]]"
2,914,-0.007263000954004285,0.007263000954004285,"[[1,1,0,0,1,1,1,1,0,0],[1,1,1,1,0,1,0,0,1,0]]"
2,915,-0.007682147092595116,0.007682147092595116,"[[1,1,0,0,1,1,1,1,0,0],[1,1,1,1,0,1,0,0,1,1]]"
2,916,-0.010185188994083176,0.010185188994083176,"[[1,1,0,0,1,1,1,1,0,0],[1,1,1,1,0,1,0,1,0,0]]"
2,917,-0.010541964876864408,0.010541964876864408,"[[1,1,0,0,1,1,1,1,0,0],[1,1,1,1,0,1,0,1,0,1]]"
2,918,-0.01199170626231197,0.01199170626231197,"[[1,1,0,0,1,1,1,1,0,0],[1,1,1,1,0,1,0,1,1,0]]"
2,919,-0.012405643935338653,0.012405643935338653,"[[1,1,0,0,1,1,1,1,0,0],[1,1,1,1,0,1,0,1,1,1]]"
2,920,-0.015596638873501545,0.015596638873501545,"[[1,1,0,0,1,1,1,1,0,0],[1,1,1,1,0,1,1,0,0,0]]"
2,921,-0.015896176781745274,0.015896176781745274,"[[1,1,0,0,1,1,1,1,0,0],[1,1,1,1,0,1,1,0,0,1]]"
2,922,-0.017422901635770774,0.017422901635770774,"[[1,1,0,0,1,1,1,1,0,0],[1,1,1,1,0,1,1,0,1,0]]"
2,923,-0.01776810869053131,0.01776810869053131,"[[1,1,0,0,1,1,1,1,0,0],[1,1,1,1,0,1,1,0,1,1]]"
2,924,-0.021717420297200137,0.021717420297200137,"[[1,1,0,0,1,1,1,1,0,0],[1,1,1,1,0,1,1,1,0,0]]"
2,925,-0.02224769723545774,0.02224769723545774,"[[1,1,0,0,1,1,1,1,0,0],[1,1,1,1,0,1,1,1,0,1]]"
2,926,-0.023771218765327,0.023771218765327,"[[1,1,0,0,1,1,1,1,0,0],[1,1,1,1,0,1,1,1,1,0]]"
2,927,-0.02413837764680298,0.02413837764680298,"[[1,1,0,0,1,1,1,1,0,0],[1,1,1,1,0,1,1,1,1,1]]"
2,928,-0.0002476312539025683,0.0002476312539025683,"[[1,1,0,0,1,1,1,1,0,1],[1,1,1,1,0,0,0,0,0,0]]"
2,929,-0.00035195387410398555,0.00035195387410398555,"[[1,1,0,0,1,1,1,1,0,1],[1,1,1,1,0,0,0,0,0,1]]"
2,930,-0.0007093223156935307,0.0007093223156935307,"[[1,1,0,0,1,1,1,1,0,1],[1,1,1,1,0,0,0,0,1,0]]"
2,931,-0.0009321994932295491,0.0009321994932295491,"[[1,1,0,0,1,1,1,1,0,1],[1,1,1,1,0,0,0,0,1,1]]"
2,932,-0.0015501825723892965,0.0015501825723892965,"[[1,1,0,0,1,1,1,1,0,1],[1,1,1,1,0,0,0,1,0,0]]"
2,933,-0.0018602616107503622,0.0018602616107503622,"[[1,1,0,0,1,1,1,1,0,1],[1,1,1,1,0,0,0,1,0,1]]"
2,934,-0.0027813943657883583,0.0027813943657883583,"[[1,1,0,0,1,1,1,1,0,1],[1,1,1,1,0,0,0,1,1,0]]"
2,935,-0.003155559861185465,0.003155559861185465,"[[1,1,0,0,1,1,1,1,0,1],[1,1,1,1,0,0,0,1,1,1]]"
2,936,-0.003094478603819582,0.003094478603819582,"[[1,1,0,0,1,1,1,1,0,1],[1,1,1,1,0,0,1,0,0,0]]"
2,937,-0.00342319015463479,0.00342319015463479,"[[1,1,0,0,1,1,1,1,0,1],[1,1,1,1,0,0,1,0,0,1]]"
2,938,-0.004673851539594219,0.004673851539594219,"[[1,1,0,0,1,1,1,1,0,1],[1,1,1,1,0,0,1,0,1,0]]"
2,939,-0.00505673955301203,0.00505673955301203,"[[1,1,0,0,1,1,1,1,0,1],[1,1,1,1,0,0,1,0,1,1]]"
2,940,-0.007331058853376674,0.007331058853376674,"[[1,1,0,0,1,1,1,1,0,1],[1,1,1,1,0,0,1,1,0,0]]"
2,941,-0.007751737952741141,0.007751737952741141,"[[1,1,0,0,1,1,1,1,0,1],[1,1,1,1,0,0,1,1,0,1]]"
2,942,-0.009070410046130717,0.009070410046130717,"[[1,1,0,0,1,1,1,1,0,1],[1,1,1,1,0,0,1,1,1,0]]"
2,943,-0.009288472061839586,0.009288472061839586,"[[1,1,0,0,1,1,1,1,0,1],[1,1,1,1,0,0,1,1,1,1]]"
2,944,-0.005417407729407237,0.005417407729407237,"[[1,1,0,0,1,1,1,1,0,1],[1,1,1,1,0,1,0,0,0,0]]"
2,945,-0.005763646505634669,0.005763646505634669,"[[1,1,0,0,1,1,1,1,0,1],[1,1,1,1,0,1,0,0,0,1]]"
2,946,-0.007128290875153101,0.007128290875153101,"[[1,1,0,0,1,1,1,1,0,1],[1,1,1,1,0,1,0,0,1,0]]"
2,947,-0.007706851360693958,0.007706851360693958,"[[1,1,0,0,1,1,1,1,0,1],[1,1,1,1,0,1,0,0,1,1]]"
2,948,-0.010012206336531684,0.010012206336531684,"[[1,1,0,0,1,1,1,1,0,1],[1,1,1,1,0,1,0,1,0,0]]"
2,949,-0.01055327235307401,0.01055327235307401,"[[1,1,0,0,1,1,1,1,0,1],[1,1,1,1,0,1,0,1,0,1]]"
2,950,-0.012071862818866469,0.012071862818866469,"[[1,1,0,0,1,1,1,1,0,1],[1,1,1,1,0,1,0,1,1,0]]"
2,951,-0.01254346441831154,0.01254346441831154,"[[1,1,0,0,1,1,1,1,0,1],[1,1,1,1,0,1,0,1,1,1]]"
2,952,-0.015025593245972491,0.015025593245972491,"[[1,1,0,0,1,1,1,1,0,1],[1,1,1,1,0,1,1,0,0,0]]"
2,953,-0.01567823486771058,0.01567823486771058,"[[1,1,0,0,1,1,1,1,0,1],[1,1,1,1,0,1,1,0,0,1]]"
2,954,-0.01764319590117478,0.01764319590117478,"[[1,1,0,0,1,1,1,1,0,1],[1,1,1,1,0,1,1,0,1,0]]"
2,955,-0.01788741947642794,0.01788741947642794,"[[1,1,0,0,1,1,1,1,0,1],[1,1,1,1,0,1,1,0,1,1]]"
2,956,-0.021694683905723395,0.021694683905723395,"[[1,1,0,0,1,1,1,1,0,1],[1,1,1,1,0,1,1,1,0,0]]"
2,957,-0.022171714942171614,0.022171714942171614,"[[1,1,0,0,1,1,1,1,0,1],[1,1,1,1,0,1,1,1,0,1]]"
2,958,-0.024192569474749136,0.024192569474749136,"[[1,1,0,0,1,1,1,1,0,1],[1,1,1,1,0,1,1,1,1,0]]"
2,959,-0.024375708666314343,0.024375708666314343,"[[1,1,0,0,1,1,1,1,0,1],[1,1,1,1,0,1,1,1,1,1]]"
2,960,-0.00011961061608348394,0.00011961061608348394,"[[1,1,0,0,1,1,1,1,1,0],[1,1,1,1,0,0,0,0,0,0]]"
2,961,-0.00011636296067893222,0.00011636296067893222,"[[1,1,0,0,1,1,1,1,1,0],[1,1,1,1,0,0,0,0,0,1]]"
2,962,-0.00026506874697771946,0.00026506874697771946,"[[1,1,0,0,1,1,1,1,1,0],[1,1,1,1,0,0,0,0,1,0]]"
2,963,-0.00033742297333359486,0.00033742297333359486,"[[1,1,0,0,1,1,1,1,1,0],[1,1,1,1,0,0,0,0,1,1]]"
2,964,-0.0008082722800665466,0.0008082722800665466,"[[1,1,0,0,1,1,1,1,1,0],[1,1,1,1,0,0,0,1,0,0]]"
2,965,-0.0009391835699887935,0.0009391835699887935,"[[1,1,0,0,1,1,1,1,1,0],[1,1,1,1,0,0,0,1,0,1]]"
2,966,-0.001675951245116333,0.001675951245116333,"[[1,1,0,0,1,1,1,1,1,0],[1,1,1,1,0,0,0,1,1,0]]"
2,967,-0.001883528632605362,0.001883528632605362,"[[1,1,0,0,1,1,1,1,1,0],[1,1,1,1,0,0,0,1,1,1]]"
2,968,-0.002013700898235701,0.002013700898235701,"[[1,1,0,0,1,1,1,1,1,0],[1,1,1,1,0,0,1,0,0,0]]"
2,969,-0.002090944353055785,0.002090944353055785,"[[1,1,0,0,1,1,1,1,1,0],[1,1,1,1,0,0,1,0,0,1]]"
2,970,-0.003076103405433309,0.003076103405433309,"[[1,1,0,0,1,1,1,1,1,0],[1,1,1,1,0,0,1,0,1,0]]"
2,971,-0.0032757550223281393,0.0032757550223281393,"[[1,1,0,0,1,1,1,1,1,0],[1,1,1,1,0,0,1,0,1,1]]"
2,972,-0.005661524800226922,0.005661524800226922,"[[1,1,0,0,1,1,1,1,1,0],[1,1,1,1,0,0,1,1,0,0]]"
2,973,-0.005843801284995587,0.005843801284995587,"[[1,1,0,0,1,1,1,1,1,0],[1,1,1,1,0,0,1,1,0,1]]"
2,974,-0.007594296926865451,0.007594296926865451,"[[1,1,0,0,1,1,1,1,1,0],[1,1,1,1,0,0,1,1,1,0]]"
2,975,-0.007799098306356751,0.007799098306356751,"[[1,1,0,0,1,1,1,1,1,0],[1,1,1,1,0,0,1,1,1,1]]"
2,976,-0.0040895386934019055,0.0040895386934019055,"[[1,1,0,0,1,1,1,1,1,0],[1,1,1,1,0,1,0,0,0,0]]"
2,977,-0.004221961421361831,0.004221961421361831,"[[1,1,0,0,1,1,1,1,1,0],[1,1,1,1,0,1,0,0,0,1]]"
2,978,-0.0052983405484785286,0.0052983405484785286,"[[1,1,0,0,1,1,1,1,1,0],[1,1,1,1,0,1,0,0,1,0]]"
2,979,-0.005552829363437945,0.005552829363437945,"[[1,1,0,0,1,1,1,1,1,0],[1,1,1,1,0,1,0,0,1,1]]"
2,980,-0.008173293109187239,0.008173293109187239,"[[1,1,0,0,1,1,1,1,1,0],[1,1,1,1,0,1,0,1,0,0]]"
2,981,-0.0082520664106926,0.0082520664106926,"[[1,1,0,0,1,1,1,1,1,0],[1,1,1,1,0,1,0,1,0,1]]"
2,982,-0.010195526211865945,0.010195526211865945,"[[1,1,0,0,1,1,1,1,1,0],[1,1,1,1,0,1,0,1,1,0]]"
2,983,-0.010416627516654776,0.010416627516654776,"[[1,1,0,0,1,1,1,1,1,0],[1,1,1,1,0,1,0,1,1,1]]"
2,984,-0.012981822719758333,0.012981822719758333,"[[1,1,0,0,1,1,1,1,1,0],[1,1,1,1,0,1,1,0,0,0]]"
2,985,-0.013180085522836959,0.013180085522836959,"[[1,1,0,0,1,1,1,1,1,0],[1,1,1,1,0,1,1,0,0,1]]"
2,986,-0.015218919782556432,0.015218919782556432,"[[1,1,0,0,1,1,1,1,1,0],[1,1,1,1,0,1,1,0,1,0]]"
2,987,-0.015493904590634912,0.015493904590634912,"[[1,1,0,0,1,1,1,1,1,0],[1,1,1,1,0,1,1,0,1,1]]"
2,988,-0.020218011632658607,0.020218011632658607,"[[1,1,0,0,1,1,1,1,1,0],[1,1,1,1,0,1,1,1,0,0]]"
2,989,-0.020052935682369755,0.020052935682369755,"[[1,1,0,0,1,1,1,1,1,0],[1,1,1,1,0,1,1,1,0,1]]"
2,990,-0.022494553707291427,0.022494553707291427,"[[1,1,0,0,1,1,1,1,1,0],[1,1,1,1,0,1,1,1,1,0]]"
2,991,-0.022766927626706613,0.022766927626706613,"[[1,1,0,0,1,1,1,1,1,0],[1,1,1,1,0,1,1,1,1,1]]"
2,992,-0.00014119205711610012,0.00014119205711610012,"[[1,1,0,0,1,1,1,1,1,1],[1,1,1,1,0,0,0,0,0,0]]"
2,993,-0.00012050511010278729,0.00012050511010278729,"[[1,1,0,0,1,1,1,1,1,1],[1,1,1,1,0,0,0,0,0,1]]"
2,994,-0.0002137873554772289,0.0002137873554772289,"[[1,1,0,0,1,1,1,1,1,1],[1,1,1,1,0,0,0,0,1,0]]"
2,995,-0.00028634180044037003,0.00028634180044037003,"[[1,1,0,0,1,1,1,1,1,1],[1,1,1,1,0,0,0,0,1,1]]"
2,996,-0.0006396148409156623,0.0006396148409156623,"[[1,1,0,0,1,1,1,1,1,1],[1,1,1,1,0,0,0,1,0,0]]"
2,997,-0.0007608114031755378,0.0007608114031755378,"[[1,1,0,0,1,1,1,1,1,1],[1,1,1,1,0,0,0,1,0,1]]"
2,998,-0.0014946293952690978,0.0014946293952690978,"[[1,1,0,0,1,1,1,1,1,1],[1,1,1,1,0,0,0,1,1,0]]"
2,999,-0.0017407791337396114,0.0017407791337396114,"[[1,1,0,0,1,1,1,1,1,1],[1,1,1,1,0,0,0,1,1,1]]"
2,1000,-0.0017280728524299463,0.0017280728524299463,"[[1,1,0,0,1,1,1,1,1,1],[1,1,1,1,0,0,1,0,0,0]]"
2,1001,-0.0018408807278006852,0.0018408807278006852,"[[1,1,0,0,1,1,1,1,1,1],[1,1,1,1,0,0,1,0,0,1]]"
2,1002,-0.0029288346337226125,0.0029288346337226125,"[[1,1,0,0,1,1,1,1,1,1],[1,1,1,1,0,0,1,0,1,0]]"
2,1003,-0.0032066442761023673,0.0032066442761023673,"[[1,1,0,0,1,1,1,1,1,1],[1,1,1,1,0,0,1,0,1,1]]"
2,1004,-0.0052688676418069635,0.0052688676418069635,"[[1,1,0,0,1,1,1,1,1,1],[1,1,1,1,0,0,1,1,0,0]]"
2,1005,-0.005594921896023081,0.005594921896023081,"[[1,1,0,0,1,1,1,1,1,1],[1,1,1,1,0,0,1,1,0,1]]"
2,1006,-0.0074640288932932165,0.0074640288932932165,"[[1,1,0,0,1,1,1,1,1,1],[1,1,1,1,0,0,1,1,1,0]]"
2,1007,-0.007909279073627732,0.007909279073627732,"[[1,1,0,0,1,1,1,1,1,1],[1,1,1,1,0,0,1,1,1,1]]"
2,1008,-0.003655712563904634,0.003655712563904634,"[[1,1,0,0,1,1,1,1,1,1],[1,1,1,1,0,1,0,0,0,0]]"
2,1009,-0.0038215322246325785,0.0038215322246325785,"[[1,1,0,0,1,1,1,1,1,1],[1,1,1,1,0,1,0,0,0,1]]"
2,1010,-0.005012629675608568,0.005012629675608568,"[[1,1,0,0,1,1,1,1,1,1],[1,1,1,1,0,1,0,0,1,0]]"
2,1011,-0.005354501189933324,0.005354501189933324,"[[1,1,0,0,1,1,1,1,1,1],[1,1,1,1,0,1,0,0,1,1]]"
2,1012,-0.007573576393989363,0.007573576393989363,"[[1,1,0,0,1,1,1,1,1,1],[1,1,1,1,0,1,0,1,0,0]]"
2,1013,-0.007912252525546984,0.007912252525546984,"[[1,1,0,0,1,1,1,1,1,1],[1,1,1,1,0,1,0,1,0,1]]"
2,1014,-0.009864714360686058,0.009864714360686058,"[[1,1,0,0,1,1,1,1,1,1],[1,1,1,1,0,1,0,1,1,0]]"
2,1015,-0.01041391636812641,0.01041391636812641,"[[1,1,0,0,1,1,1,1,1,1],[1,1,1,1,0,1,0,1,1,1]]"
2,1016,-0.01219915786491818,0.01219915786491818,"[[1,1,0,0,1,1,1,1,1,1],[1,1,1,1,0,1,1,0,0,0]]"
2,1017,-0.012627709811513909,0.012627709811513909,"[[1,1,0,0,1,1,1,1,1,1],[1,1,1,1,0,1,1,0,0,1]]"
2,1018,-0.014794796452832217,0.014794796452832217,"[[1,1,0,0,1,1,1,1,1,1],[1,1,1,1,0,1,1,0,1,0]]"
2,1019,-0.015405425789816735,0.015405425789816735,"[[1,1,0,0,1,1,1,1,1,1],[1,1,1,1,0,1,1,0,1,1]]"
2,1020,-0.019698039499723135,0.019698039499723135,"[[1,1,0,0,1,1,1,1,1,1],[1,1,1,1,0,1,1,1,0,0]]"
2,1021,-0.020005746696029753,0.020005746696029753,"[[1,1,0,0,1,1,1,1,1,1],[1,1,1,1,0,1,1,1,0,1]]"
2,1022,-0.022354455555602327,0.022354455555602327,"[[1,1,0,0,1,1,1,1,1,1],[1,1,1,1,0,1,1,1,1,0]]"
2,1023,-0.023018049152720547,0.023018049152720547,"[[1,1,0,0,1,1,1,1,1,1],[1,1,1,1,0,1,1,1,1,1]]"
3,0,-0.020846216378158474,0.020846216378158474,"[[1,1,0,0,1,0,0,0,0,0],[1,1,1,1,0,0,0,0,0,0]]"
3,1,-0.020937070177240006,0.020937070177240006,"[[1,1,0,0,1,0,0,0,0,0],[1,1,1,1,0,0,0,0,0,1]]"
3,2,-0.02239166139296805,0.02239166139296805,"[[1,1,0,0,1,0,0,0,0,0],[1,1,1,1,0,0,0,0,1,0]]"
3,3,-0.02260864546568193,0.02260864546568193,"[[1,1,0,0,1,0,0,0,0,0],[1,1,1,1,0,0,0,0,1,1]]"
3,4,-0.0252035210284172,0.0252035210284172,"[[1,1,0,0,1,0,0,0,0,0],[1,1,1,1,0,0,0,1,0,0]]"
3,5,-0.025452004553424997,0.025452004553424997,"[[1,1,0,0,1,0,0,0,0,0],[1,1,1,1,0,0,0,1,0,1]]"
3,6,-0.02656389636591894,0.02656389636591894,"[[1,1,0,0,1,0,0,0,0,0],[1,1,1,1,0,0,0,1,1,0]]"
3,7,-0.02582195026614769,0.02582195026614769,"[[1,1,0,0,1,0,0,0,0,0],[1,1,1,1,0,0,0,1,1,1]]"
3,8,-0.03107757803824371,0.03107757803824371,"[[1,1,0,0,1,0,0,0,0,0],[1,1,1,1,0,0,1,0,0,0]]"
3,9,-0.03117845379540965,0.03117845379540965,"[[1,1,0,0,1,0,0,0,0,0],[1,1,1,1,0,0,1,0,0,1]]"
3,10,-0.03249036230633438,0.03249036230633438,"[[1,1,0,0,1,0,0,0,0,0],[1,1,1,1,0,0,1,0,1,0]]"
3,11,-0.032303332771611626,0.032303332771611626,"[[1,1,0,0,1,0,0,0,0,0],[1,1,1,1,0,0,1,0,1,1]]"
3,12,-0.03492195892991929,0.03492195892991929,"[[1,1,0,0,1,0,0,0,0,0],[1,1,1,1,0,0,1,1,0,0]]"
3,13,-0.03439278546206086,0.03439278546206086,"[[1,1,0,0,1,0,0,0,0,0],[1,1,1,1,0,0,1,1,0,1]]"
3,14,-0.03511543902374309,0.03511543902374309,"[[1,1,0,0,1,0,0,0,0,0],[1,1,1,1,0,0,1,1,1,0]]"
3,15,-0.03258257717223505,0.03258257717223505,"[[1,1,0,0,1,0,0,0,0,0],[1,1,1,1,0,0,1,1,1,1]]"
3,16,-0.03633521255742806,0.03633521255742806,"[[1,1,0,0,1,0,0,0,0,0],[1,1,1,1,0,1,0,0,0,0]]"
3,17,-0.03661368123694493,0.03661368123694493,"[[1,1,0,0,1,0,0,0,0,0],[1,1,1,1,0,1,0,0,0,1]]"
3,18,-0.037901404817473734,0.037901404817473734,"[[1,1,0,0,1,0,0,0,0,0],[1,1,1,1,0,1,0,0,1,0]]"
3,19,-0.037925550711192406,0.037925550711192406,"[[1,1,0,0,1,0,0,0,0,0],[1,1,1,1,0,1,0,0,1,1]]"
3,20,-0.04023819159628629,0.04023819159628629,"[[1,1,0,0,1,0,0,0,0,0],[1,1,1,1,0,1,0,1,0,0]]"
3,21,-0.039751639235984154,0.039751639235984154,"[[1,1,0,0,1,0,0,0,0,0],[1,1,1,1,0,1,0,1,0,1]]"
3,22,-0.04071963272834358,0.04071963272834358,"[[1,1,0,0,1,0,0,0,0,0],[1,1,1,1,0,1,0,1,1,0]]"
3,23,-0.038486865837656925,0.038486865837656925,"[[1,1,0,0,1,0,0,0,0,0],[1,1,1,1,0,1,0,1,1,1]]"
3,24,-0.04626711413843733,0.04626711413843733,"[[1,1,0,0,1,0,0,0,0,0],[1,1,1,1,0,1,1,0,0,0]]"
3,25,-0.04627275291849377,0.04627275291849377,"[[1,1,0,0,1,0,0,0,0,0],[1,1,1,1,0,1,1,0,0,1]]"
3,26,-0.04777804227026192,0.04777804227026192,"[[1,1,0,0,1,0,0,0,0,0],[1,1,1,1,0,1,1,0,1,0]]"
3,27,-0.0466059143542967,0.0466059143542967,"[[1,1,0,0,1,0,0,0,0,0],[1,1,1,1,0,1,1,0,1,1]]"
3,28,-0.04853616818730381,0.04853616818730381,"[[1,1,0,0,1,0,0,0,0,0],[1,1,1,1,0,1,1,1,0,0]]"
3,29,-0.04713354197487743,0.04713354197487743,"[[1,1,0,0,1,0,0,0,0,0],[1,1,1,1,0,1,1,1,0,1]]"
3,30,-0.046123517822644546,0.046123517822644546,"[[1,1,0,0,1,0,0,0,0,0],[1,1,1,1,0,1,1,1,1,0]]"
3,31,-0.040670991257316276,0.040670991257316276,"[[1,1,0,0,1,0,0,0,0,0],[1,1,1,1,0,1,1,1,1,1]]"
3,32,-0.02091615878657478,0.02091615878657478,"[[1,1,0,0,1,0,0,0,0,1],[1,1,1,1,0,0,0,0,0,0]]"
3,33,-0.02112811366884742,0.02112811366884742,"[[1,1,0,0,1,0,0,0,0,1],[1,1,1,1,0,0,0,0,0,1]]"
3,34,-0.022648312102232657,0.022648312102232657,"[[1,1,0,0,1,0,0,0,0,1],[1,1,1,1,0,0,0,0,1,0]]"
3,35,-0.022884204909081093,0.022884204909081093,"[[1,1,0,0,1,0,0,0,0,1],[1,1,1,1,0,0,0,0,1,1]]"
3,36,-0.025738644945336616,0.025738644945336616,"[[1,1,0,0,1,0,0,0,0,1],[1,1,1,1,0,0,0,1,0,0]]"
3,37,-0.025934199950152274,0.025934199950152274,"[[1,1,0,0,1,0,0,0,0,1],[1,1,1,1,0,0,0,1,0,1]]"
3,38,-0.02693147998974795,0.02693147998974795,"[[1,1,0,0,1,0,0,0,0,1],[1,1,1,1,0,0,0,1,1,0]]"
3,39,-0.026728586948917686,0.026728586948917686,"[[1,1,0,0,1,0,0,0,0,1],[1,1,1,1,0,0,0,1,1,1]]"
3,40,-0.03143671493400391,0.03143671493400391,"[[1,1,0,0,1,0,0,0,0,1],[1,1,1,1,0,0,1,0,0,0]]"
3,41,-0.03181300979002341,0.03181300979002341,"[[1,1,0,0,1,0,0,0,0,1],[1,1,1,1,0,0,1,0,0,1]]"
3,42,-0.033097142113633446,0.033097142113633446,"[[1,1,0,0,1,0,0,0,0,1],[1,1,1,1,0,0,1,0,1,0]]"
3,43,-0.032715149708647154,0.032715149708647154,"[[1,1,0,0,1,0,0,0,0,1],[1,1,1,1,0,0,1,0,1,1]]"
3,44,-0.03612438605721819,0.03612438605721819,"[[1,1,0,0,1,0,0,0,0,1],[1,1,1,1,0,0,1,1,0,0]]"
3,45,-0.03552920930883944,0.03552920930883944,"[[1,1,0,0,1,0,0,0,0,1],[1,1,1,1,0,0,1,1,0,1]]"
3,46,-0.03614796491476388,0.03614796491476388,"[[1,1,0,0,1,0,0,0,0,1],[1,1,1,1,0,0,1,1,1,0]]"
3,47,-0.03473817339153575,0.03473817339153575,"[[1,1,0,0,1,0,0,0,0,1],[1,1,1,1,0,0,1,1,1,1]]"
3,48,-0.037337859318670376,0.037337859318670376,"[[1,1,0,0,1,0,0,0,0,1],[1,1,1,1,0,1,0,0,0,0]]"
3,49,-0.03730285636900503,0.03730285636900503,"[[1,1,0,0,1,0,0,0,0,1],[1,1,1,1,0,1,0,0,0,1]]"
3,50,-0.038660109568703326,0.038660109568703326,"[[1,1,0,0,1,0,0,0,0,1],[1,1,1,1,0,1,0,0,1,0]]"
3,51,-0.03829514037733221,0.03829514037733221,"[[1,1,0,0,1,0,0,0,0,1],[1,1,1,1,0,1,0,0,1,1]]"
3,52,-0.04196055398549077,0.04196055398549077,"[[1,1,0,0,1,0,0,0,0,1],[1,1,1,1,0,1,0,1,0,0]]"
3,53,-0.04108518755287203,0.04108518755287203,"[[1,1,0,0,1,0,0,0,0,1],[1,1,1,1,0,1,0,1,0,1]]"
3,54,-0.04199545493032247,0.04199545493032247,"[[1,1,0,0,1,0,0,0,0,1],[1,1,1,1,0,1,0,1,1,0]]"
3,55,-0.04038850900826058,0.04038850900826058,"[[1,1,0,0,1,0,0,0,0,1],[1,1,1,1,0,1,0,1,1,1]]"
3,56,-0.04860959727234837,0.04860959727234837,"[[1,1,0,0,1,0,0,0,0,1],[1,1,1,1,0,1,1,0,0,0]]"
3,57,-0.04775166251373603,0.04775166251373603,"[[1,1,0,0,1,0,0,0,0,1],[1,1,1,1,0,1,1,0,0,1]]"
3,58,-0.049457270247968255,0.049457270247968255,"[[1,1,0,0,1,0,0,0,0,1],[1,1,1,1,0,1,1,0,1,0]]"
3,59,-0.04781983762441415,0.04781983762441415,"[[1,1,0,0,1,0,0,0,0,1],[1,1,1,1,0,1,1,0,1,1]]"
3,60,-0.05100555829544136,0.05100555829544136,"[[1,1,0,0,1,0,0,0,0,1],[1,1,1,1,0,1,1,1,0,0]]"
3,61,-0.04964817018279042,0.04964817018279042,"[[1,1,0,0,1,0,0,0,0,1],[1,1,1,1,0,1,1,1,0,1]]"
3,62,-0.04914713975133434,0.04914713975133434,"[[1,1,0,0,1,0,0,0,0,1],[1,1,1,1,0,1,1,1,1,0]]"
3,63,-0.04526409284222333,0.04526409284222333,"[[1,1,0,0,1,0,0,0,0,1],[1,1,1,1,0,1,1,1,1,1]]"
3,64,-0.018757131895646914,0.018757131895646914,"[[1,1,0,0,1,0,0,0,1,0],[1,1,1,1,0,0,0,0,0,0]]"
3,65,-0.018546793282630956,0.018546793282630956,"[[1,1,0,0,1,0,0,0,1,0],[1,1,1,1,0,0,0,0,0,1]]"
3,66,-0.02087593179391083,0.02087593179391083,"[[1,1,0,0,1,0,0,0,1,0],[1,1,1,1,0,0,0,0,1,0]]"
3,67,-0.021047114796627398,0.021047114796627398,"[[1,1,0,0,1,0,0,0,1,0],[1,1,1,1,0,0,0,0,1,1]]"
3,68,-0.024775365908262136,0.024775365908262136,"[[1,1,0,0,1,0,0,0,1,0],[1,1,1,1,0,0,0,1,0,0]]"
3,69,-0.024800901276842806,0.024800901276842806,"[[1,1,0,0,1,0,0,0,1,0],[1,1,1,1,0,0,0,1,0,1]]"
3,70,-0.026352281799674346,0.026352281799674346,"[[1,1,0,0,1,0,0,0,1,0],[1,1,1,1,0,0,0,1,1,0]]"
3,71,-0.02623693389735818,0.02623693389735818,"[[1,1,0,0,1,0,0,0,1,0],[1,1,1,1,0,0,0,1,1,1]]"
3,72,-0.029959994949194223,0.029959994949194223,"[[1,1,0,0,1,0,0,0,1,0],[1,1,1,1,0,0,1,0,0,0]]"
3,73,-0.02980520344019614,0.02980520344019614,"[[1,1,0,0,1,0,0,0,1,0],[1,1,1,1,0,0,1,0,0,1]]"
3,74,-0.032040658547917655,0.032040658547917655,"[[1,1,0,0,1,0,0,0,1,0],[1,1,1,1,0,0,1,0,1,0]]"
3,75,-0.031940029118340985,0.031940029118340985,"[[1,1,0,0,1,0,0,0,1,0],[1,1,1,1,0,0,1,0,1,1]]"
3,76,-0.035907889666790364,0.035907889666790364,"[[1,1,0,0,1,0,0,0,1,0],[1,1,1,1,0,0,1,1,0,0]]"
3,77,-0.03583710635113823,0.03583710635113823,"[[1,1,0,0,1,0,0,0,1,0],[1,1,1,1,0,0,1,1,0,1]]"
3,78,-0.036672823632732575,0.036672823632732575,"[[1,1,0,0,1,0,0,0,1,0],[1,1,1,1,0,0,1,1,1,0]]"
3,79,-0.03601234626121265,0.03601234626121265,"[[1,1,0,0,1,0,0,0,1,0],[1,1,1,1,0,0,1,1,1,1]]"
3,80,-0.035702915139208126,0.035702915139208126,"[[1,1,0,0,1,0,0,0,1,0],[1,1,1,1,0,1,0,0,0,0]]"
3,81,-0.035356241497294424,0.035356241497294424,"[[1,1,0,0,1,0,0,0,1,0],[1,1,1,1,0,1,0,0,0,1]]"
3,82,-0.037517564407141275,0.037517564407141275,"[[1,1,0,0,1,0,0,0,1,0],[1,1,1,1,0,1,0,0,1,0]]"
3,83,-0.03741308922360556,0.03741308922360556,"[[1,1,0,0,1,0,0,0,1,0],[1,1,1,1,0,1,0,0,1,1]]"
3,84,-0.04226370641606228,0.04226370641606228,"[[1,1,0,0,1,0,0,0,1,0],[1,1,1,1,0,1,0,1,0,0]]"
3,85,-0.04176495432700301,0.04176495432700301,"[[1,1,0,0,1,0,0,0,1,0],[1,1,1,1,0,1,0,1,0,1]]"
3,86,-0.04234353211079057,0.04234353211079057,"[[1,1,0,0,1,0,0,0,1,0],[1,1,1,1,0,1,0,1,1,0]]"
3,87,-0.041515708614165946,0.041515708614165946,"[[1,1,0,0,1,0,0,0,1,0],[1,1,1,1,0,1,0,1,1,1]]"
3,88,-0.04755672075351183,0.04755672075351183,"[[1,1,0,0,1,0,0,0,1,0],[1,1,1,1,0,1,1,0,0,0]]"
3,89,-0.046779276634055636,0.046779276634055636,"[[1,1,0,0,1,0,0,0,1,0],[1,1,1,1,0,1,1,0,0,1]]"
3,90,-0.04876263980305933,0.04876263980305933,"[[1,1,0,0,1,0,0,0,1,0],[1,1,1,1,0,1,1,0,1,0]]"
3,91,-0.04809605455252438,0.04809605455252438,"[[1,1,0,0,1,0,0,0,1,0],[1,1,1,1,0,1,1,0,1,1]]"
3,92,-0.051146696313249744,0.051146696313249744,"[[1,1,0,0,1,0,0,0,1,0],[1,1,1,1,0,1,1,1,0,0]]"
3,93,-0.05048838979685958,0.05048838979685958,"[[1,1,0,0,1,0,0,0,1,0],[1,1,1,1,0,1,1,1,0,1]]"
3,94,-0.05006020168631161,0.05006020168631161,"[[1,1,0,0,1,0,0,0,1,0],[1,1,1,1,0,1,1,1,1,0]]"
3,95,-0.048491948448832735,0.048491948448832735,"[[1,1,0,0,1,0,0,0,1,0],[1,1,1,1,0,1,1,1,1,1]]"
3,96,-0.01836094308386247,0.01836094308386247,"[[1,1,0,0,1,0,0,0,1,1],[1,1,1,1,0,0,0,0,0,0]]"
3,97,-0.01876297022701219,0.01876297022701219,"[[1,1,0,0,1,0,0,0,1,1],[1,1,1,1,0,0,0,0,0,1]]"
3,98,-0.020829750628122434,0.020829750628122434,"[[1,1,0,0,1,0,0,0,1,1],[1,1,1,1,0,0,0,0,1,0]]"
3,99,-0.021211795762858133,0.021211795762858133,"[[1,1,0,0,1,0,0,0,1,1],[1,1,1,1,0,0,0,0,1,1]]"
3,100,-0.024291621000988292,0.024291621000988292,"[[1,1,0,0,1,0,0,0,1,1],[1,1,1,1,0,0,0,1,0,0]]"
3,101,-0.024865767110253616,0.024865767110253616,"[[1,1,0,0,1,0,0,0,1,1],[1,1,1,1,0,0,0,1,0,1]]"
3,102,-0.02659896296969208,0.02659896296969208,"[[1,1,0,0,1,0,0,0,1,1],[1,1,1,1,0,0,0,1,1,0]]"
3,103,-0.0267293829158055,0.0267293829158055,"[[1,1,0,0,1,0,0,0,1,1],[1,1,1,1,0,0,0,1,1,1]]"
3,104,-0.029534153635980692,0.029534153635980692,"[[1,1,0,0,1,0,0,0,1,1],[1,1,1,1,0,0,1,0,0,0]]"
3,105,-0.030016203793753957,0.030016203793753957,"[[1,1,0,0,1,0,0,0,1,1],[1,1,1,1,0,0,1,0,0,1]]"
3,106,-0.03191915853613844,0.03191915853613844,"[[1,1,0,0,1,0,0,0,1,1],[1,1,1,1,0,0,1,0,1,0]]"
3,107,-0.03232795427400409,0.03232795427400409,"[[1,1,0,0,1,0,0,0,1,1],[1,1,1,1,0,0,1,0,1,1]]"
3,108,-0.035579506712606096,0.035579506712606096,"[[1,1,0,0,1,0,0,0,1,1],[1,1,1,1,0,0,1,1,0,0]]"
3,109,-0.03614847856012814,0.03614847856012814,"[[1,1,0,0,1,0,0,0,1,1],[1,1,1,1,0,0,1,1,0,1]]"
3,110,-0.03742716804867471,0.03742716804867471,"[[1,1,0,0,1,0,0,0,1,1],[1,1,1,1,0,0,1,1,1,0]]"
3,111,-0.03682985421840592,0.03682985421840592,"[[1,1,0,0,1,0,0,0,1,1],[1,1,1,1,0,0,1,1,1,1]]"
3,112,-0.035499216376724284,0.035499216376724284,"[[1,1,0,0,1,0,0,0,1,1],[1,1,1,1,0,1,0,0,0,0]]"
3,113,-0.035872648822823476,0.035872648822823476,"[[1,1,0,0,1,0,0,0,1,1],[1,1,1,1,0,1,0,0,0,1]]"
3,114,-0.037911131834624336,0.037911131834624336,"[[1,1,0,0,1,0,0,0,1,1],[1,1,1,1,0,1,0,0,1,0]]"
3,115,-0.03800520910633865,0.03800520910633865,"[[1,1,0,0,1,0,0,0,1,1],[1,1,1,1,0,1,0,0,1,1]]"
3,116,-0.04211749803315615,0.04211749803315615,"[[1,1,0,0,1,0,0,0,1,1],[1,1,1,1,0,1,0,1,0,0]]"
3,117,-0.042280992837274815,0.042280992837274815,"[[1,1,0,0,1,0,0,0,1,1],[1,1,1,1,0,1,0,1,0,1]]"
3,118,-0.0434738081531734,0.0434738081531734,"[[1,1,0,0,1,0,0,0,1,1],[1,1,1,1,0,1,0,1,1,0]]"
3,119,-0.0425534575436857,0.0425534575436857,"[[1,1,0,0,1,0,0,0,1,1],[1,1,1,1,0,1,0,1,1,1]]"
3,120,-0.04862376150029249,0.04862376150029249,"[[1,1,0,0,1,0,0,0,1,1],[1,1,1,1,0,1,1,0,0,0]]"
3,121,-0.04814975272134903,0.04814975272134903,"[[1,1,0,0,1,0,0,0,1,1],[1,1,1,1,0,1,1,0,0,1]]"
3,122,-0.04994668857041031,0.04994668857041031,"[[1,1,0,0,1,0,0,0,1,1],[1,1,1,1,0,1,1,0,1,0]]"
3,123,-0.04927091256184607,0.04927091256184607,"[[1,1,0,0,1,0,0,0,1,1],[1,1,1,1,0,1,1,0,1,1]]"
3,124,-0.05241212148439961,0.05241212148439961,"[[1,1,0,0,1,0,0,0,1,1],[1,1,1,1,0,1,1,1,0,0]]"
3,125,-0.05223173461969841,0.05223173461969841,"[[1,1,0,0,1,0,0,0,1,1],[1,1,1,1,0,1,1,1,0,1]]"
3,126,-0.05263234625197892,0.05263234625197892,"[[1,1,0,0,1,0,0,0,1,1],[1,1,1,1,0,1,1,1,1,0]]"
3,127,-0.05067982167272973,0.05067982167272973,"[[1,1,0,0,1,0,0,0,1,1],[1,1,1,1,0,1,1,1,1,1]]"
3,128,-0.015553050492075384,0.015553050492075384,"[[1,1,0,0,1,0,0,1,0,0],[1,1,1,1,0,0,0,0,0,0]]"
3,129,-0.015796944933302543,0.015796944933302543,"[[1,1,0,0,1,0,0,1,0,0],[1,1,1,1,0,0,0,0,0,1]]"
3,130,-0.01711154049139429,0.01711154049139429,"[[1,1,0,0,1,0,0,1,0,0],[1,1,1,1,0,0,0,0,1,0]]"
3,131,-0.017466375182539767,0.017466375182539767,"[[1,1,0,0,1,0,0,1,0,0],[1,1,1,1,0,0,0,0,1,1]]"
3,132,-0.02120098676561802,0.02120098676561802,"[[1,1,0,0,1,0,0,1,0,0],[1,1,1,1,0,0,0,1,0,0]]"
3,133,-0.021891496566920566,0.021891496566920566,"[[1,1,0,0,1,0,0,1,0,0],[1,1,1,1,0,0,0,1,0,1]]"
3,134,-0.02322990147924586,0.02322990147924586,"[[1,1,0,0,1,0,0,1,0,0],[1,1,1,1,0,0,0,1,1,0]]"
3,135,-0.023357409037518814,0.023357409037518814,"[[1,1,0,0,1,0,0,1,0,0],[1,1,1,1,0,0,0,1,1,1]]"
3,136,-0.026712068507545678,0.026712068507545678,"[[1,1,0,0,1,0,0,1,0,0],[1,1,1,1,0,0,1,0,0,0]]"
3,137,-0.027353215036501056,0.027353215036501056,"[[1,1,0,0,1,0,0,1,0,0],[1,1,1,1,0,0,1,0,0,1]]"
3,138,-0.028864617974923158,0.028864617974923158,"[[1,1,0,0,1,0,0,1,0,0],[1,1,1,1,0,0,1,0,1,0]]"
3,139,-0.02907101927780996,0.02907101927780996,"[[1,1,0,0,1,0,0,1,0,0],[1,1,1,1,0,0,1,0,1,1]]"
3,140,-0.03373145375664102,0.03373145375664102,"[[1,1,0,0,1,0,0,1,0,0],[1,1,1,1,0,0,1,1,0,0]]"
3,141,-0.03400950246873444,0.03400950246873444,"[[1,1,0,0,1,0,0,1,0,0],[1,1,1,1,0,0,1,1,0,1]]"
3,142,-0.03495251679603884,0.03495251679603884,"[[1,1,0,0,1,0,0,1,0,0],[1,1,1,1,0,0,1,1,1,0]]"
3,143,-0.03392434631764072,0.03392434631764072,"[[1,1,0,0,1,0,0,1,0,0],[1,1,1,1,0,0,1,1,1,1]]"
3,144,-0.031785244738327535,0.031785244738327535,"[[1,1,0,0,1,0,0,1,0,0],[1,1,1,1,0,1,0,0,0,0]]"
3,145,-0.032198191374867194,0.032198191374867194,"[[1,1,0,0,1,0,0,1,0,0],[1,1,1,1,0,1,0,0,0,1]]"
3,146,-0.03396617674722265,0.03396617674722265,"[[1,1,0,0,1,0,0,1,0,0],[1,1,1,1,0,1,0,0,1,0]]"
3,147,-0.03432442614608236,0.03432442614608236,"[[1,1,0,0,1,0,0,1,0,0],[1,1,1,1,0,1,0,0,1,1]]"
3,148,-0.038307586740091125,0.038307586740091125,"[[1,1,0,0,1,0,0,1,0,0],[1,1,1,1,0,1,0,1,0,0]]"
3,149,-0.03890784264888322,0.03890784264888322,"[[1,1,0,0,1,0,0,1,0,0],[1,1,1,1,0,1,0,1,0,1]]"
3,150,-0.04002469768866889,0.04002469768866889,"[[1,1,0,0,1,0,0,1,0,0],[1,1,1,1,0,1,0,1,1,0]]"
3,151,-0.039515240183080065,0.039515240183080065,"[[1,1,0,0,1,0,0,1,0,0],[1,1,1,1,0,1,0,1,1,1]]"
3,152,-0.04521480536498789,0.04521480536498789,"[[1,1,0,0,1,0,0,1,0,0],[1,1,1,1,0,1,1,0,0,0]]"
3,153,-0.04536337164138331,0.04536337164138331,"[[1,1,0,0,1,0,0,1,0,0],[1,1,1,1,0,1,1,0,0,1]]"
3,154,-0.04730641907338713,0.04730641907338713,"[[1,1,0,0,1,0,0,1,0,0],[1,1,1,1,0,1,1,0,1,0]]"
3,155,-0.046416827496772714,0.046416827496772714,"[[1,1,0,0,1,0,0,1,0,0],[1,1,1,1,0,1,1,0,1,1]]"
3,156,-0.05021665360871359,0.05021665360871359,"[[1,1,0,0,1,0,0,1,0,0],[1,1,1,1,0,1,1,1,0,0]]"
3,157,-0.05000682678346522,0.05000682678346522,"[[1,1,0,0,1,0,0,1,0,0],[1,1,1,1,0,1,1,1,0,1]]"
3,158,-0.05110771539336447,0.05110771539336447,"[[1,1,0,0,1,0,0,1,0,0],[1,1,1,1,0,1,1,1,1,0]]"
3,159,-0.04879809318136249,0.04879809318136249,"[[1,1,0,0,1,0,0,1,0,0],[1,1,1,1,0,1,1,1,1,1]]"
3,160,-0.01536234725446383,0.01536234725446383,"[[1,1,0,0,1,0,0,1,0,1],[1,1,1,1,0,0,0,0,0,0]]"
3,161,-0.015825508821846964,0.015825508821846964,"[[1,1,0,0,1,0,0,1,0,1],[1,1,1,1,0,0,0,0,0,1]]"
3,162,-0.017435824414577833,0.017435824414577833,"[[1,1,0,0,1,0,0,1,0,1],[1,1,1,1,0,0,0,0,1,0]]"
3,163,-0.01764777286790076,0.01764777286790076,"[[1,1,0,0,1,0,0,1,0,1],[1,1,1,1,0,0,0,0,1,1]]"
3,164,-0.02131541229889332,0.02131541229889332,"[[1,1,0,0,1,0,0,1,0,1],[1,1,1,1,0,0,0,1,0,0]]"
3,165,-0.021882981399143624,0.021882981399143624,"[[1,1,0,0,1,0,0,1,0,1],[1,1,1,1,0,0,0,1,0,1]]"
3,166,-0.023554193016775412,0.023554193016775412,"[[1,1,0,0,1,0,0,1,0,1],[1,1,1,1,0,0,0,1,1,0]]"
3,167,-0.023645878298810593,0.023645878298810593,"[[1,1,0,0,1,0,0,1,0,1],[1,1,1,1,0,0,0,1,1,1]]"
3,168,-0.026333847920039125,0.026333847920039125,"[[1,1,0,0,1,0,0,1,0,1],[1,1,1,1,0,0,1,0,0,0]]"
3,169,-0.02723216400836126,0.02723216400836126,"[[1,1,0,0,1,0,0,1,0,1],[1,1,1,1,0,0,1,0,0,1]]"
3,170,-0.02924718376843082,0.02924718376843082,"[[1,1,0,0,1,0,0,1,0,1],[1,1,1,1,0,0,1,0,1,0]]"
3,171,-0.029429202502339886,0.029429202502339886,"[[1,1,0,0,1,0,0,1,0,1],[1,1,1,1,0,0,1,0,1,1]]"
3,172,-0.033761317402134304,0.033761317402134304,"[[1,1,0,0,1,0,0,1,0,1],[1,1,1,1,0,0,1,1,0,0]]"
3,173,-0.03429642982763726,0.03429642982763726,"[[1,1,0,0,1,0,0,1,0,1],[1,1,1,1,0,0,1,1,0,1]]"
3,174,-0.03541295087229828,0.03541295087229828,"[[1,1,0,0,1,0,0,1,0,1],[1,1,1,1,0,0,1,1,1,0]]"
3,175,-0.03442264507981671,0.03442264507981671,"[[1,1,0,0,1,0,0,1,0,1],[1,1,1,1,0,0,1,1,1,1]]"
3,176,-0.03157717080788375,0.03157717080788375,"[[1,1,0,0,1,0,0,1,0,1],[1,1,1,1,0,1,0,0,0,0]]"
3,177,-0.03215308336228393,0.03215308336228393,"[[1,1,0,0,1,0,0,1,0,1],[1,1,1,1,0,1,0,0,0,1]]"
3,178,-0.03444431893892717,0.03444431893892717,"[[1,1,0,0,1,0,0,1,0,1],[1,1,1,1,0,1,0,0,1,0]]"
3,179,-0.03454408411505094,0.03454408411505094,"[[1,1,0,0,1,0,0,1,0,1],[1,1,1,1,0,1,0,0,1,1]]"
3,180,-0.03909767180354292,0.03909767180354292,"[[1,1,0,0,1,0,0,1,0,1],[1,1,1,1,0,1,0,1,0,0]]"
3,181,-0.039156092443024905,0.039156092443024905,"[[1,1,0,0,1,0,0,1,0,1],[1,1,1,1,0,1,0,1,0,1]]"
3,182,-0.040574581495023895,0.040574581495023895,"[[1,1,0,0,1,0,0,1,0,1],[1,1,1,1,0,1,0,1,1,0]]"
3,183,-0.03981690209298931,0.03981690209298931,"[[1,1,0,0,1,0,0,1,0,1],[1,1,1,1,0,1,0,1,1,1]]"
3,184,-0.04538635189946365,0.04538635189946365,"[[1,1,0,0,1,0,0,1,0,1],[1,1,1,1,0,1,1,0,0,0]]"
3,185,-0.0458326572136609,0.0458326572136609,"[[1,1,0,0,1,0,0,1,0,1],[1,1,1,1,0,1,1,0,0,1]]"
3,186,-0.04804104494290136,0.04804104494290136,"[[1,1,0,0,1,0,0,1,0,1],[1,1,1,1,0,1,1,0,1,0]]"
3,187,-0.04711814368004777,0.04711814368004777,"[[1,1,0,0,1,0,0,1,0,1],[1,1,1,1,0,1,1,0,1,1]]"
3,188,-0.051646858091107736,0.051646858091107736,"[[1,1,0,0,1,0,0,1,0,1],[1,1,1,1,0,1,1,1,0,0]]"
3,189,-0.05131721436957593,0.05131721436957593,"[[1,1,0,0,1,0,0,1,0,1],[1,1,1,1,0,1,1,1,0,1]]"
3,190,-0.05207593782894177,0.05207593782894177,"[[1,1,0,0,1,0,0,1,0,1],[1,1,1,1,0,1,1,1,1,0]]"
3,191,-0.04992511249567754,0.04992511249567754,"[[1,1,0,0,1,0,0,1,0,1],[1,1,1,1,0,1,1,1,1,1]]"
3,192,-0.012847844885857516,0.012847844885857516,"[[1,1,0,0,1,0,0,1,1,0],[1,1,1,1,0,0,0,0,0,0]]"
3,193,-0.013057727879341457,0.013057727879341457,"[[1,1,0,0,1,0,0,1,1,0],[1,1,1,1,0,0,0,0,0,1]]"
3,194,-0.015167685945851727,0.015167685945851727,"[[1,1,0,0,1,0,0,1,1,0],[1,1,1,1,0,0,0,0,1,0]]"
3,195,-0.015359107660683087,0.015359107660683087,"[[1,1,0,0,1,0,0,1,1,0],[1,1,1,1,0,0,0,0,1,1]]"
3,196,-0.01956962069208365,0.01956962069208365,"[[1,1,0,0,1,0,0,1,1,0],[1,1,1,1,0,0,0,1,0,0]]"
3,197,-0.019547237333683017,0.019547237333683017,"[[1,1,0,0,1,0,0,1,1,0],[1,1,1,1,0,0,0,1,0,1]]"
3,198,-0.021820114356156117,0.021820114356156117,"[[1,1,0,0,1,0,0,1,1,0],[1,1,1,1,0,0,0,1,1,0]]"
3,199,-0.02220127506559458,0.02220127506559458,"[[1,1,0,0,1,0,0,1,1,0],[1,1,1,1,0,0,0,1,1,1]]"
3,200,-0.023939092065735704,0.023939092065735704,"[[1,1,0,0,1,0,0,1,1,0],[1,1,1,1,0,0,1,0,0,0]]"
3,201,-0.02454400210560432,0.02454400210560432,"[[1,1,0,0,1,0,0,1,1,0],[1,1,1,1,0,0,1,0,0,1]]"
3,202,-0.02672859619696573,0.02672859619696573,"[[1,1,0,0,1,0,0,1,1,0],[1,1,1,1,0,0,1,0,1,0]]"
3,203,-0.027187796699049412,0.027187796699049412,"[[1,1,0,0,1,0,0,1,1,0],[1,1,1,1,0,0,1,0,1,1]]"
3,204,-0.03236823190107959,0.03236823190107959,"[[1,1,0,0,1,0,0,1,1,0],[1,1,1,1,0,0,1,1,0,0]]"
3,205,-0.03257573778640839,0.03257573778640839,"[[1,1,0,0,1,0,0,1,1,0],[1,1,1,1,0,0,1,1,0,1]]"
3,206,-0.03497671749127374,0.03497671749127374,"[[1,1,0,0,1,0,0,1,1,0],[1,1,1,1,0,0,1,1,1,0]]"
3,207,-0.03480651166168054,0.03480651166168054,"[[1,1,0,0,1,0,0,1,1,0],[1,1,1,1,0,0,1,1,1,1]]"
3,208,-0.02941122213011252,0.02941122213011252,"[[1,1,0,0,1,0,0,1,1,0],[1,1,1,1,0,1,0,0,0,0]]"
3,209,-0.0296133934618469,0.0296133934618469,"[[1,1,0,0,1,0,0,1,1,0],[1,1,1,1,0,1,0,0,0,1]]"
3,210,-0.03215954464825679,0.03215954464825679,"[[1,1,0,0,1,0,0,1,1,0],[1,1,1,1,0,1,0,0,1,0]]"
3,211,-0.03248400302603931,0.03248400302603931,"[[1,1,0,0,1,0,0,1,1,0],[1,1,1,1,0,1,0,0,1,1]]"
3,212,-0.03723339533034292,0.03723339533034292,"[[1,1,0,0,1,0,0,1,1,0],[1,1,1,1,0,1,0,1,0,0]]"
3,213,-0.037134395832705766,0.037134395832705766,"[[1,1,0,0,1,0,0,1,1,0],[1,1,1,1,0,1,0,1,0,1]]"
3,214,-0.039829246224268824,0.039829246224268824,"[[1,1,0,0,1,0,0,1,1,0],[1,1,1,1,0,1,0,1,1,0]]"
3,215,-0.03983028251101198,0.03983028251101198,"[[1,1,0,0,1,0,0,1,1,0],[1,1,1,1,0,1,0,1,1,1]]"
3,216,-0.0434301602141996,0.0434301602141996,"[[1,1,0,0,1,0,0,1,1,0],[1,1,1,1,0,1,1,0,0,0]]"
3,217,-0.043758916865277185,0.043758916865277185,"[[1,1,0,0,1,0,0,1,1,0],[1,1,1,1,0,1,1,0,0,1]]"
3,218,-0.046368084484205416,0.046368084484205416,"[[1,1,0,0,1,0,0,1,1,0],[1,1,1,1,0,1,1,0,1,0]]"
3,219,-0.04639420635725569,0.04639420635725569,"[[1,1,0,0,1,0,0,1,1,0],[1,1,1,1,0,1,1,0,1,1]]"
3,220,-0.05118177218044469,0.05118177218044469,"[[1,1,0,0,1,0,0,1,1,0],[1,1,1,1,0,1,1,1,0,0]]"
3,221,-0.05075159066467313,0.05075159066467313,"[[1,1,0,0,1,0,0,1,1,0],[1,1,1,1,0,1,1,1,0,1]]"
3,222,-0.05200598709332187,0.05200598709332187,"[[1,1,0,0,1,0,0,1,1,0],[1,1,1,1,0,1,1,1,1,0]]"
3,223,-0.05131985815378324,0.05131985815378324,"[[1,1,0,0,1,0,0,1,1,0],[1,1,1,1,0,1,1,1,1,1]]"
3,224,-0.012278563280351353,0.012278563280351353,"[[1,1,0,0,1,0,0,1,1,1],[1,1,1,1,0,0,0,0,0,0]]"
3,225,-0.012495526432335485,0.012495526432335485,"[[1,1,0,0,1,0,0,1,1,1],[1,1,1,1,0,0,0,0,0,1]]"
3,226,-0.014751582688849307,0.014751582688849307,"[[1,1,0,0,1,0,0,1,1,1],[1,1,1,1,0,0,0,0,1,0]]"
3,227,-0.01532031920921039,0.01532031920921039,"[[1,1,0,0,1,0,0,1,1,1],[1,1,1,1,0,0,0,0,1,1]]"
3,228,-0.019096565340873558,0.019096565340873558,"[[1,1,0,0,1,0,0,1,1,1],[1,1,1,1,0,0,0,1,0,0]]"
3,229,-0.019453196056539137,0.019453196056539137,"[[1,1,0,0,1,0,0,1,1,1],[1,1,1,1,0,0,0,1,0,1]]"
3,230,-0.021791066593434483,0.021791066593434483,"[[1,1,0,0,1,0,0,1,1,1],[1,1,1,1,0,0,0,1,1,0]]"
3,231,-0.022327586476734097,0.022327586476734097,"[[1,1,0,0,1,0,0,1,1,1],[1,1,1,1,0,0,0,1,1,1]]"
3,232,-0.02324965781056225,0.02324965781056225,"[[1,1,0,0,1,0,0,1,1,1],[1,1,1,1,0,0,1,0,0,0]]"
3,233,-0.024005640859831052,0.024005640859831052,"[[1,1,0,0,1,0,0,1,1,1],[1,1,1,1,0,0,1,0,0,1]]"
3,234,-0.026491951792103837,0.026491951792103837,"[[1,1,0,0,1,0,0,1,1,1],[1,1,1,1,0,0,1,0,1,0]]"
3,235,-0.02711727209702657,0.02711727209702657,"[[1,1,0,0,1,0,0,1,1,1],[1,1,1,1,0,0,1,0,1,1]]"
3,236,-0.03151033755392067,0.03151033755392067,"[[1,1,0,0,1,0,0,1,1,1],[1,1,1,1,0,0,1,1,0,0]]"
3,237,-0.03224157078935661,0.03224157078935661,"[[1,1,0,0,1,0,0,1,1,1],[1,1,1,1,0,0,1,1,0,1]]"
3,238,-0.03478432035118762,0.03478432035118762,"[[1,1,0,0,1,0,0,1,1,1],[1,1,1,1,0,0,1,1,1,0]]"
3,239,-0.03515278434374305,0.03515278434374305,"[[1,1,0,0,1,0,0,1,1,1],[1,1,1,1,0,0,1,1,1,1]]"
3,240,-0.028330658505311055,0.028330658505311055,"[[1,1,0,0,1,0,0,1,1,1],[1,1,1,1,0,1,0,0,0,0]]"
3,241,-0.028996235182145558,0.028996235182145558,"[[1,1,0,0,1,0,0,1,1,1],[1,1,1,1,0,1,0,0,0,1]]"
3,242,-0.03159461526876038,0.03159461526876038,"[[1,1,0,0,1,0,0,1,1,1],[1,1,1,1,0,1,0,0,1,0]]"
3,243,-0.03221578849147828,0.03221578849147828,"[[1,1,0,0,1,0,0,1,1,1],[1,1,1,1,0,1,0,0,1,1]]"
3,244,-0.03658732803074301,0.03658732803074301,"[[1,1,0,0,1,0,0,1,1,1],[1,1,1,1,0,1,0,1,0,0]]"
3,245,-0.03714499687319515,0.03714499687319515,"[[1,1,0,0,1,0,0,1,1,1],[1,1,1,1,0,1,0,1,0,1]]"
3,246,-0.03987933890416959,0.03987933890416959,"[[1,1,0,0,1,0,0,1,1,1],[1,1,1,1,0,1,0,1,1,0]]"
3,247,-0.04021559020651468,0.04021559020651468,"[[1,1,0,0,1,0,0,1,1,1],[1,1,1,1,0,1,0,1,1,1]]"
3,248,-0.042671686389337486,0.042671686389337486,"[[1,1,0,0,1,0,0,1,1,1],[1,1,1,1,0,1,1,0,0,0]]"
3,249,-0.043590848638814086,0.043590848638814086,"[[1,1,0,0,1,0,0,1,1,1],[1,1,1,1,0,1,1,0,0,1]]"
3,250,-0.046071385521597244,0.046071385521597244,"[[1,1,0,0,1,0,0,1,1,1],[1,1,1,1,0,1,1,0,1,0]]"
3,251,-0.046264418160162746,0.046264418160162746,"[[1,1,0,0,1,0,0,1,1,1],[1,1,1,1,0,1,1,0,1,1]]"
3,252,-0.05110708422486861,0.05110708422486861,"[[1,1,0,0,1,0,0,1,1,1],[1,1,1,1,0,1,1,1,0,0]]"
3,253,-0.051324203049841095,0.051324203049841095,"[[1,1,0,0,1,0,0,1,1,1],[1,1,1,1,0,1,1,1,0,1]]"
3,254,-0.052753095550484436,0.052753095550484436,"[[1,1,0,0,1,0,0,1,1,1],[1,1,1,1,0,1,1,1,1,0]]"
3,255,-0.052184078153924535,0.052184078153924535,"[[1,1,0,0,1,0,0,1,1,1],[1,1,1,1,0,1,1,1,1,1]]"
3,256,-0.011665511380729044,0.011665511380729044,"[[1,1,0,0,1,0,1,0,0,0],[1,1,1,1,0,0,0,0,0,0]]"
3,257,-0.011564110859586555,0.011564110859586555,"[[1,1,0,0,1,0,1,0,0,0],[1,1,1,1,0,0,0,0,0,1]]"
3,258,-0.013354665320255572,0.013354665320255572,"[[1,1,0,0,1,0,1,0,0,0],[1,1,1,1,0,0,0,0,1,0]]"
3,259,-0.013560940065036301,0.013560940065036301,"[[1,1,0,0,1,0,1,0,0,0],[1,1,1,1,0,0,0,0,1,1]]"
3,260,-0.015865143134274187,0.015865143134274187,"[[1,1,0,0,1,0,1,0,0,0],[1,1,1,1,0,0,0,1,0,0]]"
3,261,-0.016306985953326344,0.016306985953326344,"[[1,1,0,0,1,0,1,0,0,0],[1,1,1,1,0,0,0,1,0,1]]"
3,262,-0.018033915715317487,0.018033915715317487,"[[1,1,0,0,1,0,1,0,0,0],[1,1,1,1,0,0,0,1,1,0]]"
3,263,-0.018085672682923316,0.018085672682923316,"[[1,1,0,0,1,0,1,0,0,0],[1,1,1,1,0,0,0,1,1,1]]"
3,264,-0.02123601739408265,0.02123601739408265,"[[1,1,0,0,1,0,1,0,0,0],[1,1,1,1,0,0,1,0,0,0]]"
3,265,-0.021500155462611005,0.021500155462611005,"[[1,1,0,0,1,0,1,0,0,0],[1,1,1,1,0,0,1,0,0,1]]"
3,266,-0.023120081922555477,0.023120081922555477,"[[1,1,0,0,1,0,1,0,0,0],[1,1,1,1,0,0,1,0,1,0]]"
3,267,-0.023436018990554315,0.023436018990554315,"[[1,1,0,0,1,0,1,0,0,0],[1,1,1,1,0,0,1,0,1,1]]"
3,268,-0.026693854459078726,0.026693854459078726,"[[1,1,0,0,1,0,1,0,0,0],[1,1,1,1,0,0,1,1,0,0]]"
3,269,-0.026844017606556206,0.026844017606556206,"[[1,1,0,0,1,0,1,0,0,0],[1,1,1,1,0,0,1,1,0,1]]"
3,270,-0.027680547194427585,0.027680547194427585,"[[1,1,0,0,1,0,1,0,0,0],[1,1,1,1,0,0,1,1,1,0]]"
3,271,-0.026705009846675606,0.026705009846675606,"[[1,1,0,0,1,0,1,0,0,0],[1,1,1,1,0,0,1,1,1,1]]"
3,272,-0.027485068549244613,0.027485068549244613,"[[1,1,0,0,1,0,1,0,0,0],[1,1,1,1,0,1,0,0,0,0]]"
3,273,-0.02769471538132576,0.02769471538132576,"[[1,1,0,0,1,0,1,0,0,0],[1,1,1,1,0,1,0,0,0,1]]"
3,274,-0.029669867785055967,0.029669867785055967,"[[1,1,0,0,1,0,1,0,0,0],[1,1,1,1,0,1,0,0,1,0]]"
3,275,-0.030181378853513807,0.030181378853513807,"[[1,1,0,0,1,0,1,0,0,0],[1,1,1,1,0,1,0,0,1,1]]"
3,276,-0.03267706317644315,0.03267706317644315,"[[1,1,0,0,1,0,1,0,0,0],[1,1,1,1,0,1,0,1,0,0]]"
3,277,-0.033391887990227645,0.033391887990227645,"[[1,1,0,0,1,0,1,0,0,0],[1,1,1,1,0,1,0,1,0,1]]"
3,278,-0.03436225803717871,0.03436225803717871,"[[1,1,0,0,1,0,1,0,0,0],[1,1,1,1,0,1,0,1,1,0]]"
3,279,-0.03345292358939299,0.03345292358939299,"[[1,1,0,0,1,0,1,0,0,0],[1,1,1,1,0,1,0,1,1,1]]"
3,280,-0.040074790061520586,0.040074790061520586,"[[1,1,0,0,1,0,1,0,0,0],[1,1,1,1,0,1,1,0,0,0]]"
3,281,-0.04032870357090003,0.04032870357090003,"[[1,1,0,0,1,0,1,0,0,0],[1,1,1,1,0,1,1,0,0,1]]"
3,282,-0.04177336570338742,0.04177336570338742,"[[1,1,0,0,1,0,1,0,0,0],[1,1,1,1,0,1,1,0,1,0]]"
3,283,-0.04190682722992132,0.04190682722992132,"[[1,1,0,0,1,0,1,0,0,0],[1,1,1,1,0,1,1,0,1,1]]"
3,284,-0.04416707734724385,0.04416707734724385,"[[1,1,0,0,1,0,1,0,0,0],[1,1,1,1,0,1,1,1,0,0]]"
3,285,-0.04347664929222831,0.04347664929222831,"[[1,1,0,0,1,0,1,0,0,0],[1,1,1,1,0,1,1,1,0,1]]"
3,286,-0.04398143120058226,0.04398143120058226,"[[1,1,0,0,1,0,1,0,0,0],[1,1,1,1,0,1,1,1,1,0]]"
3,287,-0.04117096606534302,0.04117096606534302,"[[1,1,0,0,1,0,1,0,0,0],[1,1,1,1,0,1,1,1,1,1]]"
3,288,-0.011287682821694114,0.011287682821694114,"[[1,1,0,0,1,0,1,0,0,1],[1,1,1,1,0,0,0,0,0,0]]"
3,289,-0.011686239104676682,0.011686239104676682,"[[1,1,0,0,1,0,1,0,0,1],[1,1,1,1,0,0,0,0,0,1]]"
3,290,-0.01325435898000415,0.01325435898000415,"[[1,1,0,0,1,0,1,0,0,1],[1,1,1,1,0,0,0,0,1,0]]"
3,291,-0.013678200289240222,0.013678200289240222,"[[1,1,0,0,1,0,1,0,0,1],[1,1,1,1,0,0,0,0,1,1]]"
3,292,-0.01603352873468394,0.01603352873468394,"[[1,1,0,0,1,0,1,0,0,1],[1,1,1,1,0,0,0,1,0,0]]"
3,293,-0.016389555003614817,0.016389555003614817,"[[1,1,0,0,1,0,1,0,0,1],[1,1,1,1,0,0,0,1,0,1]]"
3,294,-0.018159424731237404,0.018159424731237404,"[[1,1,0,0,1,0,1,0,0,1],[1,1,1,1,0,0,0,1,1,0]]"
3,295,-0.01858261535548187,0.01858261535548187,"[[1,1,0,0,1,0,1,0,0,1],[1,1,1,1,0,0,0,1,1,1]]"
3,296,-0.02110704538954926,0.02110704538954926,"[[1,1,0,0,1,0,1,0,0,1],[1,1,1,1,0,0,1,0,0,0]]"
3,297,-0.021522292489763183,0.021522292489763183,"[[1,1,0,0,1,0,1,0,0,1],[1,1,1,1,0,0,1,0,0,1]]"
3,298,-0.023435197055281104,0.023435197055281104,"[[1,1,0,0,1,0,1,0,0,1],[1,1,1,1,0,0,1,0,1,0]]"
3,299,-0.023768595263644842,0.023768595263644842,"[[1,1,0,0,1,0,1,0,0,1],[1,1,1,1,0,0,1,0,1,1]]"
3,300,-0.02721898171884842,0.02721898171884842,"[[1,1,0,0,1,0,1,0,0,1],[1,1,1,1,0,0,1,1,0,0]]"
3,301,-0.02726410707556952,0.02726410707556952,"[[1,1,0,0,1,0,1,0,0,1],[1,1,1,1,0,0,1,1,0,1]]"
3,302,-0.028149691302425294,0.028149691302425294,"[[1,1,0,0,1,0,1,0,0,1],[1,1,1,1,0,0,1,1,1,0]]"
3,303,-0.02781047972682087,0.02781047972682087,"[[1,1,0,0,1,0,1,0,0,1],[1,1,1,1,0,0,1,1,1,1]]"
3,304,-0.0273978326652829,0.0273978326652829,"[[1,1,0,0,1,0,1,0,0,1],[1,1,1,1,0,1,0,0,0,0]]"
3,305,-0.027781220136617404,0.027781220136617404,"[[1,1,0,0,1,0,1,0,0,1],[1,1,1,1,0,1,0,0,0,1]]"
3,306,-0.029746002640580912,0.029746002640580912,"[[1,1,0,0,1,0,1,0,0,1],[1,1,1,1,0,1,0,0,1,0]]"
3,307,-0.030175686152781135,0.030175686152781135,"[[1,1,0,0,1,0,1,0,0,1],[1,1,1,1,0,1,0,0,1,1]]"
3,308,-0.0332329578519465,0.0332329578519465,"[[1,1,0,0,1,0,1,0,0,1],[1,1,1,1,0,1,0,1,0,0]]"
3,309,-0.03354779701813105,0.03354779701813105,"[[1,1,0,0,1,0,1,0,0,1],[1,1,1,1,0,1,0,1,0,1]]"
3,310,-0.03496090639397908,0.03496090639397908,"[[1,1,0,0,1,0,1,0,0,1],[1,1,1,1,0,1,0,1,1,0]]"
3,311,-0.034927002475776445,0.034927002475776445,"[[1,1,0,0,1,0,1,0,0,1],[1,1,1,1,0,1,0,1,1,1]]"
3,312,-0.040605682531846495,0.040605682531846495,"[[1,1,0,0,1,0,1,0,0,1],[1,1,1,1,0,1,1,0,0,0]]"
3,313,-0.04060417436149855,0.04060417436149855,"[[1,1,0,0,1,0,1,0,0,1],[1,1,1,1,0,1,1,0,0,1]]"
3,314,-0.042538709922216526,0.042538709922216526,"[[1,1,0,0,1,0,1,0,0,1],[1,1,1,1,0,1,1,0,1,0]]"
3,315,-0.04205702683016976,0.04205702683016976,"[[1,1,0,0,1,0,1,0,0,1],[1,1,1,1,0,1,1,0,1,1]]"
3,316,-0.0458701055676535,0.0458701055676535,"[[1,1,0,0,1,0,1,0,0,1],[1,1,1,1,0,1,1,1,0,0]]"
3,317,-0.044857609568301315,0.044857609568301315,"[[1,1,0,0,1,0,1,0,0,1],[1,1,1,1,0,1,1,1,0,1]]"
3,318,-0.0455547503164568,0.0455547503164568,"[[1,1,0,0,1,0,1,0,0,1],[1,1,1,1,0,1,1,1,1,0]]"
3,319,-0.04379711849870473,0.04379711849870473,"[[1,1,0,0,1,0,1,0,0,1],[1,1,1,1,0,1,1,1,1,1]]"
3,320,-0.009408036223217668,0.009408036223217668,"[[1,1,0,0,1,0,1,0,1,0],[1,1,1,1,0,0,0,0,0,0]]"
3,321,-0.009365466502026241,0.009365466502026241,"[[1,1,0,0,1,0,1,0,1,0],[1,1,1,1,0,0,0,0,0,1]]"
3,322,-0.011470356309776157,0.011470356309776157,"[[1,1,0,0,1,0,1,0,1,0],[1,1,1,1,0,0,0,0,1,0]]"
3,323,-0.011568790945399254,0.011568790945399254,"[[1,1,0,0,1,0,1,0,1,0],[1,1,1,1,0,0,0,0,1,1]]"
3,324,-0.014741458251837711,0.014741458251837711,"[[1,1,0,0,1,0,1,0,1,0],[1,1,1,1,0,0,0,1,0,0]]"
3,325,-0.014542774006053291,0.014542774006053291,"[[1,1,0,0,1,0,1,0,1,0],[1,1,1,1,0,0,0,1,0,1]]"
3,326,-0.016841109641701418,0.016841109641701418,"[[1,1,0,0,1,0,1,0,1,0],[1,1,1,1,0,0,0,1,1,0]]"
3,327,-0.017075337659718182,0.017075337659718182,"[[1,1,0,0,1,0,1,0,1,0],[1,1,1,1,0,0,0,1,1,1]]"
3,328,-0.019303375825605276,0.019303375825605276,"[[1,1,0,0,1,0,1,0,1,0],[1,1,1,1,0,0,1,0,0,0]]"
3,329,-0.01920983049454842,0.01920983049454842,"[[1,1,0,0,1,0,1,0,1,0],[1,1,1,1,0,0,1,0,0,1]]"
3,330,-0.02154504726201515,0.02154504726201515,"[[1,1,0,0,1,0,1,0,1,0],[1,1,1,1,0,0,1,0,1,0]]"
3,331,-0.02190895116347085,0.02190895116347085,"[[1,1,0,0,1,0,1,0,1,0],[1,1,1,1,0,0,1,0,1,1]]"
3,332,-0.02641348988074183,0.02641348988074183,"[[1,1,0,0,1,0,1,0,1,0],[1,1,1,1,0,0,1,1,0,0]]"
3,333,-0.02652092718347345,0.02652092718347345,"[[1,1,0,0,1,0,1,0,1,0],[1,1,1,1,0,0,1,1,0,1]]"
3,334,-0.028203643354520396,0.028203643354520396,"[[1,1,0,0,1,0,1,0,1,0],[1,1,1,1,0,0,1,1,1,0]]"
3,335,-0.027925606511199304,0.027925606511199304,"[[1,1,0,0,1,0,1,0,1,0],[1,1,1,1,0,0,1,1,1,1]]"
3,336,-0.025469894119238955,0.025469894119238955,"[[1,1,0,0,1,0,1,0,1,0],[1,1,1,1,0,1,0,0,0,0]]"
3,337,-0.025034928100695,0.025034928100695,"[[1,1,0,0,1,0,1,0,1,0],[1,1,1,1,0,1,0,0,0,1]]"
3,338,-0.027862604133324247,0.027862604133324247,"[[1,1,0,0,1,0,1,0,1,0],[1,1,1,1,0,1,0,0,1,0]]"
3,339,-0.027935932986323776,0.027935932986323776,"[[1,1,0,0,1,0,1,0,1,0],[1,1,1,1,0,1,0,0,1,1]]"
3,340,-0.03247057047709908,0.03247057047709908,"[[1,1,0,0,1,0,1,0,1,0],[1,1,1,1,0,1,0,1,0,0]]"
3,341,-0.03214597454541105,0.03214597454541105,"[[1,1,0,0,1,0,1,0,1,0],[1,1,1,1,0,1,0,1,0,1]]"
3,342,-0.03472188655491891,0.03472188655491891,"[[1,1,0,0,1,0,1,0,1,0],[1,1,1,1,0,1,0,1,1,0]]"
3,343,-0.034369144484622846,0.034369144484622846,"[[1,1,0,0,1,0,1,0,1,0],[1,1,1,1,0,1,0,1,1,1]]"
3,344,-0.039247034227064825,0.039247034227064825,"[[1,1,0,0,1,0,1,0,1,0],[1,1,1,1,0,1,1,0,0,0]]"
3,345,-0.03884531098440053,0.03884531098440053,"[[1,1,0,0,1,0,1,0,1,0],[1,1,1,1,0,1,1,0,0,1]]"
3,346,-0.04158130248472336,0.04158130248472336,"[[1,1,0,0,1,0,1,0,1,0],[1,1,1,1,0,1,1,0,1,0]]"
3,347,-0.041186666495069434,0.041186666495069434,"[[1,1,0,0,1,0,1,0,1,0],[1,1,1,1,0,1,1,0,1,1]]"
3,348,-0.046440531828193604,0.046440531828193604,"[[1,1,0,0,1,0,1,0,1,0],[1,1,1,1,0,1,1,1,0,0]]"
3,349,-0.04557413068751062,0.04557413068751062,"[[1,1,0,0,1,0,1,0,1,0],[1,1,1,1,0,1,1,1,0,1]]"
3,350,-0.045900445745431534,0.045900445745431534,"[[1,1,0,0,1,0,1,0,1,0],[1,1,1,1,0,1,1,1,1,0]]"
3,351,-0.04473660149090227,0.04473660149090227,"[[1,1,0,0,1,0,1,0,1,0],[1,1,1,1,0,1,1,1,1,1]]"
3,352,-0.008760459663249698,0.008760459663249698,"[[1,1,0,0,1,0,1,0,1,1],[1,1,1,1,0,0,0,0,0,0]]"
3,353,-0.009052797819917446,0.009052797819917446,"[[1,1,0,0,1,0,1,0,1,1],[1,1,1,1,0,0,0,0,0,1]]"
3,354,-0.011283278023419763,0.011283278023419763,"[[1,1,0,0,1,0,1,0,1,1],[1,1,1,1,0,0,0,0,1,0]]"
3,355,-0.011630669028403968,0.011630669028403968,"[[1,1,0,0,1,0,1,0,1,1],[1,1,1,1,0,0,0,0,1,1]]"
3,356,-0.014443600979528142,0.014443600979528142,"[[1,1,0,0,1,0,1,0,1,1],[1,1,1,1,0,0,0,1,0,0]]"
3,357,-0.014595602274344175,0.014595602274344175,"[[1,1,0,0,1,0,1,0,1,1],[1,1,1,1,0,0,0,1,0,1]]"
3,358,-0.016883347472943906,0.016883347472943906,"[[1,1,0,0,1,0,1,0,1,1],[1,1,1,1,0,0,0,1,1,0]]"
3,359,-0.017297252618963133,0.017297252618963133,"[[1,1,0,0,1,0,1,0,1,1],[1,1,1,1,0,0,0,1,1,1]]"
3,360,-0.018741930411487064,0.018741930411487064,"[[1,1,0,0,1,0,1,0,1,1],[1,1,1,1,0,0,1,0,0,0]]"
3,361,-0.019270113692385137,0.019270113692385137,"[[1,1,0,0,1,0,1,0,1,1],[1,1,1,1,0,0,1,0,0,1]]"
3,362,-0.02140432499364351,0.02140432499364351,"[[1,1,0,0,1,0,1,0,1,1],[1,1,1,1,0,0,1,0,1,0]]"
3,363,-0.021971791333203726,0.021971791333203726,"[[1,1,0,0,1,0,1,0,1,1],[1,1,1,1,0,0,1,0,1,1]]"
3,364,-0.02599298983102521,0.02599298983102521,"[[1,1,0,0,1,0,1,0,1,1],[1,1,1,1,0,0,1,1,0,0]]"
3,365,-0.026399981516221197,0.026399981516221197,"[[1,1,0,0,1,0,1,0,1,1],[1,1,1,1,0,0,1,1,0,1]]"
3,366,-0.028501572804538883,0.028501572804538883,"[[1,1,0,0,1,0,1,0,1,1],[1,1,1,1,0,0,1,1,1,0]]"
3,367,-0.028565190281346343,0.028565190281346343,"[[1,1,0,0,1,0,1,0,1,1],[1,1,1,1,0,0,1,1,1,1]]"
3,368,-0.025008030398240847,0.025008030398240847,"[[1,1,0,0,1,0,1,0,1,1],[1,1,1,1,0,1,0,0,0,0]]"
3,369,-0.025212609423902455,0.025212609423902455,"[[1,1,0,0,1,0,1,0,1,1],[1,1,1,1,0,1,0,0,0,1]]"
3,370,-0.02771293448819351,0.02771293448819351,"[[1,1,0,0,1,0,1,0,1,1],[1,1,1,1,0,1,0,0,1,0]]"
3,371,-0.028194193900913867,0.028194193900913867,"[[1,1,0,0,1,0,1,0,1,1],[1,1,1,1,0,1,0,0,1,1]]"
3,372,-0.03203385664914812,0.03203385664914812,"[[1,1,0,0,1,0,1,0,1,1],[1,1,1,1,0,1,0,1,0,0]]"
3,373,-0.032222905347545135,0.032222905347545135,"[[1,1,0,0,1,0,1,0,1,1],[1,1,1,1,0,1,0,1,0,1]]"
3,374,-0.03493095323885875,0.03493095323885875,"[[1,1,0,0,1,0,1,0,1,1],[1,1,1,1,0,1,0,1,1,0]]"
3,375,-0.03491749489485651,0.03491749489485651,"[[1,1,0,0,1,0,1,0,1,1],[1,1,1,1,0,1,0,1,1,1]]"
3,376,-0.03889050637212074,0.03889050637212074,"[[1,1,0,0,1,0,1,0,1,1],[1,1,1,1,0,1,1,0,0,0]]"
3,377,-0.0391541879211003,0.0391541879211003,"[[1,1,0,0,1,0,1,0,1,1],[1,1,1,1,0,1,1,0,0,1]]"
3,378,-0.04161641489934656,0.04161641489934656,"[[1,1,0,0,1,0,1,0,1,1],[1,1,1,1,0,1,1,0,1,0]]"
3,379,-0.04171337358703881,0.04171337358703881,"[[1,1,0,0,1,0,1,0,1,1],[1,1,1,1,0,1,1,0,1,1]]"
3,380,-0.0462853190965153,0.0462853190965153,"[[1,1,0,0,1,0,1,0,1,1],[1,1,1,1,0,1,1,1,0,0]]"
3,381,-0.046295937157513206,0.046295937157513206,"[[1,1,0,0,1,0,1,0,1,1],[1,1,1,1,0,1,1,1,0,1]]"
3,382,-0.047683171397763645,0.047683171397763645,"[[1,1,0,0,1,0,1,0,1,1],[1,1,1,1,0,1,1,1,1,0]]"
3,383,-0.04609049883601744,0.04609049883601744,"[[1,1,0,0,1,0,1,0,1,1],[1,1,1,1,0,1,1,1,1,1]]"
3,384,-0.006486222520594933,0.006486222520594933,"[[1,1,0,0,1,0,1,1,0,0],[1,1,1,1,0,0,0,0,0,0]]"
3,385,-0.0066542701148417675,0.0066542701148417675,"[[1,1,0,0,1,0,1,1,0,0],[1,1,1,1,0,0,0,0,0,1]]"
3,386,-0.00798770453192998,0.00798770453192998,"[[1,1,0,0,1,0,1,1,0,0],[1,1,1,1,0,0,0,0,1,0]]"
3,387,-0.008474240396999585,0.008474240396999585,"[[1,1,0,0,1,0,1,1,0,0],[1,1,1,1,0,0,0,0,1,1]]"
3,388,-0.010919362063422526,0.010919362063422526,"[[1,1,0,0,1,0,1,1,0,0],[1,1,1,1,0,0,0,1,0,0]]"
3,389,-0.011297828995822982,0.011297828995822982,"[[1,1,0,0,1,0,1,1,0,0],[1,1,1,1,0,0,0,1,0,1]]"
3,390,-0.013022354193623471,0.013022354193623471,"[[1,1,0,0,1,0,1,1,0,0],[1,1,1,1,0,0,0,1,1,0]]"
3,391,-0.013433696223064782,0.013433696223064782,"[[1,1,0,0,1,0,1,1,0,0],[1,1,1,1,0,0,0,1,1,1]]"
3,392,-0.01586983465604745,0.01586983465604745,"[[1,1,0,0,1,0,1,1,0,0],[1,1,1,1,0,0,1,0,0,0]]"
3,393,-0.0162161950524649,0.0162161950524649,"[[1,1,0,0,1,0,1,1,0,0],[1,1,1,1,0,0,1,0,0,1]]"
3,394,-0.017498007698543018,0.017498007698543018,"[[1,1,0,0,1,0,1,1,0,0],[1,1,1,1,0,0,1,0,1,0]]"
3,395,-0.01791875082666571,0.01791875082666571,"[[1,1,0,0,1,0,1,1,0,0],[1,1,1,1,0,0,1,0,1,1]]"
3,396,-0.022050713813548145,0.022050713813548145,"[[1,1,0,0,1,0,1,1,0,0],[1,1,1,1,0,0,1,1,0,0]]"
3,397,-0.022684649759247586,0.022684649759247586,"[[1,1,0,0,1,0,1,1,0,0],[1,1,1,1,0,0,1,1,0,1]]"
3,398,-0.02426973889004211,0.02426973889004211,"[[1,1,0,0,1,0,1,1,0,0],[1,1,1,1,0,0,1,1,1,0]]"
3,399,-0.024407522400941916,0.024407522400941916,"[[1,1,0,0,1,0,1,1,0,0],[1,1,1,1,0,0,1,1,1,1]]"
3,400,-0.02103152156611419,0.02103152156611419,"[[1,1,0,0,1,0,1,1,0,0],[1,1,1,1,0,1,0,0,0,0]]"
3,401,-0.02137138014105866,0.02137138014105866,"[[1,1,0,0,1,0,1,1,0,0],[1,1,1,1,0,1,0,0,0,1]]"
3,402,-0.023212251130966463,0.023212251130966463,"[[1,1,0,0,1,0,1,1,0,0],[1,1,1,1,0,1,0,0,1,0]]"
3,403,-0.02374972033738061,0.02374972033738061,"[[1,1,0,0,1,0,1,1,0,0],[1,1,1,1,0,1,0,0,1,1]]"
3,404,-0.027250798065063617,0.027250798065063617,"[[1,1,0,0,1,0,1,1,0,0],[1,1,1,1,0,1,0,1,0,0]]"
3,405,-0.02785375675923642,0.02785375675923642,"[[1,1,0,0,1,0,1,1,0,0],[1,1,1,1,0,1,0,1,0,1]]"
3,406,-0.029960383451256175,0.029960383451256175,"[[1,1,0,0,1,0,1,1,0,0],[1,1,1,1,0,1,0,1,1,0]]"
3,407,-0.030408567832039254,0.030408567832039254,"[[1,1,0,0,1,0,1,1,0,0],[1,1,1,1,0,1,0,1,1,1]]"
3,408,-0.03496219241888828,0.03496219241888828,"[[1,1,0,0,1,0,1,1,0,0],[1,1,1,1,0,1,1,0,0,0]]"
3,409,-0.03540425911863132,0.03540425911863132,"[[1,1,0,0,1,0,1,1,0,0],[1,1,1,1,0,1,1,0,0,1]]"
3,410,-0.037453807797727806,0.037453807797727806,"[[1,1,0,0,1,0,1,1,0,0],[1,1,1,1,0,1,1,0,1,0]]"
3,411,-0.03776223649231144,0.03776223649231144,"[[1,1,0,0,1,0,1,1,0,0],[1,1,1,1,0,1,1,0,1,1]]"
3,412,-0.0425690400935205,0.0425690400935205,"[[1,1,0,0,1,0,1,1,0,0],[1,1,1,1,0,1,1,1,0,0]]"
3,413,-0.04300366649139123,0.04300366649139123,"[[1,1,0,0,1,0,1,1,0,0],[1,1,1,1,0,1,1,1,0,1]]"
3,414,-0.04401293373893982,0.04401293373893982,"[[1,1,0,0,1,0,1,1,0,0],[1,1,1,1,0,1,1,1,1,0]]"
3,415,-0.04343346163702825,0.04343346163702825,"[[1,1,0,0,1,0,1,1,0,0],[1,1,1,1,0,1,1,1,1,1]]"
3,416,-0.00598531237441646,0.00598531237441646,"[[1,1,0,0,1,0,1,1,0,1],[1,1,1,1,0,0,0,0,0,0]]"
3,417,-0.006299882301541922,0.006299882301541922,"[[1,1,0,0,1,0,1,1,0,1],[1,1,1,1,0,0,0,0,0,1]]"
3,418,-0.0077682807085168335,0.0077682807085168335,"[[1,1,0,0,1,0,1,1,0,1],[1,1,1,1,0,0,0,0,1,0]]"
3,419,-0.008434162664567736,0.008434162664567736,"[[1,1,0,0,1,0,1,1,0,1],[1,1,1,1,0,0,0,0,1,1]]"
3,420,-0.010755892273834748,0.010755892273834748,"[[1,1,0,0,1,0,1,1,0,1],[1,1,1,1,0,0,0,1,0,0]]"
3,421,-0.011298114069769681,0.011298114069769681,"[[1,1,0,0,1,0,1,1,0,1],[1,1,1,1,0,0,0,1,0,1]]"
3,422,-0.013077687625272207,0.013077687625272207,"[[1,1,0,0,1,0,1,1,0,1],[1,1,1,1,0,0,0,1,1,0]]"
3,423,-0.013540937248194957,0.013540937248194957,"[[1,1,0,0,1,0,1,1,0,1],[1,1,1,1,0,0,0,1,1,1]]"
3,424,-0.015350716302363166,0.015350716302363166,"[[1,1,0,0,1,0,1,1,0,1],[1,1,1,1,0,0,1,0,0,0]]"
3,425,-0.016001881461245013,0.016001881461245013,"[[1,1,0,0,1,0,1,1,0,1],[1,1,1,1,0,0,1,0,0,1]]"
3,426,-0.017625400111460944,0.017625400111460944,"[[1,1,0,0,1,0,1,1,0,1],[1,1,1,1,0,0,1,0,1,0]]"
3,427,-0.017966499861800565,0.017966499861800565,"[[1,1,0,0,1,0,1,1,0,1],[1,1,1,1,0,0,1,0,1,1]]"
3,428,-0.022026015746337727,0.022026015746337727,"[[1,1,0,0,1,0,1,1,0,1],[1,1,1,1,0,0,1,1,0,0]]"
3,429,-0.022532283550238993,0.022532283550238993,"[[1,1,0,0,1,0,1,1,0,1],[1,1,1,1,0,0,1,1,0,1]]"
3,430,-0.024711671655037085,0.024711671655037085,"[[1,1,0,0,1,0,1,1,0,1],[1,1,1,1,0,0,1,1,1,0]]"
3,431,-0.024840061103544836,0.024840061103544836,"[[1,1,0,0,1,0,1,1,0,1],[1,1,1,1,0,0,1,1,1,1]]"
3,432,-0.020470336015847735,0.020470336015847735,"[[1,1,0,0,1,0,1,1,0,1],[1,1,1,1,0,1,0,0,0,0]]"
3,433,-0.021161178777817567,0.021161178777817567,"[[1,1,0,0,1,0,1,1,0,1],[1,1,1,1,0,1,0,0,0,1]]"
3,434,-0.023180265261194623,0.023180265261194623,"[[1,1,0,0,1,0,1,1,0,1],[1,1,1,1,0,1,0,0,1,0]]"
3,435,-0.02369510311172097,0.02369510311172097,"[[1,1,0,0,1,0,1,1,0,1],[1,1,1,1,0,1,0,0,1,1]]"
3,436,-0.02737395172339961,0.02737395172339961,"[[1,1,0,0,1,0,1,1,0,1],[1,1,1,1,0,1,0,1,0,0]]"
3,437,-0.027997101701984682,0.027997101701984682,"[[1,1,0,0,1,0,1,1,0,1],[1,1,1,1,0,1,0,1,0,1]]"
3,438,-0.030100253058412175,0.030100253058412175,"[[1,1,0,0,1,0,1,1,0,1],[1,1,1,1,0,1,0,1,1,0]]"
3,439,-0.030619495757429904,0.030619495757429904,"[[1,1,0,0,1,0,1,1,0,1],[1,1,1,1,0,1,0,1,1,1]]"
3,440,-0.034394383878517926,0.034394383878517926,"[[1,1,0,0,1,0,1,1,0,1],[1,1,1,1,0,1,1,0,0,0]]"
3,441,-0.03509777639324886,0.03509777639324886,"[[1,1,0,0,1,0,1,1,0,1],[1,1,1,1,0,1,1,0,0,1]]"
3,442,-0.03762854771955952,0.03762854771955952,"[[1,1,0,0,1,0,1,1,0,1],[1,1,1,1,0,1,1,0,1,0]]"
3,443,-0.037761023154416214,0.037761023154416214,"[[1,1,0,0,1,0,1,1,0,1],[1,1,1,1,0,1,1,0,1,1]]"
3,444,-0.04308033263251804,0.04308033263251804,"[[1,1,0,0,1,0,1,1,0,1],[1,1,1,1,0,1,1,1,0,0]]"
3,445,-0.04318646516726104,0.04318646516726104,"[[1,1,0,0,1,0,1,1,0,1],[1,1,1,1,0,1,1,1,0,1]]"
3,446,-0.04457898685052762,0.04457898685052762,"[[1,1,0,0,1,0,1,1,0,1],[1,1,1,1,0,1,1,1,1,0]]"
3,447,-0.04389399867945446,0.04389399867945446,"[[1,1,0,0,1,0,1,1,0,1],[1,1,1,1,0,1,1,1,1,1]]"
3,448,-0.004588649206347452,0.004588649206347452,"[[1,1,0,0,1,0,1,1,1,0],[1,1,1,1,0,0,0,0,0,0]]"
3,449,-0.004597775476814774,0.004597775476814774,"[[1,1,0,0,1,0,1,1,1,0],[1,1,1,1,0,0,0,0,0,1]]"
3,450,-0.0057278522848768386,0.0057278522848768386,"[[1,1,0,0,1,0,1,1,1,0],[1,1,1,1,0,0,0,0,1,0]]"
3,451,-0.006057617044287338,0.006057617044287338,"[[1,1,0,0,1,0,1,1,1,0],[1,1,1,1,0,0,0,0,1,1]]"
3,452,-0.008584053863610884,0.008584053863610884,"[[1,1,0,0,1,0,1,1,1,0],[1,1,1,1,0,0,0,1,0,0]]"
3,453,-0.008698142236611667,0.008698142236611667,"[[1,1,0,0,1,0,1,1,1,0],[1,1,1,1,0,0,0,1,0,1]]"
3,454,-0.010933528157880103,0.010933528157880103,"[[1,1,0,0,1,0,1,1,1,0],[1,1,1,1,0,0,0,1,1,0]]"
3,455,-0.011107380948044063,0.011107380948044063,"[[1,1,0,0,1,0,1,1,1,0],[1,1,1,1,0,0,0,1,1,1]]"
3,456,-0.013067159835582544,0.013067159835582544,"[[1,1,0,0,1,0,1,1,1,0],[1,1,1,1,0,0,1,0,0,0]]"
3,457,-0.013324390251057522,0.013324390251057522,"[[1,1,0,0,1,0,1,1,1,0],[1,1,1,1,0,0,1,0,0,1]]"
3,458,-0.01530341801199413,0.01530341801199413,"[[1,1,0,0,1,0,1,1,1,0],[1,1,1,1,0,0,1,0,1,0]]"
3,459,-0.015694308942530117,0.015694308942530117,"[[1,1,0,0,1,0,1,1,1,0],[1,1,1,1,0,0,1,0,1,1]]"
3,460,-0.020285180333926754,0.020285180333926754,"[[1,1,0,0,1,0,1,1,1,0],[1,1,1,1,0,0,1,1,0,0]]"
3,461,-0.02022039952852268,0.02022039952852268,"[[1,1,0,0,1,0,1,1,1,0],[1,1,1,1,0,0,1,1,0,1]]"
3,462,-0.02280656834773828,0.02280656834773828,"[[1,1,0,0,1,0,1,1,1,0],[1,1,1,1,0,0,1,1,1,0]]"
3,463,-0.02327793408509127,0.02327793408509127,"[[1,1,0,0,1,0,1,1,1,0],[1,1,1,1,0,0,1,1,1,1]]"
3,464,-0.01797397724039872,0.01797397724039872,"[[1,1,0,0,1,0,1,1,1,0],[1,1,1,1,0,1,0,0,0,0]]"
3,465,-0.018100277585319284,0.018100277585319284,"[[1,1,0,0,1,0,1,1,1,0],[1,1,1,1,0,1,0,0,0,1]]"
3,466,-0.02041027935859089,0.02041027935859089,"[[1,1,0,0,1,0,1,1,1,0],[1,1,1,1,0,1,0,0,1,0]]"
3,467,-0.020867346705888464,0.020867346705888464,"[[1,1,0,0,1,0,1,1,1,0],[1,1,1,1,0,1,0,0,1,1]]"
3,468,-0.025325344800263515,0.025325344800263515,"[[1,1,0,0,1,0,1,1,1,0],[1,1,1,1,0,1,0,1,0,0]]"
3,469,-0.025216281588796154,0.025216281588796154,"[[1,1,0,0,1,0,1,1,1,0],[1,1,1,1,0,1,0,1,0,1]]"
3,470,-0.028017483994942024,0.028017483994942024,"[[1,1,0,0,1,0,1,1,1,0],[1,1,1,1,0,1,0,1,1,0]]"
3,471,-0.028378254632745067,0.028378254632745067,"[[1,1,0,0,1,0,1,1,1,0],[1,1,1,1,0,1,0,1,1,1]]"
3,472,-0.03205293473754789,0.03205293473754789,"[[1,1,0,0,1,0,1,1,1,0],[1,1,1,1,0,1,1,0,0,0]]"
3,473,-0.032521935028684466,0.032521935028684466,"[[1,1,0,0,1,0,1,1,1,0],[1,1,1,1,0,1,1,0,0,1]]"
3,474,-0.03476965921787194,0.03476965921787194,"[[1,1,0,0,1,0,1,1,1,0],[1,1,1,1,0,1,1,0,1,0]]"
3,475,-0.03532533394616232,0.03532533394616232,"[[1,1,0,0,1,0,1,1,1,0],[1,1,1,1,0,1,1,0,1,1]]"
3,476,-0.04138756190506255,0.04138756190506255,"[[1,1,0,0,1,0,1,1,1,0],[1,1,1,1,0,1,1,1,0,0]]"
3,477,-0.041405948555281444,0.041405948555281444,"[[1,1,0,0,1,0,1,1,1,0],[1,1,1,1,0,1,1,1,0,1]]"
3,478,-0.044058324366566266,0.044058324366566266,"[[1,1,0,0,1,0,1,1,1,0],[1,1,1,1,0,1,1,1,1,0]]"
3,479,-0.043887426003967674,0.043887426003967674,"[[1,1,0,0,1,0,1,1,1,0],[1,1,1,1,0,1,1,1,1,1]]"
3,480,-0.004102459112523914,0.004102459112523914,"[[1,1,0,0,1,0,1,1,1,1],[1,1,1,1,0,0,0,0,0,0]]"
3,481,-0.004223125887456052,0.004223125887456052,"[[1,1,0,0,1,0,1,1,1,1],[1,1,1,1,0,0,0,0,0,1]]"
3,482,-0.005408621093846528,0.005408621093846528,"[[1,1,0,0,1,0,1,1,1,1],[1,1,1,1,0,0,0,0,1,0]]"
3,483,-0.005748443877215562,0.005748443877215562,"[[1,1,0,0,1,0,1,1,1,1],[1,1,1,1,0,0,0,0,1,1]]"
3,484,-0.008004293994552152,0.008004293994552152,"[[1,1,0,0,1,0,1,1,1,1],[1,1,1,1,0,0,0,1,0,0]]"
3,485,-0.008367845825470671,0.008367845825470671,"[[1,1,0,0,1,0,1,1,1,1],[1,1,1,1,0,0,0,1,0,1]]"
3,486,-0.010504036258723362,0.010504036258723362,"[[1,1,0,0,1,0,1,1,1,1],[1,1,1,1,0,0,0,1,1,0]]"
3,487,-0.01118348655825799,0.01118348655825799,"[[1,1,0,0,1,0,1,1,1,1],[1,1,1,1,0,0,0,1,1,1]]"
3,488,-0.012264517371273133,0.012264517371273133,"[[1,1,0,0,1,0,1,1,1,1],[1,1,1,1,0,0,1,0,0,0]]"
3,489,-0.012685228364115059,0.012685228364115059,"[[1,1,0,0,1,0,1,1,1,1],[1,1,1,1,0,0,1,0,0,1]]"
3,490,-0.014942255914998419,0.014942255914998419,"[[1,1,0,0,1,0,1,1,1,1],[1,1,1,1,0,0,1,0,1,0]]"
3,491,-0.015607106738271355,0.015607106738271355,"[[1,1,0,0,1,0,1,1,1,1],[1,1,1,1,0,0,1,0,1,1]]"
3,492,-0.019868505066742224,0.019868505066742224,"[[1,1,0,0,1,0,1,1,1,1],[1,1,1,1,0,0,1,1,0,0]]"
3,493,-0.020252574978176986,0.020252574978176986,"[[1,1,0,0,1,0,1,1,1,1],[1,1,1,1,0,0,1,1,0,1]]"
3,494,-0.022671540513942223,0.022671540513942223,"[[1,1,0,0,1,0,1,1,1,1],[1,1,1,1,0,0,1,1,1,0]]"
3,495,-0.023424741610414385,0.023424741610414385,"[[1,1,0,0,1,0,1,1,1,1],[1,1,1,1,0,0,1,1,1,1]]"
3,496,-0.01711025439403338,0.01711025439403338,"[[1,1,0,0,1,0,1,1,1,1],[1,1,1,1,0,1,0,0,0,0]]"
3,497,-0.0175417492175698,0.0175417492175698,"[[1,1,0,0,1,0,1,1,1,1],[1,1,1,1,0,1,0,0,0,1]]"
3,498,-0.019716706492865697,0.019716706492865697,"[[1,1,0,0,1,0,1,1,1,1],[1,1,1,1,0,1,0,0,1,0]]"
3,499,-0.02056967324343827,0.02056967324343827,"[[1,1,0,0,1,0,1,1,1,1],[1,1,1,1,0,1,0,0,1,1]]"
3,500,-0.024650574945564926,0.024650574945564926,"[[1,1,0,0,1,0,1,1,1,1],[1,1,1,1,0,1,0,1,0,0]]"
3,501,-0.025034184393917323,0.025034184393917323,"[[1,1,0,0,1,0,1,1,1,1],[1,1,1,1,0,1,0,1,0,1]]"
3,502,-0.027746378538788447,0.027746378538788447,"[[1,1,0,0,1,0,1,1,1,1],[1,1,1,1,0,1,0,1,1,0]]"
3,503,-0.028522673911337226,0.028522673911337226,"[[1,1,0,0,1,0,1,1,1,1],[1,1,1,1,0,1,0,1,1,1]]"
3,504,-0.0307966214188384,0.0307966214188384,"[[1,1,0,0,1,0,1,1,1,1],[1,1,1,1,0,1,1,0,0,0]]"
3,505,-0.031771575069551215,0.031771575069551215,"[[1,1,0,0,1,0,1,1,1,1],[1,1,1,1,0,1,1,0,0,1]]"
3,506,-0.03423735087541638,0.03423735087541638,"[[1,1,0,0,1,0,1,1,1,1],[1,1,1,1,0,1,1,0,1,0]]"
3,507,-0.03500398126559465,0.03500398126559465,"[[1,1,0,0,1,0,1,1,1,1],[1,1,1,1,0,1,1,0,1,1]]"
3,508,-0.040673864847479625,0.040673864847479625,"[[1,1,0,0,1,0,1,1,1,1],[1,1,1,1,0,1,1,1,0,0]]"
3,509,-0.041213587123516186,0.041213587123516186,"[[1,1,0,0,1,0,1,1,1,1],[1,1,1,1,0,1,1,1,0,1]]"
3,510,-0.044080148673733346,0.044080148673733346,"[[1,1,0,0,1,0,1,1,1,1],[1,1,1,1,0,1,1,1,1,0]]"
3,511,-0.04434148824909823,0.04434148824909823,"[[1,1,0,0,1,0,1,1,1,1],[1,1,1,1,0,1,1,1,1,1]]"
3,512,-0.008048762511029569,0.008048762511029569,"[[1,1,0,0,1,1,0,0,0,0],[1,1,1,1,0,0,0,0,0,0]]"
3,513,-0.00792325189346373,0.00792325189346373,"[[1,1,0,0,1,1,0,0,0,0],[1,1,1,1,0,0,0,0,0,1]]"
3,514,-0.009123175788120597,0.009123175788120597,"[[1,1,0,0,1,1,0,0,0,0],[1,1,1,1,0,0,0,0,1,0]]"
3,515,-0.009383958851805867,0.009383958851805867,"[[1,1,0,0,1,1,0,0,0,0],[1,1,1,1,0,0,0,0,1,1]]"
3,516,-0.011942842528603052,0.011942842528603052,"[[1,1,0,0,1,1,0,0,0,0],[1,1,1,1,0,0,0,1,0,0]]"
3,517,-0.012287414607135047,0.012287414607135047,"[[1,1,0,0,1,1,0,0,0,0],[1,1,1,1,0,0,0,1,0,1]]"
3,518,-0.013200667692593576,0.013200667692593576,"[[1,1,0,0,1,1,0,0,0,0],[1,1,1,1,0,0,0,1,1,0]]"
3,519,-0.013179696439601324,0.013179696439601324,"[[1,1,0,0,1,1,0,0,0,0],[1,1,1,1,0,0,0,1,1,1]]"
3,520,-0.01535399354654166,0.01535399354654166,"[[1,1,0,0,1,1,0,0,0,0],[1,1,1,1,0,0,1,0,0,0]]"
3,521,-0.015701253416326923,0.015701253416326923,"[[1,1,0,0,1,1,0,0,0,0],[1,1,1,1,0,0,1,0,0,1]]"
3,522,-0.01713910487998323,0.01713910487998323,"[[1,1,0,0,1,1,0,0,0,0],[1,1,1,1,0,0,1,0,1,0]]"
3,523,-0.017292455500063163,0.017292455500063163,"[[1,1,0,0,1,1,0,0,0,0],[1,1,1,1,0,0,1,0,1,1]]"
3,524,-0.02036359808394972,0.02036359808394972,"[[1,1,0,0,1,1,0,0,0,0],[1,1,1,1,0,0,1,1,0,0]]"
3,525,-0.020583289557833232,0.020583289557833232,"[[1,1,0,0,1,1,0,0,0,0],[1,1,1,1,0,0,1,1,0,1]]"
3,526,-0.021320231387962713,0.021320231387962713,"[[1,1,0,0,1,1,0,0,0,0],[1,1,1,1,0,0,1,1,1,0]]"
3,527,-0.020452559768952258,0.020452559768952258,"[[1,1,0,0,1,1,0,0,0,0],[1,1,1,1,0,0,1,1,1,1]]"
3,528,-0.020114836489080218,0.020114836489080218,"[[1,1,0,0,1,1,0,0,0,0],[1,1,1,1,0,1,0,0,0,0]]"
3,529,-0.0202198629654451,0.0202198629654451,"[[1,1,0,0,1,1,0,0,0,0],[1,1,1,1,0,1,0,0,0,1]]"
3,530,-0.021963111097010723,0.021963111097010723,"[[1,1,0,0,1,1,0,0,0,0],[1,1,1,1,0,1,0,0,1,0]]"
3,531,-0.022204867781465226,0.022204867781465226,"[[1,1,0,0,1,1,0,0,0,0],[1,1,1,1,0,1,0,0,1,1]]"
3,532,-0.02525264737138741,0.02525264737138741,"[[1,1,0,0,1,1,0,0,0,0],[1,1,1,1,0,1,0,1,0,0]]"
3,533,-0.025514844897170028,0.025514844897170028,"[[1,1,0,0,1,1,0,0,0,0],[1,1,1,1,0,1,0,1,0,1]]"
3,534,-0.026518073183244856,0.026518073183244856,"[[1,1,0,0,1,1,0,0,0,0],[1,1,1,1,0,1,0,1,1,0]]"
3,535,-0.02598481370511795,0.02598481370511795,"[[1,1,0,0,1,1,0,0,0,0],[1,1,1,1,0,1,0,1,1,1]]"
3,536,-0.031238402585906332,0.031238402585906332,"[[1,1,0,0,1,1,0,0,0,0],[1,1,1,1,0,1,1,0,0,0]]"
3,537,-0.03139143401477304,0.03139143401477304,"[[1,1,0,0,1,1,0,0,0,0],[1,1,1,1,0,1,1,0,0,1]]"
3,538,-0.03298619807453225,0.03298619807453225,"[[1,1,0,0,1,1,0,0,0,0],[1,1,1,1,0,1,1,0,1,0]]"
3,539,-0.032764409073719684,0.032764409073719684,"[[1,1,0,0,1,1,0,0,0,0],[1,1,1,1,0,1,1,0,1,1]]"
3,540,-0.0350017628726446,0.0350017628726446,"[[1,1,0,0,1,1,0,0,0,0],[1,1,1,1,0,1,1,1,0,0]]"
3,541,-0.034375235808868275,0.034375235808868275,"[[1,1,0,0,1,1,0,0,0,0],[1,1,1,1,0,1,1,1,0,1]]"
3,542,-0.034668120043266526,0.034668120043266526,"[[1,1,0,0,1,1,0,0,0,0],[1,1,1,1,0,1,1,1,1,0]]"
3,543,-0.03203813225201585,0.03203813225201585,"[[1,1,0,0,1,1,0,0,0,0],[1,1,1,1,0,1,1,1,1,1]]"
3,544,-0.00782077751713815,0.00782077751713815,"[[1,1,0,0,1,1,0,0,0,1],[1,1,1,1,0,0,0,0,0,0]]"
3,545,-0.00801486534031848,0.00801486534031848,"[[1,1,0,0,1,1,0,0,0,1],[1,1,1,1,0,0,0,0,0,1]]"
3,546,-0.00930168815776706,0.00930168815776706,"[[1,1,0,0,1,1,0,0,0,1],[1,1,1,1,0,0,0,0,1,0]]"
3,547,-0.009562525831141495,0.009562525831141495,"[[1,1,0,0,1,1,0,0,0,1],[1,1,1,1,0,0,0,0,1,1]]"
3,548,-0.011985515588734823,0.011985515588734823,"[[1,1,0,0,1,1,0,0,0,1],[1,1,1,1,0,0,0,1,0,0]]"
3,549,-0.012324330751564782,0.012324330751564782,"[[1,1,0,0,1,1,0,0,0,1],[1,1,1,1,0,0,0,1,0,1]]"
3,550,-0.013610560027011515,0.013610560027011515,"[[1,1,0,0,1,1,0,0,0,1],[1,1,1,1,0,0,0,1,1,0]]"
3,551,-0.013711469583186942,0.013711469583186942,"[[1,1,0,0,1,1,0,0,0,1],[1,1,1,1,0,0,0,1,1,1]]"
3,552,-0.015386920486219091,0.015386920486219091,"[[1,1,0,0,1,1,0,0,0,1],[1,1,1,1,0,0,1,0,0,0]]"
3,553,-0.01587492126381737,0.01587492126381737,"[[1,1,0,0,1,1,0,0,0,1],[1,1,1,1,0,0,1,0,0,1]]"
3,554,-0.017493769676824245,0.017493769676824245,"[[1,1,0,0,1,1,0,0,0,1],[1,1,1,1,0,0,1,0,1,0]]"
3,555,-0.017619080715816453,0.017619080715816453,"[[1,1,0,0,1,1,0,0,0,1],[1,1,1,1,0,0,1,0,1,1]]"
3,556,-0.02093348379468368,0.02093348379468368,"[[1,1,0,0,1,1,0,0,0,1],[1,1,1,1,0,0,1,1,0,0]]"
3,557,-0.02109818978606476,0.02109818978606476,"[[1,1,0,0,1,1,0,0,0,1],[1,1,1,1,0,0,1,1,0,1]]"
3,558,-0.021945227148101442,0.021945227148101442,"[[1,1,0,0,1,1,0,0,0,1],[1,1,1,1,0,0,1,1,1,0]]"
3,559,-0.021488789464364003,0.021488789464364003,"[[1,1,0,0,1,1,0,0,0,1],[1,1,1,1,0,0,1,1,1,1]]"
3,560,-0.020096950498520224,0.020096950498520224,"[[1,1,0,0,1,1,0,0,0,1],[1,1,1,1,0,1,0,0,0,0]]"
3,561,-0.020379014037409174,0.020379014037409174,"[[1,1,0,0,1,1,0,0,0,1],[1,1,1,1,0,1,0,0,0,1]]"
3,562,-0.022018032788241194,0.022018032788241194,"[[1,1,0,0,1,1,0,0,0,1],[1,1,1,1,0,1,0,0,1,0]]"
3,563,-0.022457117927720174,0.022457117927720174,"[[1,1,0,0,1,1,0,0,0,1],[1,1,1,1,0,1,0,0,1,1]]"
3,564,-0.025698517222687296,0.025698517222687296,"[[1,1,0,0,1,1,0,0,0,1],[1,1,1,1,0,1,0,1,0,0]]"
3,565,-0.025914263863300008,0.025914263863300008,"[[1,1,0,0,1,1,0,0,0,1],[1,1,1,1,0,1,0,1,0,1]]"
3,566,-0.026824476814727116,0.026824476814727116,"[[1,1,0,0,1,1,0,0,0,1],[1,1,1,1,0,1,0,1,1,0]]"
3,567,-0.02675989062171026,0.02675989062171026,"[[1,1,0,0,1,1,0,0,0,1],[1,1,1,1,0,1,0,1,1,1]]"
3,568,-0.03145341069954438,0.03145341069954438,"[[1,1,0,0,1,1,0,0,0,1],[1,1,1,1,0,1,1,0,0,0]]"
3,569,-0.031874084553445155,0.031874084553445155,"[[1,1,0,0,1,1,0,0,0,1],[1,1,1,1,0,1,1,0,0,1]]"
3,570,-0.0334981001755788,0.0334981001755788,"[[1,1,0,0,1,1,0,0,0,1],[1,1,1,1,0,1,1,0,1,0]]"
3,571,-0.03325742386956584,0.03325742386956584,"[[1,1,0,0,1,1,0,0,0,1],[1,1,1,1,0,1,1,0,1,1]]"
3,572,-0.03601489685866763,0.03601489685866763,"[[1,1,0,0,1,1,0,0,0,1],[1,1,1,1,0,1,1,1,0,0]]"
3,573,-0.03556167718764723,0.03556167718764723,"[[1,1,0,0,1,1,0,0,0,1],[1,1,1,1,0,1,1,1,0,1]]"
3,574,-0.03568273570188751,0.03568273570188751,"[[1,1,0,0,1,1,0,0,0,1],[1,1,1,1,0,1,1,1,1,0]]"
3,575,-0.03418158633442329,0.03418158633442329,"[[1,1,0,0,1,1,0,0,0,1],[1,1,1,1,0,1,1,1,1,1]]"
3,576,-0.006211707892377611,0.006211707892377611,"[[1,1,0,0,1,1,0,0,1,0],[1,1,1,1,0,0,0,0,0,0]]"
3,577,-0.006249468645117823,0.006249468645117823,"[[1,1,0,0,1,1,0,0,1,0],[1,1,1,1,0,0,0,0,0,1]]"
3,578,-0.007753223165368167,0.007753223165368167,"[[1,1,0,0,1,1,0,0,1,0],[1,1,1,1,0,0,0,0,1,0]]"
3,579,-0.007916391472406014,0.007916391472406014,"[[1,1,0,0,1,1,0,0,1,0],[1,1,1,1,0,0,0,0,1,1]]"
3,580,-0.01068887396811131,0.01068887396811131,"[[1,1,0,0,1,1,0,0,1,0],[1,1,1,1,0,0,0,1,0,0]]"
3,581,-0.010722279544357796,0.010722279544357796,"[[1,1,0,0,1,1,0,0,1,0],[1,1,1,1,0,0,0,1,0,1]]"
3,582,-0.012676765788650426,0.012676765788650426,"[[1,1,0,0,1,1,0,0,1,0],[1,1,1,1,0,0,0,1,1,0]]"
3,583,-0.01282184674733716,0.01282184674733716,"[[1,1,0,0,1,1,0,0,1,0],[1,1,1,1,0,0,0,1,1,1]]"
3,584,-0.01381974836818705,0.01381974836818705,"[[1,1,0,0,1,1,0,0,1,0],[1,1,1,1,0,0,1,0,0,0]]"
3,585,-0.013950343717865455,0.013950343717865455,"[[1,1,0,0,1,1,0,0,1,0],[1,1,1,1,0,0,1,0,0,1]]"
3,586,-0.015825789471810448,0.015825789471810448,"[[1,1,0,0,1,1,0,0,1,0],[1,1,1,1,0,0,1,0,1,0]]"
3,587,-0.016343207254030694,0.016343207254030694,"[[1,1,0,0,1,1,0,0,1,0],[1,1,1,1,0,0,1,0,1,1]]"
3,588,-0.019546096834087007,0.019546096834087007,"[[1,1,0,0,1,1,0,0,1,0],[1,1,1,1,0,0,1,1,0,0]]"
3,589,-0.020072451271983267,0.020072451271983267,"[[1,1,0,0,1,1,0,0,1,0],[1,1,1,1,0,0,1,1,0,1]]"
3,590,-0.021715812273435817,0.021715812273435817,"[[1,1,0,0,1,1,0,0,1,0],[1,1,1,1,0,0,1,1,1,0]]"
3,591,-0.021632236952773946,0.021632236952773946,"[[1,1,0,0,1,1,0,0,1,0],[1,1,1,1,0,0,1,1,1,1]]"
3,592,-0.01814499917221764,0.01814499917221764,"[[1,1,0,0,1,1,0,0,1,0],[1,1,1,1,0,1,0,0,0,0]]"
3,593,-0.017933582668654205,0.017933582668654205,"[[1,1,0,0,1,1,0,0,1,0],[1,1,1,1,0,1,0,0,0,1]]"
3,594,-0.020258784671745703,0.020258784671745703,"[[1,1,0,0,1,1,0,0,1,0],[1,1,1,1,0,1,0,0,1,0]]"
3,595,-0.020722904298629673,0.020722904298629673,"[[1,1,0,0,1,1,0,0,1,0],[1,1,1,1,0,1,0,0,1,1]]"
3,596,-0.024644511098845846,0.024644511098845846,"[[1,1,0,0,1,1,0,0,1,0],[1,1,1,1,0,1,0,1,0,0]]"
3,597,-0.024866560691729843,0.024866560691729843,"[[1,1,0,0,1,1,0,0,1,0],[1,1,1,1,0,1,0,1,0,1]]"
3,598,-0.02643256557217182,0.02643256557217182,"[[1,1,0,0,1,1,0,0,1,0],[1,1,1,1,0,1,0,1,1,0]]"
3,599,-0.02627191452876448,0.02627191452876448,"[[1,1,0,0,1,1,0,0,1,0],[1,1,1,1,0,1,0,1,1,1]]"
3,600,-0.030359106769247992,0.030359106769247992,"[[1,1,0,0,1,1,0,0,1,0],[1,1,1,1,0,1,1,0,0,0]]"
3,601,-0.030237676262938846,0.030237676262938846,"[[1,1,0,0,1,1,0,0,1,0],[1,1,1,1,0,1,1,0,0,1]]"
3,602,-0.03230536051732451,0.03230536051732451,"[[1,1,0,0,1,1,0,0,1,0],[1,1,1,1,0,1,1,0,1,0]]"
3,603,-0.032186057754693215,0.032186057754693215,"[[1,1,0,0,1,1,0,0,1,0],[1,1,1,1,0,1,1,0,1,1]]"
3,604,-0.0360009877373986,0.0360009877373986,"[[1,1,0,0,1,1,0,0,1,0],[1,1,1,1,0,1,1,1,0,0]]"
3,605,-0.03592596861886797,0.03592596861886797,"[[1,1,0,0,1,1,0,0,1,0],[1,1,1,1,0,1,1,1,0,1]]"
3,606,-0.036791375496088345,0.036791375496088345,"[[1,1,0,0,1,1,0,0,1,0],[1,1,1,1,0,1,1,1,1,0]]"
3,607,-0.03598972196367811,0.03598972196367811,"[[1,1,0,0,1,1,0,0,1,0],[1,1,1,1,0,1,1,1,1,1]]"
3,608,-0.005817790876481017,0.005817790876481017,"[[1,1,0,0,1,1,0,0,1,1],[1,1,1,1,0,0,0,0,0,0]]"
3,609,-0.006215918885656868,0.006215918885656868,"[[1,1,0,0,1,1,0,0,1,1],[1,1,1,1,0,0,0,0,0,1]]"
3,610,-0.007696999167676973,0.007696999167676973,"[[1,1,0,0,1,1,0,0,1,1],[1,1,1,1,0,0,0,0,1,0]]"
3,611,-0.008046248537764276,0.008046248537764276,"[[1,1,0,0,1,1,0,0,1,1],[1,1,1,1,0,0,0,0,1,1]]"
3,612,-0.010404027215982698,0.010404027215982698,"[[1,1,0,0,1,1,0,0,1,1],[1,1,1,1,0,0,0,1,0,0]]"
3,613,-0.010857323403790855,0.010857323403790855,"[[1,1,0,0,1,1,0,0,1,1],[1,1,1,1,0,0,0,1,0,1]]"
3,614,-0.012675788169254005,0.012675788169254005,"[[1,1,0,0,1,1,0,0,1,1],[1,1,1,1,0,0,0,1,1,0]]"
3,615,-0.013121446681734032,0.013121446681734032,"[[1,1,0,0,1,1,0,0,1,1],[1,1,1,1,0,0,0,1,1,1]]"
3,616,-0.013540488324817803,0.013540488324817803,"[[1,1,0,0,1,1,0,0,1,1],[1,1,1,1,0,0,1,0,0,0]]"
3,617,-0.014046485422905325,0.014046485422905325,"[[1,1,0,0,1,1,0,0,1,1],[1,1,1,1,0,0,1,0,0,1]]"
3,618,-0.015555326628345632,0.015555326628345632,"[[1,1,0,0,1,1,0,0,1,1],[1,1,1,1,0,0,1,0,1,0]]"
3,619,-0.01628635783465952,0.01628635783465952,"[[1,1,0,0,1,1,0,0,1,1],[1,1,1,1,0,0,1,0,1,1]]"
3,620,-0.01906324958586361,0.01906324958586361,"[[1,1,0,0,1,1,0,0,1,1],[1,1,1,1,0,0,1,1,0,0]]"
3,621,-0.019960026635830835,0.019960026635830835,"[[1,1,0,0,1,1,0,0,1,1],[1,1,1,1,0,0,1,1,0,1]]"
3,622,-0.02192585870876608,0.02192585870876608,"[[1,1,0,0,1,1,0,0,1,1],[1,1,1,1,0,0,1,1,1,0]]"
3,623,-0.022199805296610857,0.022199805296610857,"[[1,1,0,0,1,1,0,0,1,1],[1,1,1,1,0,0,1,1,1,1]]"
3,624,-0.017794562395894987,0.017794562395894987,"[[1,1,0,0,1,1,0,0,1,1],[1,1,1,1,0,1,0,0,0,0]]"
3,625,-0.01819743847821749,0.01819743847821749,"[[1,1,0,0,1,1,0,0,1,1],[1,1,1,1,0,1,0,0,0,1]]"
3,626,-0.020093632297924297,0.020093632297924297,"[[1,1,0,0,1,1,0,0,1,1],[1,1,1,1,0,1,0,0,1,0]]"
3,627,-0.0207197914734276,0.0207197914734276,"[[1,1,0,0,1,1,0,0,1,1],[1,1,1,1,0,1,0,0,1,1]]"
3,628,-0.02414039403406781,0.02414039403406781,"[[1,1,0,0,1,1,0,0,1,1],[1,1,1,1,0,1,0,1,0,0]]"
3,629,-0.024807070651288878,0.024807070651288878,"[[1,1,0,0,1,1,0,0,1,1],[1,1,1,1,0,1,0,1,0,1]]"
3,630,-0.02657349490555542,0.02657349490555542,"[[1,1,0,0,1,1,0,0,1,1],[1,1,1,1,0,1,0,1,1,0]]"
3,631,-0.026821188110486026,0.026821188110486026,"[[1,1,0,0,1,1,0,0,1,1],[1,1,1,1,0,1,0,1,1,1]]"
3,632,-0.029816604323705687,0.029816604323705687,"[[1,1,0,0,1,1,0,0,1,1],[1,1,1,1,0,1,1,0,0,0]]"
3,633,-0.030385658144214078,0.030385658144214078,"[[1,1,0,0,1,1,0,0,1,1],[1,1,1,1,0,1,1,0,0,1]]"
3,634,-0.032255031648367447,0.032255031648367447,"[[1,1,0,0,1,1,0,0,1,1],[1,1,1,1,0,1,1,0,1,0]]"
3,635,-0.032611074954264636,0.032611074954264636,"[[1,1,0,0,1,1,0,0,1,1],[1,1,1,1,0,1,1,0,1,1]]"
3,636,-0.03567713995867722,0.03567713995867722,"[[1,1,0,0,1,1,0,0,1,1],[1,1,1,1,0,1,1,1,0,0]]"
3,637,-0.0362919874278769,0.0362919874278769,"[[1,1,0,0,1,1,0,0,1,1],[1,1,1,1,0,1,1,1,0,1]]"
3,638,-0.03747242152686073,0.03747242152686073,"[[1,1,0,0,1,1,0,0,1,1],[1,1,1,1,0,1,1,1,1,0]]"
3,639,-0.036925792337862584,0.036925792337862584,"[[1,1,0,0,1,1,0,0,1,1],[1,1,1,1,0,1,1,1,1,1]]"
3,640,-0.004124940162306689,0.004124940162306689,"[[1,1,0,0,1,1,0,1,0,0],[1,1,1,1,0,0,0,0,0,0]]"
3,641,-0.004243054471989464,0.004243054471989464,"[[1,1,0,0,1,1,0,1,0,0],[1,1,1,1,0,0,0,0,0,1]]"
3,642,-0.00523125247314436,0.00523125247314436,"[[1,1,0,0,1,1,0,1,0,0],[1,1,1,1,0,0,0,0,1,0]]"
3,643,-0.005495018791283027,0.005495018791283027,"[[1,1,0,0,1,1,0,1,0,0],[1,1,1,1,0,0,0,0,1,1]]"
3,644,-0.00813976648947024,0.00813976648947024,"[[1,1,0,0,1,1,0,1,0,0],[1,1,1,1,0,0,0,1,0,0]]"
3,645,-0.008318000601569547,0.008318000601569547,"[[1,1,0,0,1,1,0,1,0,0],[1,1,1,1,0,0,0,1,0,1]]"
3,646,-0.009362842552797167,0.009362842552797167,"[[1,1,0,0,1,1,0,1,0,0],[1,1,1,1,0,0,0,1,1,0]]"
3,647,-0.009634299949698394,0.009634299949698394,"[[1,1,0,0,1,1,0,1,0,0],[1,1,1,1,0,0,0,1,1,1]]"
3,648,-0.01155093602735527,0.01155093602735527,"[[1,1,0,0,1,1,0,1,0,0],[1,1,1,1,0,0,1,0,0,0]]"
3,649,-0.011725164042146432,0.011725164042146432,"[[1,1,0,0,1,1,0,1,0,0],[1,1,1,1,0,0,1,0,0,1]]"
3,650,-0.012976417436773214,0.012976417436773214,"[[1,1,0,0,1,1,0,1,0,0],[1,1,1,1,0,0,1,0,1,0]]"
3,651,-0.013246270599027549,0.013246270599027549,"[[1,1,0,0,1,1,0,1,0,0],[1,1,1,1,0,0,1,0,1,1]]"
3,652,-0.017105840503248582,0.017105840503248582,"[[1,1,0,0,1,1,0,1,0,0],[1,1,1,1,0,0,1,1,0,0]]"
3,653,-0.017627724197820455,0.017627724197820455,"[[1,1,0,0,1,1,0,1,0,0],[1,1,1,1,0,0,1,1,0,1]]"
3,654,-0.018729647788718953,0.018729647788718953,"[[1,1,0,0,1,1,0,1,0,0],[1,1,1,1,0,0,1,1,1,0]]"
3,655,-0.018692389475468526,0.018692389475468526,"[[1,1,0,0,1,1,0,1,0,0],[1,1,1,1,0,0,1,1,1,1]]"
3,656,-0.015307527018009907,0.015307527018009907,"[[1,1,0,0,1,1,0,1,0,0],[1,1,1,1,0,1,0,0,0,0]]"
3,657,-0.015537484464335337,0.015537484464335337,"[[1,1,0,0,1,1,0,1,0,0],[1,1,1,1,0,1,0,0,0,1]]"
3,658,-0.016964732626293028,0.016964732626293028,"[[1,1,0,0,1,1,0,1,0,0],[1,1,1,1,0,1,0,0,1,0]]"
3,659,-0.0173828235331083,0.0173828235331083,"[[1,1,0,0,1,1,0,1,0,0],[1,1,1,1,0,1,0,0,1,1]]"
3,660,-0.02101888543822127,0.02101888543822127,"[[1,1,0,0,1,1,0,1,0,0],[1,1,1,1,0,1,0,1,0,0]]"
3,661,-0.02156189402921023,0.02156189402921023,"[[1,1,0,0,1,1,0,1,0,0],[1,1,1,1,0,1,0,1,0,1]]"
3,662,-0.023169412709208134,0.023169412709208134,"[[1,1,0,0,1,1,0,1,0,0],[1,1,1,1,0,1,0,1,1,0]]"
3,663,-0.02340986760487835,0.02340986760487835,"[[1,1,0,0,1,1,0,1,0,0],[1,1,1,1,0,1,0,1,1,1]]"
3,664,-0.02728596393933017,0.02728596393933017,"[[1,1,0,0,1,1,0,1,0,0],[1,1,1,1,0,1,1,0,0,0]]"
3,665,-0.027783328920418522,0.027783328920418522,"[[1,1,0,0,1,1,0,1,0,0],[1,1,1,1,0,1,1,0,0,1]]"
3,666,-0.029240023927634945,0.029240023927634945,"[[1,1,0,0,1,1,0,1,0,0],[1,1,1,1,0,1,1,0,1,0]]"
3,667,-0.029608776276312154,0.029608776276312154,"[[1,1,0,0,1,1,0,1,0,0],[1,1,1,1,0,1,1,0,1,1]]"
3,668,-0.0340223281273016,0.0340223281273016,"[[1,1,0,0,1,1,0,1,0,0],[1,1,1,1,0,1,1,1,0,0]]"
3,669,-0.03444004842376446,0.03444004842376446,"[[1,1,0,0,1,1,0,1,0,0],[1,1,1,1,0,1,1,1,0,1]]"
3,670,-0.035406738828579545,0.035406738828579545,"[[1,1,0,0,1,1,0,1,0,0],[1,1,1,1,0,1,1,1,1,0]]"
3,671,-0.03469675516307368,0.03469675516307368,"[[1,1,0,0,1,1,0,1,0,0],[1,1,1,1,0,1,1,1,1,1]]"
3,672,-0.003798363339578987,0.003798363339578987,"[[1,1,0,0,1,1,0,1,0,1],[1,1,1,1,0,0,0,0,0,0]]"
3,673,-0.004109639416489019,0.004109639416489019,"[[1,1,0,0,1,1,0,1,0,1],[1,1,1,1,0,0,0,0,0,1]]"
3,674,-0.00525330073995681,0.00525330073995681,"[[1,1,0,0,1,1,0,1,0,1],[1,1,1,1,0,0,0,0,1,0]]"
3,675,-0.0055685228815173585,0.0055685228815173585,"[[1,1,0,0,1,1,0,1,0,1],[1,1,1,1,0,0,0,0,1,1]]"
3,676,-0.008053296480542286,0.008053296480542286,"[[1,1,0,0,1,1,0,1,0,1],[1,1,1,1,0,0,0,1,0,0]]"
3,677,-0.008387492382859858,0.008387492382859858,"[[1,1,0,0,1,1,0,1,0,1],[1,1,1,1,0,0,0,1,0,1]]"
3,678,-0.009582825561347963,0.009582825561347963,"[[1,1,0,0,1,1,0,1,0,1],[1,1,1,1,0,0,0,1,1,0]]"
3,679,-0.009750960746983226,0.009750960746983226,"[[1,1,0,0,1,1,0,1,0,1],[1,1,1,1,0,0,0,1,1,1]]"
3,680,-0.01125544293441189,0.01125544293441189,"[[1,1,0,0,1,1,0,1,0,1],[1,1,1,1,0,0,1,0,0,0]]"
3,681,-0.01182620002318522,0.01182620002318522,"[[1,1,0,0,1,1,0,1,0,1],[1,1,1,1,0,0,1,0,0,1]]"
3,682,-0.013335770711013675,0.013335770711013675,"[[1,1,0,0,1,1,0,1,0,1],[1,1,1,1,0,0,1,0,1,0]]"
3,683,-0.013455057534730646,0.013455057534730646,"[[1,1,0,0,1,1,0,1,0,1],[1,1,1,1,0,0,1,0,1,1]]"
3,684,-0.01697006545772255,0.01697006545772255,"[[1,1,0,0,1,1,0,1,0,1],[1,1,1,1,0,0,1,1,0,0]]"
3,685,-0.017615189289893658,0.017615189289893658,"[[1,1,0,0,1,1,0,1,0,1],[1,1,1,1,0,0,1,1,0,1]]"
3,686,-0.01917466960184209,0.01917466960184209,"[[1,1,0,0,1,1,0,1,0,1],[1,1,1,1,0,0,1,1,1,0]]"
3,687,-0.01905578973287365,0.01905578973287365,"[[1,1,0,0,1,1,0,1,0,1],[1,1,1,1,0,0,1,1,1,1]]"
3,688,-0.015019061464659011,0.015019061464659011,"[[1,1,0,0,1,1,0,1,0,1],[1,1,1,1,0,1,0,0,0,0]]"
3,689,-0.015602433818173696,0.015602433818173696,"[[1,1,0,0,1,1,0,1,0,1],[1,1,1,1,0,1,0,0,0,1]]"
3,690,-0.017245512971115314,0.017245512971115314,"[[1,1,0,0,1,1,0,1,0,1],[1,1,1,1,0,1,0,0,1,0]]"
3,691,-0.017534480684903004,0.017534480684903004,"[[1,1,0,0,1,1,0,1,0,1],[1,1,1,1,0,1,0,0,1,1]]"
3,692,-0.02122051552290632,0.02122051552290632,"[[1,1,0,0,1,1,0,1,0,1],[1,1,1,1,0,1,0,1,0,0]]"
3,693,-0.021689034237324867,0.021689034237324867,"[[1,1,0,0,1,1,0,1,0,1],[1,1,1,1,0,1,0,1,0,1]]"
3,694,-0.0234844276657655,0.0234844276657655,"[[1,1,0,0,1,1,0,1,0,1],[1,1,1,1,0,1,0,1,1,0]]"
3,695,-0.02363833609702779,0.02363833609702779,"[[1,1,0,0,1,1,0,1,0,1],[1,1,1,1,0,1,0,1,1,1]]"
3,696,-0.026892127899012137,0.026892127899012137,"[[1,1,0,0,1,1,0,1,0,1],[1,1,1,1,0,1,1,0,0,0]]"
3,697,-0.027740342134055483,0.027740342134055483,"[[1,1,0,0,1,1,0,1,0,1],[1,1,1,1,0,1,1,0,0,1]]"
3,698,-0.029634696316073385,0.029634696316073385,"[[1,1,0,0,1,1,0,1,0,1],[1,1,1,1,0,1,1,0,1,0]]"
3,699,-0.02977287351349993,0.02977287351349993,"[[1,1,0,0,1,1,0,1,0,1],[1,1,1,1,0,1,1,0,1,1]]"
3,700,-0.034092117082583626,0.034092117082583626,"[[1,1,0,0,1,1,0,1,0,1],[1,1,1,1,0,1,1,1,0,0]]"
3,701,-0.03470645864133424,0.03470645864133424,"[[1,1,0,0,1,1,0,1,0,1],[1,1,1,1,0,1,1,1,0,1]]"
3,702,-0.03601645310325575,0.03601645310325575,"[[1,1,0,0,1,1,0,1,0,1],[1,1,1,1,0,1,1,1,1,0]]"
3,703,-0.03510425456857699,0.03510425456857699,"[[1,1,0,0,1,1,0,1,0,1],[1,1,1,1,0,1,1,1,1,1]]"
3,704,-0.0025073815820228678,0.0025073815820228678,"[[1,1,0,0,1,1,0,1,1,0],[1,1,1,1,0,0,0,0,0,0]]"
3,705,-0.0025840464539889385,0.0025840464539889385,"[[1,1,0,0,1,1,0,1,1,0],[1,1,1,1,0,0,0,0,0,1]]"
3,706,-0.0036705693434907257,0.0036705693434907257,"[[1,1,0,0,1,1,0,1,1,0],[1,1,1,1,0,0,0,0,1,0]]"
3,707,-0.0039520713032654515,0.0039520713032654515,"[[1,1,0,0,1,1,0,1,1,0],[1,1,1,1,0,0,0,0,1,1]]"
3,708,-0.006312434154120088,0.006312434154120088,"[[1,1,0,0,1,1,0,1,1,0],[1,1,1,1,0,0,0,1,0,0]]"
3,709,-0.006384417626287606,0.006384417626287606,"[[1,1,0,0,1,1,0,1,1,0],[1,1,1,1,0,0,0,1,0,1]]"
3,710,-0.008140691271590273,0.008140691271590273,"[[1,1,0,0,1,1,0,1,1,0],[1,1,1,1,0,0,0,1,1,0]]"
3,711,-0.008332918333758791,0.008332918333758791,"[[1,1,0,0,1,1,0,1,1,0],[1,1,1,1,0,0,0,1,1,1]]"
3,712,-0.009130337137515402,0.009130337137515402,"[[1,1,0,0,1,1,0,1,1,0],[1,1,1,1,0,0,1,0,0,0]]"
3,713,-0.009435224343551617,0.009435224343551617,"[[1,1,0,0,1,1,0,1,1,0],[1,1,1,1,0,0,1,0,0,1]]"
3,714,-0.01114329723029834,0.01114329723029834,"[[1,1,0,0,1,1,0,1,1,0],[1,1,1,1,0,0,1,0,1,0]]"
3,715,-0.011433117729806456,0.011433117729806456,"[[1,1,0,0,1,1,0,1,1,0],[1,1,1,1,0,0,1,0,1,1]]"
3,716,-0.015437860011698048,0.015437860011698048,"[[1,1,0,0,1,1,0,1,1,0],[1,1,1,1,0,0,1,1,0,0]]"
3,717,-0.015577726752963414,0.015577726752963414,"[[1,1,0,0,1,1,0,1,1,0],[1,1,1,1,0,0,1,1,0,1]]"
3,718,-0.017778641749946672,0.017778641749946672,"[[1,1,0,0,1,1,0,1,1,0],[1,1,1,1,0,0,1,1,1,0]]"
3,719,-0.01819454272182588,0.01819454272182588,"[[1,1,0,0,1,1,0,1,1,0],[1,1,1,1,0,0,1,1,1,1]]"
3,720,-0.012784278128541562,0.012784278128541562,"[[1,1,0,0,1,1,0,1,1,0],[1,1,1,1,0,1,0,0,0,0]]"
3,721,-0.012992360240406477,0.012992360240406477,"[[1,1,0,0,1,1,0,1,1,0],[1,1,1,1,0,1,0,0,0,1]]"
3,722,-0.015011742924199996,0.015011742924199996,"[[1,1,0,0,1,1,0,1,1,0],[1,1,1,1,0,1,0,0,1,0]]"
3,723,-0.015203116923825748,0.015203116923825748,"[[1,1,0,0,1,1,0,1,1,0],[1,1,1,1,0,1,0,0,1,1]]"
3,724,-0.01939909091243875,0.01939909091243875,"[[1,1,0,0,1,1,0,1,1,0],[1,1,1,1,0,1,0,1,0,0]]"
3,725,-0.019316778075151367,0.019316778075151367,"[[1,1,0,0,1,1,0,1,1,0],[1,1,1,1,0,1,0,1,0,1]]"
3,726,-0.021586587358892434,0.021586587358892434,"[[1,1,0,0,1,1,0,1,1,0],[1,1,1,1,0,1,0,1,1,0]]"
3,727,-0.02196630468580915,0.02196630468580915,"[[1,1,0,0,1,1,0,1,1,0],[1,1,1,1,0,1,0,1,1,1]]"
3,728,-0.024807429799848017,0.024807429799848017,"[[1,1,0,0,1,1,0,1,1,0],[1,1,1,1,0,1,1,0,0,0]]"
3,729,-0.02527489752307162,0.02527489752307162,"[[1,1,0,0,1,1,0,1,1,0],[1,1,1,1,0,1,1,0,0,1]]"
3,730,-0.02747596373941849,0.02747596373941849,"[[1,1,0,0,1,1,0,1,1,0],[1,1,1,1,0,1,1,0,1,0]]"
3,731,-0.027831676479716537,0.027831676479716537,"[[1,1,0,0,1,1,0,1,1,0],[1,1,1,1,0,1,1,0,1,1]]"
3,732,-0.03311740563341003,0.03311740563341003,"[[1,1,0,0,1,1,0,1,1,0],[1,1,1,1,0,1,1,1,0,0]]"
3,733,-0.033232489368207295,0.033232489368207295,"[[1,1,0,0,1,1,0,1,1,0],[1,1,1,1,0,1,1,1,0,1]]"
3,734,-0.0352911483531853,0.0352911483531853,"[[1,1,0,0,1,1,0,1,1,0],[1,1,1,1,0,1,1,1,1,0]]"
3,735,-0.03523771152765304,0.03523771152765304,"[[1,1,0,0,1,1,0,1,1,0],[1,1,1,1,0,1,1,1,1,1]]"
3,736,-0.0021653547784263342,0.0021653547784263342,"[[1,1,0,0,1,1,0,1,1,1],[1,1,1,1,0,0,0,0,0,0]]"
3,737,-0.0022745587150388674,0.0022745587150388674,"[[1,1,0,0,1,1,0,1,1,1],[1,1,1,1,0,0,0,0,0,1]]"
3,738,-0.0034433385606716317,0.0034433385606716317,"[[1,1,0,0,1,1,0,1,1,1],[1,1,1,1,0,0,0,0,1,0]]"
3,739,-0.003798694509085053,0.003798694509085053,"[[1,1,0,0,1,1,0,1,1,1],[1,1,1,1,0,0,0,0,1,1]]"
3,740,-0.005770230655133621,0.005770230655133621,"[[1,1,0,0,1,1,0,1,1,1],[1,1,1,1,0,0,0,1,0,0]]"
3,741,-0.006133880799760455,0.006133880799760455,"[[1,1,0,0,1,1,0,1,1,1],[1,1,1,1,0,0,0,1,0,1]]"
3,742,-0.008009596635555208,0.008009596635555208,"[[1,1,0,0,1,1,0,1,1,1],[1,1,1,1,0,0,0,1,1,0]]"
3,743,-0.008437815464955974,0.008437815464955974,"[[1,1,0,0,1,1,0,1,1,1],[1,1,1,1,0,0,0,1,1,1]]"
3,744,-0.008504002487612626,0.008504002487612626,"[[1,1,0,0,1,1,0,1,1,1],[1,1,1,1,0,0,1,0,0,0]]"
3,745,-0.008995683443025714,0.008995683443025714,"[[1,1,0,0,1,1,0,1,1,1],[1,1,1,1,0,0,1,0,0,1]]"
3,746,-0.010880993996877402,0.010880993996877402,"[[1,1,0,0,1,1,0,1,1,1],[1,1,1,1,0,0,1,0,1,0]]"
3,747,-0.011519830385090175,0.011519830385090175,"[[1,1,0,0,1,1,0,1,1,1],[1,1,1,1,0,0,1,0,1,1]]"
3,748,-0.014944430694641679,0.014944430694641679,"[[1,1,0,0,1,1,0,1,1,1],[1,1,1,1,0,0,1,1,0,0]]"
3,749,-0.015466336078217261,0.015466336078217261,"[[1,1,0,0,1,1,0,1,1,1],[1,1,1,1,0,0,1,1,0,1]]"
3,750,-0.017549947899387974,0.017549947899387974,"[[1,1,0,0,1,1,0,1,1,1],[1,1,1,1,0,0,1,1,1,0]]"
3,751,-0.0182210300049867,0.0182210300049867,"[[1,1,0,0,1,1,0,1,1,1],[1,1,1,1,0,0,1,1,1,1]]"
3,752,-0.012089435918215456,0.012089435918215456,"[[1,1,0,0,1,1,0,1,1,1],[1,1,1,1,0,1,0,0,0,0]]"
3,753,-0.012404899253865224,0.012404899253865224,"[[1,1,0,0,1,1,0,1,1,1],[1,1,1,1,0,1,0,0,0,1]]"
3,754,-0.014703086424328498,0.014703086424328498,"[[1,1,0,0,1,1,0,1,1,1],[1,1,1,1,0,1,0,0,1,0]]"
3,755,-0.015192570590485281,0.015192570590485281,"[[1,1,0,0,1,1,0,1,1,1],[1,1,1,1,0,1,0,0,1,1]]"
3,756,-0.018873803657172495,0.018873803657172495,"[[1,1,0,0,1,1,0,1,1,1],[1,1,1,1,0,1,0,1,0,0]]"
3,757,-0.019295440529177504,0.019295440529177504,"[[1,1,0,0,1,1,0,1,1,1],[1,1,1,1,0,1,0,1,0,1]]"
3,758,-0.021506472029395502,0.021506472029395502,"[[1,1,0,0,1,1,0,1,1,1],[1,1,1,1,0,1,0,1,1,0]]"
3,759,-0.022080198970690246,0.022080198970690246,"[[1,1,0,0,1,1,0,1,1,1],[1,1,1,1,0,1,0,1,1,1]]"
3,760,-0.023983653142209165,0.023983653142209165,"[[1,1,0,0,1,1,0,1,1,1],[1,1,1,1,0,1,1,0,0,0]]"
3,761,-0.024760895767101908,0.024760895767101908,"[[1,1,0,0,1,1,0,1,1,1],[1,1,1,1,0,1,1,0,0,1]]"
3,762,-0.027154955822744787,0.027154955822744787,"[[1,1,0,0,1,1,0,1,1,1],[1,1,1,1,0,1,1,0,1,0]]"
3,763,-0.027675839795226365,0.027675839795226365,"[[1,1,0,0,1,1,0,1,1,1],[1,1,1,1,0,1,1,0,1,1]]"
3,764,-0.032212611634515186,0.032212611634515186,"[[1,1,0,0,1,1,0,1,1,1],[1,1,1,1,0,1,1,1,0,0]]"
3,765,-0.032896423481576134,0.032896423481576134,"[[1,1,0,0,1,1,0,1,1,1],[1,1,1,1,0,1,1,1,0,1]]"
3,766,-0.03509380071163084,0.03509380071163084,"[[1,1,0,0,1,1,0,1,1,1],[1,1,1,1,0,1,1,1,1,0]]"
3,767,-0.03541800202575153,0.03541800202575153,"[[1,1,0,0,1,1,0,1,1,1],[1,1,1,1,0,1,1,1,1,1]]"
3,768,-0.00219480296106378,0.00219480296106378,"[[1,1,0,0,1,1,1,0,0,0],[1,1,1,1,0,0,0,0,0,0]]"
3,769,-0.0023010740658268485,0.0023010740658268485,"[[1,1,0,0,1,1,1,0,0,0],[1,1,1,1,0,0,0,0,0,1]]"
3,770,-0.0031936269384942313,0.0031936269384942313,"[[1,1,0,0,1,1,1,0,0,0],[1,1,1,1,0,0,0,0,1,0]]"
3,771,-0.0033108938246356194,0.0033108938246356194,"[[1,1,0,0,1,1,1,0,0,0],[1,1,1,1,0,0,0,0,1,1]]"
3,772,-0.004680603173223991,0.004680603173223991,"[[1,1,0,0,1,1,1,0,0,0],[1,1,1,1,0,0,0,1,0,0]]"
3,773,-0.004926173598855724,0.004926173598855724,"[[1,1,0,0,1,1,1,0,0,0],[1,1,1,1,0,0,0,1,0,1]]"
3,774,-0.006063960663124171,0.006063960663124171,"[[1,1,0,0,1,1,1,0,0,0],[1,1,1,1,0,0,0,1,1,0]]"
3,775,-0.006202782859228435,0.006202782859228435,"[[1,1,0,0,1,1,1,0,0,0],[1,1,1,1,0,0,0,1,1,1]]"
3,776,-0.007502110223280234,0.007502110223280234,"[[1,1,0,0,1,1,1,0,0,0],[1,1,1,1,0,0,1,0,0,0]]"
3,777,-0.007565730880258449,0.007565730880258449,"[[1,1,0,0,1,1,1,0,0,0],[1,1,1,1,0,0,1,0,0,1]]"
3,778,-0.008799285696378702,0.008799285696378702,"[[1,1,0,0,1,1,1,0,0,0],[1,1,1,1,0,0,1,0,1,0]]"
3,779,-0.00907617340219814,0.00907617340219814,"[[1,1,0,0,1,1,1,0,0,0],[1,1,1,1,0,0,1,0,1,1]]"
3,780,-0.011623055435210949,0.011623055435210949,"[[1,1,0,0,1,1,1,0,0,0],[1,1,1,1,0,0,1,1,0,0]]"
3,781,-0.011947998136791213,0.011947998136791213,"[[1,1,0,0,1,1,1,0,0,0],[1,1,1,1,0,0,1,1,0,1]]"
3,782,-0.013134946380594412,0.013134946380594412,"[[1,1,0,0,1,1,1,0,0,0],[1,1,1,1,0,0,1,1,1,0]]"
3,783,-0.01314363152548149,0.01314363152548149,"[[1,1,0,0,1,1,1,0,0,0],[1,1,1,1,0,0,1,1,1,1]]"
3,784,-0.01080341945461245,0.01080341945461245,"[[1,1,0,0,1,1,1,0,0,0],[1,1,1,1,0,1,0,0,0,0]]"
3,785,-0.010670534863576567,0.010670534863576567,"[[1,1,0,0,1,1,1,0,0,0],[1,1,1,1,0,1,0,0,0,1]]"
3,786,-0.01233707827927457,0.01233707827927457,"[[1,1,0,0,1,1,1,0,0,0],[1,1,1,1,0,1,0,0,1,0]]"
3,787,-0.012601026707207762,0.012601026707207762,"[[1,1,0,0,1,1,1,0,0,0],[1,1,1,1,0,1,0,0,1,1]]"
3,788,-0.015092673106584058,0.015092673106584058,"[[1,1,0,0,1,1,1,0,0,0],[1,1,1,1,0,1,0,1,0,0]]"
3,789,-0.015549190183687063,0.015549190183687063,"[[1,1,0,0,1,1,1,0,0,0],[1,1,1,1,0,1,0,1,0,1]]"
3,790,-0.017087805013016828,0.017087805013016828,"[[1,1,0,0,1,1,1,0,0,0],[1,1,1,1,0,1,0,1,1,0]]"
3,791,-0.017450960314238803,0.017450960314238803,"[[1,1,0,0,1,1,1,0,0,0],[1,1,1,1,0,1,0,1,1,1]]"
3,792,-0.02065530717914326,0.02065530717914326,"[[1,1,0,0,1,1,1,0,0,0],[1,1,1,1,0,1,1,0,0,0]]"
3,793,-0.020859928091470983,0.020859928091470983,"[[1,1,0,0,1,1,1,0,0,0],[1,1,1,1,0,1,1,0,0,1]]"
3,794,-0.02276813397202883,0.02276813397202883,"[[1,1,0,0,1,1,1,0,0,0],[1,1,1,1,0,1,1,0,1,0]]"
3,795,-0.023098343623188897,0.023098343623188897,"[[1,1,0,0,1,1,1,0,0,0],[1,1,1,1,0,1,1,0,1,1]]"
3,796,-0.02635929495999412,0.02635929495999412,"[[1,1,0,0,1,1,1,0,0,0],[1,1,1,1,0,1,1,1,0,0]]"
3,797,-0.026548823876884987,0.026548823876884987,"[[1,1,0,0,1,1,1,0,0,0],[1,1,1,1,0,1,1,1,0,1]]"
3,798,-0.02782979557259492,0.02782979557259492,"[[1,1,0,0,1,1,1,0,0,0],[1,1,1,1,0,1,1,1,1,0]]"
3,799,-0.027063472709110692,0.027063472709110692,"[[1,1,0,0,1,1,1,0,0,0],[1,1,1,1,0,1,1,1,1,1]]"
3,800,-0.0019107269302106032,0.0019107269302106032,"[[1,1,0,0,1,1,1,0,0,1],[1,1,1,1,0,0,0,0,0,0]]"
3,801,-0.0021594773097766084,0.0021594773097766084,"[[1,1,0,0,1,1,1,0,0,1],[1,1,1,1,0,0,0,0,0,1]]"
3,802,-0.003169367183351075,0.003169367183351075,"[[1,1,0,0,1,1,1,0,0,1],[1,1,1,1,0,0,0,0,1,0]]"
3,803,-0.003498119835268651,0.003498119835268651,"[[1,1,0,0,1,1,1,0,0,1],[1,1,1,1,0,0,0,0,1,1]]"
3,804,-0.004635786990674104,0.004635786990674104,"[[1,1,0,0,1,1,1,0,0,1],[1,1,1,1,0,0,0,1,0,0]]"
3,805,-0.004911227378448255,0.004911227378448255,"[[1,1,0,0,1,1,1,0,0,1],[1,1,1,1,0,0,0,1,0,1]]"
3,806,-0.006080480077420286,0.006080480077420286,"[[1,1,0,0,1,1,1,0,0,1],[1,1,1,1,0,0,0,1,1,0]]"
3,807,-0.006430790157350248,0.006430790157350248,"[[1,1,0,0,1,1,1,0,0,1],[1,1,1,1,0,0,0,1,1,1]]"
3,808,-0.007372997164495799,0.007372997164495799,"[[1,1,0,0,1,1,1,0,0,1],[1,1,1,1,0,0,1,0,0,0]]"
3,809,-0.0077182530649408795,0.0077182530649408795,"[[1,1,0,0,1,1,1,0,0,1],[1,1,1,1,0,0,1,0,0,1]]"
3,810,-0.008978642996299855,0.008978642996299855,"[[1,1,0,0,1,1,1,0,0,1],[1,1,1,1,0,0,1,0,1,0]]"
3,811,-0.009227007890372839,0.009227007890372839,"[[1,1,0,0,1,1,1,0,0,1],[1,1,1,1,0,0,1,0,1,1]]"
3,812,-0.011717530344561718,0.011717530344561718,"[[1,1,0,0,1,1,1,0,0,1],[1,1,1,1,0,0,1,1,0,0]]"
3,813,-0.012002688165065067,0.012002688165065067,"[[1,1,0,0,1,1,1,0,0,1],[1,1,1,1,0,0,1,1,0,1]]"
3,814,-0.013538079319446911,0.013538079319446911,"[[1,1,0,0,1,1,1,0,0,1],[1,1,1,1,0,0,1,1,1,0]]"
3,815,-0.013709696711333326,0.013709696711333326,"[[1,1,0,0,1,1,1,0,0,1],[1,1,1,1,0,0,1,1,1,1]]"
3,816,-0.010507318292803445,0.010507318292803445,"[[1,1,0,0,1,1,1,0,0,1],[1,1,1,1,0,1,0,0,0,0]]"
3,817,-0.01089760535717137,0.01089760535717137,"[[1,1,0,0,1,1,1,0,0,1],[1,1,1,1,0,1,0,0,0,1]]"
3,818,-0.012398353231773176,0.012398353231773176,"[[1,1,0,0,1,1,1,0,0,1],[1,1,1,1,0,1,0,0,1,0]]"
3,819,-0.012805495065852652,0.012805495065852652,"[[1,1,0,0,1,1,1,0,0,1],[1,1,1,1,0,1,0,0,1,1]]"
3,820,-0.015129883719590159,0.015129883719590159,"[[1,1,0,0,1,1,1,0,0,1],[1,1,1,1,0,1,0,1,0,0]]"
3,821,-0.015560944152511545,0.015560944152511545,"[[1,1,0,0,1,1,1,0,0,1],[1,1,1,1,0,1,0,1,0,1]]"
3,822,-0.0171937786532135,0.0171937786532135,"[[1,1,0,0,1,1,1,0,0,1],[1,1,1,1,0,1,0,1,1,0]]"
3,823,-0.017783761246253253,0.017783761246253253,"[[1,1,0,0,1,1,1,0,0,1],[1,1,1,1,0,1,0,1,1,1]]"
3,824,-0.02060547341054658,0.02060547341054658,"[[1,1,0,0,1,1,1,0,0,1],[1,1,1,1,0,1,1,0,0,0]]"
3,825,-0.021033660168015902,0.021033660168015902,"[[1,1,0,0,1,1,1,0,0,1],[1,1,1,1,0,1,1,0,0,1]]"
3,826,-0.02305534209480869,0.02305534209480869,"[[1,1,0,0,1,1,1,0,0,1],[1,1,1,1,0,1,1,0,1,0]]"
3,827,-0.02343093760397101,0.02343093760397101,"[[1,1,0,0,1,1,1,0,0,1],[1,1,1,1,0,1,1,0,1,1]]"
3,828,-0.026855039838508267,0.026855039838508267,"[[1,1,0,0,1,1,1,0,0,1],[1,1,1,1,0,1,1,1,0,0]]"
3,829,-0.027037061224971227,0.027037061224971227,"[[1,1,0,0,1,1,1,0,0,1],[1,1,1,1,0,1,1,1,0,1]]"
3,830,-0.02849811845228004,0.02849811845228004,"[[1,1,0,0,1,1,1,0,0,1],[1,1,1,1,0,1,1,1,1,0]]"
3,831,-0.02817714949672717,0.02817714949672717,"[[1,1,0,0,1,1,1,0,0,1],[1,1,1,1,0,1,1,1,1,1]]"
3,832,-0.0011536972012182174,0.0011536972012182174,"[[1,1,0,0,1,1,1,0,1,0],[1,1,1,1,0,0,0,0,0,0]]"
3,833,-0.0012140945550692358,0.0012140945550692358,"[[1,1,0,0,1,1,1,0,1,0],[1,1,1,1,0,0,0,0,0,1]]"
3,834,-0.0020303236302549764,0.0020303236302549764,"[[1,1,0,0,1,1,1,0,1,0],[1,1,1,1,0,0,0,0,1,0]]"
3,835,-0.002192340905297128,0.002192340905297128,"[[1,1,0,0,1,1,1,0,1,0],[1,1,1,1,0,0,0,0,1,1]]"
3,836,-0.0037241222578709332,0.0037241222578709332,"[[1,1,0,0,1,1,1,0,1,0],[1,1,1,1,0,0,0,1,0,0]]"
3,837,-0.0038096068667619965,0.0038096068667619965,"[[1,1,0,0,1,1,1,0,1,0],[1,1,1,1,0,0,0,1,0,1]]"
3,838,-0.005143401536919221,0.005143401536919221,"[[1,1,0,0,1,1,1,0,1,0],[1,1,1,1,0,0,0,1,1,0]]"
3,839,-0.005298766930011396,0.005298766930011396,"[[1,1,0,0,1,1,1,0,1,0],[1,1,1,1,0,0,0,1,1,1]]"
3,840,-0.005773147399752571,0.005773147399752571,"[[1,1,0,0,1,1,1,0,1,0],[1,1,1,1,0,0,1,0,0,0]]"
3,841,-0.00591399347247884,0.00591399347247884,"[[1,1,0,0,1,1,1,0,1,0],[1,1,1,1,0,0,1,0,0,1]]"
3,842,-0.007599010176274765,0.007599010176274765,"[[1,1,0,0,1,1,1,0,1,0],[1,1,1,1,0,0,1,0,1,0]]"
3,843,-0.00776728389460255,0.00776728389460255,"[[1,1,0,0,1,1,1,0,1,0],[1,1,1,1,0,0,1,0,1,1]]"
3,844,-0.010615001113885076,0.010615001113885076,"[[1,1,0,0,1,1,1,0,1,0],[1,1,1,1,0,0,1,1,0,0]]"
3,845,-0.010623171624531032,0.010623171624531032,"[[1,1,0,0,1,1,1,0,1,0],[1,1,1,1,0,0,1,1,0,1]]"
3,846,-0.01245126507260526,0.01245126507260526,"[[1,1,0,0,1,1,1,0,1,0],[1,1,1,1,0,0,1,1,1,0]]"
3,847,-0.012723949716840564,0.012723949716840564,"[[1,1,0,0,1,1,1,0,1,0],[1,1,1,1,0,0,1,1,1,1]]"
3,848,-0.008792864506933104,0.008792864506933104,"[[1,1,0,0,1,1,1,0,1,0],[1,1,1,1,0,1,0,0,0,0]]"
3,849,-0.008779871160076598,0.008779871160076598,"[[1,1,0,0,1,1,1,0,1,0],[1,1,1,1,0,1,0,0,0,1]]"
3,850,-0.010632937790297153,0.010632937790297153,"[[1,1,0,0,1,1,1,0,1,0],[1,1,1,1,0,1,0,0,1,0]]"
3,851,-0.010687790962636723,0.010687790962636723,"[[1,1,0,0,1,1,1,0,1,0],[1,1,1,1,0,1,0,0,1,1]]"
3,852,-0.01405926516300507,0.01405926516300507,"[[1,1,0,0,1,1,1,0,1,0],[1,1,1,1,0,1,0,1,0,0]]"
3,853,-0.013841628580876373,0.013841628580876373,"[[1,1,0,0,1,1,1,0,1,0],[1,1,1,1,0,1,0,1,0,1]]"
3,854,-0.01603227065456497,0.01603227065456497,"[[1,1,0,0,1,1,1,0,1,0],[1,1,1,1,0,1,0,1,1,0]]"
3,855,-0.016217355537683772,0.016217355537683772,"[[1,1,0,0,1,1,1,0,1,0],[1,1,1,1,0,1,0,1,1,1]]"
3,856,-0.019151211695532622,0.019151211695532622,"[[1,1,0,0,1,1,1,0,1,0],[1,1,1,1,0,1,1,0,0,0]]"
3,857,-0.01888311866096432,0.01888311866096432,"[[1,1,0,0,1,1,1,0,1,0],[1,1,1,1,0,1,1,0,0,1]]"
3,858,-0.02125664505584889,0.02125664505584889,"[[1,1,0,0,1,1,1,0,1,0],[1,1,1,1,0,1,1,0,1,0]]"
3,859,-0.021465538426437936,0.021465538426437936,"[[1,1,0,0,1,1,1,0,1,0],[1,1,1,1,0,1,1,0,1,1]]"
3,860,-0.02596738755725064,0.02596738755725064,"[[1,1,0,0,1,1,1,0,1,0],[1,1,1,1,0,1,1,1,0,0]]"
3,861,-0.02598253694012441,0.02598253694012441,"[[1,1,0,0,1,1,1,0,1,0],[1,1,1,1,0,1,1,1,0,1]]"
3,862,-0.028013794882408197,0.028013794882408197,"[[1,1,0,0,1,1,1,0,1,0],[1,1,1,1,0,1,1,1,1,0]]"
3,863,-0.02785994169175793,0.02785994169175793,"[[1,1,0,0,1,1,1,0,1,0],[1,1,1,1,0,1,1,1,1,1]]"
3,864,-0.0009153311733956014,0.0009153311733956014,"[[1,1,0,0,1,1,1,0,1,1],[1,1,1,1,0,0,0,0,0,0]]"
3,865,-0.0010682837906736344,0.0010682837906736344,"[[1,1,0,0,1,1,1,0,1,1],[1,1,1,1,0,0,0,0,0,1]]"
3,866,-0.0018422617889730785,0.0018422617889730785,"[[1,1,0,0,1,1,1,0,1,1],[1,1,1,1,0,0,0,0,1,0]]"
3,867,-0.0021188874615733506,0.0021188874615733506,"[[1,1,0,0,1,1,1,0,1,1],[1,1,1,1,0,0,0,0,1,1]]"
3,868,-0.0033535610536357986,0.0033535610536357986,"[[1,1,0,0,1,1,1,0,1,1],[1,1,1,1,0,0,0,1,0,0]]"
3,869,-0.003585454369588283,0.003585454369588283,"[[1,1,0,0,1,1,1,0,1,1],[1,1,1,1,0,0,0,1,0,1]]"
3,870,-0.005127840748045993,0.005127840748045993,"[[1,1,0,0,1,1,1,0,1,1],[1,1,1,1,0,0,0,1,1,0]]"
3,871,-0.005373557042206604,0.005373557042206604,"[[1,1,0,0,1,1,1,0,1,1],[1,1,1,1,0,0,0,1,1,1]]"
3,872,-0.005315287710460864,0.005315287710460864,"[[1,1,0,0,1,1,1,0,1,1],[1,1,1,1,0,0,1,0,0,0]]"
3,873,-0.005751822607026696,0.005751822607026696,"[[1,1,0,0,1,1,1,0,1,1],[1,1,1,1,0,0,1,0,0,1]]"
3,874,-0.007512959428595189,0.007512959428595189,"[[1,1,0,0,1,1,1,0,1,1],[1,1,1,1,0,0,1,0,1,0]]"
3,875,-0.007921135138241546,0.007921135138241546,"[[1,1,0,0,1,1,1,0,1,1],[1,1,1,1,0,0,1,0,1,1]]"
3,876,-0.010361716885301386,0.010361716885301386,"[[1,1,0,0,1,1,1,0,1,1],[1,1,1,1,0,0,1,1,0,0]]"
3,877,-0.010718811346806429,0.010718811346806429,"[[1,1,0,0,1,1,1,0,1,1],[1,1,1,1,0,0,1,1,0,1]]"
3,878,-0.012496524558843224,0.012496524558843224,"[[1,1,0,0,1,1,1,0,1,1],[1,1,1,1,0,0,1,1,1,0]]"
3,879,-0.012961775760171159,0.012961775760171159,"[[1,1,0,0,1,1,1,0,1,1],[1,1,1,1,0,0,1,1,1,1]]"
3,880,-0.008216091329081902,0.008216091329081902,"[[1,1,0,0,1,1,1,0,1,1],[1,1,1,1,0,1,0,0,0,0]]"
3,881,-0.008590137663929902,0.008590137663929902,"[[1,1,0,0,1,1,1,0,1,1],[1,1,1,1,0,1,0,0,0,1]]"
3,882,-0.010463853914752857,0.010463853914752857,"[[1,1,0,0,1,1,1,0,1,1],[1,1,1,1,0,1,0,0,1,0]]"
3,883,-0.010888863120525233,0.010888863120525233,"[[1,1,0,0,1,1,1,0,1,1],[1,1,1,1,0,1,0,0,1,1]]"
3,884,-0.01367140109811497,0.01367140109811497,"[[1,1,0,0,1,1,1,0,1,1],[1,1,1,1,0,1,0,1,0,0]]"
3,885,-0.01389766204173813,0.01389766204173813,"[[1,1,0,0,1,1,1,0,1,1],[1,1,1,1,0,1,0,1,0,1]]"
3,886,-0.016021321652565076,0.016021321652565076,"[[1,1,0,0,1,1,1,0,1,1],[1,1,1,1,0,1,0,1,1,0]]"
3,887,-0.016412970320577917,0.016412970320577917,"[[1,1,0,0,1,1,1,0,1,1],[1,1,1,1,0,1,0,1,1,1]]"
3,888,-0.018541930118687537,0.018541930118687537,"[[1,1,0,0,1,1,1,0,1,1],[1,1,1,1,0,1,1,0,0,0]]"
3,889,-0.01897083282619147,0.01897083282619147,"[[1,1,0,0,1,1,1,0,1,1],[1,1,1,1,0,1,1,0,0,1]]"
3,890,-0.021149881622669772,0.021149881622669772,"[[1,1,0,0,1,1,1,0,1,1],[1,1,1,1,0,1,1,0,1,0]]"
3,891,-0.021738474041271404,0.021738474041271404,"[[1,1,0,0,1,1,1,0,1,1],[1,1,1,1,0,1,1,0,1,1]]"
3,892,-0.025445012473092044,0.025445012473092044,"[[1,1,0,0,1,1,1,0,1,1],[1,1,1,1,0,1,1,1,0,0]]"
3,893,-0.025940571884653197,0.025940571884653197,"[[1,1,0,0,1,1,1,0,1,1],[1,1,1,1,0,1,1,1,0,1]]"
3,894,-0.028371874208097905,0.028371874208097905,"[[1,1,0,0,1,1,1,0,1,1],[1,1,1,1,0,1,1,1,1,0]]"
3,895,-0.028419457957147558,0.028419457957147558,"[[1,1,0,0,1,1,1,0,1,1],[1,1,1,1,0,1,1,1,1,1]]"
3,896,-0.00035711672570241465,0.00035711672570241465,"[[1,1,0,0,1,1,1,1,0,0],[1,1,1,1,0,0,0,0,0,0]]"
3,897,-0.00046266419447084167,0.00046266419447084167,"[[1,1,0,0,1,1,1,1,0,0],[1,1,1,1,0,0,0,0,0,1]]"
3,898,-0.0007664412601014344,0.0007664412601014344,"[[1,1,0,0,1,1,1,1,0,0],[1,1,1,1,0,0,0,0,1,0]]"
3,899,-0.0009759200408870716,0.0009759200408870716,"[[1,1,0,0,1,1,1,1,0,0],[1,1,1,1,0,0,0,0,1,1]]"
3,900,-0.0017322084855595006,0.0017322084855595006,"[[1,1,0,0,1,1,1,1,0,0],[1,1,1,1,0,0,0,1,0,0]]"
3,901,-0.002011770412271189,0.002011770412271189,"[[1,1,0,0,1,1,1,1,0,0],[1,1,1,1,0,0,0,1,0,1]]"
3,902,-0.002837882593999959,0.002837882593999959,"[[1,1,0,0,1,1,1,1,0,0],[1,1,1,1,0,0,0,1,1,0]]"
3,903,-0.0031240758957133837,0.0031240758957133837,"[[1,1,0,0,1,1,1,1,0,0],[1,1,1,1,0,0,0,1,1,1]]"
3,904,-0.0034359183926404714,0.0034359183926404714,"[[1,1,0,0,1,1,1,1,0,0],[1,1,1,1,0,0,1,0,0,0]]"
3,905,-0.003597799080911598,0.003597799080911598,"[[1,1,0,0,1,1,1,1,0,0],[1,1,1,1,0,0,1,0,0,1]]"
3,906,-0.004579553674274071,0.004579553674274071,"[[1,1,0,0,1,1,1,1,0,0],[1,1,1,1,0,0,1,0,1,0]]"
3,907,-0.004869370783146931,0.004869370783146931,"[[1,1,0,0,1,1,1,1,0,0],[1,1,1,1,0,0,1,0,1,1]]"
3,908,-0.007387368009551897,0.007387368009551897,"[[1,1,0,0,1,1,1,1,0,0],[1,1,1,1,0,0,1,1,0,0]]"
3,909,-0.007772194642633513,0.007772194642633513,"[[1,1,0,0,1,1,1,1,0,0],[1,1,1,1,0,0,1,1,0,1]]"
3,910,-0.008815585247227588,0.008815585247227588,"[[1,1,0,0,1,1,1,1,0,0],[1,1,1,1,0,0,1,1,1,0]]"
3,911,-0.009174519482778629,0.009174519482778629,"[[1,1,0,0,1,1,1,1,0,0],[1,1,1,1,0,0,1,1,1,1]]"
3,912,-0.005806257995434716,0.005806257995434716,"[[1,1,0,0,1,1,1,1,0,0],[1,1,1,1,0,1,0,0,0,0]]"
3,913,-0.005984089958769795,0.005984089958769795,"[[1,1,0,0,1,1,1,1,0,0],[1,1,1,1,0,1,0,0,0,1]]"
3,914,-0.007263000954004285,0.007263000954004285,"[[1,1,0,0,1,1,1,1,0,0],[1,1,1,1,0,1,0,0,1,0]]"
3,915,-0.007682147092595116,0.007682147092595116,"[[1,1,0,0,1,1,1,1,0,0],[1,1,1,1,0,1,0,0,1,1]]"
3,916,-0.010185188994083176,0.010185188994083176,"[[1,1,0,0,1,1,1,1,0,0],[1,1,1,1,0,1,0,1,0,0]]"
3,917,-0.010541964876864408,0.010541964876864408,"[[1,1,0,0,1,1,1,1,0,0],[1,1,1,1,0,1,0,1,0,1]]"
3,918,-0.01199170626231197,0.01199170626231197,"[[1,1,0,0,1,1,1,1,0,0],[1,1,1,1,0,1,0,1,1,0]]"
3,919,-0.012405643935338653,0.012405643935338653,"[[1,1,0,0,1,1,1,1,0,0],[1,1,1,1,0,1,0,1,1,1]]"
3,920,-0.015596638873501545,0.015596638873501545,"[[1,1,0,0,1,1,1,1,0,0],[1,1,1,1,0,1,1,0,0,0]]"
3,921,-0.015896176781745274,0.015896176781745274,"[[1,1,0,0,1,1,1,1,0,0],[1,1,1,1,0,1,1,0,0,1]]"
3,922,-0.017422901635770774,0.017422901635770774,"[[1,1,0,0,1,1,1,1,0,0],[1,1,1,1,0,1,1,0,1,0]]"
3,923,-0.01776810869053131,0.01776810869053131,"[[1,1,0,0,1,1,1,1,0,0],[1,1,1,1,0,1,1,0,1,1]]"
3,924,-0.021717420297200137,0.021717420297200137,"[[1,1,0,0,1,1,1,1,0,0],[1,1,1,1,0,1,1,1,0,0]]"
3,925,-0.02224769723545774,0.02224769723545774,"[[1,1,0,0,1,1,1,1,0,0],[1,1,1,1,0,1,1,1,0,1]]"
3,926,-0.023771218765327,0.023771218765327,"[[1,1,0,0,1,1,1,1,0,0],[1,1,1,1,0,1,1,1,1,0]]"
3,927,-0.02413837764680298,0.02413837764680298,"[[1,1,0,0,1,1,1,1,0,0],[1,1,1,1,0,1,1,1,1,1]]"
3,928,-0.0002476312539025683,0.0002476312539025683,"[[1,1,0,0,1,1,1,1,0,1],[1,1,1,1,0,0,0,0,0,0]]"
3,929,-0.00035195387410398555,0.00035195387410398555,"[[1,1,0,0,1,1,1,1,0,1],[1,1,1,1,0,0,0,0,0,1]]"
3,930,-0.0007093223156935307,0.0007093223156935307,"[[1,1,0,0,1,1,1,1,0,1],[1,1,1,1,0,0,0,0,1,0]]"
3,931,-0.0009321994932295491,0.0009321994932295491,"[[1,1,0,0,1,1,1,1,0,1],[1,1,1,1,0,0,0,0,1,1]]"
3,932,-0.0015501825723892965,0.0015501825723892965,"[[1,1,0,0,1,1,1,1,0,1],[1,1,1,1,0,0,0,1,0,0]]"
3,933,-0.0018602616107503622,0.0018602616107503622,"[[1,1,0,0,1,1,1,1,0,1],[1,1,1,1,0,0,0,1,0,1]]"
3,934,-0.0027813943657883583,0.0027813943657883583,"[[1,1,0,0,1,1,1,1,0,1],[1,1,1,1,0,0,0,1,1,0]]"
3,935,-0.003155559861185465,0.003155559861185465,"[[1,1,0,0,1,1,1,1,0,1],[1,1,1,1,0,0,0,1,1,1]]"
3,936,-0.003094478603819582,0.003094478603819582,"[[1,1,0,0,1,1,1,1,0,1],[1,1,1,1,0,0,1,0,0,0]]"
3,937,-0.00342319015463479,0.00342319015463479,"[[1,1,0,0,1,1,1,1,0,1],[1,1,1,1,0,0,1,0,0,1]]"
3,938,-0.004673851539594219,0.004673851539594219,"[[1,1,0,0,1,1,1,1,0,1],[1,1,1,1,0,0,1,0,1,0]]"
3,939,-0.00505673955301203,0.00505673955301203,"[[1,1,0,0,1,1,1,1,0,1],[1,1,1,1,0,0,1,0,1,1]]"
3,940,-0.007331058853376674,0.007331058853376674,"[[1,1,0,0,1,1,1,1,0,1],[1,1,1,1,0,0,1,1,0,0]]"
3,941,-0.007751737952741141,0.007751737952741141,"[[1,1,0,0,1,1,1,1,0,1],[1,1,1,1,0,0,1,1,0,1]]"
3,942,-0.009070410046130717,0.009070410046130717,"[[1,1,0,0,1,1,1,1,0,1],[1,1,1,1,0,0,1,1,1,0]]"
3,943,-0.009288472061839586,0.009288472061839586,"[[1,1,0,0,1,1,1,1,0,1],[1,1,1,1,0,0,1,1,1,1]]"
3,944,-0.005417407729407237,0.005417407729407237,"[[1,1,0,0,1,1,1,1,0,1],[1,1,1,1,0,1,0,0,0,0]]"
3,945,-0.005763646505634669,0.005763646505634669,"[[1,1,0,0,1,1,1,1,0,1],[1,1,1,1,0,1,0,0,0,1]]"
3,946,-0.007128290875153101,0.007128290875153101,"[[1,1,0,0,1,1,1,1,0,1],[1,1,1,1,0,1,0,0,1,0]]"
3,947,-0.007706851360693958,0.007706851360693958,"[[1,1,0,0,1,1,1,1,0,1],[1,1,1,1,0,1,0,0,1,1]]"
3,948,-0.010012206336531684,0.010012206336531684,"[[1,1,0,0,1,1,1,1,0,1],[1,1,1,1,0,1,0,1,0,0]]"
3,949,-0.01055327235307401,0.01055327235307401,"[[1,1,0,0,1,1,1,1,0,1],[1,1,1,1,0,1,0,1,0,1]]"
3,950,-0.012071862818866469,0.012071862818866469,"[[1,1,0,0,1,1,1,1,0,1],[1,1,1,1,0,1,0,1,1,0]]"
3,951,-0.01254346441831154,0.01254346441831154,"[[1,1,0,0,1,1,1,1,0,1],[1,1,1,1,0,1,0,1,1,1]]"
3,952,-0.015025593245972491,0.015025593245972491,"[[1,1,0,0,1,1,1,1,0,1],[1,1,1,1,0,1,1,0,0,0]]"
3,953,-0.01567823486771058,0.01567823486771058,"[[1,1,0,0,1,1,1,1,0,1],[1,1,1,1,0,1,1,0,0,1]]"
3,954,-0.01764319590117478,0.01764319590117478,"[[1,1,0,0,1,1,1,1,0,1],[1,1,1,1,0,1,1,0,1,0]]"
3,955,-0.01788741947642794,0.01788741947642794,"[[1,1,0,0,1,1,1,1,0,1],[1,1,1,1,0,1,1,0,1,1]]"
3,956,-0.021694683905723395,0.021694683905723395,"[[1,1,0,0,1,1,1,1,0,1],[1,1,1,1,0,1,1,1,0,0]]"
3,957,-0.022171714942171614,0.022171714942171614,"[[1,1,0,0,1,1,1,1,0,1],[1,1,1,1,0,1,1,1,0,1]]"
3,958,-0.024192569474749136,0.024192569474749136,"[[1,1,0,0,1,1,1,1,0,1],[1,1,1,1,0,1,1,1,1,0]]"
3,959,-0.024375708666314343,0.024375708666314343,"[[1,1,0,0,1,1,1,1,0,1],[1,1,1,1,0,1,1,1,1,1]]"
3,960,-0.00011961061608348394,0.00011961061608348394,"[[1,1,0,0,1,1,1,1,1,0],[1,1,1,1,0,0,0,0,0,0]]"
3,961,-0.00011636296067893222,0.00011636296067893222,"[[1,1,0,0,1,1,1,1,1,0],[1,1,1,1,0,0,0,0,0,1]]"
3,962,-0.00026506874697771946,0.00026506874697771946,"[[1,1,0,0,1,1,1,1,1,0],[1,1,1,1,0,0,0,0,1,0]]"
3,963,-0.00033742297333359486,0.00033742297333359486,"[[1,1,0,0,1,1,1,1,1,0],[1,1,1,1,0,0,0,0,1,1]]"
3,964,-0.0008082722800665466,0.0008082722800665466,"[[1,1,0,0,1,1,1,1,1,0],[1,1,1,1,0,0,0,1,0,0]]"
3,965,-0.0009391835699887935,0.0009391835699887935,"[[1,1,0,0,1,1,1,1,1,0],[1,1,1,1,0,0,0,1,0,1]]"
3,966,-0.001675951245116333,0.001675951245116333,"[[1,1,0,0,1,1,1,1,1,0],[1,1,1,1,0,0,0,1,1,0]]"
3,967,-0.001883528632605362,0.001883528632605362,"[[1,1,0,0,1,1,1,1,1,0],[1,1,1,1,0,0,0,1,1,1]]"
3,968,-0.002013700898235701,0.002013700898235701,"[[1,1,0,0,1,1,1,1,1,0],[1,1,1,1,0,0,1,0,0,0]]"
3,969,-0.002090944353055785,0.002090944353055785,"[[1,1,0,0,1,1,1,1,1,0],[1,1,1,1,0,0,1,0,0,1]]"
3,970,-0.003076103405433309,0.003076103405433309,"[[1,1,0,0,1,1,1,1,1,0],[1,1,1,1,0,0,1,0,1,0]]"
3,971,-0.0032757550223281393,0.0032757550223281393,"[[1,1,0,0,1,1,1,1,1,0],[1,1,1,1,0,0,1,0,1,1]]"
3,972,-0.005661524800226922,0.005661524800226922,"[[1,1,0,0,1,1,1,1,1,0],[1,1,1,1,0,0,1,1,0,0]]"
3,973,-0.005843801284995587,0.005843801284995587,"[[1,1,0,0,1,1,1,1,1,0],[1,1,1,1,0,0,1,1,0,1]]"
3,974,-0.007594296926865451,0.007594296926865451,"[[1,1,0,0,1,1,1,1,1,0],[1,1,1,1,0,0,1,1,1,0]]"
3,975,-0.007799098306356751,0.007799098306356751,"[[1,1,0,0,1,1,1,1,1,0],[1,1,1,1,0,0,1,1,1,1]]"
3,976,-0.0040895386934019055,0.0040895386934019055,"[[1,1,0,0,1,1,1,1,1,0],[1,1,1,1,0,1,0,0,0,0]]"
3,977,-0.004221961421361831,0.004221961421361831,"[[1,1,0,0,1,1,1,1,1,0],[1,1,1,1,0,1,0,0,0,1]]"
3,978,-0.0052983405484785286,0.0052983405484785286,"[[1,1,0,0,1,1,1,1,1,0],[1,1,1,1,0,1,0,0,1,0]]"
3,979,-0.005552829363437945,0.005552829363437945,"[[1,1,0,0,1,1,1,1,1,0],[1,1,1,1,0,1,0,0,1,1]]"
3,980,-0.008173293109187239,0.008173293109187239,"[[1,1,0,0,1,1,1,1,1,0],[1,1,1,1,0,1,0,1,0,0]]"
3,981,-0.0082520664106926,0.0082520664106926,"[[1,1,0,0,1,1,1,1,1,0],[1,1,1,1,0,1,0,1,0,1]]"
3,982,-0.010195526211865945,0.010195526211865945,"[[1,1,0,0,1,1,1,1,1,0],[1,1,1,1,0,1,0,1,1,0]]"
3,983,-0.010416627516654776,0.010416627516654776,"[[1,1,0,0,1,1,1,1,1,0],[1,1,1,1,0,1,0,1,1,1]]"
3,984,-0.012981822719758333,0.012981822719758333,"[[1,1,0,0,1,1,1,1,1,0],[1,1,1,1,0,1,1,0,0,0]]"
3,985,-0.013180085522836959,0.013180085522836959,"[[1,1,0,0,1,1,1,1,1,0],[1,1,1,1,0,1,1,0,0,1]]"
3,986,-0.015218919782556432,0.015218919782556432,"[[1,1,0,0,1,1,1,1,1,0],[1,1,1,1,0,1,1,0,1,0]]"
3,987,-0.015493904590634912,0.015493904590634912,"[[1,1,0,0,1,1,1,1,1,0],[1,1,1,1,0,1,1,0,1,1]]"
3,988,-0.020218011632658607,0.020218011632658607,"[[1,1,0,0,1,1,1,1,1,0],[1,1,1,1,0,1,1,1,0,0]]"
3,989,-0.020052935682369755,0.020052935682369755,"[[1,1,0,0,1,1,1,1,1,0],[1,1,1,1,0,1,1,1,0,1]]"
3,990,-0.022494553707291427,0.022494553707291427,"[[1,1,0,0,1,1,1,1,1,0],[1,1,1,1,0,1,1,1,1,0]]"
3,991,-0.022766927626706613,0.022766927626706613,"[[1,1,0,0,1,1,1,1,1,0],[1,1,1,1,0,1,1,1,1,1]]"
3,992,-0.00014119205711610012,0.00014119205711610012,"[[1,1,0,0,1,1,1,1,1,1],[1,1,1,1,0,0,0,0,0,0]]"
3,993,-0.00012050511010278729,0.00012050511010278729,"[[1,1,0,0,1,1,1,1,1,1],[1,1,1,1,0,0,0,0,0,1]]"
3,994,-0.0002137873554772289,0.0002137873554772289,"[[1,1,0,0,1,1,1,1,1,1],[1,1,1,1,0,0,0,0,1,0]]"
3,995,-0.00028634180044037003,0.00028634180044037003,"[[1,1,0,0,1,1,1,1,1,1],[1,1,1,1,0,0,0,0,1,1]]"
3,996,-0.0006396148409156623,0.0006396148409156623,"[[1,1,0,0,1,1,1,1,1,1],[1,1,1,1,0,0,0,1,0,0]]"
3,997,-0.0007608114031755378,0.0007608114031755378,"[[1,1,0,0,1,1,1,1,1,1],[1,1,1,1,0,0,0,1,0,1]]"
3,998,-0.0014946293952690978,0.0014946293952690978,"[[1,1,0,0,1,1,1,1,1,1],[1,1,1,1,0,0,0,1,1,0]]"
3,999,-0.0017407791337396114,0.0017407791337396114,"[[1,1,0,0,1,1,1,1,1,1],[1,1,1,1,0,0,0,1,1,1]]"
3,1000,-0.0017280728524299463,0.0017280728524299463,"[[1,1,0,0,1,1,1,1,1,1],[1,1,1,1,0,0,1,0,0,0]]"
3,1001,-0.0018408807278006852,0.0018408807278006852,"[[1,1,0,0,1,1,1,1,1,1],[1,1,1,1,0,0,1,0,0,1]]"
3,1002,-0.0029288346337226125,0.0029288346337226125,"[[1,1,0,0,1,1,1,1,1,1],[1,1,1,1,0,0,1,0,1,0]]"
3,1003,-0.0032066442761023673,0.0032066442761023673,"[[1,1,0,0,1,1,1,1,1,1],[1,1,1,1,0,0,1,0,1,1]]"
3,1004,-0.0052688676418069635,0.0052688676418069635,"[[1,1,0,0,1,1,1,1,1,1],[1,1,1,1,0,0,1,1,0,0]]"
3,1005,-0.005594921896023081,0.005594921896023081,"[[1,1,0,0,1,1,1,1,1,1],[1,1,1,1,0,0,1,1,0,1]]"
3,1006,-0.0074640288932932165,0.0074640288932932165,"[[1,1,0,0,1,1,1,1,1,1],[1,1,1,1,0,0,1,1,1,0]]"
3,1007,-0.007909279073627732,0.007909279073627732,"[[1,1,0,0,1,1,1,1,1,1],[1,1,1,1,0,0,1,1,1,1]]"
3,1008,-0.003655712563904634,0.003655712563904634,"[[1,1,0,0,1,1,1,1,1,1],[1,1,1,1,0,1,0,0,0,0]]"
3,1009,-0.0038215322246325785,0.0038215322246325785,"[[1,1,0,0,1,1,1,1,1,1],[1,1,1,1,0,1,0,0,0,1]]"
3,1010,-0.005012629675608568,0.005012629675608568,"[[1,1,0,0,1,1,1,1,1,1],[1,1,1,1,0,1,0,0,1,0]]"
3,1011,-0.005354501189933324,0.005354501189933324,"[[1,1,0,0,1,1,1,1,1,1],[1,1,1,1,0,1,0,0,1,1]]"
3,1012,-0.007573576393989363,0.007573576393989363,"[[1,1,0,0,1,1,1,1,1,1],[1,1,1,1,0,1,0,1,0,0]]"
3,1013,-0.007912252525546984,0.007912252525546984,"[[1,1,0,0,1,1,1,1,1,1],[1,1,1,1,0,1,0,1,0,1]]"
3,1014,-0.009864714360686058,0.009864714360686058,"[[1,1,0,0,1,1,1,1,1,1],[1,1,1,1,0,1,0,1,1,0]]"
3,1015,-0.01041391636812641,0.01041391636812641,"[[1,1,0,0,1,1,1,1,1,1],[1,1,1,1,0,1,0,1,1,1]]"
3,1016,-0.01219915786491818,0.01219915786491818,"[[1,1,0,0,1,1,1,1,1,1],[1,1,1,1,0,1,1,0,0,0]]"
3,1017,-0.012627709811513909,0.012627709811513909,"[[1,1,0,0,1,1,1,1,1,1],[1,1,1,1,0,1,1,0,0,1]]"
3,1018,-0.014794796452832217,0.014794796452832217,"[[1,1,0,0,1,1,1,1,1,1],[1,1,1,1,0,1,1,0,1,0]]"
3,1019,-0.015405425789816735,0.015405425789816735,"[[1,1,0,0,1,1,1,1,1,1],[1,1,1,1,0,1,1,0,1,1]]"
3,1020,-0.019698039499723135,0.019698039499723135,"[[1,1,0,0,1,1,1,1,1,1],[1,1,1,1,0,1,1,1,0,0]]"
3,1021,-0.020005746696029753,0.020005746696029753,"[[1,1,0,0,1,1,1,1,1,1],[1,1,1,1,0,1,1,1,0,1]]"
3,1022,-0.022354455555602327,0.022354455555602327,"[[1,1,0,0,1,1,1,1,1,1],[1,1,1,1,0,1,1,1,1,0]]"
3,1023,-0.023018049152720547,0.023018049152720547,"[[1,1,0,0,1,1,1,1,1,1],[1,1,1,1,0,1,1,1,1,1]]"
4,0,-0.020846216378158474,0.020846216378158474,"[[1,1,0,0,1,0,0,0,0,0],[1,1,1,1,0,0,0,0,0,0]]"
4,1,-0.020937070177240006,0.020937070177240006,"[[1,1,0,0,1,0,0,0,0,0],[1,1,1,1,0,0,0,0,0,1]]"
4,2,-0.02239166139296805,0.02239166139296805,"[[1,1,0,0,1,0,0,0,0,0],[1,1,1,1,0,0,0,0,1,0]]"
4,3,-0.02260864546568193,0.02260864546568193,"[[1,1,0,0,1,0,0,0,0,0],[1,1,1,1,0,0,0,0,1,1]]"
4,4,-0.0252035210284172,0.0252035210284172,"[[1,1,0,0,1,0,0,0,0,0],[1,1,1,1,0,0,0,1,0,0]]"
4,5,-0.025452004553424997,0.025452004553424997,"[[1,1,0,0,1,0,0,0,0,0],[1,1,1,1,0,0,0,1,0,1]]"
4,6,-0.02656389636591894,0.02656389636591894,"[[1,1,0,0,1,0,0,0,0,0],[1,1,1,1,0,0,0,1,1,0]]"
4,7,-0.02582195026614769,0.02582195026614769,"[[1,1,0,0,1,0,0,0,0,0],[1,1,1,1,0,0,0,1,1,1]]"
4,8,-0.03107757803824371,0.03107757803824371,"[[1,1,0,0,1,0,0,0,0,0],[1,1,1,1,0,0,1,0,0,0]]"
4,9,-0.03117845379540965,0.03117845379540965,"[[1,1,0,0,1,0,0,0,0,0],[1,1,1,1,0,0,1,0,0,1]]"
4,10,-0.03249036230633438,0.03249036230633438,"[[1,1,0,0,1,0,0,0,0,0],[1,1,1,1,0,0,1,0,1,0]]"
4,11,-0.032303332771611626,0.032303332771611626,"[[1,1,0,0,1,0,0,0,0,0],[1,1,1,1,0,0,1,0,1,1]]"
4,12,-0.03492195892991929,0.03492195892991929,"[[1,1,0,0,1,0,0,0,0,0],[1,1,1,1,0,0,1,1,0,0]]"
4,13,-0.03439278546206086,0.03439278546206086,"[[1,1,0,0,1,0,0,0,0,0],[1,1,1,1,0,0,1,1,0,1]]"
4,14,-0.03511543902374309,0.03511543902374309,"[[1,1,0,0,1,0,0,0,0,0],[1,1,1,1,0,0,1,1,1,0]]"
4,15,-0.03258257717223505,0.03258257717223505,"[[1,1,0,0,1,0,0,0,0,0],[1,1,1,1,0,0,1,1,1,1]]"
4,16,-0.03633521255742806,0.03633521255742806,"[[1,1,0,0,1,0,0,0,0,0],[1,1,1,1,0,1,0,0,0,0]]"
4,17,-0.03661368123694493,0.03661368123694493,"[[1,1,0,0,1,0,0,0,0,0],[1,1,1,1,0,1,0,0,0,1]]"
4,18,-0.037901404817473734,0.037901404817473734,"[[1,1,0,0,1,0,0,0,0,0],[1,1,1,1,0,1,0,0,1,0]]"
4,19,-0.037925550711192406,0.037925550711192406,"[[1,1,0,0,1,0,0,0,0,0],[1,1,1,1,0,1,0,0,1,1]]"
4,20,-0.04023819159628629,0.04023819159628629,"[[1,1,0,0,1,0,0,0,0,0],[1,1,1,1,0,1,0,1,0,0]]"
4,21,-0.039751639235984154,0.039751639235984154,"[[1,1,0,0,1,0,0,0,0,0],[1,1,1,1,0,1,0,1,0,1]]"
4,22,-0.04071963272834358,0.04071963272834358,"[[1,1,0,0,1,0,0,0,0,0],[1,1,1,1,0,1,0,1,1,0]]"
4,23,-0.038486865837656925,0.038486865837656925,"[[1,1,0,0,1,0,0,0,0,0],[1,1,1,1,0,1,0,1,1,1]]"
4,24,-0.04626711413843733,0.04626711413843733,"[[1,1,0,0,1,0,0,0,0,0],[1,1,1,1,0,1,1,0,0,0]]"
4,25,-0.04627275291849377,0.04627275291849377,"[[1,1,0,0,1,0,0,0,0,0],[1,1,1,1,0,1,1,0,0,1]]"
4,26,-0.04777804227026192,0.04777804227026192,"[[1,1,0,0,1,0,0,0,0,0],[1,1,1,1,0,1,1,0,1,0]]"
4,27,-0.0466059143542967,0.0466059143542967,"[[1,1,0,0,1,0,0,0,0,0],[1,1,1,1,0,1,1,0,1,1]]"
4,28,-0.04853616818730381,0.04853616818730381,"[[1,1,0,0,1,0,0,0,0,0],[1,1,1,1,0,1,1,1,0,0]]"
4,29,-0.04713354197487743,0.04713354197487743,"[[1,1,0,0,1,0,0,0,0,0],[1,1,1,1,0,1,1,1,0,1]]"
4,30,-0.046123517822644546,0.046123517822644546,"[[1,1,0,0,1,0,0,0,0,0],[1,1,1,1,0,1,1,1,1,0]]"
4,31,-0.040670991257316276,0.040670991257316276,"[[1,1,0,0,1,0,0,0,0,0],[1,1,1,1,0,1,1,1,1,1]]"
4,32,-0.02091615878657478,0.02091615878657478,"[[1,1,0,0,1,0,0,0,0,1],[1,1,1,1,0,0,0,0,0,0]]"
4,33,-0.02112811366884742,0.02112811366884742,"[[1,1,0,0,1,0,0,0,0,1],[1,1,1,1,0,0,0,0,0,1]]"
4,34,-0.022648312102232657,0.022648312102232657,"[[1,1,0,0,1,0,0,0,0,1],[1,1,1,1,0,0,0,0,1,0]]"
4,35,-0.022884204909081093,0.022884204909081093,"[[1,1,0,0,1,0,0,0,0,1],[1,1,1,1,0,0,0,0,1,1]]"
4,36,-0.025738644945336616,0.025738644945336616,"[[1,1,0,0,1,0,0,0,0,1],[1,1,1,1,0,0,0,1,0,0]]"
4,37,-0.025934199950152274,0.025934199950152274,"[[1,1,0,0,1,0,0,0,0,1],[1,1,1,1,0,0,0,1,0,1]]"
4,38,-0.02693147998974795,0.02693147998974795,"[[1,1,0,0,1,0,0,0,0,1],[1,1,1,1,0,0,0,1,1,0]]"
4,39,-0.026728586948917686,0.026728586948917686,"[[1,1,0,0,1,0,0,0,0,1],[1,1,1,1,0,0,0,1,1,1]]"
4,40,-0.03143671493400391,0.03143671493400391,"[[1,1,0,0,1,0,0,0,0,1],[1,1,1,1,0,0,1,0,0,0]]"
4,41,-0.03181300979002341,0.03181300979002341,"[[1,1,0,0,1,0,0,0,0,1],[1,1,1,1,0,0,1,0,0,1]]"
4,42,-0.033097142113633446,0.033097142113633446,"[[1,1,0,0,1,0,0,0,0,1],[1,1,1,1,0,0,1,0,1,0]]"
4,43,-0.032715149708647154,0.032715149708647154,"[[1,1,0,0,1,0,0,0,0,1],[1,1,1,1,0,0,1,0,1,1]]"
4,44,-0.03612438605721819,0.03612438605721819,"[[1,1,0,0,1,0,0,0,0,1],[1,1,1,1,0,0,1,1,0,0]]"
4,45,-0.03552920930883944,0.03552920930883944,"[[1,1,0,0,1,0,0,0,0,1],[1,1,1,1,0,0,1,1,0,1]]"
4,46,-0.03614796491476388,0.03614796491476388,"[[1,1,0,0,1,0,0,0,0,1],[1,1,1,1,0,0,1,1,1,0]]"
4,47,-0.03473817339153575,0.03473817339153575,"[[1,1,0,0,1,0,0,0,0,1],[1,1,1,1,0,0,1,1,1,1]]"
4,48,-0.037337859318670376,0.037337859318670376,"[[1,1,0,0,1,0,0,0,0,1],[1,1,1,1,0,1,0,0,0,0]]"
4,49,-0.03730285636900503,0.03730285636900503,"[[1,1,0,0,1,0,0,0,0,1],[1,1,1,1,0,1,0,0,0,1]]"
4,50,-0.038660109568703326,0.038660109568703326,"[[1,1,0,0,1,0,0,0,0,1],[1,1,1,1,0,1,0,0,1,0]]"
4,51,-0.03829514037733221,0.03829514037733221,"[[1,1,0,0,1,0,0,0,0,1],[1,1,1,1,0,1,0,0,1,1]]"
4,52,-0.04196055398549077,0.04196055398549077,"[[1,1,0,0,1,0,0,0,0,1],[1,1,1,1,0,1,0,1,0,0]]"
4,53,-0.04108518755287203,0.04108518755287203,"[[1,1,0,0,1,0,0,0,0,1],[1,1,1,1,0,1,0,1,0,1]]"
4,54,-0.04199545493032247,0.04199545493032247,"[[1,1,0,0,1,0,0,0,0,1],[1,1,1,1,0,1,0,1,1,0]]"
4,55,-0.04038850900826058,0.04038850900826058,"[[1,1,0,0,1,0,0,0,0,1],[1,1,1,1,0,1,0,1,1,1]]"
4,56,-0.04860959727234837,0.04860959727234837,"[[1,1,0,0,1,0,0,0,0,1],[1,1,1,1,0,1,1,0,0,0]]"
4,57,-0.04775166251373603,0.04775166251373603,"[[1,1,0,0,1,0,0,0,0,1],[1,1,1,1,0,1,1,0,0,1]]"
4,58,-0.049457270247968255,0.049457270247968255,"[[1,1,0,0,1,0,0,0,0,1],[1,1,1,1,0,1,1,0,1,0]]"
4,59,-0.04781983762441415,0.04781983762441415,"[[1,1,0,0,1,0,0,0,0,1],[1,1,1,1,0,1,1,0,1,1]]"
4,60,-0.05100555829544136,0.05100555829544136,"[[1,1,0,0,1,0,0,0,0,1],[1,1,1,1,0,1,1,1,0,0]]"
4,61,-0.04964817018279042,0.04964817018279042,"[[1,1,0,0,1,0,0,0,0,1],[1,1,1,1,0,1,1,1,0,1]]"
4,62,-0.04914713975133434,0.04914713975133434,"[[1,1,0,0,1,0,0,0,0,1],[1,1,1,1,0,1,1,1,1,0]]"
4,63,-0.04526409284222333,0.04526409284222333,"[[1,1,0,0,1,0,0,0,0,1],[1,1,1,1,0,1,1,1,1,1]]"
4,64,-0.018757131895646914,0.018757131895646914,"[[1,1,0,0,1,0,0,0,1,0],[1,1,1,1,0,0,0,0,0,0]]"
4,65,-0.018546793282630956,0.018546793282630956,"[[1,1,0,0,1,0,0,0,1,0],[1,1,1,1,0,0,0,0,0,1]]"
4,66,-0.02087593179391083,0.02087593179391083,"[[1,1,0,0,1,0,0,0,1,0],[1,1,1,1,0,0,0,0,1,0]]"
4,67,-0.021047114796627398,0.021047114796627398,"[[1,1,0,0,1,0,0,0,1,0],[1,1,1,1,0,0,0,0,1,1]]"
4,68,-0.024775365908262136,0.024775365908262136,"[[1,1,0,0,1,0,0,0,1,0],[1,1,1,1,0,0,0,1,0,0]]"
4,69,-0.024800901276842806,0.024800901276842806,"[[1,1,0,0,1,0,0,0,1,0],[1,1,1,1,0,0,0,1,0,1]]"
4,70,-0.026352281799674346,0.026352281799674346,"[[1,1,0,0,1,0,0,0,1,0],[1,1,1,1,0,0,0,1,1,0]]"
4,71,-0.02623693389735818,0.02623693389735818,"[[1,1,0,0,1,0,0,0,1,0],[1,1,1,1,0,0,0,1,1,1]]"
4,72,-0.029959994949194223,0.029959994949194223,"[[1,1,0,0,1,0,0,0,1,0],[1,1,1,1,0,0,1,0,0,0]]"
4,73,-0.02980520344019614,0.02980520344019614,"[[1,1,0,0,1,0,0,0,1,0],[1,1,1,1,0,0,1,0,0,1]]"
4,74,-0.032040658547917655,0.032040658547917655,"[[1,1,0,0,1,0,0,0,1,0],[1,1,1,1,0,0,1,0,1,0]]"
4,75,-0.031940029118340985,0.031940029118340985,"[[1,1,0,0,1,0,0,0,1,0],[1,1,1,1,0,0,1,0,1,1]]"
4,76,-0.035907889666790364,0.035907889666790364,"[[1,1,0,0,1,0,0,0,1,0],[1,1,1,1,0,0,1,1,0,0]]"
4,77,-0.03583710635113823,0.03583710635113823,"[[1,1,0,0,1,0,0,0,1,0],[1,1,1,1,0,0,1,1,0,1]]"
4,78,-0.036672823632732575,0.036672823632732575,"[[1,1,0,0,1,0,0,0,1,0],[1,1,1,1,0,0,1,1,1,0]]"
4,79,-0.03601234626121265,0.03601234626121265,"[[1,1,0,0,1,0,0,0,1,0],[1,1,1,1,0,0,1,1,1,1]]"
4,80,-0.035702915139208126,0.035702915139208126,"[[1,1,0,0,1,0,0,0,1,0],[1,1,1,1,0,1,0,0,0,0]]"
4,81,-0.035356241497294424,0.035356241497294424,"[[1,1,0,0,1,0,0,0,1,0],[1,1,1,1,0,1,0,0,0,1]]"
4,82,-0.037517564407141275,0.037517564407141275,"[[1,1,0,0,1,0,0,0,1,0],[1,1,1,1,0,1,0,0,1,0]]"
4,83,-0.03741308922360556,0.03741308922360556,"[[1,1,0,0,1,0,0,0,1,0],[1,1,1,1,0,1,0,0,1,1]]"
4,84,-0.04226370641606228,0.04226370641606228,"[[1,1,0,0,1,0,0,0,1,0],[1,1,1,1,0,1,0,1,0,0]]"
4,85,-0.04176495432700301,0.04176495432700301,"[[1,1,0,0,1,0,0,0,1,0],[1,1,1,1,0,1,0,1,0,1]]"
4,86,-0.04234353211079057,0.04234353211079057,"[[1,1,0,0,1,0,0,0,1,0],[1,1,1,1,0,1,0,1,1,0]]"
4,87,-0.041515708614165946,0.041515708614165946,"[[1,1,0,0,1,0,0,0,1,0],[1,1,1,1,0,1,0,1,1,1]]"
4,88,-0.04755672075351183,0.04755672075351183,"[[1,1,0,0,1,0,0,0,1,0],[1,1,1,1,0,1,1,0,0,0]]"
4,89,-0.046779276634055636,0.046779276634055636,"[[1,1,0,0,1,0,0,0,1,0],[1,1,1,1,0,1,1,0,0,1]]"
4,90,-0.04876263980305933,0.04876263980305933,"[[1,1,0,0,1,0,0,0,1,0],[1,1,1,1,0,1,1,0,1,0]]"
4,91,-0.04809605455252438,0.04809605455252438,"[[1,1,0,0,1,0,0,0,1,0],[1,1,1,1,0,1,1,0,1,1]]"
4,92,-0.051146696313249744,0.051146696313249744,"[[1,1,0,0,1,0,0,0,1,0],[1,1,1,1,0,1,1,1,0,0]]"
4,93,-0.05048838979685958,0.05048838979685958,"[[1,1,0,0,1,0,0,0,1,0],[1,1,1,1,0,1,1,1,0,1]]"
4,94,-0.05006020168631161,0.05006020168631161,"[[1,1,0,0,1,0,0,0,1,0],[1,1,1,1,0,1,1,1,1,0]]"
4,95,-0.048491948448832735,0.048491948448832735,"[[1,1,0,0,1,0,0,0,1,0],[1,1,1,1,0,1,1,1,1,1]]"
4,96,-0.01836094308386247,0.01836094308386247,"[[1,1,0,0,1,0,0,0,1,1],[1,1,1,1,0,0,0,0,0,0]]"
4,97,-0.01876297022701219,0.01876297022701219,"[[1,1,0,0,1,0,0,0,1,1],[1,1,1,1,0,0,0,0,0,1]]"
4,98,-0.020829750628122434,0.020829750628122434,"[[1,1,0,0,1,0,0,0,1,1],[1,1,1,1,0,0,0,0,1,0]]"
4,99,-0.021211795762858133,0.021211795762858133,"[[1,1,0,0,1,0,0,0,1,1],[1,1,1,1,0,0,0,0,1,1]]"
4,100,-0.024291621000988292,0.024291621000988292,"[[1,1,0,0,1,0,0,0,1,1],[1,1,1,1,0,0,0,1,0,0]]"
4,101,-0.024865767110253616,0.024865767110253616,"[[1,1,0,0,1,0,0,0,1,1],[1,1,1,1,0,0,0,1,0,1]]"
4,102,-0.02659896296969208,0.02659896296969208,"[[1,1,0,0,1,0,0,0,1,1],[1,1,1,1,0,0,0,1,1,0]]"
4,103,-0.0267293829158055,0.0267293829158055,"[[1,1,0,0,1,0,0,0,1,1],[1,1,1,1,0,0,0,1,1,1]]"
4,104,-0.029534153635980692,0.029534153635980692,"[[1,1,0,0,1,0,0,0,1,1],[1,1,1,1,0,0,1,0,0,0]]"
4,105,-0.030016203793753957,0.030016203793753957,"[[1,1,0,0,1,0,0,0,1,1],[1,1,1,1,0,0,1,0,0,1]]"
4,106,-0.03191915853613844,0.03191915853613844,"[[1,1,0,0,1,0,0,0,1,1],[1,1,1,1,0,0,1,0,1,0]]"
4,107,-0.03232795427400409,0.03232795427400409,"[[1,1,0,0,1,0,0,0,1,1],[1,1,1,1,0,0,1,0,1,1]]"
4,108,-0.035579506712606096,0.035579506712606096,"[[1,1,0,0,1,0,0,0,1,1],[1,1,1,1,0,0,1,1,0,0]]"
4,109,-0.03614847856012814,0.03614847856012814,"[[1,1,0,0,1,0,0,0,1,1],[1,1,1,1,0,0,1,1,0,1]]"
4,110,-0.03742716804867471,0.03742716804867471,"[[1,1,0,0,1,0,0,0,1,1],[1,1,1,1,0,0,1,1,1,0]]"
4,111,-0.03682985421840592,0.03682985421840592,"[[1,1,0,0,1,0,0,0,1,1],[1,1,1,1,0,0,1,1,1,1]]"
4,112,-0.035499216376724284,0.035499216376724284,"[[1,1,0,0,1,0,0,0,1,1],[1,1,1,1,0,1,0,0,0,0]]"
4,113,-0.035872648822823476,0.035872648822823476,"[[1,1,0,0,1,0,0,0,1,1],[1,1,1,1,0,1,0,0,0,1]]"
4,114,-0.037911131834624336,0.037911131834624336,"[[1,1,0,0,1,0,0,0,1,1],[1,1,1,1,0,1,0,0,1,0]]"
4,115,-0.03800520910633865,0.03800520910633865,"[[1,1,0,0,1,0,0,0,1,1],[1,1,1,1,0,1,0,0,1,1]]"
4,116,-0.04211749803315615,0.04211749803315615,"[[1,1,0,0,1,0,0,0,1,1],[1,1,1,1,0,1,0,1,0,0]]"
4,117,-0.042280992837274815,0.042280992837274815,"[[1,1,0,0,1,0,0,0,1,1],[1,1,1,1,0,1,0,1,0,1]]"
4,118,-0.0434738081531734,0.0434738081531734,"[[1,1,0,0,1,0,0,0,1,1],[1,1,1,1,0,1,0,1,1,0]]"
4,119,-0.0425534575436857,0.0425534575436857,"[[1,1,0,0,1,0,0,0,1,1],[1,1,1,1,0,1,0,1,1,1]]"
4,120,-0.04862376150029249,0.04862376150029249,"[[1,1,0,0,1,0,0,0,1,1],[1,1,1,1,0,1,1,0,0,0]]"
4,121,-0.04814975272134903,0.04814975272134903,"[[1,1,0,0,1,0,0,0,1,1],[1,1,1,1,0,1,1,0,0,1]]"
4,122,-0.04994668857041031,0.04994668857041031,"[[1,1,0,0,1,0,0,0,1,1],[1,1,1,1,0,1,1,0,1,0]]"
4,123,-0.04927091256184607,0.04927091256184607,"[[1,1,0,0,1,0,0,0,1,1],[1,1,1,1,0,1,1,0,1,1]]"
4,124,-0.05241212148439961,0.05241212148439961,"[[1,1,0,0,1,0,0,0,1,1],[1,1,1,1,0,1,1,1,0,0]]"
4,125,-0.05223173461969841,0.05223173461969841,"[[1,1,0,0,1,0,0,0,1,1],[1,1,1,1,0,1,1,1,0,1]]"
4,126,-0.05263234625197892,0.05263234625197892,"[[1,1,0,0,1,0,0,0,1,1],[1,1,1,1,0,1,1,1,1,0]]"
4,127,-0.05067982167272973,0.05067982167272973,"[[1,1,0,0,1,0,0,0,1,1],[1,1,1,1,0,1,1,1,1,1]]"
4,128,-0.015553050492075384,0.015553050492075384,"[[1,1,0,0,1,0,0,1,0,0],[1,1,1,1,0,0,0,0,0,0]]"
4,129,-0.015796944933302543,0.015796944933302543,"[[1,1,0,0,1,0,0,1,0,0],[1,1,1,1,0,0,0,0,0,1]]"
4,130,-0.01711154049139429,0.01711154049139429,"[[1,1,0,0,1,0,0,1,0,0],[1,1,1,1,0,0,0,0,1,0]]"
4,131,-0.017466375182539767,0.017466375182539767,"[[1,1,0,0,1,0,0,1,0,0],[1,1,1,1,0,0,0,0,1,1]]"
4,132,-0.02120098676561802,0.02120098676561802,"[[1,1,0,0,1,0,0,1,0,0],[1,1,1,1,0,0,0,1,0,0]]"
4,133,-0.021891496566920566,0.021891496566920566,"[[1,1,0,0,1,0,0,1,0,0],[1,1,1,1,0,0,0,1,0,1]]"
4,134,-0.02322990147924586,0.02322990147924586,"[[1,1,0,0,1,0,0,1,0,0],[1,1,1,1,0,0,0,1,1,0]]"
4,135,-0.023357409037518814,0.023357409037518814,"[[1,1,0,0,1,0,0,1,0,0],[1,1,1,1,0,0,0,1,1,1]]"
4,136,-0.026712068507545678,0.026712068507545678,"[[1,1,0,0,1,0,0,1,0,0],[1,1,1,1,0,0,1,0,0,0]]"
4,137,-0.027353215036501056,0.027353215036501056,"[[1,1,0,0,1,0,0,1,0,0],[1,1,1,1,0,0,1,0,0,1]]"
4,138,-0.028864617974923158,0.028864617974923158,"[[1,1,0,0,1,0,0,1,0,0],[1,1,1,1,0,0,1,0,1,0]]"
4,139,-0.02907101927780996,0.02907101927780996,"[[1,1,0,0,1,0,0,1,0,0],[1,1,1,1,0,0,1,0,1,1]]"
4,140,-0.03373145375664102,0.03373145375664102,"[[1,1,0,0,1,0,0,1,0,0],[1,1,1,1,0,0,1,1,0,0]]"
4,141,-0.03400950246873444,0.03400950246873444,"[[1,1,0,0,1,0,0,1,0,0],[1,1,1,1,0,0,1,1,0,1]]"
4,142,-0.03495251679603884,0.03495251679603884,"[[1,1,0,0,1,0,0,1,0,0],[1,1,1,1,0,0,1,1,1,0]]"
4,143,-0.03392434631764072,0.03392434631764072,"[[1,1,0,0,1,0,0,1,0,0],[1,1,1,1,0,0,1,1,1,1]]"
4,144,-0.031785244738327535,0.031785244738327535,"[[1,1,0,0,1,0,0,1,0,0],[1,1,1,1,0,1,0,0,0,0]]"
4,145,-0.032198191374867194,0.032198191374867194,"[[1,1,0,0,1,0,0,1,0,0],[1,1,1,1,0,1,0,0,0,1]]"
4,146,-0.03396617674722265,0.03396617674722265,"[[1,1,0,0,1,0,0,1,0,0],[1,1,1,1,0,1,0,0,1,0]]"
4,147,-0.03432442614608236,0.03432442614608236,"[[1,1,0,0,1,0,0,1,0,0],[1,1,1,1,0,1,0,0,1,1]]"
4,148,-0.038307586740091125,0.038307586740091125,"[[1,1,0,0,1,0,0,1,0,0],[1,1,1,1,0,1,0,1,0,0]]"
4,149,-0.03890784264888322,0.03890784264888322,"[[1,1,0,0,1,0,0,1,0,0],[1,1,1,1,0,1,0,1,0,1]]"
4,150,-0.04002469768866889,0.04002469768866889,"[[1,1,0,0,1,0,0,1,0,0],[1,1,1,1,0,1,0,1,1,0]]"
4,151,-0.039515240183080065,0.039515240183080065,"[[1,1,0,0,1,0,0,1,0,0],[1,1,1,1,0,1,0,1,1,1]]"
4,152,-0.04521480536498789,0.04521480536498789,"[[1,1,0,0,1,0,0,1,0,0],[1,1,1,1,0,1,1,0,0,0]]"
4,153,-0.04536337164138331,0.04536337164138331,"[[1,1,0,0,1,0,0,1,0,0],[1,1,1,1,0,1,1,0,0,1]]"
4,154,-0.04730641907338713,0.04730641907338713,"[[1,1,0,0,1,0,0,1,0,0],[1,1,1,1,0,1,1,0,1,0]]"
4,155,-0.046416827496772714,0.046416827496772714,"[[1,1,0,0,1,0,0,1,0,0],[1,1,1,1,0,1,1,0,1,1]]"
4,156,-0.05021665360871359,0.05021665360871359,"[[1,1,0,0,1,0,0,1,0,0],[1,1,1,1,0,1,1,1,0,0]]"
4,157,-0.05000682678346522,0.05000682678346522,"[[1,1,0,0,1,0,0,1,0,0],[1,1,1,1,0,1,1,1,0,1]]"
4,158,-0.05110771539336447,0.05110771539336447,"[[1,1,0,0,1,0,0,1,0,0],[1,1,1,1,0,1,1,1,1,0]]"
4,159,-0.04879809318136249,0.04879809318136249,"[[1,1,0,0,1,0,0,1,0,0],[1,1,1,1,0,1,1,1,1,1]]"
4,160,-0.01536234725446383,0.01536234725446383,"[[1,1,0,0,1,0,0,1,0,1],[1,1,1,1,0,0,0,0,0,0]]"
4,161,-0.015825508821846964,0.015825508821846964,"[[1,1,0,0,1,0,0,1,0,1],[1,1,1,1,0,0,0,0,0,1]]"
4,162,-0.017435824414577833,0.017435824414577833,"[[1,1,0,0,1,0,0,1,0,1],[1,1,1,1,0,0,0,0,1,0]]"
4,163,-0.01764777286790076,0.01764777286790076,"[[1,1,0,0,1,0,0,1,0,1],[1,1,1,1,0,0,0,0,1,1]]"
4,164,-0.02131541229889332,0.02131541229889332,"[[1,1,0,0,1,0,0,1,0,1],[1,1,1,1,0,0,0,1,0,0]]"
4,165,-0.021882981399143624,0.021882981399143624,"[[1,1,0,0,1,0,0,1,0,1],[1,1,1,1,0,0,0,1,0,1]]"
4,166,-0.023554193016775412,0.023554193016775412,"[[1,1,0,0,1,0,0,1,0,1],[1,1,1,1,0,0,0,1,1,0]]"
4,167,-0.023645878298810593,0.023645878298810593,"[[1,1,0,0,1,0,0,1,0,1],[1,1,1,1,0,0,0,1,1,1]]"
4,168,-0.026333847920039125,0.026333847920039125,"[[1,1,0,0,1,0,0,1,0,1],[1,1,1,1,0,0,1,0,0,0]]"
4,169,-0.02723216400836126,0.02723216400836126,"[[1,1,0,0,1,0,0,1,0,1],[1,1,1,1,0,0,1,0,0,1]]"
4,170,-0.02924718376843082,0.02924718376843082,"[[1,1,0,0,1,0,0,1,0,1],[1,1,1,1,0,0,1,0,1,0]]"
4,171,-0.029429202502339886,0.029429202502339886,"[[1,1,0,0,1,0,0,1,0,1],[1,1,1,1,0,0,1,0,1,1]]"
4,172,-0.033761317402134304,0.033761317402134304,"[[1,1,0,0,1,0,0,1,0,1],[1,1,1,1,0,0,1,1,0,0]]"
4,173,-0.03429642982763726,0.03429642982763726,"[[1,1,0,0,1,0,0,1,0,1],[1,1,1,1,0,0,1,1,0,1]]"
4,174,-0.03541295087229828,0.03541295087229828,"[[1,1,0,0,1,0,0,1,0,1],[1,1,1,1,0,0,1,1,1,0]]"
4,175,-0.03442264507981671,0.03442264507981671,"[[1,1,0,0,1,0,0,1,0,1],[1,1,1,1,0,0,1,1,1,1]]"
4,176,-0.03157717080788375,0.03157717080788375,"[[1,1,0,0,1,0,0,1,0,1],[1,1,1,1,0,1,0,0,0,0]]"
4,177,-0.03215308336228393,0.03215308336228393,"[[1,1,0,0,1,0,0,1,0,1],[1,1,1,1,0,1,0,0,0,1]]"
4,178,-0.03444431893892717,0.03444431893892717,"[[1,1,0,0,1,0,0,1,0,1],[1,1,1,1,0,1,0,0,1,0]]"
4,179,-0.03454408411505094,0.03454408411505094,"[[1,1,0,0,1,0,0,1,0,1],[1,1,1,1,0,1,0,0,1,1]]"
4,180,-0.03909767180354292,0.03909767180354292,"[[1,1,0,0,1,0,0,1,0,1],[1,1,1,1,0,1,0,1,0,0]]"
4,181,-0.039156092443024905,0.039156092443024905,"[[1,1,0,0,1,0,0,1,0,1],[1,1,1,1,0,1,0,1,0,1]]"
4,182,-0.040574581495023895,0.040574581495023895,"[[1,1,0,0,1,0,0,1,0,1],[1,1,1,1,0,1,0,1,1,0]]"
4,183,-0.03981690209298931,0.03981690209298931,"[[1,1,0,0,1,0,0,1,0,1],[1,1,1,1,0,1,0,1,1,1]]"
4,184,-0.04538635189946365,0.04538635189946365,"[[1,1,0,0,1,0,0,1,0,1],[1,1,1,1,0,1,1,0,0,0]]"
4,185,-0.0458326572136609,0.0458326572136609,"[[1,1,0,0,1,0,0,1,0,1],[1,1,1,1,0,1,1,0,0,1]]"
4,186,-0.04804104494290136,0.04804104494290136,"[[1,1,0,0,1,0,0,1,0,1],[1,1,1,1,0,1,1,0,1,0]]"
4,187,-0.04711814368004777,0.04711814368004777,"[[1,1,0,0,1,0,0,1,0,1],[1,1,1,1,0,1,1,0,1,1]]"
4,188,-0.051646858091107736,0.051646858091107736,"[[1,1,0,0,1,0,0,1,0,1],[1,1,1,1,0,1,1,1,0,0]]"
4,189,-0.05131721436957593,0.05131721436957593,"[[1,1,0,0,1,0,0,1,0,1],[1,1,1,1,0,1,1,1,0,1]]"
4,190,-0.05207593782894177,0.05207593782894177,"[[1,1,0,0,1,0,0,1,0,1],[1,1,1,1,0,1,1,1,1,0]]"
4,191,-0.04992511249567754,0.04992511249567754,"[[1,1,0,0,1,0,0,1,0,1],[1,1,1,1,0,1,1,1,1,1]]"
4,192,-0.012847844885857516,0.012847844885857516,"[[1,1,0,0,1,0,0,1,1,0],[1,1,1,1,0,0,0,0,0,0]]"
4,193,-0.013057727879341457,0.013057727879341457,"[[1,1,0,0,1,0,0,1,1,0],[1,1,1,1,0,0,0,0,0,1]]"
4,194,-0.015167685945851727,0.015167685945851727,"[[1,1,0,0,1,0,0,1,1,0],[1,1,1,1,0,0,0,0,1,0]]"
4,195,-0.015359107660683087,0.015359107660683087,"[[1,1,0,0,1,0,0,1,1,0],[1,1,1,1,0,0,0,0,1,1]]"
4,196,-0.01956962069208365,0.01956962069208365,"[[1,1,0,0,1,0,0,1,1,0],[1,1,1,1,0,0,0,1,0,0]]"
4,197,-0.019547237333683017,0.019547237333683017,"[[1,1,0,0,1,0,0,1,1,0],[1,1,1,1,0,0,0,1,0,1]]"
4,198,-0.021820114356156117,0.021820114356156117,"[[1,1,0,0,1,0,0,1,1,0],[1,1,1,1,0,0,0,1,1,0]]"
4,199,-0.02220127506559458,0.02220127506559458,"[[1,1,0,0,1,0,0,1,1,0],[1,1,1,1,0,0,0,1,1,1]]"
4,200,-0.023939092065735704,0.023939092065735704,"[[1,1,0,0,1,0,0,1,1,0],[1,1,1,1,0,0,1,0,0,0]]"
4,201,-0.02454400210560432,0.02454400210560432,"[[1,1,0,0,1,0,0,1,1,0],[1,1,1,1,0,0,1,0,0,1]]"
4,202,-0.02672859619696573,0.02672859619696573,"[[1,1,0,0,1,0,0,1,1,0],[1,1,1,1,0,0,1,0,1,0]]"
4,203,-0.027187796699049412,0.027187796699049412,"[[1,1,0,0,1,0,0,1,1,0],[1,1,1,1,0,0,1,0,1,1]]"
4,204,-0.03236823190107959,0.03236823190107959,"[[1,1,0,0,1,0,0,1,1,0],[1,1,1,1,0,0,1,1,0,0]]"
4,205,-0.03257573778640839,0.03257573778640839,"[[1,1,0,0,1,0,0,1,1,0],[1,1,1,1,0,0,1,1,0,1]]"
4,206,-0.03497671749127374,0.03497671749127374,"[[1,1,0,0,1,0,0,1,1,0],[1,1,1,1,0,0,1,1,1,0]]"
4,207,-0.03480651166168054,0.03480651166168054,"[[1,1,0,0,1,0,0,1,1,0],[1,1,1,1,0,0,1,1,1,1]]"
4,208,-0.02941122213011252,0.02941122213011252,"[[1,1,0,0,1,0,0,1,1,0],[1,1,1,1,0,1,0,0,0,0]]"
4,209,-0.0296133934618469,0.0296133934618469,"[[1,1,0,0,1,0,0,1,1,0],[1,1,1,1,0,1,0,0,0,1]]"
4,210,-0.03215954464825679,0.03215954464825679,"[[1,1,0,0,1,0,0,1,1,0],[1,1,1,1,0,1,0,0,1,0]]"
4,211,-0.03248400302603931,0.03248400302603931,"[[1,1,0,0,1,0,0,1,1,0],[1,1,1,1,0,1,0,0,1,1]]"
4,212,-0.03723339533034292,0.03723339533034292,"[[1,1,0,0,1,0,0,1,1,0],[1,1,1,1,0,1,0,1,0,0]]"
4,213,-0.037134395832705766,0.037134395832705766,"[[1,1,0,0,1,0,0,1,1,0],[1,1,1,1,0,1,0,1,0,1]]"
4,214,-0.039829246224268824,0.039829246224268824,"[[1,1,0,0,1,0,0,1,1,0],[1,1,1,1,0,1,0,1,1,0]]"
4,215,-0.03983028251101198,0.03983028251101198,"[[1,1,0,0,1,0,0,1,1,0],[1,1,1,1,0,1,0,1,1,1]]"
4,216,-0.0434301602141996,0.0434301602141996,"[[1,1,0,0,1,0,0,1,1,0],[1,1,1,1,0,1,1,0,0,0]]"
4,217,-0.043758916865277185,0.043758916865277185,"[[1,1,0,0,1,0,0,1,1,0],[1,1,1,1,0,1,1,0,0,1]]"
4,218,-0.046368084484205416,0.046368084484205416,"[[1,1,0,0,1,0,0,1,1,0],[1,1,1,1,0,1,1,0,1,0]]"
4,219,-0.04639420635725569,0.04639420635725569,"[[1,1,0,0,1,0,0,1,1,0],[1,1,1,1,0,1,1,0,1,1]]"
4,220,-0.05118177218044469,0.05118177218044469,"[[1,1,0,0,1,0,0,1,1,0],[1,1,1,1,0,1,1,1,0,0]]"
4,221,-0.05075159066467313,0.05075159066467313,"[[1,1,0,0,1,0,0,1,1,0],[1,1,1,1,0,1,1,1,0,1]]"
4,222,-0.05200598709332187,0.05200598709332187,"[[1,1,0,0,1,0,0,1,1,0],[1,1,1,1,0,1,1,1,1,0]]"
4,223,-0.05131985815378324,0.05131985815378324,"[[1,1,0,0,1,0,0,1,1,0],[1,1,1,1,0,1,1,1,1,1]]"
4,224,-0.012278563280351353,0.012278563280351353,"[[1,1,0,0,1,0,0,1,1,1],[1,1,1,1,0,0,0,0,0,0]]"
4,225,-0.012495526432335485,0.012495526432335485,"[[1,1,0,0,1,0,0,1,1,1],[1,1,1,1,0,0,0,0,0,1]]"
4,226,-0.014751582688849307,0.014751582688849307,"[[1,1,0,0,1,0,0,1,1,1],[1,1,1,1,0,0,0,0,1,0]]"
4,227,-0.01532031920921039,0.01532031920921039,"[[1,1,0,0,1,0,0,1,1,1],[1,1,1,1,0,0,0,0,1,1]]"
4,228,-0.019096565340873558,0.019096565340873558,"[[1,1,0,0,1,0,0,1,1,1],[1,1,1,1,0,0,0,1,0,0]]"
4,229,-0.019453196056539137,0.019453196056539137,"[[1,1,0,0,1,0,0,1,1,1],[1,1,1,1,0,0,0,1,0,1]]"
4,230,-0.021791066593434483,0.021791066593434483,"[[1,1,0,0,1,0,0,1,1,1],[1,1,1,1,0,0,0,1,1,0]]"
4,231,-0.022327586476734097,0.022327586476734097,"[[1,1,0,0,1,0,0,1,1,1],[1,1,1,1,0,0,0,1,1,1]]"
4,232,-0.02324965781056225,0.02324965781056225,"[[1,1,0,0,1,0,0,1,1,1],[1,1,1,1,0,0,1,0,0,0]]"
4,233,-0.024005640859831052,0.024005640859831052,"[[1,1,0,0,1,0,0,1,1,1],[1,1,1,1,0,0,1,0,0,1]]"
4,234,-0.026491951792103837,0.026491951792103837,"[[1,1,0,0,1,0,0,1,1,1],[1,1,1,1,0,0,1,0,1,0]]"
4,235,-0.02711727209702657,0.02711727209702657,"[[1,1,0,0,1,0,0,1,1,1],[1,1,1,1,0,0,1,0,1,1]]"
4,236,-0.03151033755392067,0.03151033755392067,"[[1,1,0,0,1,0,0,1,1,1],[1,1,1,1,0,0,1,1,0,0]]"
4,237,-0.03224157078935661,0.03224157078935661,"[[1,1,0,0,1,0,0,1,1,1],[1,1,1,1,0,0,1,1,0,1]]"
4,238,-0.03478432035118762,0.03478432035118762,"[[1,1,0,0,1,0,0,1,1,1],[1,1,1,1,0,0,1,1,1,0]]"
4,239,-0.03515278434374305,0.03515278434374305,"[[1,1,0,0,1,0,0,1,1,1],[1,1,1,1,0,0,1,1,1,1]]"
4,240,-0.028330658505311055,0.028330658505311055,"[[1,1,0,0,1,0,0,1,1,1],[1,1,1,1,0,1,0,0,0,0]]"
4,241,-0.028996235182145558,0.028996235182145558,"[[1,1,0,0,1,0,0,1,1,1],[1,1,1,1,0,1,0,0,0,1]]"
4,242,-0.03159461526876038,0.03159461526876038,"[[1,1,0,0,1,0,0,1,1,1],[1,1,1,1,0,1,0,0,1,0]]"
4,243,-0.03221578849147828,0.03221578849147828,"[[1,1,0,0,1,0,0,1,1,1],[1,1,1,1,0,1,0,0,1,1]]"
4,244,-0.03658732803074301,0.03658732803074301,"[[1,1,0,0,1,0,0,1,1,1],[1,1,1,1,0,1,0,1,0,0]]"
4,245,-0.03714499687319515,0.03714499687319515,"[[1,1,0,0,1,0,0,1,1,1],[1,1,1,1,0,1,0,1,0,1]]"
4,246,-0.03987933890416959,0.03987933890416959,"[[1,1,0,0,1,0,0,1,1,1],[1,1,1,1,0,1,0,1,1,0]]"
4,247,-0.04021559020651468,0.04021559020651468,"[[1,1,0,0,1,0,0,1,1,1],[1,1,1,1,0,1,0,1,1,1]]"
4,248,-0.042671686389337486,0.042671686389337486,"[[1,1,0,0,1,0,0,1,1,1],[1,1,1,1,0,1,1,0,0,0]]"
4,249,-0.043590848638814086,0.043590848638814086,"[[1,1,0,0,1,0,0,1,1,1],[1,1,1,1,0,1,1,0,0,1]]"
4,250,-0.046071385521597244,0.046071385521597244,"[[1,1,0,0,1,0,0,1,1,1],[1,1,1,1,0,1,1,0,1,0]]"
4,251,-0.046264418160162746,0.046264418160162746,"[[1,1,0,0,1,0,0,1,1,1],[1,1,1,1,0,1,1,0,1,1]]"
4,252,-0.05110708422486861,0.05110708422486861,"[[1,1,0,0,1,0,0,1,1,1],[1,1,1,1,0,1,1,1,0,0]]"
4,253,-0.051324203049841095,0.051324203049841095,"[[1,1,0,0,1,0,0,1,1,1],[1,1,1,1,0,1,1,1,0,1]]"
4,254,-0.052753095550484436,0.052753095550484436,"[[1,1,0,0,1,0,0,1,1,1],[1,1,1,1,0,1,1,1,1,0]]"
4,255,-0.052184078153924535,0.052184078153924535,"[[1,1,0,0,1,0,0,1,1,1],[1,1,1,1,0,1,1,1,1,1]]"
4,256,-0.011665511380729044,0.011665511380729044,"[[1,1,0,0,1,0,1,0,0,0],[1,1,1,1,0,0,0,0,0,0]]"
4,257,-0.011564110859586555,0.011564110859586555,"[[1,1,0,0,1,0,1,0,0,0],[1,1,1,1,0,0,0,0,0,1]]"
4,258,-0.013354665320255572,0.013354665320255572,"[[1,1,0,0,1,0,1,0,0,0],[1,1,1,1,0,0,0,0,1,0]]"
4,259,-0.013560940065036301,0.013560940065036301,"[[1,1,0,0,1,0,1,0,0,0],[1,1,1,1,0,0,0,0,1,1]]"
4,260,-0.015865143134274187,0.015865143134274187,"[[1,1,0,0,1,0,1,0,0,0],[1,1,1,1,0,0,0,1,0,0]]"
4,261,-0.016306985953326344,0.016306985953326344,"[[1,1,0,0,1,0,1,0,0,0],[1,1,1,1,0,0,0,1,0,1]]"
4,262,-0.018033915715317487,0.018033915715317487,"[[1,1,0,0,1,0,1,0,0,0],[1,1,1,1,0,0,0,1,1,0]]"
4,263,-0.018085672682923316,0.018085672682923316,"[[1,1,0,0,1,0,1,0,0,0],[1,1,1,1,0,0,0,1,1,1]]"
4,264,-0.02123601739408265,0.02123601739408265,"[[1,1,0,0,1,0,1,0,0,0],[1,1,1,1,0,0,1,0,0,0]]"
4,265,-0.021500155462611005,0.021500155462611005,"[[1,1,0,0,1,0,1,0,0,0],[1,1,1,1,0,0,1,0,0,1]]"
4,266,-0.023120081922555477,0.023120081922555477,"[[1,1,0,0,1,0,1,0,0,0],[1,1,1,1,0,0,1,0,1,0]]"
4,267,-0.023436018990554315,0.023436018990554315,"[[1,1,0,0,1,0,1,0,0,0],[1,1,1,1,0,0,1,0,1,1]]"
4,268,-0.026693854459078726,0.026693854459078726,"[[1,1,0,0,1,0,1,0,0,0],[1,1,1,1,0,0,1,1,0,0]]"
4,269,-0.026844017606556206,0.026844017606556206,"[[1,1,0,0,1,0,1,0,0,0],[1,1,1,1,0,0,1,1,0,1]]"
4,270,-0.027680547194427585,0.027680547194427585,"[[1,1,0,0,1,0,1,0,0,0],[1,1,1,1,0,0,1,1,1,0]]"
4,271,-0.026705009846675606,0.026705009846675606,"[[1,1,0,0,1,0,1,0,0,0],[1,1,1,1,0,0,1,1,1,1]]"
4,272,-0.027485068549244613,0.027485068549244613,"[[1,1,0,0,1,0,1,0,0,0],[1,1,1,1,0,1,0,0,0,0]]"
4,273,-0.02769471538132576,0.02769471538132576,"[[1,1,0,0,1,0,1,0,0,0],[1,1,1,1,0,1,0,0,0,1]]"
4,274,-0.029669867785055967,0.029669867785055967,"[[1,1,0,0,1,0,1,0,0,0],[1,1,1,1,0,1,0,0,1,0]]"
4,275,-0.030181378853513807,0.030181378853513807,"[[1,1,0,0,1,0,1,0,0,0],[1,1,1,1,0,1,0,0,1,1]]"
4,276,-0.03267706317644315,0.03267706317644315,"[[1,1,0,0,1,0,1,0,0,0],[1,1,1,1,0,1,0,1,0,0]]"
4,277,-0.033391887990227645,0.033391887990227645,"[[1,1,0,0,1,0,1,0,0,0],[1,1,1,1,0,1,0,1,0,1]]"
4,278,-0.03436225803717871,0.03436225803717871,"[[1,1,0,0,1,0,1,0,0,0],[1,1,1,1,0,1,0,1,1,0]]"
4,279,-0.03345292358939299,0.03345292358939299,"[[1,1,0,0,1,0,1,0,0,0],[1,1,1,1,0,1,0,1,1,1]]"
4,280,-0.040074790061520586,0.040074790061520586,"[[1,1,0,0,1,0,1,0,0,0],[1,1,1,1,0,1,1,0,0,0]]"
4,281,-0.04032870357090003,0.04032870357090003,"[[1,1,0,0,1,0,1,0,0,0],[1,1,1,1,0,1,1,0,0,1]]"
4,282,-0.04177336570338742,0.04177336570338742,"[[1,1,0,0,1,0,1,0,0,0],[1,1,1,1,0,1,1,0,1,0]]"
4,283,-0.04190682722992132,0.04190682722992132,"[[1,1,0,0,1,0,1,0,0,0],[1,1,1,1,0,1,1,0,1,1]]"
4,284,-0.04416707734724385,0.04416707734724385,"[[1,1,0,0,1,0,1,0,0,0],[1,1,1,1,0,1,1,1,0,0]]"
4,285,-0.04347664929222831,0.04347664929222831,"[[1,1,0,0,1,0,1,0,0,0],[1,1,1,1,0,1,1,1,0,1]]"
4,286,-0.04398143120058226,0.04398143120058226,"[[1,1,0,0,1,0,1,0,0,0],[1,1,1,1,0,1,1,1,1,0]]"
4,287,-0.04117096606534302,0.04117096606534302,"[[1,1,0,0,1,0,1,0,0,0],[1,1,1,1,0,1,1,1,1,1]]"
4,288,-0.011287682821694114,0.011287682821694114,"[[1,1,0,0,1,0,1,0,0,1],[1,1,1,1,0,0,0,0,0,0]]"
4,289,-0.011686239104676682,0.011686239104676682,"[[1,1,0,0,1,0,1,0,0,1],[1,1,1,1,0,0,0,0,0,1]]"
4,290,-0.01325435898000415,0.01325435898000415,"[[1,1,0,0,1,0,1,0,0,1],[1,1,1,1,0,0,0,0,1,0]]"
4,291,-0.013678200289240222,0.013678200289240222,"[[1,1,0,0,1,0,1,0,0,1],[1,1,1,1,0,0,0,0,1,1]]"
4,292,-0.01603352873468394,0.01603352873468394,"[[1,1,0,0,1,0,1,0,0,1],[1,1,1,1,0,0,0,1,0,0]]"
4,293,-0.016389555003614817,0.016389555003614817,"[[1,1,0,0,1,0,1,0,0,1],[1,1,1,1,0,0,0,1,0,1]]"
4,294,-0.018159424731237404,0.018159424731237404,"[[1,1,0,0,1,0,1,0,0,1],[1,1,1,1,0,0,0,1,1,0]]"
4,295,-0.01858261535548187,0.01858261535548187,"[[1,1,0,0,1,0,1,0,0,1],[1,1,1,1,0,0,0,1,1,1]]"
4,296,-0.02110704538954926,0.02110704538954926,"[[1,1,0,0,1,0,1,0,0,1],[1,1,1,1,0,0,1,0,0,0]]"
4,297,-0.021522292489763183,0.021522292489763183,"[[1,1,0,0,1,0,1,0,0,1],[1,1,1,1,0,0,1,0,0,1]]"
4,298,-0.023435197055281104,0.023435197055281104,"[[1,1,0,0,1,0,1,0,0,1],[1,1,1,1,0,0,1,0,1,0]]"
4,299,-0.023768595263644842,0.023768595263644842,"[[1,1,0,0,1,0,1,0,0,1],[1,1,1,1,0,0,1,0,1,1]]"
4,300,-0.02721898171884842,0.02721898171884842,"[[1,1,0,0,1,0,1,0,0,1],[1,1,1,1,0,0,1,1,0,0]]"
4,301,-0.02726410707556952,0.02726410707556952,"[[1,1,0,0,1,0,1,0,0,1],[1,1,1,1,0,0,1,1,0,1]]"
4,302,-0.028149691302425294,0.028149691302425294,"[[1,1,0,0,1,0,1,0,0,1],[1,1,1,1,0,0,1,1,1,0]]"
4,303,-0.02781047972682087,0.02781047972682087,"[[1,1,0,0,1,0,1,0,0,1],[1,1,1,1,0,0,1,1,1,1]]"
4,304,-0.0273978326652829,0.0273978326652829,"[[1,1,0,0,1,0,1,0,0,1],[1,1,1,1,0,1,0,0,0,0]]"
4,305,-0.027781220136617404,0.027781220136617404,"[[1,1,0,0,1,0,1,0,0,1],[1,1,1,1,0,1,0,0,0,1]]"
4,306,-0.029746002640580912,0.029746002640580912,"[[1,1,0,0,1,0,1,0,0,1],[1,1,1,1,0,1,0,0,1,0]]"
4,307,-0.030175686152781135,0.030175686152781135,"[[1,1,0,0,1,0,1,0,0,1],[1,1,1,1,0,1,0,0,1,1]]"
4,308,-0.0332329578519465,0.0332329578519465,"[[1,1,0,0,1,0,1,0,0,1],[1,1,1,1,0,1,0,1,0,0]]"
4,309,-0.03354779701813105,0.03354779701813105,"[[1,1,0,0,1,0,1,0,0,1],[1,1,1,1,0,1,0,1,0,1]]"
4,310,-0.03496090639397908,0.03496090639397908,"[[1,1,0,0,1,0,1,0,0,1],[1,1,1,1,0,1,0,1,1,0]]"
4,311,-0.034927002475776445,0.034927002475776445,"[[1,1,0,0,1,0,1,0,0,1],[1,1,1,1,0,1,0,1,1,1]]"
4,312,-0.040605682531846495,0.040605682531846495,"[[1,1,0,0,1,0,1,0,0,1],[1,1,1,1,0,1,1,0,0,0]]"
4,313,-0.04060417436149855,0.04060417436149855,"[[1,1,0,0,1,0,1,0,0,1],[1,1,1,1,0,1,1,0,0,1]]"
4,314,-0.042538709922216526,0.042538709922216526,"[[1,1,0,0,1,0,1,0,0,1],[1,1,1,1,0,1,1,0,1,0]]"
4,315,-0.04205702683016976,0.04205702683016976,"[[1,1,0,0,1,0,1,0,0,1],[1,1,1,1,0,1,1,0,1,1]]"
4,316,-0.0458701055676535,0.0458701055676535,"[[1,1,0,0,1,0,1,0,0,1],[1,1,1,1,0,1,1,1,0,0]]"
4,317,-0.044857609568301315,0.044857609568301315,"[[1,1,0,0,1,0,1,0,0,1],[1,1,1,1,0,1,1,1,0,1]]"
4,318,-0.0455547503164568,0.0455547503164568,"[[1,1,0,0,1,0,1,0,0,1],[1,1,1,1,0,1,1,1,1,0]]"
4,319,-0.04379711849870473,0.04379711849870473,"[[1,1,0,0,1,0,1,0,0,1],[1,1,1,1,0,1,1,1,1,1]]"
4,320,-0.009408036223217668,0.009408036223217668,"[[1,1,0,0,1,0,1,0,1,0],[1,1,1,1,0,0,0,0,0,0]]"
4,321,-0.009365466502026241,0.009365466502026241,"[[1,1,0,0,1,0,1,0,1,0],[1,1,1,1,0,0,0,0,0,1]]"
4,322,-0.011470356309776157,0.011470356309776157,"[[1,1,0,0,1,0,1,0,1,0],[1,1,1,1,0,0,0,0,1,0]]"
4,323,-0.011568790945399254,0.011568790945399254,"[[1,1,0,0,1,0,1,0,1,0],[1,1,1,1,0,0,0,0,1,1]]"
4,324,-0.014741458251837711,0.014741458251837711,"[[1,1,0,0,1,0,1,0,1,0],[1,1,1,1,0,0,0,1,0,0]]"
4,325,-0.014542774006053291,0.014542774006053291,"[[1,1,0,0,1,0,1,0,1,0],[1,1,1,1,0,0,0,1,0,1]]"
4,326,-0.016841109641701418,0.016841109641701418,"[[1,1,0,0,1,0,1,0,1,0],[1,1,1,1,0,0,0,1,1,0]]"
4,327,-0.017075337659718182,0.017075337659718182,"[[1,1,0,0,1,0,1,0,1,0],[1,1,1,1,0,0,0,1,1,1]]"
4,328,-0.019303375825605276,0.019303375825605276,"[[1,1,0,0,1,0,1,0,1,0],[1,1,1,1,0,0,1,0,0,0]]"
4,329,-0.01920983049454842,0.01920983049454842,"[[1,1,0,0,1,0,1,0,1,0],[1,1,1,1,0,0,1,0,0,1]]"
4,330,-0.02154504726201515,0.02154504726201515,"[[1,1,0,0,1,0,1,0,1,0],[1,1,1,1,0,0,1,0,1,0]]"
4,331,-0.02190895116347085,0.02190895116347085,"[[1,1,0,0,1,0,1,0,1,0],[1,1,1,1,0,0,1,0,1,1]]"
4,332,-0.02641348988074183,0.02641348988074183,"[[1,1,0,0,1,0,1,0,1,0],[1,1,1,1,0,0,1,1,0,0]]"
4,333,-0.02652092718347345,0.02652092718347345,"[[1,1,0,0,1,0,1,0,1,0],[1,1,1,1,0,0,1,1,0,1]]"
4,334,-0.028203643354520396,0.028203643354520396,"[[1,1,0,0,1,0,1,0,1,0],[1,1,1,1,0,0,1,1,1,0]]"
4,335,-0.027925606511199304,0.027925606511199304,"[[1,1,0,0,1,0,1,0,1,0],[1,1,1,1,0,0,1,1,1,1]]"
4,336,-0.025469894119238955,0.025469894119238955,"[[1,1,0,0,1,0,1,0,1,0],[1,1,1,1,0,1,0,0,0,0]]"
4,337,-0.025034928100695,0.025034928100695,"[[1,1,0,0,1,0,1,0,1,0],[1,1,1,1,0,1,0,0,0,1]]"
4,338,-0.027862604133324247,0.027862604133324247,"[[1,1,0,0,1,0,1,0,1,0],[1,1,1,1,0,1,0,0,1,0]]"
4,339,-0.027935932986323776,0.027935932986323776,"[[1,1,0,0,1,0,1,0,1,0],[1,1,1,1,0,1,0,0,1,1]]"
4,340,-0.03247057047709908,0.03247057047709908,"[[1,1,0,0,1,0,1,0,1,0],[1,1,1,1,0,1,0,1,0,0]]"
4,341,-0.03214597454541105,0.03214597454541105,"[[1,1,0,0,1,0,1,0,1,0],[1,1,1,1,0,1,0,1,0,1]]"
4,342,-0.03472188655491891,0.03472188655491891,"[[1,1,0,0,1,0,1,0,1,0],[1,1,1,1,0,1,0,1,1,0]]"
4,343,-0.034369144484622846,0.034369144484622846,"[[1,1,0,0,1,0,1,0,1,0],[1,1,1,1,0,1,0,1,1,1]]"
4,344,-0.039247034227064825,0.039247034227064825,"[[1,1,0,0,1,0,1,0,1,0],[1,1,1,1,0,1,1,0,0,0]]"
4,345,-0.03884531098440053,0.03884531098440053,"[[1,1,0,0,1,0,1,0,1,0],[1,1,1,1,0,1,1,0,0,1]]"
4,346,-0.04158130248472336,0.04158130248472336,"[[1,1,0,0,1,0,1,0,1,0],[1,1,1,1,0,1,1,0,1,0]]"
4,347,-0.041186666495069434,0.041186666495069434,"[[1,1,0,0,1,0,1,0,1,0],[1,1,1,1,0,1,1,0,1,1]]"
4,348,-0.046440531828193604,0.046440531828193604,"[[1,1,0,0,1,0,1,0,1,0],[1,1,1,1,0,1,1,1,0,0]]"
4,349,-0.04557413068751062,0.04557413068751062,"[[1,1,0,0,1,0,1,0,1,0],[1,1,1,1,0,1,1,1,0,1]]"
4,350,-0.045900445745431534,0.045900445745431534,"[[1,1,0,0,1,0,1,0,1,0],[1,1,1,1,0,1,1,1,1,0]]"
4,351,-0.04473660149090227,0.04473660149090227,"[[1,1,0,0,1,0,1,0,1,0],[1,1,1,1,0,1,1,1,1,1]]"
4,352,-0.008760459663249698,0.008760459663249698,"[[1,1,0,0,1,0,1,0,1,1],[1,1,1,1,0,0,0,0,0,0]]"
4,353,-0.009052797819917446,0.009052797819917446,"[[1,1,0,0,1,0,1,0,1,1],[1,1,1,1,0,0,0,0,0,1]]"
4,354,-0.011283278023419763,0.011283278023419763,"[[1,1,0,0,1,0,1,0,1,1],[1,1,1,1,0,0,0,0,1,0]]"
4,355,-0.011630669028403968,0.011630669028403968,"[[1,1,0,0,1,0,1,0,1,1],[1,1,1,1,0,0,0,0,1,1]]"
4,356,-0.014443600979528142,0.014443600979528142,"[[1,1,0,0,1,0,1,0,1,1],[1,1,1,1,0,0,0,1,0,0]]"
4,357,-0.014595602274344175,0.014595602274344175,"[[1,1,0,0,1,0,1,0,1,1],[1,1,1,1,0,0,0,1,0,1]]"
4,358,-0.016883347472943906,0.016883347472943906,"[[1,1,0,0,1,0,1,0,1,1],[1,1,1,1,0,0,0,1,1,0]]"
4,359,-0.017297252618963133,0.017297252618963133,"[[1,1,0,0,1,0,1,0,1,1],[1,1,1,1,0,0,0,1,1,1]]"
4,360,-0.018741930411487064,0.018741930411487064,"[[1,1,0,0,1,0,1,0,1,1],[1,1,1,1,0,0,1,0,0,0]]"
4,361,-0.019270113692385137,0.019270113692385137,"[[1,1,0,0,1,0,1,0,1,1],[1,1,1,1,0,0,1,0,0,1]]"
4,362,-0.02140432499364351,0.02140432499364351,"[[1,1,0,0,1,0,1,0,1,1],[1,1,1,1,0,0,1,0,1,0]]"
4,363,-0.021971791333203726,0.021971791333203726,"[[1,1,0,0,1,0,1,0,1,1],[1,1,1,1,0,0,1,0,1,1]]"
4,364,-0.02599298983102521,0.02599298983102521,"[[1,1,0,0,1,0,1,0,1,1],[1,1,1,1,0,0,1,1,0,0]]"
4,365,-0.026399981516221197,0.026399981516221197,"[[1,1,0,0,1,0,1,0,1,1],[1,1,1,1,0,0,1,1,0,1]]"
4,366,-0.028501572804538883,0.028501572804538883,"[[1,1,0,0,1,0,1,0,1,1],[1,1,1,1,0,0,1,1,1,0]]"
4,367,-0.028565190281346343,0.028565190281346343,"[[1,1,0,0,1,0,1,0,1,1],[1,1,1,1,0,0,1,1,1,1]]"
4,368,-0.025008030398240847,0.025008030398240847,"[[1,1,0,0,1,0,1,0,1,1],[1,1,1,1,0,1,0,0,0,0]]"
4,369,-0.025212609423902455,0.025212609423902455,"[[1,1,0,0,1,0,1,0,1,1],[1,1,1,1,0,1,0,0,0,1]]"
4,370,-0.02771293448819351,0.02771293448819351,"[[1,1,0,0,1,0,1,0,1,1],[1,1,1,1,0,1,0,0,1,0]]"
4,371,-0.028194193900913867,0.028194193900913867,"[[1,1,0,0,1,0,1,0,1,1],[1,1,1,1,0,1,0,0,1,1]]"
4,372,-0.03203385664914812,0.03203385664914812,"[[1,1,0,0,1,0,1,0,1,1],[1,1,1,1,0,1,0,1,0,0]]"
4,373,-0.032222905347545135,0.032222905347545135,"[[1,1,0,0,1,0,1,0,1,1],[1,1,1,1,0,1,0,1,0,1]]"
4,374,-0.03493095323885875,0.03493095323885875,"[[1,1,0,0,1,0,1,0,1,1],[1,1,1,1,0,1,0,1,1,0]]"
4,375,-0.03491749489485651,0.03491749489485651,"[[1,1,0,0,1,0,1,0,1,1],[1,1,1,1,0,1,0,1,1,1]]"
4,376,-0.03889050637212074,0.03889050637212074,"[[1,1,0,0,1,0,1,0,1,1],[1,1,1,1,0,1,1,0,0,0]]"
4,377,-0.0391541879211003,0.0391541879211003,"[[1,1,0,0,1,0,1,0,1,1],[1,1,1,1,0,1,1,0,0,1]]"
4,378,-0.04161641489934656,0.04161641489934656,"[[1,1,0,0,1,0,1,0,1,1],[1,1,1,1,0,1,1,0,1,0]]"
4,379,-0.04171337358703881,0.04171337358703881,"[[1,1,0,0,1,0,1,0,1,1],[1,1,1,1,0,1,1,0,1,1]]"
4,380,-0.0462853190965153,0.0462853190965153,"[[1,1,0,0,1,0,1,0,1,1],[1,1,1,1,0,1,1,1,0,0]]"
4,381,-0.046295937157513206,0.046295937157513206,"[[1,1,0,0,1,0,1,0,1,1],[1,1,1,1,0,1,1,1,0,1]]"
4,382,-0.047683171397763645,0.047683171397763645,"[[1,1,0,0,1,0,1,0,1,1],[1,1,1,1,0,1,1,1,1,0]]"
4,383,-0.04609049883601744,0.04609049883601744,"[[1,1,0,0,1,0,1,0,1,1],[1,1,1,1,0,1,1,1,1,1]]"
4,384,-0.006486222520594933,0.006486222520594933,"[[1,1,0,0,1,0,1,1,0,0],[1,1,1,1,0,0,0,0,0,0]]"
4,385,-0.0066542701148417675,0.0066542701148417675,"[[1,1,0,0,1,0,1,1,0,0],[1,1,1,1,0,0,0,0,0,1]]"
4,386,-0.00798770453192998,0.00798770453192998,"[[1,1,0,0,1,0,1,1,0,0],[1,1,1,1,0,0,0,0,1,0]]"
4,387,-0.008474240396999585,0.008474240396999585,"[[1,1,0,0,1,0,1,1,0,0],[1,1,1,1,0,0,0,0,1,1]]"
4,388,-0.010919362063422526,0.010919362063422526,"[[1,1,0,0,1,0,1,1,0,0],[1,1,1,1,0,0,0,1,0,0]]"
4,389,-0.011297828995822982,0.011297828995822982,"[[1,1,0,0,1,0,1,1,0,0],[1,1,1,1,0,0,0,1,0,1]]"
4,390,-0.013022354193623471,0.013022354193623471,"[[1,1,0,0,1,0,1,1,0,0],[1,1,1,1,0,0,0,1,1,0]]"
4,391,-0.013433696223064782,0.013433696223064782,"[[1,1,0,0,1,0,1,1,0,0],[1,1,1,1,0,0,0,1,1,1]]"
4,392,-0.01586983465604745,0.01586983465604745,"[[1,1,0,0,1,0,1,1,0,0],[1,1,1,1,0,0,1,0,0,0]]"
4,393,-0.0162161950524649,0.0162161950524649,"[[1,1,0,0,1,0,1,1,0,0],[1,1,1,1,0,0,1,0,0,1]]"
4,394,-0.017498007698543018,0.017498007698543018,"[[1,1,0,0,1,0,1,1,0,0],[1,1,1,1,0,0,1,0,1,0]]"
4,395,-0.01791875082666571,0.01791875082666571,"[[1,1,0,0,1,0,1,1,0,0],[1,1,1,1,0,0,1,0,1,1]]"
4,396,-0.022050713813548145,0.022050713813548145,"[[1,1,0,0,1,0,1,1,0,0],[1,1,1,1,0,0,1,1,0,0]]"
4,397,-0.022684649759247586,0.022684649759247586,"[[1,1,0,0,1,0,1,1,0,0],[1,1,1,1,0,0,1,1,0,1]]"
4,398,-0.02426973889004211,0.02426973889004211,"[[1,1,0,0,1,0,1,1,0,0],[1,1,1,1,0,0,1,1,1,0]]"
4,399,-0.024407522400941916,0.024407522400941916,"[[1,1,0,0,1,0,1,1,0,0],[1,1,1,1,0,0,1,1,1,1]]"
4,400,-0.02103152156611419,0.02103152156611419,"[[1,1,0,0,1,0,1,1,0,0],[1,1,1,1,0,1,0,0,0,0]]"
4,401,-0.02137138014105866,0.02137138014105866,"[[1,1,0,0,1,0,1,1,0,0],[1,1,1,1,0,1,0,0,0,1]]"
4,402,-0.023212251130966463,0.023212251130966463,"[[1,1,0,0,1,0,1,1,0,0],[1,1,1,1,0,1,0,0,1,0]]"
4,403,-0.02374972033738061,0.02374972033738061,"[[1,1,0,0,1,0,1,1,0,0],[1,1,1,1,0,1,0,0,1,1]]"
4,404,-0.027250798065063617,0.027250798065063617,"[[1,1,0,0,1,0,1,1,0,0],[1,1,1,1,0,1,0,1,0,0]]"
4,405,-0.02785375675923642,0.02785375675923642,"[[1,1,0,0,1,0,1,1,0,0],[1,1,1,1,0,1,0,1,0,1]]"
4,406,-0.029960383451256175,0.029960383451256175,"[[1,1,0,0,1,0,1,1,0,0],[1,1,1,1,0,1,0,1,1,0]]"
4,407,-0.030408567832039254,0.030408567832039254,"[[1,1,0,0,1,0,1,1,0,0],[1,1,1,1,0,1,0,1,1,1]]"
4,408,-0.03496219241888828,0.03496219241888828,"[[1,1,0,0,1,0,1,1,0,0],[1,1,1,1,0,1,1,0,0,0]]"
4,409,-0.03540425911863132,0.03540425911863132,"[[1,1,0,0,1,0,1,1,0,0],[1,1,1,1,0,1,1,0,0,1]]"
4,410,-0.037453807797727806,0.037453807797727806,"[[1,1,0,0,1,0,1,1,0,0],[1,1,1,1,0,1,1,0,1,0]]"
4,411,-0.03776223649231144,0.03776223649231144,"[[1,1,0,0,1,0,1,1,0,0],[1,1,1,1,0,1,1,0,1,1]]"
4,412,-0.0425690400935205,0.0425690400935205,"[[1,1,0,0,1,0,1,1,0,0],[1,1,1,1,0,1,1,1,0,0]]"
4,413,-0.04300366649139123,0.04300366649139123,"[[1,1,0,0,1,0,1,1,0,0],[1,1,1,1,0,1,1,1,0,1]]"
4,414,-0.04401293373893982,0.04401293373893982,"[[1,1,0,0,1,0,1,1,0,0],[1,1,1,1,0,1,1,1,1,0]]"
4,415,-0.04343346163702825,0.04343346163702825,"[[1,1,0,0,1,0,1,1,0,0],[1,1,1,1,0,1,1,1,1,1]]"
4,416,-0.00598531237441646,0.00598531237441646,"[[1,1,0,0,1,0,1,1,0,1],[1,1,1,1,0,0,0,0,0,0]]"
4,417,-0.006299882301541922,0.006299882301541922,"[[1,1,0,0,1,0,1,1,0,1],[1,1,1,1,0,0,0,0,0,1]]"
4,418,-0.0077682807085168335,0.0077682807085168335,"[[1,1,0,0,1,0,1,1,0,1],[1,1,1,1,0,0,0,0,1,0]]"
4,419,-0.008434162664567736,0.008434162664567736,"[[1,1,0,0,1,0,1,1,0,1],[1,1,1,1,0,0,0,0,1,1]]"
4,420,-0.010755892273834748,0.010755892273834748,"[[1,1,0,0,1,0,1,1,0,1],[1,1,1,1,0,0,0,1,0,0]]"
4,421,-0.011298114069769681,0.011298114069769681,"[[1,1,0,0,1,0,1,1,0,1],[1,1,1,1,0,0,0,1,0,1]]"
4,422,-0.013077687625272207,0.013077687625272207,"[[1,1,0,0,1,0,1,1,0,1],[1,1,1,1,0,0,0,1,1,0]]"
4,423,-0.013540937248194957,0.013540937248194957,"[[1,1,0,0,1,0,1,1,0,1],[1,1,1,1,0,0,0,1,1,1]]"
4,424,-0.015350716302363166,0.015350716302363166,"[[1,1,0,0,1,0,1,1,0,1],[1,1,1,1,0,0,1,0,0,0]]"
4,425,-0.016001881461245013,0.016001881461245013,"[[1,1,0,0,1,0,1,1,0,1],[1,1,1,1,0,0,1,0,0,1]]"
4,426,-0.017625400111460944,0.017625400111460944,"[[1,1,0,0,1,0,1,1,0,1],[1,1,1,1,0,0,1,0,1,0]]"
4,427,-0.017966499861800565,0.017966499861800565,"[[1,1,0,0,1,0,1,1,0,1],[1,1,1,1,0,0,1,0,1,1]]"
4,428,-0.022026015746337727,0.022026015746337727,"[[1,1,0,0,1,0,1,1,0,1],[1,1,1,1,0,0,1,1,0,0]]"
4,429,-0.022532283550238993,0.022532283550238993,"[[1,1,0,0,1,0,1,1,0,1],[1,1,1,1,0,0,1,1,0,1]]"
4,430,-0.024711671655037085,0.024711671655037085,"[[1,1,0,0,1,0,1,1,0,1],[1,1,1,1,0,0,1,1,1,0]]"
4,431,-0.024840061103544836,0.024840061103544836,"[[1,1,0,0,1,0,1,1,0,1],[1,1,1,1,0,0,1,1,1,1]]"
4,432,-0.020470336015847735,0.020470336015847735,"[[1,1,0,0,1,0,1,1,0,1],[1,1,1,1,0,1,0,0,0,0]]"
4,433,-0.021161178777817567,0.021161178777817567,"[[1,1,0,0,1,0,1,1,0,1],[1,1,1,1,0,1,0,0,0,1]]"
4,434,-0.023180265261194623,0.023180265261194623,"[[1,1,0,0,1,0,1,1,0,1],[1,1,1,1,0,1,0,0,1,0]]"
4,435,-0.02369510311172097,0.02369510311172097,"[[1,1,0,0,1,0,1,1,0,1],[1,1,1,1,0,1,0,0,1,1]]"
4,436,-0.02737395172339961,0.02737395172339961,"[[1,1,0,0,1,0,1,1,0,1],[1,1,1,1,0,1,0,1,0,0]]"
4,437,-0.027997101701984682,0.027997101701984682,"[[1,1,0,0,1,0,1,1,0,1],[1,1,1,1,0,1,0,1,0,1]]"
4,438,-0.030100253058412175,0.030100253058412175,"[[1,1,0,0,1,0,1,1,0,1],[1,1,1,1,0,1,0,1,1,0]]"
4,439,-0.030619495757429904,0.030619495757429904,"[[1,1,0,0,1,0,1,1,0,1],[1,1,1,1,0,1,0,1,1,1]]"
4,440,-0.034394383878517926,0.034394383878517926,"[[1,1,0,0,1,0,1,1,0,1],[1,1,1,1,0,1,1,0,0,0]]"
4,441,-0.03509777639324886,0.03509777639324886,"[[1,1,0,0,1,0,1,1,0,1],[1,1,1,1,0,1,1,0,0,1]]"
4,442,-0.03762854771955952,0.03762854771955952,"[[1,1,0,0,1,0,1,1,0,1],[1,1,1,1,0,1,1,0,1,0]]"
4,443,-0.037761023154416214,0.037761023154416214,"[[1,1,0,0,1,0,1,1,0,1],[1,1,1,1,0,1,1,0,1,1]]"
4,444,-0.04308033263251804,0.04308033263251804,"[[1,1,0,0,1,0,1,1,0,1],[1,1,1,1,0,1,1,1,0,0]]"
4,445,-0.04318646516726104,0.04318646516726104,"[[1,1,0,0,1,0,1,1,0,1],[1,1,1,1,0,1,1,1,0,1]]"
4,446,-0.04457898685052762,0.04457898685052762,"[[1,1,0,0,1,0,1,1,0,1],[1,1,1,1,0,1,1,1,1,0]]"
4,447,-0.04389399867945446,0.04389399867945446,"[[1,1,0,0,1,0,1,1,0,1],[1,1,1,1,0,1,1,1,1,1]]"
4,448,-0.004588649206347452,0.004588649206347452,"[[1,1,0,0,1,0,1,1,1,0],[1,1,1,1,0,0,0,0,0,0]]"
4,449,-0.004597775476814774,0.004597775476814774,"[[1,1,0,0,1,0,1,1,1,0],[1,1,1,1,0,0,0,0,0,1]]"
4,450,-0.0057278522848768386,0.0057278522848768386,"[[1,1,0,0,1,0,1,1,1,0],[1,1,1,1,0,0,0,0,1,0]]"
4,451,-0.006057617044287338,0.006057617044287338,"[[1,1,0,0,1,0,1,1,1,0],[1,1,1,1,0,0,0,0,1,1]]"
4,452,-0.008584053863610884,0.008584053863610884,"[[1,1,0,0,1,0,1,1,1,0],[1,1,1,1,0,0,0,1,0,0]]"
4,453,-0.008698142236611667,0.008698142236611667,"[[1,1,0,0,1,0,1,1,1,0],[1,1,1,1,0,0,0,1,0,1]]"
4,454,-0.010933528157880103,0.010933528157880103,"[[1,1,0,0,1,0,1,1,1,0],[1,1,1,1,0,0,0,1,1,0]]"
4,455,-0.011107380948044063,0.011107380948044063,"[[1,1,0,0,1,0,1,1,1,0],[1,1,1,1,0,0,0,1,1,1]]"
4,456,-0.013067159835582544,0.013067159835582544,"[[1,1,0,0,1,0,1,1,1,0],[1,1,1,1,0,0,1,0,0,0]]"
4,457,-0.013324390251057522,0.013324390251057522,"[[1,1,0,0,1,0,1,1,1,0],[1,1,1,1,0,0,1,0,0,1]]"
4,458,-0.01530341801199413,0.01530341801199413,"[[1,1,0,0,1,0,1,1,1,0],[1,1,1,1,0,0,1,0,1,0]]"
4,459,-0.015694308942530117,0.015694308942530117,"[[1,1,0,0,1,0,1,1,1,0],[1,1,1,1,0,0,1,0,1,1]]"
4,460,-0.020285180333926754,0.020285180333926754,"[[1,1,0,0,1,0,1,1,1,0],[1,1,1,1,0,0,1,1,0,0]]"
4,461,-0.02022039952852268,0.02022039952852268,"[[1,1,0,0,1,0,1,1,1,0],[1,1,1,1,0,0,1,1,0,1]]"
4,462,-0.02280656834773828,0.02280656834773828,"[[1,1,0,0,1,0,1,1,1,0],[1,1,1,1,0,0,1,1,1,0]]"
4,463,-0.02327793408509127,0.02327793408509127,"[[1,1,0,0,1,0,1,1,1,0],[1,1,1,1,0,0,1,1,1,1]]"
4,464,-0.01797397724039872,0.01797397724039872,"[[1,1,0,0,1,0,1,1,1,0],[1,1,1,1,0,1,0,0,0,0]]"
4,465,-0.018100277585319284,0.018100277585319284,"[[1,1,0,0,1,0,1,1,1,0],[1,1,1,1,0,1,0,0,0,1]]"
4,466,-0.02041027935859089,0.02041027935859089,"[[1,1,0,0,1,0,1,1,1,0],[1,1,1,1,0,1,0,0,1,0]]"
4,467,-0.020867346705888464,0.020867346705888464,"[[1,1,0,0,1,0,1,1,1,0],[1,1,1,1,0,1,0,0,1,1]]"
4,468,-0.025325344800263515,0.025325344800263515,"[[1,1,0,0,1,0,1,1,1,0],[1,1,1,1,0,1,0,1,0,0]]"
4,469,-0.025216281588796154,0.025216281588796154,"[[1,1,0,0,1,0,1,1,1,0],[1,1,1,1,0,1,0,1,0,1]]"
4,470,-0.028017483994942024,0.028017483994942024,"[[1,1,0,0,1,0,1,1,1,0],[1,1,1,1,0,1,0,1,1,0]]"
4,471,-0.028378254632745067,0.028378254632745067,"[[1,1,0,0,1,0,1,1,1,0],[1,1,1,1,0,1,0,1,1,1]]"
4,472,-0.03205293473754789,0.03205293473754789,"[[1,1,0,0,1,0,1,1,1,0],[1,1,1,1,0,1,1,0,0,0]]"
4,473,-0.032521935028684466,0.032521935028684466,"[[1,1,0,0,1,0,1,1,1,0],[1,1,1,1,0,1,1,0,0,1]]"
4,474,-0.03476965921787194,0.03476965921787194,"[[1,1,0,0,1,0,1,1,1,0],[1,1,1,1,0,1,1,0,1,0]]"
4,475,-0.03532533394616232,0.03532533394616232,"[[1,1,0,0,1,0,1,1,1,0],[1,1,1,1,0,1,1,0,1,1]]"
4,476,-0.04138756190506255,0.04138756190506255,"[[1,1,0,0,1,0,1,1,1,0],[1,1,1,1,0,1,1,1,0,0]]"
4,477,-0.041405948555281444,0.041405948555281444,"[[1,1,0,0,1,0,1,1,1,0],[1,1,1,1,0,1,1,1,0,1]]"
4,478,-0.044058324366566266,0.044058324366566266,"[[1,1,0,0,1,0,1,1,1,0],[1,1,1,1,0,1,1,1,1,0]]"
4,479,-0.043887426003967674,0.043887426003967674,"[[1,1,0,0,1,0,1,1,1,0],[1,1,1,1,0,1,1,1,1,1]]"
4,480,-0.004102459112523914,0.004102459112523914,"[[1,1,0,0,1,0,1,1,1,1],[1,1,1,1,0,0,0,0,0,0]]"
4,481,-0.004223125887456052,0.004223125887456052,"[[1,1,0,0,1,0,1,1,1,1],[1,1,1,1,0,0,0,0,0,1]]"
4,482,-0.005408621093846528,0.005408621093846528,"[[1,1,0,0,1,0,1,1,1,1],[1,1,1,1,0,0,0,0,1,0]]"
4,483,-0.005748443877215562,0.005748443877215562,"[[1,1,0,0,1,0,1,1,1,1],[1,1,1,1,0,0,0,0,1,1]]"
4,484,-0.008004293994552152,0.008004293994552152,"[[1,1,0,0,1,0,1,1,1,1],[1,1,1,1,0,0,0,1,0,0]]"
4,485,-0.008367845825470671,0.008367845825470671,"[[1,1,0,0,1,0,1,1,1,1],[1,1,1,1,0,0,0,1,0,1]]"
4,486,-0.010504036258723362,0.010504036258723362,"[[1,1,0,0,1,0,1,1,1,1],[1,1,1,1,0,0,0,1,1,0]]"
4,487,-0.01118348655825799,0.01118348655825799,"[[1,1,0,0,1,0,1,1,1,1],[1,1,1,1,0,0,0,1,1,1]]"
4,488,-0.012264517371273133,0.012264517371273133,"[[1,1,0,0,1,0,1,1,1,1],[1,1,1,1,0,0,1,0,0,0]]"
4,489,-0.012685228364115059,0.012685228364115059,"[[1,1,0,0,1,0,1,1,1,1],[1,1,1,1,0,0,1,0,0,1]]"
4,490,-0.014942255914998419,0.014942255914998419,"[[1,1,0,0,1,0,1,1,1,1],[1,1,1,1,0,0,1,0,1,0]]"
4,491,-0.015607106738271355,0.015607106738271355,"[[1,1,0,0,1,0,1,1,1,1],[1,1,1,1,0,0,1,0,1,1]]"
4,492,-0.019868505066742224,0.019868505066742224,"[[1,1,0,0,1,0,1,1,1,1],[1,1,1,1,0,0,1,1,0,0]]"
4,493,-0.020252574978176986,0.020252574978176986,"[[1,1,0,0,1,0,1,1,1,1],[1,1,1,1,0,0,1,1,0,1]]"
4,494,-0.022671540513942223,0.022671540513942223,"[[1,1,0,0,1,0,1,1,1,1],[1,1,1,1,0,0,1,1,1,0]]"
4,495,-0.023424741610414385,0.023424741610414385,"[[1,1,0,0,1,0,1,1,1,1],[1,1,1,1,0,0,1,1,1,1]]"
4,496,-0.01711025439403338,0.01711025439403338,"[[1,1,0,0,1,0,1,1,1,1],[1,1,1,1,0,1,0,0,0,0]]"
4,497,-0.0175417492175698,0.0175417492175698,"[[1,1,0,0,1,0,1,1,1,1],[1,1,1,1,0,1,0,0,0,1]]"
4,498,-0.019716706492865697,0.019716706492865697,"[[1,1,0,0,1,0,1,1,1,1],[1,1,1,1,0,1,0,0,1,0]]"
4,499,-0.02056967324343827,0.02056967324343827,"[[1,1,0,0,1,0,1,1,1,1],[1,1,1,1,0,1,0,0,1,1]]"
4,500,-0.024650574945564926,0.024650574945564926,"[[1,1,0,0,1,0,1,1,1,1],[1,1,1,1,0,1,0,1,0,0]]"
4,501,-0.025034184393917323,0.025034184393917323,"[[1,1,0,0,1,0,1,1,1,1],[1,1,1,1,0,1,0,1,0,1]]"
4,502,-0.027746378538788447,0.027746378538788447,"[[1,1,0,0,1,0,1,1,1,1],[1,1,1,1,0,1,0,1,1,0]]"
4,503,-0.028522673911337226,0.028522673911337226,"[[1,1,0,0,1,0,1,1,1,1],[1,1,1,1,0,1,0,1,1,1]]"
4,504,-0.0307966214188384,0.0307966214188384,"[[1,1,0,0,1,0,1,1,1,1],[1,1,1,1,0,1,1,0,0,0]]"
4,505,-0.031771575069551215,0.031771575069551215,"[[1,1,0,0,1,0,1,1,1,1],[1,1,1,1,0,1,1,0,0,1]]"
4,506,-0.03423735087541638,0.03423735087541638,"[[1,1,0,0,1,0,1,1,1,1],[1,1,1,1,0,1,1,0,1,0]]"
4,507,-0.03500398126559465,0.03500398126559465,"[[1,1,0,0,1,0,1,1,1,1],[1,1,1,1,0,1,1,0,1,1]]"
4,508,-0.040673864847479625,0.040673864847479625,"[[1,1,0,0,1,0,1,1,1,1],[1,1,1,1,0,1,1,1,0,0]]"
4,509,-0.041213587123516186,0.041213587123516186,"[[1,1,0,0,1,0,1,1,1,1],[1,1,1,1,0,1,1,1,0,1]]"
4,510,-0.044080148673733346,0.044080148673733346,"[[1,1,0,0,1,0,1,1,1,1],[1,1,1,1,0,1,1,1,1,0]]"
4,511,-0.04434148824909823,0.04434148824909823,"[[1,1,0,0,1,0,1,1,1,1],[1,1,1,1,0,1,1,1,1,1]]"
4,512,-0.008048762511029569,0.008048762511029569,"[[1,1,0,0,1,1,0,0,0,0],[1,1,1,1,0,0,0,0,0,0]]"
4,513,-0.00792325189346373,0.00792325189346373,"[[1,1,0,0,1,1,0,0,0,0],[1,1,1,1,0,0,0,0,0,1]]"
4,514,-0.009123175788120597,0.009123175788120597,"[[1,1,0,0,1,1,0,0,0,0],[1,1,1,1,0,0,0,0,1,0]]"
4,515,-0.009383958851805867,0.009383958851805867,"[[1,1,0,0,1,1,0,0,0,0],[1,1,1,1,0,0,0,0,1,1]]"
4,516,-0.011942842528603052,0.011942842528603052,"[[1,1,0,0,1,1,0,0,0,0],[1,1,1,1,0,0,0,1,0,0]]"
4,517,-0.012287414607135047,0.012287414607135047,"[[1,1,0,0,1,1,0,0,0,0],[1,1,1,1,0,0,0,1,0,1]]"
4,518,-0.013200667692593576,0.013200667692593576,"[[1,1,0,0,1,1,0,0,0,0],[1,1,1,1,0,0,0,1,1,0]]"
4,519,-0.013179696439601324,0.013179696439601324,"[[1,1,0,0,1,1,0,0,0,0],[1,1,1,1,0,0,0,1,1,1]]"
4,520,-0.01535399354654166,0.01535399354654166,"[[1,1,0,0,1,1,0,0,0,0],[1,1,1,1,0,0,1,0,0,0]]"
4,521,-0.015701253416326923,0.015701253416326923,"[[1,1,0,0,1,1,0,0,0,0],[1,1,1,1,0,0,1,0,0,1]]"
4,522,-0.01713910487998323,0.01713910487998323,"[[1,1,0,0,1,1,0,0,0,0],[1,1,1,1,0,0,1,0,1,0]]"
4,523,-0.017292455500063163,0.017292455500063163,"[[1,1,0,0,1,1,0,0,0,0],[1,1,1,1,0,0,1,0,1,1]]"
4,524,-0.02036359808394972,0.02036359808394972,"[[1,1,0,0,1,1,0,0,0,0],[1,1,1,1,0,0,1,1,0,0]]"
4,525,-0.020583289557833232,0.020583289557833232,"[[1,1,0,0,1,1,0,0,0,0],[1,1,1,1,0,0,1,1,0,1]]"
4,526,-0.021320231387962713,0.021320231387962713,"[[1,1,0,0,1,1,0,0,0,0],[1,1,1,1,0,0,1,1,1,0]]"
4,527,-0.020452559768952258,0.020452559768952258,"[[1,1,0,0,1,1,0,0,0,0],[1,1,1,1,0,0,1,1,1,1]]"
4,528,-0.020114836489080218,0.020114836489080218,"[[1,1,0,0,1,1,0,0,0,0],[1,1,1,1,0,1,0,0,0,0]]"
4,529,-0.0202198629654451,0.0202198629654451,"[[1,1,0,0,1,1,0,0,0,0],[1,1,1,1,0,1,0,0,0,1]]"
4,530,-0.021963111097010723,0.021963111097010723,"[[1,1,0,0,1,1,0,0,0,0],[1,1,1,1,0,1,0,0,1,0]]"
4,531,-0.022204867781465226,0.022204867781465226,"[[1,1,0,0,1,1,0,0,0,0],[1,1,1,1,0,1,0,0,1,1]]"
4,532,-0.02525264737138741,0.02525264737138741,"[[1,1,0,0,1,1,0,0,0,0],[1,1,1,1,0,1,0,1,0,0]]"
4,533,-0.025514844897170028,0.025514844897170028,"[[1,1,0,0,1,1,0,0,0,0],[1,1,1,1,0,1,0,1,0,1]]"
4,534,-0.026518073183244856,0.026518073183244856,"[[1,1,0,0,1,1,0,0,0,0],[1,1,1,1,0,1,0,1,1,0]]"
4,535,-0.02598481370511795,0.02598481370511795,"[[1,1,0,0,1,1,0,0,0,0],[1,1,1,1,0,1,0,1,1,1]]"
4,536,-0.031238402585906332,0.031238402585906332,"[[1,1,0,0,1,1,0,0,0,0],[1,1,1,1,0,1,1,0,0,0]]"
4,537,-0.03139143401477304,0.03139143401477304,"[[1,1,0,0,1,1,0,0,0,0],[1,1,1,1,0,1,1,0,0,1]]"
4,538,-0.03298619807453225,0.03298619807453225,"[[1,1,0,0,1,1,0,0,0,0],[1,1,1,1,0,1,1,0,1,0]]"
4,539,-0.032764409073719684,0.032764409073719684,"[[1,1,0,0,1,1,0,0,0,0],[1,1,1,1,0,1,1,0,1,1]]"
4,540,-0.0350017628726446,0.0350017628726446,"[[1,1,0,0,1,1,0,0,0,0],[1,1,1,1,0,1,1,1,0,0]]"
4,541,-0.034375235808868275,0.034375235808868275,"[[1,1,0,0,1,1,0,0,0,0],[1,1,1,1,0,1,1,1,0,1]]"
4,542,-0.034668120043266526,0.034668120043266526,"[[1,1,0,0,1,1,0,0,0,0],[1,1,1,1,0,1,1,1,1,0]]"
4,543,-0.03203813225201585,0.03203813225201585,"[[1,1,0,0,1,1,0,0,0,0],[1,1,1,1,0,1,1,1,1,1]]"
4,544,-0.00782077751713815,0.00782077751713815,"[[1,1,0,0,1,1,0,0,0,1],[1,1,1,1,0,0,0,0,0,0]]"
4,545,-0.00801486534031848,0.00801486534031848,"[[1,1,0,0,1,1,0,0,0,1],[1,1,1,1,0,0,0,0,0,1]]"
4,546,-0.00930168815776706,0.00930168815776706,"[[1,1,0,0,1,1,0,0,0,1],[1,1,1,1,0,0,0,0,1,0]]"
4,547,-0.009562525831141495,0.009562525831141495,"[[1,1,0,0,1,1,0,0,0,1],[1,1,1,1,0,0,0,0,1,1]]"
4,548,-0.011985515588734823,0.011985515588734823,"[[1,1,0,0,1,1,0,0,0,1],[1,1,1,1,0,0,0,1,0,0]]"
4,549,-0.012324330751564782,0.012324330751564782,"[[1,1,0,0,1,1,0,0,0,1],[1,1,1,1,0,0,0,1,0,1]]"
4,550,-0.013610560027011515,0.013610560027011515,"[[1,1,0,0,1,1,0,0,0,1],[1,1,1,1,0,0,0,1,1,0]]"
4,551,-0.013711469583186942,0.013711469583186942,"[[1,1,0,0,1,1,0,0,0,1],[1,1,1,1,0,0,0,1,1,1]]"
4,552,-0.015386920486219091,0.015386920486219091,"[[1,1,0,0,1,1,0,0,0,1],[1,1,1,1,0,0,1,0,0,0]]"
4,553,-0.01587492126381737,0.01587492126381737,"[[1,1,0,0,1,1,0,0,0,1],[1,1,1,1,0,0,1,0,0,1]]"
4,554,-0.017493769676824245,0.017493769676824245,"[[1,1,0,0,1,1,0,0,0,1],[1,1,1,1,0,0,1,0,1,0]]"
4,555,-0.017619080715816453,0.017619080715816453,"[[1,1,0,0,1,1,0,0,0,1],[1,1,1,1,0,0,1,0,1,1]]"
4,556,-0.02093348379468368,0.02093348379468368,"[[1,1,0,0,1,1,0,0,0,1],[1,1,1,1,0,0,1,1,0,0]]"
4,557,-0.02109818978606476,0.02109818978606476,"[[1,1,0,0,1,1,0,0,0,1],[1,1,1,1,0,0,1,1,0,1]]"
4,558,-0.021945227148101442,0.021945227148101442,"[[1,1,0,0,1,1,0,0,0,1],[1,1,1,1,0,0,1,1,1,0]]"
4,559,-0.021488789464364003,0.021488789464364003,"[[1,1,0,0,1,1,0,0,0,1],[1,1,1,1,0,0,1,1,1,1]]"
4,560,-0.020096950498520224,0.020096950498520224,"[[1,1,0,0,1,1,0,0,0,1],[1,1,1,1,0,1,0,0,0,0]]"
4,561,-0.020379014037409174,0.020379014037409174,"[[1,1,0,0,1,1,0,0,0,1],[1,1,1,1,0,1,0,0,0,1]]"
4,562,-0.022018032788241194,0.022018032788241194,"[[1,1,0,0,1,1,0,0,0,1],[1,1,1,1,0,1,0,0,1,0]]"
4,563,-0.022457117927720174,0.022457117927720174,"[[1,1,0,0,1,1,0,0,0,1],[1,1,1,1,0,1,0,0,1,1]]"
4,564,-0.025698517222687296,0.025698517222687296,"[[1,1,0,0,1,1,0,0,0,1],[1,1,1,1,0,1,0,1,0,0]]"
4,565,-0.025914263863300008,0.025914263863300008,"[[1,1,0,0,1,1,0,0,0,1],[1,1,1,1,0,1,0,1,0,1]]"
4,566,-0.026824476814727116,0.026824476814727116,"[[1,1,0,0,1,1,0,0,0,1],[1,1,1,1,0,1,0,1,1,0]]"
4,567,-0.02675989062171026,0.02675989062171026,"[[1,1,0,0,1,1,0,0,0,1],[1,1,1,1,0,1,0,1,1,1]]"
4,568,-0.03145341069954438,0.03145341069954438,"[[1,1,0,0,1,1,0,0,0,1],[1,1,1,1,0,1,1,0,0,0]]"
4,569,-0.031874084553445155,0.031874084553445155,"[[1,1,0,0,1,1,0,0,0,1],[1,1,1,1,0,1,1,0,0,1]]"
4,570,-0.0334981001755788,0.0334981001755788,"[[1,1,0,0,1,1,0,0,0,1],[1,1,1,1,0,1,1,0,1,0]]"
4,571,-0.03325742386956584,0.03325742386956584,"[[1,1,0,0,1,1,0,0,0,1],[1,1,1,1,0,1,1,0,1,1]]"
4,572,-0.03601489685866763,0.03601489685866763,"[[1,1,0,0,1,1,0,0,0,1],[1,1,1,1,0,1,1,1,0,0]]"
4,573,-0.03556167718764723,0.03556167718764723,"[[1,1,0,0,1,1,0,0,0,1],[1,1,1,1,0,1,1,1,0,1]]"
4,574,-0.03568273570188751,0.03568273570188751,"[[1,1,0,0,1,1,0,0,0,1],[1,1,1,1,0,1,1,1,1,0]]"
4,575,-0.03418158633442329,0.03418158633442329,"[[1,1,0,0,1,1,0,0,0,1],[1,1,1,1,0,1,1,1,1,1]]"
4,576,-0.006211707892377611,0.006211707892377611,"[[1,1,0,0,1,1,0,0,1,0],[1,1,1,1,0,0,0,0,0,0]]"
4,577,-0.006249468645117823,0.006249468645117823,"[[1,1,0,0,1,1,0,0,1,0],[1,1,1,1,0,0,0,0,0,1]]"
4,578,-0.007753223165368167,0.007753223165368167,"[[1,1,0,0,1,1,0,0,1,0],[1,1,1,1,0,0,0,0,1,0]]"
4,579,-0.007916391472406014,0.007916391472406014,"[[1,1,0,0,1,1,0,0,1,0],[1,1,1,1,0,0,0,0,1,1]]"
4,580,-0.01068887396811131,0.01068887396811131,"[[1,1,0,0,1,1,0,0,1,0],[1,1,1,1,0,0,0,1,0,0]]"
4,581,-0.010722279544357796,0.010722279544357796,"[[1,1,0,0,1,1,0,0,1,0],[1,1,1,1,0,0,0,1,0,1]]"
4,582,-0.012676765788650426,0.012676765788650426,"[[1,1,0,0,1,1,0,0,1,0],[1,1,1,1,0,0,0,1,1,0]]"
4,583,-0.01282184674733716,0.01282184674733716,"[[1,1,0,0,1,1,0,0,1,0],[1,1,1,1,0,0,0,1,1,1]]"
4,584,-0.01381974836818705,0.01381974836818705,"[[1,1,0,0,1,1,0,0,1,0],[1,1,1,1,0,0,1,0,0,0]]"
4,585,-0.013950343717865455,0.013950343717865455,"[[1,1,0,0,1,1,0,0,1,0],[1,1,1,1,0,0,1,0,0,1]]"
4,586,-0.015825789471810448,0.015825789471810448,"[[1,1,0,0,1,1,0,0,1,0],[1,1,1,1,0,0,1,0,1,0]]"
4,587,-0.016343207254030694,0.016343207254030694,"[[1,1,0,0,1,1,0,0,1,0],[1,1,1,1,0,0,1,0,1,1]]"
4,588,-0.019546096834087007,0.019546096834087007,"[[1,1,0,0,1,1,0,0,1,0],[1,1,1,1,0,0,1,1,0,0]]"
4,589,-0.020072451271983267,0.020072451271983267,"[[1,1,0,0,1,1,0,0,1,0],[1,1,1,1,0,0,1,1,0,1]]"
4,590,-0.021715812273435817,0.021715812273435817,"[[1,1,0,0,1,1,0,0,1,0],[1,1,1,1,0,0,1,1,1,0]]"
4,591,-0.021632236952773946,0.021632236952773946,"[[1,1,0,0,1,1,0,0,1,0],[1,1,1,1,0,0,1,1,1,1]]"
4,592,-0.01814499917221764,0.01814499917221764,"[[1,1,0,0,1,1,0,0,1,0],[1,1,1,1,0,1,0,0,0,0]]"
4,593,-0.017933582668654205,0.017933582668654205,"[[1,1,0,0,1,1,0,0,1,0],[1,1,1,1,0,1,0,0,0,1]]"
4,594,-0.020258784671745703,0.020258784671745703,"[[1,1,0,0,1,1,0,0,1,0],[1,1,1,1,0,1,0,0,1,0]]"
4,595,-0.020722904298629673,0.020722904298629673,"[[1,1,0,0,1,1,0,0,1,0],[1,1,1,1,0,1,0,0,1,1]]"
4,596,-0.024644511098845846,0.024644511098845846,"[[1,1,0,0,1,1,0,0,1,0],[1,1,1,1,0,1,0,1,0,0]]"
4,597,-0.024866560691729843,0.024866560691729843,"[[1,1,0,0,1,1,0,0,1,0],[1,1,1,1,0,1,0,1,0,1]]"
4,598,-0.02643256557217182,0.02643256557217182,"[[1,1,0,0,1,1,0,0,1,0],[1,1,1,1,0,1,0,1,1,0]]"
4,599,-0.02627191452876448,0.02627191452876448,"[[1,1,0,0,1,1,0,0,1,0],[1,1,1,1,0,1,0,1,1,1]]"
4,600,-0.030359106769247992,0.030359106769247992,"[[1,1,0,0,1,1,0,0,1,0],[1,1,1,1,0,1,1,0,0,0]]"
4,601,-0.030237676262938846,0.030237676262938846,"[[1,1,0,0,1,1,0,0,1,0],[1,1,1,1,0,1,1,0,0,1]]"
4,602,-0.03230536051732451,0.03230536051732451,"[[1,1,0,0,1,1,0,0,1,0],[1,1,1,1,0,1,1,0,1,0]]"
4,603,-0.032186057754693215,0.032186057754693215,"[[1,1,0,0,1,1,0,0,1,0],[1,1,1,1,0,1,1,0,1,1]]"
4,604,-0.0360009877373986,0.0360009877373986,"[[1,1,0,0,1,1,0,0,1,0],[1,1,1,1,0,1,1,1,0,0]]"
4,605,-0.03592596861886797,0.03592596861886797,"[[1,1,0,0,1,1,0,0,1,0],[1,1,1,1,0,1,1,1,0,1]]"
4,606,-0.036791375496088345,0.036791375496088345,"[[1,1,0,0,1,1,0,0,1,0],[1,1,1,1,0,1,1,1,1,0]]"
4,607,-0.03598972196367811,0.03598972196367811,"[[1,1,0,0,1,1,0,0,1,0],[1,1,1,1,0,1,1,1,1,1]]"
4,608,-0.005817790876481017,0.005817790876481017,"[[1,1,0,0,1,1,0,0,1,1],[1,1,1,1,0,0,0,0,0,0]]"
4,609,-0.006215918885656868,0.006215918885656868,"[[1,1,0,0,1,1,0,0,1,1],[1,1,1,1,0,0,0,0,0,1]]"
4,610,-0.007696999167676973,0.007696999167676973,"[[1,1,0,0,1,1,0,0,1,1],[1,1,1,1,0,0,0,0,1,0]]"
4,611,-0.008046248537764276,0.008046248537764276,"[[1,1,0,0,1,1,0,0,1,1],[1,1,1,1,0,0,0,0,1,1]]"
4,612,-0.010404027215982698,0.010404027215982698,"[[1,1,0,0,1,1,0,0,1,1],[1,1,1,1,0,0,0,1,0,0]]"
4,613,-0.010857323403790855,0.010857323403790855,"[[1,1,0,0,1,1,0,0,1,1],[1,1,1,1,0,0,0,1,0,1]]"
4,614,-0.012675788169254005,0.012675788169254005,"[[1,1,0,0,1,1,0,0,1,1],[1,1,1,1,0,0,0,1,1,0]]"
4,615,-0.013121446681734032,0.013121446681734032,"[[1,1,0,0,1,1,0,0,1,1],[1,1,1,1,0,0,0,1,1,1]]"
4,616,-0.013540488324817803,0.013540488324817803,"[[1,1,0,0,1,1,0,0,1,1],[1,1,1,1,0,0,1,0,0,0]]"
4,617,-0.014046485422905325,0.014046485422905325,"[[1,1,0,0,1,1,0,0,1,1],[1,1,1,1,0,0,1,0,0,1]]"
4,618,-0.015555326628345632,0.015555326628345632,"[[1,1,0,0,1,1,0,0,1,1],[1,1,1,1,0,0,1,0,1,0]]"
4,619,-0.01628635783465952,0.01628635783465952,"[[1,1,0,0,1,1,0,0,1,1],[1,1,1,1,0,0,1,0,1,1]]"
4,620,-0.01906324958586361,0.01906324958586361,"[[1,1,0,0,1,1,0,0,1,1],[1,1,1,1,0,0,1,1,0,0]]"
4,621,-0.019960026635830835,0.019960026635830835,"[[1,1,0,0,1,1,0,0,1,1],[1,1,1,1,0,0,1,1,0,1]]"
4,622,-0.02192585870876608,0.02192585870876608,"[[1,1,0,0,1,1,0,0,1,1],[1,1,1,1,0,0,1,1,1,0]]"
4,623,-0.022199805296610857,0.022199805296610857,"[[1,1,0,0,1,1,0,0,1,1],[1,1,1,1,0,0,1,1,1,1]]"
4,624,-0.017794562395894987,0.017794562395894987,"[[1,1,0,0,1,1,0,0,1,1],[1,1,1,1,0,1,0,0,0,0]]"
4,625,-0.01819743847821749,0.01819743847821749,"[[1,1,0,0,1,1,0,0,1,1],[1,1,1,1,0,1,0,0,0,1]]"
4,626,-0.020093632297924297,0.020093632297924297,"[[1,1,0,0,1,1,0,0,1,1],[1,1,1,1,0,1,0,0,1,0]]"
4,627,-0.0207197914734276,0.0207197914734276,"[[1,1,0,0,1,1,0,0,1,1],[1,1,1,1,0,1,0,0,1,1]]"
4,628,-0.02414039403406781,0.02414039403406781,"[[1,1,0,0,1,1,0,0,1,1],[1,1,1,1,0,1,0,1,0,0]]"
4,629,-0.024807070651288878,0.024807070651288878,"[[1,1,0,0,1,1,0,0,1,1],[1,1,1,1,0,1,0,1,0,1]]"
4,630,-0.02657349490555542,0.02657349490555542,"[[1,1,0,0,1,1,0,0,1,1],[1,1,1,1,0,1,0,1,1,0]]"
4,631,-0.026821188110486026,0.026821188110486026,"[[1,1,0,0,1,1,0,0,1,1],[1,1,1,1,0,1,0,1,1,1]]"
4,632,-0.029816604323705687,0.029816604323705687,"[[1,1,0,0,1,1,0,0,1,1],[1,1,1,1,0,1,1,0,0,0]]"
4,633,-0.030385658144214078,0.030385658144214078,"[[1,1,0,0,1,1,0,0,1,1],[1,1,1,1,0,1,1,0,0,1]]"
4,634,-0.032255031648367447,0.032255031648367447,"[[1,1,0,0,1,1,0,0,1,1],[1,1,1,1,0,1,1,0,1,0]]"
4,635,-0.032611074954264636,0.032611074954264636,"[[1,1,0,0,1,1,0,0,1,1],[1,1,1,1,0,1,1,0,1,1]]"
4,636,-0.03567713995867722,0.03567713995867722,"[[1,1,0,0,1,1,0,0,1,1],[1,1,1,1,0,1,1,1,0,0]]"
4,637,-0.0362919874278769,0.0362919874278769,"[[1,1,0,0,1,1,0,0,1,1],[1,1,1,1,0,1,1,1,0,1]]"
4,638,-0.03747242152686073,0.03747242152686073,"[[1,1,0,0,1,1,0,0,1,1],[1,1,1,1,0,1,1,1,1,0]]"
4,639,-0.036925792337862584,0.036925792337862584,"[[1,1,0,0,1,1,0,0,1,1],[1,1,1,1,0,1,1,1,1,1]]"
4,640,-0.004124940162306689,0.004124940162306689,"[[1,1,0,0,1,1,0,1,0,0],[1,1,1,1,0,0,0,0,0,0]]"
4,641,-0.004243054471989464,0.004243054471989464,"[[1,1,0,0,1,1,0,1,0,0],[1,1,1,1,0,0,0,0,0,1]]"
4,642,-0.00523125247314436,0.00523125247314436,"[[1,1,0,0,1,1,0,1,0,0],[1,1,1,1,0,0,0,0,1,0]]"
4,643,-0.005495018791283027,0.005495018791283027,"[[1,1,0,0,1,1,0,1,0,0],[1,1,1,1,0,0,0,0,1,1]]"
4,644,-0.00813976648947024,0.00813976648947024,"[[1,1,0,0,1,1,0,1,0,0],[1,1,1,1,0,0,0,1,0,0]]"
4,645,-0.008318000601569547,0.008318000601569547,"[[1,1,0,0,1,1,0,1,0,0],[1,1,1,1,0,0,0,1,0,1]]"
4,646,-0.009362842552797167,0.009362842552797167,"[[1,1,0,0,1,1,0,1,0,0],[1,1,1,1,0,0,0,1,1,0]]"
4,647,-0.009634299949698394,0.009634299949698394,"[[1,1,0,0,1,1,0,1,0,0],[1,1,1,1,0,0,0,1,1,1]]"
4,648,-0.01155093602735527,0.01155093602735527,"[[1,1,0,0,1,1,0,1,0,0],[1,1,1,1,0,0,1,0,0,0]]"
4,649,-0.011725164042146432,0.011725164042146432,"[[1,1,0,0,1,1,0,1,0,0],[1,1,1,1,0,0,1,0,0,1]]"
4,650,-0.012976417436773214,0.012976417436773214,"[[1,1,0,0,1,1,0,1,0,0],[1,1,1,1,0,0,1,0,1,0]]"
4,651,-0.013246270599027549,0.013246270599027549,"[[1,1,0,0,1,1,0,1,0,0],[1,1,1,1,0,0,1,0,1,1]]"
4,652,-0.017105840503248582,0.017105840503248582,"[[1,1,0,0,1,1,0,1,0,0],[1,1,1,1,0,0,1,1,0,0]]"
4,653,-0.017627724197820455,0.017627724197820455,"[[1,1,0,0,1,1,0,1,0,0],[1,1,1,1,0,0,1,1,0,1]]"
4,654,-0.018729647788718953,0.018729647788718953,"[[1,1,0,0,1,1,0,1,0,0],[1,1,1,1,0,0,1,1,1,0]]"
4,655,-0.018692389475468526,0.018692389475468526,"[[1,1,0,0,1,1,0,1,0,0],[1,1,1,1,0,0,1,1,1,1]]"
4,656,-0.015307527018009907,0.015307527018009907,"[[1,1,0,0,1,1,0,1,0,0],[1,1,1,1,0,1,0,0,0,0]]"
4,657,-0.015537484464335337,0.015537484464335337,"[[1,1,0,0,1,1,0,1,0,0],[1,1,1,1,0,1,0,0,0,1]]"
4,658,-0.016964732626293028,0.016964732626293028,"[[1,1,0,0,1,1,0,1,0,0],[1,1,1,1,0,1,0,0,1,0]]"
4,659,-0.0173828235331083,0.0173828235331083,"[[1,1,0,0,1,1,0,1,0,0],[1,1,1,1,0,1,0,0,1,1]]"
4,660,-0.02101888543822127,0.02101888543822127,"[[1,1,0,0,1,1,0,1,0,0],[1,1,1,1,0,1,0,1,0,0]]"
4,661,-0.02156189402921023,0.02156189402921023,"[[1,1,0,0,1,1,0,1,0,0],[1,1,1,1,0,1,0,1,0,1]]"
4,662,-0.023169412709208134,0.023169412709208134,"[[1,1,0,0,1,1,0,1,0,0],[1,1,1,1,0,1,0,1,1,0]]"
4,663,-0.02340986760487835,0.02340986760487835,"[[1,1,0,0,1,1,0,1,0,0],[1,1,1,1,0,1,0,1,1,1]]"
4,664,-0.02728596393933017,0.02728596393933017,"[[1,1,0,0,1,1,0,1,0,0],[1,1,1,1,0,1,1,0,0,0]]"
4,665,-0.027783328920418522,0.027783328920418522,"[[1,1,0,0,1,1,0,1,0,0],[1,1,1,1,0,1,1,0,0,1]]"
4,666,-0.029240023927634945,0.029240023927634945,"[[1,1,0,0,1,1,0,1,0,0],[1,1,1,1,0,1,1,0,1,0]]"
4,667,-0.029608776276312154,0.029608776276312154,"[[1,1,0,0,1,1,0,1,0,0],[1,1,1,1,0,1,1,0,1,1]]"
4,668,-0.0340223281273016,0.0340223281273016,"[[1,1,0,0,1,1,0,1,0,0],[1,1,1,1,0,1,1,1,0,0]]"
4,669,-0.03444004842376446,0.03444004842376446,"[[1,1,0,0,1,1,0,1,0,0],[1,1,1,1,0,1,1,1,0,1]]"
4,670,-0.035406738828579545,0.035406738828579545,"[[1,1,0,0,1,1,0,1,0,0],[1,1,1,1,0,1,1,1,1,0]]"
4,671,-0.03469675516307368,0.03469675516307368,"[[1,1,0,0,1,1,0,1,0,0],[1,1,1,1,0,1,1,1,1,1]]"
4,672,-0.003798363339578987,0.003798363339578987,"[[1,1,0,0,1,1,0,1,0,1],[1,1,1,1,0,0,0,0,0,0]]"
4,673,-0.004109639416489019,0.004109639416489019,"[[1,1,0,0,1,1,0,1,0,1],[1,1,1,1,0,0,0,0,0,1]]"
4,674,-0.00525330073995681,0.00525330073995681,"[[1,1,0,0,1,1,0,1,0,1],[1,1,1,1,0,0,0,0,1,0]]"
4,675,-0.0055685228815173585,0.0055685228815173585,"[[1,1,0,0,1,1,0,1,0,1],[1,1,1,1,0,0,0,0,1,1]]"
4,676,-0.008053296480542286,0.008053296480542286,"[[1,1,0,0,1,1,0,1,0,1],[1,1,1,1,0,0,0,1,0,0]]"
4,677,-0.008387492382859858,0.008387492382859858,"[[1,1,0,0,1,1,0,1,0,1],[1,1,1,1,0,0,0,1,0,1]]"
4,678,-0.009582825561347963,0.009582825561347963,"[[1,1,0,0,1,1,0,1,0,1],[1,1,1,1,0,0,0,1,1,0]]"
4,679,-0.009750960746983226,0.009750960746983226,"[[1,1,0,0,1,1,0,1,0,1],[1,1,1,1,0,0,0,1,1,1]]"
4,680,-0.01125544293441189,0.01125544293441189,"[[1,1,0,0,1,1,0,1,0,1],[1,1,1,1,0,0,1,0,0,0]]"
4,681,-0.01182620002318522,0.01182620002318522,"[[1,1,0,0,1,1,0,1,0,1],[1,1,1,1,0,0,1,0,0,1]]"
4,682,-0.013335770711013675,0.013335770711013675,"[[1,1,0,0,1,1,0,1,0,1],[1,1,1,1,0,0,1,0,1,0]]"
4,683,-0.013455057534730646,0.013455057534730646,"[[1,1,0,0,1,1,0,1,0,1],[1,1,1,1,0,0,1,0,1,1]]"
4,684,-0.01697006545772255,0.01697006545772255,"[[1,1,0,0,1,1,0,1,0,1],[1,1,1,1,0,0,1,1,0,0]]"
4,685,-0.017615189289893658,0.017615189289893658,"[[1,1,0,0,1,1,0,1,0,1],[1,1,1,1,0,0,1,1,0,1]]"
4,686,-0.01917466960184209,0.01917466960184209,"[[1,1,0,0,1,1,0,1,0,1],[1,1,1,1,0,0,1,1,1,0]]"
4,687,-0.01905578973287365,0.01905578973287365,"[[1,1,0,0,1,1,0,1,0,1],[1,1,1,1,0,0,1,1,1,1]]"
4,688,-0.015019061464659011,0.015019061464659011,"[[1,1,0,0,1,1,0,1,0,1],[1,1,1,1,0,1,0,0,0,0]]"
4,689,-0.015602433818173696,0.015602433818173696,"[[1,1,0,0,1,1,0,1,0,1],[1,1,1,1,0,1,0,0,0,1]]"
4,690,-0.017245512971115314,0.017245512971115314,"[[1,1,0,0,1,1,0,1,0,1],[1,1,1,1,0,1,0,0,1,0]]"
4,691,-0.017534480684903004,0.017534480684903004,"[[1,1,0,0,1,1,0,1,0,1],[1,1,1,1,0,1,0,0,1,1]]"
4,692,-0.02122051552290632,0.02122051552290632,"[[1,1,0,0,1,1,0,1,0,1],[1,1,1,1,0,1,0,1,0,0]]"
4,693,-0.021689034237324867,0.021689034237324867,"[[1,1,0,0,1,1,0,1,0,1],[1,1,1,1,0,1,0,1,0,1]]"
4,694,-0.0234844276657655,0.0234844276657655,"[[1,1,0,0,1,1,0,1,0,1],[1,1,1,1,0,1,0,1,1,0]]"
4,695,-0.02363833609702779,0.02363833609702779,"[[1,1,0,0,1,1,0,1,0,1],[1,1,1,1,0,1,0,1,1,1]]"
4,696,-0.026892127899012137,0.026892127899012137,"[[1,1,0,0,1,1,0,1,0,1],[1,1,1,1,0,1,1,0,0,0]]"
4,697,-0.027740342134055483,0.027740342134055483,"[[1,1,0,0,1,1,0,1,0,1],[1,1,1,1,0,1,1,0,0,1]]"
4,698,-0.029634696316073385,0.029634696316073385,"[[1,1,0,0,1,1,0,1,0,1],[1,1,1,1,0,1,1,0,1,0]]"
4,699,-0.02977287351349993,0.02977287351349993,"[[1,1,0,0,1,1,0,1,0,1],[1,1,1,1,0,1,1,0,1,1]]"
4,700,-0.034092117082583626,0.034092117082583626,"[[1,1,0,0,1,1,0,1,0,1],[1,1,1,1,0,1,1,1,0,0]]"
4,701,-0.03470645864133424,0.03470645864133424,"[[1,1,0,0,1,1,0,1,0,1],[1,1,1,1,0,1,1,1,0,1]]"
4,702,-0.03601645310325575,0.03601645310325575,"[[1,1,0,0,1,1,0,1,0,1],[1,1,1,1,0,1,1,1,1,0]]"
4,703,-0.03510425456857699,0.03510425456857699,"[[1,1,0,0,1,1,0,1,0,1],[1,1,1,1,0,1,1,1,1,1]]"
4,704,-0.0025073815820228678,0.0025073815820228678,"[[1,1,0,0,1,1,0,1,1,0],[1,1,1,1,0,0,0,0,0,0]]"
4,705,-0.0025840464539889385,0.0025840464539889385,"[[1,1,0,0,1,1,0,1,1,0],[1,1,1,1,0,0,0,0,0,1]]"
4,706,-0.0036705693434907257,0.0036705693434907257,"[[1,1,0,0,1,1,0,1,1,0],[1,1,1,1,0,0,0,0,1,0]]"
4,707,-0.0039520713032654515,0.0039520713032654515,"[[1,1,0,0,1,1,0,1,1,0],[1,1,1,1,0,0,0,0,1,1]]"
4,708,-0.006312434154120088,0.006312434154120088,"[[1,1,0,0,1,1,0,1,1,0],[1,1,1,1,0,0,0,1,0,0]]"
4,709,-0.006384417626287606,0.006384417626287606,"[[1,1,0,0,1,1,0,1,1,0],[1,1,1,1,0,0,0,1,0,1]]"
4,710,-0.008140691271590273,0.008140691271590273,"[[1,1,0,0,1,1,0,1,1,0],[1,1,1,1,0,0,0,1,1,0]]"
4,711,-0.008332918333758791,0.008332918333758791,"[[1,1,0,0,1,1,0,1,1,0],[1,1,1,1,0,0,0,1,1,1]]"
4,712,-0.009130337137515402,0.009130337137515402,"[[1,1,0,0,1,1,0,1,1,0],[1,1,1,1,0,0,1,0,0,0]]"
4,713,-0.009435224343551617,0.009435224343551617,"[[1,1,0,0,1,1,0,1,1,0],[1,1,1,1,0,0,1,0,0,1]]"
4,714,-0.01114329723029834,0.01114329723029834,"[[1,1,0,0,1,1,0,1,1,0],[1,1,1,1,0,0,1,0,1,0]]"
4,715,-0.011433117729806456,0.011433117729806456,"[[1,1,0,0,1,1,0,1,1,0],[1,1,1,1,0,0,1,0,1,1]]"
4,716,-0.015437860011698048,0.015437860011698048,"[[1,1,0,0,1,1,0,1,1,0],[1,1,1,1,0,0,1,1,0,0]]"
4,717,-0.015577726752963414,0.015577726752963414,"[[1,1,0,0,1,1,0,1,1,0],[1,1,1,1,0,0,1,1,0,1]]"
4,718,-0.017778641749946672,0.017778641749946672,"[[1,1,0,0,1,1,0,1,1,0],[1,1,1,1,0,0,1,1,1,0]]"
4,719,-0.01819454272182588,0.01819454272182588,"[[1,1,0,0,1,1,0,1,1,0],[1,1,1,1,0,0,1,1,1,1]]"
4,720,-0.012784278128541562,0.012784278128541562,"[[1,1,0,0,1,1,0,1,1,0],[1,1,1,1,0,1,0,0,0,0]]"
4,721,-0.012992360240406477,0.012992360240406477,"[[1,1,0,0,1,1,0,1,1,0],[1,1,1,1,0,1,0,0,0,1]]"
4,722,-0.015011742924199996,0.015011742924199996,"[[1,1,0,0,1,1,0,1,1,0],[1,1,1,1,0,1,0,0,1,0]]"
4,723,-0.015203116923825748,0.015203116923825748,"[[1,1,0,0,1,1,0,1,1,0],[1,1,1,1,0,1,0,0,1,1]]"
4,724,-0.01939909091243875,0.01939909091243875,"[[1,1,0,0,1,1,0,1,1,0],[1,1,1,1,0,1,0,1,0,0]]"
4,725,-0.019316778075151367,0.019316778075151367,"[[1,1,0,0,1,1,0,1,1,0],[1,1,1,1,0,1,0,1,0,1]]"
4,726,-0.021586587358892434,0.021586587358892434,"[[1,1,0,0,1,1,0,1,1,0],[1,1,1,1,0,1,0,1,1,0]]"
4,727,-0.02196630468580915,0.02196630468580915,"[[1,1,0,0,1,1,0,1,1,0],[1,1,1,1,0,1,0,1,1,1]]"
4,728,-0.024807429799848017,0.024807429799848017,"[[1,1,0,0,1,1,0,1,1,0],[1,1,1,1,0,1,1,0,0,0]]"
4,729,-0.02527489752307162,0.02527489752307162,"[[1,1,0,0,1,1,0,1,1,0],[1,1,1,1,0,1,1,0,0,1]]"
4,730,-0.02747596373941849,0.02747596373941849,"[[1,1,0,0,1,1,0,1,1,0],[1,1,1,1,0,1,1,0,1,0]]"
4,731,-0.027831676479716537,0.027831676479716537,"[[1,1,0,0,1,1,0,1,1,0],[1,1,1,1,0,1,1,0,1,1]]"
4,732,-0.03311740563341003,0.03311740563341003,"[[1,1,0,0,1,1,0,1,1,0],[1,1,1,1,0,1,1,1,0,0]]"
4,733,-0.033232489368207295,0.033232489368207295,"[[1,1,0,0,1,1,0,1,1,0],[1,1,1,1,0,1,1,1,0,1]]"
4,734,-0.0352911483531853,0.0352911483531853,"[[1,1,0,0,1,1,0,1,1,0],[1,1,1,1,0,1,1,1,1,0]]"
4,735,-0.03523771152765304,0.03523771152765304,"[[1,1,0,0,1,1,0,1,1,0],[1,1,1,1,0,1,1,1,1,1]]"
4,736,-0.0021653547784263342,0.0021653547784263342,"[[1,1,0,0,1,1,0,1,1,1],[1,1,1,1,0,0,0,0,0,0]]"
4,737,-0.0022745587150388674,0.0022745587150388674,"[[1,1,0,0,1,1,0,1,1,1],[1,1,1,1,0,0,0,0,0,1]]"
4,738,-0.0034433385606716317,0.0034433385606716317,"[[1,1,0,0,1,1,0,1,1,1],[1,1,1,1,0,0,0,0,1,0]]"
4,739,-0.003798694509085053,0.003798694509085053,"[[1,1,0,0,1,1,0,1,1,1],[1,1,1,1,0,0,0,0,1,1]]"
4,740,-0.005770230655133621,0.005770230655133621,"[[1,1,0,0,1,1,0,1,1,1],[1,1,1,1,0,0,0,1,0,0]]"
4,741,-0.006133880799760455,0.006133880799760455,"[[1,1,0,0,1,1,0,1,1,1],[1,1,1,1,0,0,0,1,0,1]]"
4,742,-0.008009596635555208,0.008009596635555208,"[[1,1,0,0,1,1,0,1,1,1],[1,1,1,1,0,0,0,1,1,0]]"
4,743,-0.008437815464955974,0.008437815464955974,"[[1,1,0,0,1,1,0,1,1,1],[1,1,1,1,0,0,0,1,1,1]]"
4,744,-0.008504002487612626,0.008504002487612626,"[[1,1,0,0,1,1,0,1,1,1],[1,1,1,1,0,0,1,0,0,0]]"
4,745,-0.008995683443025714,0.008995683443025714,"[[1,1,0,0,1,1,0,1,1,1],[1,1,1,1,0,0,1,0,0,1]]"
4,746,-0.010880993996877402,0.010880993996877402,"[[1,1,0,0,1,1,0,1,1,1],[1,1,1,1,0,0,1,0,1,0]]"
4,747,-0.011519830385090175,0.011519830385090175,"[[1,1,0,0,1,1,0,1,1,1],[1,1,1,1,0,0,1,0,1,1]]"
4,748,-0.014944430694641679,0.014944430694641679,"[[1,1,0,0,1,1,0,1,1,1],[1,1,1,1,0,0,1,1,0,0]]"
4,749,-0.015466336078217261,0.015466336078217261,"[[1,1,0,0,1,1,0,1,1,1],[1,1,1,1,0,0,1,1,0,1]]"
4,750,-0.017549947899387974,0.017549947899387974,"[[1,1,0,0,1,1,0,1,1,1],[1,1,1,1,0,0,1,1,1,0]]"
4,751,-0.0182210300049867,0.0182210300049867,"[[1,1,0,0,1,1,0,1,1,1],[1,1,1,1,0,0,1,1,1,1]]"
4,752,-0.012089435918215456,0.012089435918215456,"[[1,1,0,0,1,1,0,1,1,1],[1,1,1,1,0,1,0,0,0,0]]"
4,753,-0.012404899253865224,0.012404899253865224,"[[1,1,0,0,1,1,0,1,1,1],[1,1,1,1,0,1,0,0,0,1]]"
4,754,-0.014703086424328498,0.014703086424328498,"[[1,1,0,0,1,1,0,1,1,1],[1,1,1,1,0,1,0,0,1,0]]"
4,755,-0.015192570590485281,0.015192570590485281,"[[1,1,0,0,1,1,0,1,1,1],[1,1,1,1,0,1,0,0,1,1]]"
4,756,-0.018873803657172495,0.018873803657172495,"[[1,1,0,0,1,1,0,1,1,1],[1,1,1,1,0,1,0,1,0,0]]"
4,757,-0.019295440529177504,0.019295440529177504,"[[1,1,0,0,1,1,0,1,1,1],[1,1,1,1,0,1,0,1,0,1]]"
4,758,-0.021506472029395502,0.021506472029395502,"[[1,1,0,0,1,1,0,1,1,1],[1,1,1,1,0,1,0,1,1,0]]"
4,759,-0.022080198970690246,0.022080198970690246,"[[1,1,0,0,1,1,0,1,1,1],[1,1,1,1,0,1,0,1,1,1]]"
4,760,-0.023983653142209165,0.023983653142209165,"[[1,1,0,0,1,1,0,1,1,1],[1,1,1,1,0,1,1,0,0,0]]"
4,761,-0.024760895767101908,0.024760895767101908,"[[1,1,0,0,1,1,0,1,1,1],[1,1,1,1,0,1,1,0,0,1]]"
4,762,-0.027154955822744787,0.027154955822744787,"[[1,1,0,0,1,1,0,1,1,1],[1,1,1,1,0,1,1,0,1,0]]"
4,763,-0.027675839795226365,0.027675839795226365,"[[1,1,0,0,1,1,0,1,1,1],[1,1,1,1,0,1,1,0,1,1]]"
4,764,-0.032212611634515186,0.032212611634515186,"[[1,1,0,0,1,1,0,1,1,1],[1,1,1,1,0,1,1,1,0,0]]"
4,765,-0.032896423481576134,0.032896423481576134,"[[1,1,0,0,1,1,0,1,1,1],[1,1,1,1,0,1,1,1,0,1]]"
4,766,-0.03509380071163084,0.03509380071163084,"[[1,1,0,0,1,1,0,1,1,1],[1,1,1,1,0,1,1,1,1,0]]"
4,767,-0.03541800202575153,0.03541800202575153,"[[1,1,0,0,1,1,0,1,1,1],[1,1,1,1,0,1,1,1,1,1]]"
4,768,-0.00219480296106378,0.00219480296106378,"[[1,1,0,0,1,1,1,0,0,0],[1,1,1,1,0,0,0,0,0,0]]"
4,769,-0.0023010740658268485,0.0023010740658268485,"[[1,1,0,0,1,1,1,0,0,0],[1,1,1,1,0,0,0,0,0,1]]"
4,770,-0.0031936269384942313,0.0031936269384942313,"[[1,1,0,0,1,1,1,0,0,0],[1,1,1,1,0,0,0,0,1,0]]"
4,771,-0.0033108938246356194,0.0033108938246356194,"[[1,1,0,0,1,1,1,0,0,0],[1,1,1,1,0,0,0,0,1,1]]"
4,772,-0.004680603173223991,0.004680603173223991,"[[1,1,0,0,1,1,1,0,0,0],[1,1,1,1,0,0,0,1,0,0]]"
4,773,-0.004926173598855724,0.004926173598855724,"[[1,1,0,0,1,1,1,0,0,0],[1,1,1,1,0,0,0,1,0,1]]"
4,774,-0.006063960663124171,0.006063960663124171,"[[1,1,0,0,1,1,1,0,0,0],[1,1,1,1,0,0,0,1,1,0]]"
4,775,-0.006202782859228435,0.006202782859228435,"[[1,1,0,0,1,1,1,0,0,0],[1,1,1,1,0,0,0,1,1,1]]"
4,776,-0.007502110223280234,0.007502110223280234,"[[1,1,0,0,1,1,1,0,0,0],[1,1,1,1,0,0,1,0,0,0]]"
4,777,-0.007565730880258449,0.007565730880258449,"[[1,1,0,0,1,1,1,0,0,0],[1,1,1,1,0,0,1,0,0,1]]"
4,778,-0.008799285696378702,0.008799285696378702,"[[1,1,0,0,1,1,1,0,0,0],[1,1,1,1,0,0,1,0,1,0]]"
4,779,-0.00907617340219814,0.00907617340219814,"[[1,1,0,0,1,1,1,0,0,0],[1,1,1,1,0,0,1,0,1,1]]"
4,780,-0.011623055435210949,0.011623055435210949,"[[1,1,0,0,1,1,1,0,0,0],[1,1,1,1,0,0,1,1,0,0]]"
4,781,-0.011947998136791213,0.011947998136791213,"[[1,1,0,0,1,1,1,0,0,0],[1,1,1,1,0,0,1,1,0,1]]"
4,782,-0.013134946380594412,0.013134946380594412,"[[1,1,0,0,1,1,1,0,0,0],[1,1,1,1,0,0,1,1,1,0]]"
4,783,-0.01314363152548149,0.01314363152548149,"[[1,1,0,0,1,1,1,0,0,0],[1,1,1,1,0,0,1,1,1,1]]"
4,784,-0.01080341945461245,0.01080341945461245,"[[1,1,0,0,1,1,1,0,0,0],[1,1,1,1,0,1,0,0,0,0]]"
4,785,-0.010670534863576567,0.010670534863576567,"[[1,1,0,0,1,1,1,0,0,0],[1,1,1,1,0,1,0,0,0,1]]"
4,786,-0.01233707827927457,0.01233707827927457,"[[1,1,0,0,1,1,1,0,0,0],[1,1,1,1,0,1,0,0,1,0]]"
4,787,-0.012601026707207762,0.012601026707207762,"[[1,1,0,0,1,1,1,0,0,0],[1,1,1,1,0,1,0,0,1,1]]"
4,788,-0.015092673106584058,0.015092673106584058,"[[1,1,0,0,1,1,1,0,0,0],[1,1,1,1,0,1,0,1,0,0]]"
4,789,-0.015549190183687063,0.015549190183687063,"[[1,1,0,0,1,1,1,0,0,0],[1,1,1,1,0,1,0,1,0,1]]"
4,790,-0.017087805013016828,0.017087805013016828,"[[1,1,0,0,1,1,1,0,0,0],[1,1,1,1,0,1,0,1,1,0]]"
4,791,-0.017450960314238803,0.017450960314238803,"[[1,1,0,0,1,1,1,0,0,0],[1,1,1,1,0,1,0,1,1,1]]"
4,792,-0.02065530717914326,0.02065530717914326,"[[1,1,0,0,1,1,1,0,0,0],[1,1,1,1,0,1,1,0,0,0]]"
4,793,-0.020859928091470983,0.020859928091470983,"[[1,1,0,0,1,1,1,0,0,0],[1,1,1,1,0,1,1,0,0,1]]"
4,794,-0.02276813397202883,0.02276813397202883,"[[1,1,0,0,1,1,1,0,0,0],[1,1,1,1,0,1,1,0,1,0]]"
4,795,-0.023098343623188897,0.023098343623188897,"[[1,1,0,0,1,1,1,0,0,0],[1,1,1,1,0,1,1,0,1,1]]"
4,796,-0.02635929495999412,0.02635929495999412,"[[1,1,0,0,1,1,1,0,0,0],[1,1,1,1,0,1,1,1,0,0]]"
4,797,-0.026548823876884987,0.026548823876884987,"[[1,1,0,0,1,1,1,0,0,0],[1,1,1,1,0,1,1,1,0,1]]"
4,798,-0.02782979557259492,0.02782979557259492,"[[1,1,0,0,1,1,1,0,0,0],[1,1,1,1,0,1,1,1,1,0]]"
4,799,-0.027063472709110692,0.027063472709110692,"[[1,1,0,0,1,1,1,0,0,0],[1,1,1,1,0,1,1,1,1,1]]"
4,800,-0.0019107269302106032,0.0019107269302106032,"[[1,1,0,0,1,1,1,0,0,1],[1,1,1,1,0,0,0,0,0,0]]"
4,801,-0.0021594773097766084,0.0021594773097766084,"[[1,1,0,0,1,1,1,0,0,1],[1,1,1,1,0,0,0,0,0,1]]"
4,802,-0.003169367183351075,0.003169367183351075,"[[1,1,0,0,1,1,1,0,0,1],[1,1,1,1,0,0,0,0,1,0]]"
4,803,-0.003498119835268651,0.003498119835268651,"[[1,1,0,0,1,1,1,0,0,1],[1,1,1,1,0,0,0,0,1,1]]"
4,804,-0.004635786990674104,0.004635786990674104,"[[1,1,0,0,1,1,1,0,0,1],[1,1,1,1,0,0,0,1,0,0]]"
4,805,-0.004911227378448255,0.004911227378448255,"[[1,1,0,0,1,1,1,0,0,1],[1,1,1,1,0,0,0,1,0,1]]"
4,806,-0.006080480077420286,0.006080480077420286,"[[1,1,0,0,1,1,1,0,0,1],[1,1,1,1,0,0,0,1,1,0]]"
4,807,-0.006430790157350248,0.006430790157350248,"[[1,1,0,0,1,1,1,0,0,1],[1,1,1,1,0,0,0,1,1,1]]"
4,808,-0.007372997164495799,0.007372997164495799,"[[1,1,0,0,1,1,1,0,0,1],[1,1,1,1,0,0,1,0,0,0]]"
4,809,-0.0077182530649408795,0.0077182530649408795,"[[1,1,0,0,1,1,1,0,0,1],[1,1,1,1,0,0,1,0,0,1]]"
4,810,-0.008978642996299855,0.008978642996299855,"[[1,1,0,0,1,1,1,0,0,1],[1,1,1,1,0,0,1,0,1,0]]"
4,811,-0.009227007890372839,0.009227007890372839,"[[1,1,0,0,1,1,1,0,0,1],[1,1,1,1,0,0,1,0,1,1]]"
4,812,-0.011717530344561718,0.011717530344561718,"[[1,1,0,0,1,1,1,0,0,1],[1,1,1,1,0,0,1,1,0,0]]"
4,813,-0.012002688165065067,0.012002688165065067,"[[1,1,0,0,1,1,1,0,0,1],[1,1,1,1,0,0,1,1,0,1]]"
4,814,-0.013538079319446911,0.013538079319446911,"[[1,1,0,0,1,1,1,0,0,1],[1,1,1,1,0,0,1,1,1,0]]"
4,815,-0.013709696711333326,0.013709696711333326,"[[1,1,0,0,1,1,1,0,0,1],[1,1,1,1,0,0,1,1,1,1]]"
4,816,-0.010507318292803445,0.010507318292803445,"[[1,1,0,0,1,1,1,0,0,1],[1,1,1,1,0,1,0,0,0,0]]"
4,817,-0.01089760535717137,0.01089760535717137,"[[1,1,0,0,1,1,1,0,0,1],[1,1,1,1,0,1,0,0,0,1]]"
4,818,-0.012398353231773176,0.012398353231773176,"[[1,1,0,0,1,1,1,0,0,1],[1,1,1,1,0,1,0,0,1,0]]"
4,819,-0.012805495065852652,0.012805495065852652,"[[1,1,0,0,1,1,1,0,0,1],[1,1,1,1,0,1,0,0,1,1]]"
4,820,-0.015129883719590159,0.015129883719590159,"[[1,1,0,0,1,1,1,0,0,1],[1,1,1,1,0,1,0,1,0,0]]"
4,821,-0.015560944152511545,0.015560944152511545,"[[1,1,0,0,1,1,1,0,0,1],[1,1,1,1,0,1,0,1,0,1]]"
4,822,-0.0171937786532135,0.0171937786532135,"[[1,1,0,0,1,1,1,0,0,1],[1,1,1,1,0,1,0,1,1,0]]"
4,823,-0.017783761246253253,0.017783761246253253,"[[1,1,0,0,1,1,1,0,0,1],[1,1,1,1,0,1,0,1,1,1]]"
4,824,-0.02060547341054658,0.02060547341054658,"[[1,1,0,0,1,1,1,0,0,1],[1,1,1,1,0,1,1,0,0,0]]"
4,825,-0.021033660168015902,0.021033660168015902,"[[1,1,0,0,1,1,1,0,0,1],[1,1,1,1,0,1,1,0,0,1]]"
4,826,-0.02305534209480869,0.02305534209480869,"[[1,1,0,0,1,1,1,0,0,1],[1,1,1,1,0,1,1,0,1,0]]"
4,827,-0.02343093760397101,0.02343093760397101,"[[1,1,0,0,1,1,1,0,0,1],[1,1,1,1,0,1,1,0,1,1]]"
4,828,-0.026855039838508267,0.026855039838508267,"[[1,1,0,0,1,1,1,0,0,1],[1,1,1,1,0,1,1,1,0,0]]"
4,829,-0.027037061224971227,0.027037061224971227,"[[1,1,0,0,1,1,1,0,0,1],[1,1,1,1,0,1,1,1,0,1]]"
4,830,-0.02849811845228004,0.02849811845228004,"[[1,1,0,0,1,1,1,0,0,1],[1,1,1,1,0,1,1,1,1,0]]"
4,831,-0.02817714949672717,0.02817714949672717,"[[1,1,0,0,1,1,1,0,0,1],[1,1,1,1,0,1,1,1,1,1]]"
4,832,-0.0011536972012182174,0.0011536972012182174,"[[1,1,0,0,1,1,1,0,1,0],[1,1,1,1,0,0,0,0,0,0]]"
4,833,-0.0012140945550692358,0.0012140945550692358,"[[1,1,0,0,1,1,1,0,1,0],[1,1,1,1,0,0,0,0,0,1]]"
4,834,-0.0020303236302549764,0.0020303236302549764,"[[1,1,0,0,1,1,1,0,1,0],[1,1,1,1,0,0,0,0,1,0]]"
4,835,-0.002192340905297128,0.002192340905297128,"[[1,1,0,0,1,1,1,0,1,0],[1,1,1,1,0,0,0,0,1,1]]"
4,836,-0.0037241222578709332,0.0037241222578709332,"[[1,1,0,0,1,1,1,0,1,0],[1,1,1,1,0,0,0,1,0,0]]"
4,837,-0.0038096068667619965,0.0038096068667619965,"[[1,1,0,0,1,1,1,0,1,0],[1,1,1,1,0,0,0,1,0,1]]"
4,838,-0.005143401536919221,0.005143401536919221,"[[1,1,0,0,1,1,1,0,1,0],[1,1,1,1,0,0,0,1,1,0]]"
4,839,-0.005298766930011396,0.005298766930011396,"[[1,1,0,0,1,1,1,0,1,0],[1,1,1,1,0,0,0,1,1,1]]"
4,840,-0.005773147399752571,0.005773147399752571,"[[1,1,0,0,1,1,1,0,1,0],[1,1,1,1,0,0,1,0,0,0]]"
4,841,-0.00591399347247884,0.00591399347247884,"[[1,1,0,0,1,1,1,0,1,0],[1,1,1,1,0,0,1,0,0,1]]"
4,842,-0.007599010176274765,0.007599010176274765,"[[1,1,0,0,1,1,1,0,1,0],[1,1,1,1,0,0,1,0,1,0]]"
4,843,-0.00776728389460255,0.00776728389460255,"[[1,1,0,0,1,1,1,0,1,0],[1,1,1,1,0,0,1,0,1,1]]"
4,844,-0.010615001113885076,0.010615001113885076,"[[1,1,0,0,1,1,1,0,1,0],[1,1,1,1,0,0,1,1,0,0]]"
4,845,-0.010623171624531032,0.010623171624531032,"[[1,1,0,0,1,1,1,0,1,0],[1,1,1,1,0,0,1,1,0,1]]"
4,846,-0.01245126507260526,0.01245126507260526,"[[1,1,0,0,1,1,1,0,1,0],[1,1,1,1,0,0,1,1,1,0]]"
4,847,-0.012723949716840564,0.012723949716840564,"[[1,1,0,0,1,1,1,0,1,0],[1,1,1,1,0,0,1,1,1,1]]"
4,848,-0.008792864506933104,0.008792864506933104,"[[1,1,0,0,1,1,1,0,1,0],[1,1,1,1,0,1,0,0,0,0]]"
4,849,-0.008779871160076598,0.008779871160076598,"[[1,1,0,0,1,1,1,0,1,0],[1,1,1,1,0,1,0,0,0,1]]"
4,850,-0.010632937790297153,0.010632937790297153,"[[1,1,0,0,1,1,1,0,1,0],[1,1,1,1,0,1,0,0,1,0]]"
4,851,-0.010687790962636723,0.010687790962636723,"[[1,1,0,0,1,1,1,0,1,0],[1,1,1,1,0,1,0,0,1,1]]"
4,852,-0.01405926516300507,0.01405926516300507,"[[1,1,0,0,1,1,1,0,1,0],[1,1,1,1,0,1,0,1,0,0]]"
4,853,-0.013841628580876373,0.013841628580876373,"[[1,1,0,0,1,1,1,0,1,0],[1,1,1,1,0,1,0,1,0,1]]"
4,854,-0.01603227065456497,0.01603227065456497,"[[1,1,0,0,1,1,1,0,1,0],[1,1,1,1,0,1,0,1,1,0]]"
4,855,-0.016217355537683772,0.016217355537683772,"[[1,1,0,0,1,1,1,0,1,0],[1,1,1,1,0,1,0,1,1,1]]"
4,856,-0.019151211695532622,0.019151211695532622,"[[1,1,0,0,1,1,1,0,1,0],[1,1,1,1,0,1,1,0,0,0]]"
4,857,-0.01888311866096432,0.01888311866096432,"[[1,1,0,0,1,1,1,0,1,0],[1,1,1,1,0,1,1,0,0,1]]"
4,858,-0.02125664505584889,0.02125664505584889,"[[1,1,0,0,1,1,1,0,1,0],[1,1,1,1,0,1,1,0,1,0]]"
4,859,-0.021465538426437936,0.021465538426437936,"[[1,1,0,0,1,1,1,0,1,0],[1,1,1,1,0,1,1,0,1,1]]"
4,860,-0.02596738755725064,0.02596738755725064,"[[1,1,0,0,1,1,1,0,1,0],[1,1,1,1,0,1,1,1,0,0]]"
4,861,-0.02598253694012441,0.02598253694012441,"[[1,1,0,0,1,1,1,0,1,0],[1,1,1,1,0,1,1,1,0,1]]"
4,862,-0.028013794882408197,0.028013794882408197,"[[1,1,0,0,1,1,1,0,1,0],[1,1,1,1,0,1,1,1,1,0]]"
4,863,-0.02785994169175793,0.02785994169175793,"[[1,1,0,0,1,1,1,0,1,0],[1,1,1,1,0,1,1,1,1,1]]"
4,864,-0.0009153311733956014,0.0009153311733956014,"[[1,1,0,0,1,1,1,0,1,1],[1,1,1,1,0,0,0,0,0,0]]"
4,865,-0.0010682837906736344,0.0010682837906736344,"[[1,1,0,0,1,1,1,0,1,1],[1,1,1,1,0,0,0,0,0,1]]"
4,866,-0.0018422617889730785,0.0018422617889730785,"[[1,1,0,0,1,1,1,0,1,1],[1,1,1,1,0,0,0,0,1,0]]"
4,867,-0.0021188874615733506,0.0021188874615733506,"[[1,1,0,0,1,1,1,0,1,1],[1,1,1,1,0,0,0,0,1,1]]"
4,868,-0.0033535610536357986,0.0033535610536357986,"[[1,1,0,0,1,1,1,0,1,1],[1,1,1,1,0,0,0,1,0,0]]"
4,869,-0.003585454369588283,0.003585454369588283,"[[1,1,0,0,1,1,1,0,1,1],[1,1,1,1,0,0,0,1,0,1]]"
4,870,-0.005127840748045993,0.005127840748045993,"[[1,1,0,0,1,1,1,0,1,1],[1,1,1,1,0,0,0,1,1,0]]"
4,871,-0.005373557042206604,0.005373557042206604,"[[1,1,0,0,1,1,1,0,1,1],[1,1,1,1,0,0,0,1,1,1]]"
4,872,-0.005315287710460864,0.005315287710460864,"[[1,1,0,0,1,1,1,0,1,1],[1,1,1,1,0,0,1,0,0,0]]"
4,873,-0.005751822607026696,0.005751822607026696,"[[1,1,0,0,1,1,1,0,1,1],[1,1,1,1,0,0,1,0,0,1]]"
4,874,-0.007512959428595189,0.007512959428595189,"[[1,1,0,0,1,1,1,0,1,1],[1,1,1,1,0,0,1,0,1,0]]"
4,875,-0.007921135138241546,0.007921135138241546,"[[1,1,0,0,1,1,1,0,1,1],[1,1,1,1,0,0,1,0,1,1]]"
4,876,-0.010361716885301386,0.010361716885301386,"[[1,1,0,0,1,1,1,0,1,1],[1,1,1,1,0,0,1,1,0,0]]"
4,877,-0.010718811346806429,0.010718811346806429,"[[1,1,0,0,1,1,1,0,1,1],[1,1,1,1,0,0,1,1,0,1]]"
4,878,-0.012496524558843224,0.012496524558843224,"[[1,1,0,0,1,1,1,0,1,1],[1,1,1,1,0,0,1,1,1,0]]"
4,879,-0.012961775760171159,0.012961775760171159,"[[1,1,0,0,1,1,1,0,1,1],[1,1,1,1,0,0,1,1,1,1]]"
4,880,-0.008216091329081902,0.008216091329081902,"[[1,1,0,0,1,1,1,0,1,1],[1,1,1,1,0,1,0,0,0,0]]"
4,881,-0.008590137663929902,0.008590137663929902,"[[1,1,0,0,1,1,1,0,1,1],[1,1,1,1,0,1,0,0,0,1]]"
4,882,-0.010463853914752857,0.010463853914752857,"[[1,1,0,0,1,1,1,0,1,1],[1,1,1,1,0,1,0,0,1,0]]"
4,883,-0.010888863120525233,0.010888863120525233,"[[1,1,0,0,1,1,1,0,1,1],[1,1,1,1,0,1,0,0,1,1]]"
4,884,-0.01367140109811497,0.01367140109811497,"[[1,1,0,0,1,1,1,0,1,1],[1,1,1,1,0,1,0,1,0,0]]"
4,885,-0.01389766204173813,0.01389766204173813,"[[1,1,0,0,1,1,1,0,1,1],[1,1,1,1,0,1,0,1,0,1]]"
4,886,-0.016021321652565076,0.016021321652565076,"[[1,1,0,0,1,1,1,0,1,1],[1,1,1,1,0,1,0,1,1,0]]"
4,887,-0.016412970320577917,0.016412970320577917,"[[1,1,0,0,1,1,1,0,1,1],[1,1,1,1,0,1,0,1,1,1]]"
4,888,-0.018541930118687537,0.018541930118687537,"[[1,1,0,0,1,1,1,0,1,1],[1,1,1,1,0,1,1,0,0,0]]"
4,889,-0.01897083282619147,0.01897083282619147,"[[1,1,0,0,1,1,1,0,1,1],[1,1,1,1,0,1,1,0,0,1]]"
4,890,-0.021149881622669772,0.021149881622669772,"[[1,1,0,0,1,1,1,0,1,1],[1,1,1,1,0,1,1,0,1,0]]"
4,891,-0.021738474041271404,0.021738474041271404,"[[1,1,0,0,1,1,1,0,1,1],[1,1,1,1,0,1,1,0,1,1]]"
4,892,-0.025445012473092044,0.025445012473092044,"[[1,1,0,0,1,1,1,0,1,1],[1,1,1,1,0,1,1,1,0,0]]"
4,893,-0.025940571884653197,0.025940571884653197,"[[1,1,0,0,1,1,1,0,1,1],[1,1,1,1,0,1,1,1,0,1]]"
4,894,-0.028371874208097905,0.028371874208097905,"[[1,1,0,0,1,1,1,0,1,1],[1,1,1,1,0,1,1,1,1,0]]"
4,895,-0.028419457957147558,0.028419457957147558,"[[1,1,0,0,1,1,1,0,1,1],[1,1,1,1,0,1,1,1,1,1]]"
4,896,-0.00035711672570241465,0.00035711672570241465,"[[1,1,0,0,1,1,1,1,0,0],[1,1,1,1,0,0,0,0,0,0]]"
4,897,-0.00046266419447084167,0.00046266419447084167,"[[1,1,0,0,1,1,1,1,0,0],[1,1,1,1,0,0,0,0,0,1]]"
4,898,-0.0007664412601014344,0.0007664412601014344,"[[1,1,0,0,1,1,1,1,0,0],[1,1,1,1,0,0,0,0,1,0]]"
4,899,-0.0009759200408870716,0.0009759200408870716,"[[1,1,0,0,1,1,1,1,0,0],[1,1,1,1,0,0,0,0,1,1]]"
4,900,-0.0017322084855595006,0.0017322084855595006,"[[1,1,0,0,1,1,1,1,0,0],[1,1,1,1,0,0,0,1,0,0]]"
4,901,-0.002011770412271189,0.002011770412271189,"[[1,1,0,0,1,1,1,1,0,0],[1,1,1,1,0,0,0,1,0,1]]"
4,902,-0.002837882593999959,0.002837882593999959,"[[1,1,0,0,1,1,1,1,0,0],[1,1,1,1,0,0,0,1,1,0]]"
4,903,-0.0031240758957133837,0.0031240758957133837,"[[1,1,0,0,1,1,1,1,0,0],[1,1,1,1,0,0,0,1,1,1]]"
4,904,-0.0034359183926404714,0.0034359183926404714,"[[1,1,0,0,1,1,1,1,0,0],[1,1,1,1,0,0,1,0,0,0]]"
4,905,-0.003597799080911598,0.003597799080911598,"[[1,1,0,0,1,1,1,1,0,0],[1,1,1,1,0,0,1,0,0,1]]"
4,906,-0.004579553674274071,0.004579553674274071,"[[1,1,0,0,1,1,1,1,0,0],[1,1,1,1,0,0,1,0,1,0]]"
4,907,-0.004869370783146931,0.004869370783146931,"[[1,1,0,0,1,1,1,1,0,0],[1,1,1,1,0,0,1,0,1,1]]"
4,908,-0.007387368009551897,0.007387368009551897,"[[1,1,0,0,1,1,1,1,0,0],[1,1,1,1,0,0,1,1,0,0]]"
4,909,-0.007772194642633513,0.007772194642633513,"[[1,1,0,0,1,1,1,1,0,0],[1,1,1,1,0,0,1,1,0,1]]"
4,910,-0.008815585247227588,0.008815585247227588,"[[1,1,0,0,1,1,1,1,0,0],[1,1,1,1,0,0,1,1,1,0]]"
4,911,-0.009174519482778629,0.009174519482778629,"[[1,1,0,0,1,1,1,1,0,0],[1,1,1,1,0,0,1,1,1,1]]"
4,912,-0.005806257995434716,0.005806257995434716,"[[1,1,0,0,1,1,1,1,0,0],[1,1,1,1,0,1,0,0,0,0]]"
4,913,-0.005984089958769795,0.005984089958769795,"[[1,1,0,0,1,1,1,1,0,0],[1,1,1,1,0,1,0,0,0,1]]"
4,914,-0.007263000954004285,0.007263000954004285,"[[1,1,0,0,1,1,1,1,0,0],[1,1,1,1,0,1,0,0,1,0]]"
4,915,-0.007682147092595116,0.007682147092595116,"[[1,1,0,0,1,1,1,1,0,0],[1,1,1,1,0,1,0,0,1,1]]"
4,916,-0.010185188994083176,0.010185188994083176,"[[1,1,0,0,1,1,1,1,0,0],[1,1,1,1,0,1,0,1,0,0]]"
4,917,-0.010541964876864408,0.010541964876864408,"[[1,1,0,0,1,1,1,1,0,0],[1,1,1,1,0,1,0,1,0,1]]"
4,918,-0.01199170626231197,0.01199170626231197,"[[1,1,0,0,1,1,1,1,0,0],[1,1,1,1,0,1,0,1,1,0]]"
4,919,-0.012405643935338653,0.012405643935338653,"[[1,1,0,0,1,1,1,1,0,0],[1,1,1,1,0,1,0,1,1,1]]"
4,920,-0.015596638873501545,0.015596638873501545,"[[1,1,0,0,1,1,1,1,0,0],[1,1,1,1,0,1,1,0,0,0]]"
4,921,-0.015896176781745274,0.015896176781745274,"[[1,1,0,0,1,1,1,1,0,0],[1,1,1,1,0,1,1,0,0,1]]"
4,922,-0.017422901635770774,0.017422901635770774,"[[1,1,0,0,1,1,1,1,0,0],[1,1,1,1,0,1,1,0,1,0]]"
4,923,-0.01776810869053131,0.01776810869053131,"[[1,1,0,0,1,1,1,1,0,0],[1,1,1,1,0,1,1,0,1,1]]"
4,924,-0.021717420297200137,0.021717420297200137,"[[1,1,0,0,1,1,1,1,0,0],[1,1,1,1,0,1,1,1,0,0]]"
4,925,-0.02224769723545774,0.02224769723545774,"[[1,1,0,0,1,1,1,1,0,0],[1,1,1,1,0,1,1,1,0,1]]"
4,926,-0.023771218765327,0.023771218765327,"[[1,1,0,0,1,1,1,1,0,0],[1,1,1,1,0,1,1,1,1,0]]"
4,927,-0.02413837764680298,0.02413837764680298,"[[1,1,0,0,1,1,1,1,0,0],[1,1,1,1,0,1,1,1,1,1]]"
4,928,-0.0002476312539025683,0.0002476312539025683,"[[1,1,0,0,1,1,1,1,0,1],[1,1,1,1,0,0,0,0,0,0]]"
4,929,-0.00035195387410398555,0.00035195387410398555,"[[1,1,0,0,1,1,1,1,0,1],[1,1,1,1,0,0,0,0,0,1]]"
4,930,-0.0007093223156935307,0.0007093223156935307,"[[1,1,0,0,1,1,1,1,0,1],[1,1,1,1,0,0,0,0,1,0]]"
4,931,-0.0009321994932295491,0.0009321994932295491,"[[1,1,0,0,1,1,1,1,0,1],[1,1,1,1,0,0,0,0,1,1]]"
4,932,-0.0015501825723892965,0.0015501825723892965,"[[1,1,0,0,1,1,1,1,0,1],[1,1,1,1,0,0,0,1,0,0]]"
4,933,-0.0018602616107503622,0.0018602616107503622,"[[1,1,0,0,1,1,1,1,0,1],[1,1,1,1,0,0,0,1,0,1]]"
4,934,-0.0027813943657883583,0.0027813943657883583,"[[1,1,0,0,1,1,1,1,0,1],[1,1,1,1,0,0,0,1,1,0]]"
4,935,-0.003155559861185465,0.003155559861185465,"[[1,1,0,0,1,1,1,1,0,1],[1,1,1,1,0,0,0,1,1,1]]"
4,936,-0.003094478603819582,0.003094478603819582,"[[1,1,0,0,1,1,1,1,0,1],[1,1,1,1,0,0,1,0,0,0]]"
4,937,-0.00342319015463479,0.00342319015463479,"[[1,1,0,0,1,1,1,1,0,1],[1,1,1,1,0,0,1,0,0,1]]"
4,938,-0.004673851539594219,0.004673851539594219,"[[1,1,0,0,1,1,1,1,0,1],[1,1,1,1,0,0,1,0,1,0]]"
4,939,-0.00505673955301203,0.00505673955301203,"[[1,1,0,0,1,1,1,1,0,1],[1,1,1,1,0,0,1,0,1,1]]"
4,940,-0.007331058853376674,0.007331058853376674,"[[1,1,0,0,1,1,1,1,0,1],[1,1,1,1,0,0,1,1,0,0]]"
4,941,-0.007751737952741141,0.007751737952741141,"[[1,1,0,0,1,1,1,1,0,1],[1,1,1,1,0,0,1,1,0,1]]"
4,942,-0.009070410046130717,0.009070410046130717,"[[1,1,0,0,1,1,1,1,0,1],[1,1,1,1,0,0,1,1,1,0]]"
4,943,-0.009288472061839586,0.009288472061839586,"[[1,1,0,0,1,1,1,1,0,1],[1,1,1,1,0,0,1,1,1,1]]"
4,944,-0.005417407729407237,0.005417407729407237,"[[1,1,0,0,1,1,1,1,0,1],[1,1,1,1,0,1,0,0,0,0]]"
4,945,-0.005763646505634669,0.005763646505634669,"[[1,1,0,0,1,1,1,1,0,1],[1,1,1,1,0,1,0,0,0,1]]"
4,946,-0.007128290875153101,0.007128290875153101,"[[1,1,0,0,1,1,1,1,0,1],[1,1,1,1,0,1,0,0,1,0]]"
4,947,-0.007706851360693958,0.007706851360693958,"[[1,1,0,0,1,1,1,1,0,1],[1,1,1,1,0,1,0,0,1,1]]"
4,948,-0.010012206336531684,0.010012206336531684,"[[1,1,0,0,1,1,1,1,0,1],[1,1,1,1,0,1,0,1,0,0]]"
4,949,-0.01055327235307401,0.01055327235307401,"[[1,1,0,0,1,1,1,1,0,1],[1,1,1,1,0,1,0,1,0,1]]"
4,950,-0.012071862818866469,0.012071862818866469,"[[1,1,0,0,1,1,1,1,0,1],[1,1,1,1,0,1,0,1,1,0]]"
4,951,-0.01254346441831154,0.01254346441831154,"[[1,1,0,0,1,1,1,1,0,1],[1,1,1,1,0,1,0,1,1,1]]"
4,952,-0.015025593245972491,0.015025593245972491,"[[1,1,0,0,1,1,1,1,0,1],[1,1,1,1,0,1,1,0,0,0]]"
4,953,-0.01567823486771058,0.01567823486771058,"[[1,1,0,0,1,1,1,1,0,1],[1,1,1,1,0,1,1,0,0,1]]"
4,954,-0.01764319590117478,0.01764319590117478,"[[1,1,0,0,1,1,1,1,0,1],[1,1,1,1,0,1,1,0,1,0]]"
4,955,-0.01788741947642794,0.01788741947642794,"[[1,1,0,0,1,1,1,1,0,1],[1,1,1,1,0,1,1,0,1,1]]"
4,956,-0.021694683905723395,0.021694683905723395,"[[1,1,0,0,1,1,1,1,0,1],[1,1,1,1,0,1,1,1,0,0]]"
4,957,-0.022171714942171614,0.022171714942171614,"[[1,1,0,0,1,1,1,1,0,1],[1,1,1,1,0,1,1,1,0,1]]"
4,958,-0.024192569474749136,0.024192569474749136,"[[1,1,0,0,1,1,1,1,0,1],[1,1,1,1,0,1,1,1,1,0]]"
4,959,-0.024375708666314343,0.024375708666314343,"[[1,1,0,0,1,1,1,1,0,1],[1,1,1,1,0,1,1,1,1,1]]"
4,960,-0.00011961061608348394,0.00011961061608348394,"[[1,1,0,0,1,1,1,1,1,0],[1,1,1,1,0,0,0,0,0,0]]"
4,961,-0.00011636296067893222,0.00011636296067893222,"[[1,1,0,0,1,1,1,1,1,0],[1,1,1,1,0,0,0,0,0,1]]"
4,962,-0.00026506874697771946,0.00026506874697771946,"[[1,1,0,0,1,1,1,1,1,0],[1,1,1,1,0,0,0,0,1,0]]"
4,963,-0.00033742297333359486,0.00033742297333359486,"[[1,1,0,0,1,1,1,1,1,0],[1,1,1,1,0,0,0,0,1,1]]"
4,964,-0.0008082722800665466,0.0008082722800665466,"[[1,1,0,0,1,1,1,1,1,0],[1,1,1,1,0,0,0,1,0,0]]"
4,965,-0.0009391835699887935,0.0009391835699887935,"[[1,1,0,0,1,1,1,1,1,0],[1,1,1,1,0,0,0,1,0,1]]"
4,966,-0.001675951245116333,0.001675951245116333,"[[1,1,0,0,1,1,1,1,1,0],[1,1,1,1,0,0,0,1,1,0]]"
4,967,-0.001883528632605362,0.001883528632605362,"[[1,1,0,0,1,1,1,1,1,0],[1,1,1,1,0,0,0,1,1,1]]"
4,968,-0.002013700898235701,0.002013700898235701,"[[1,1,0,0,1,1,1,1,1,0],[1,1,1,1,0,0,1,0,0,0]]"
4,969,-0.002090944353055785,0.002090944353055785,"[[1,1,0,0,1,1,1,1,1,0],[1,1,1,1,0,0,1,0,0,1]]"
4,970,-0.003076103405433309,0.003076103405433309,"[[1,1,0,0,1,1,1,1,1,0],[1,1,1,1,0,0,1,0,1,0]]"
4,971,-0.0032757550223281393,0.0032757550223281393,"[[1,1,0,0,1,1,1,1,1,0],[1,1,1,1,0,0,1,0,1,1]]"
4,972,-0.005661524800226922,0.005661524800226922,"[[1,1,0,0,1,1,1,1,1,0],[1,1,1,1,0,0,1,1,0,0]]"
4,973,-0.005843801284995587,0.005843801284995587,"[[1,1,0,0,1,1,1,1,1,0],[1,1,1,1,0,0,1,1,0,1]]"
4,974,-0.007594296926865451,0.007594296926865451,"[[1,1,0,0,1,1,1,1,1,0],[1,1,1,1,0,0,1,1,1,0]]"
4,975,-0.007799098306356751,0.007799098306356751,"[[1,1,0,0,1,1,1,1,1,0],[1,1,1,1,0,0,1,1,1,1]]"
4,976,-0.0040895386934019055,0.0040895386934019055,"[[1,1,0,0,1,1,1,1,1,0],[1,1,1,1,0,1,0,0,0,0]]"
4,977,-0.004221961421361831,0.004221961421361831,"[[1,1,0,0,1,1,1,1,1,0],[1,1,1,1,0,1,0,0,0,1]]"
4,978,-0.0052983405484785286,0.0052983405484785286,"[[1,1,0,0,1,1,1,1,1,0],[1,1,1,1,0,1,0,0,1,0]]"
4,979,-0.005552829363437945,0.005552829363437945,"[[1,1,0,0,1,1,1,1,1,0],[1,1,1,1,0,1,0,0,1,1]]"
4,980,-0.008173293109187239,0.008173293109187239,"[[1,1,0,0,1,1,1,1,1,0],[1,1,1,1,0,1,0,1,0,0]]"
4,981,-0.0082520664106926,0.0082520664106926,"[[1,1,0,0,1,1,1,1,1,0],[1,1,1,1,0,1,0,1,0,1]]"
4,982,-0.010195526211865945,0.010195526211865945,"[[1,1,0,0,1,1,1,1,1,0],[1,1,1,1,0,1,0,1,1,0]]"
4,983,-0.010416627516654776,0.010416627516654776,"[[1,1,0,0,1,1,1,1,1,0],[1,1,1,1,0,1,0,1,1,1]]"
4,984,-0.012981822719758333,0.012981822719758333,"[[1,1,0,0,1,1,1,1,1,0],[1,1,1,1,0,1,1,0,0,0]]"
4,985,-0.013180085522836959,0.013180085522836959,"[[1,1,0,0,1,1,1,1,1,0],[1,1,1,1,0,1,1,0,0,1]]"
4,986,-0.015218919782556432,0.015218919782556432,"[[1,1,0,0,1,1,1,1,1,0],[1,1,1,1,0,1,1,0,1,0]]"
4,987,-0.015493904590634912,0.015493904590634912,"[[1,1,0,0,1,1,1,1,1,0],[1,1,1,1,0,1,1,0,1,1]]"
4,988,-0.020218011632658607,0.020218011632658607,"[[1,1,0,0,1,1,1,1,1,0],[1,1,1,1,0,1,1,1,0,0]]"
4,989,-0.020052935682369755,0.020052935682369755,"[[1,1,0,0,1,1,1,1,1,0],[1,1,1,1,0,1,1,1,0,1]]"
4,990,-0.022494553707291427,0.022494553707291427,"[[1,1,0,0,1,1,1,1,1,0],[1,1,1,1,0,1,1,1,1,0]]"
4,991,-0.022766927626706613,0.022766927626706613,"[[1,1,0,0,1,1,1,1,1,0],[1,1,1,1,0,1,1,1,1,1]]"
4,992,-0.00014119205711610012,0.00014119205711610012,"[[1,1,0,0,1,1,1,1,1,1],[1,1,1,1,0,0,0,0,0,0]]"
4,993,-0.00012050511010278729,0.00012050511010278729,"[[1,1,0,0,1,1,1,1,1,1],[1,1,1,1,0,0,0,0,0,1]]"
4,994,-0.0002137873554772289,0.0002137873554772289,"[[1,1,0,0,1,1,1,1,1,1],[1,1,1,1,0,0,0,0,1,0]]"
4,995,-0.00028634180044037003,0.00028634180044037003,"[[1,1,0,0,1,1,1,1,1,1],[1,1,1,1,0,0,0,0,1,1]]"
4,996,-0.0006396148409156623,0.0006396148409156623,"[[1,1,0,0,1,1,1,1,1,1],[1,1,1,1,0,0,0,1,0,0]]"
4,997,-0.0007608114031755378,0.0007608114031755378,"[[1,1,0,0,1,1,1,1,1,1],[1,1,1,1,0,0,0,1,0,1]]"
4,998,-0.0014946293952690978,0.0014946293952690978,"[[1,1,0,0,1,1,1,1,1,1],[1,1,1,1,0,0,0,1,1,0]]"
4,999,-0.0017407791337396114,0.0017407791337396114,"[[1,1,0,0,1,1,1,1,1,1],[1,1,1,1,0,0,0,1,1,1]]"
4,1000,-0.0017280728524299463,0.0017280728524299463,"[[1,1,0,0,1,1,1,1,1,1],[1,1,1,1,0,0,1,0,0,0]]"
4,1001,-0.0018408807278006852,0.0018408807278006852,"[[1,1,0,0,1,1,1,1,1,1],[1,1,1,1,0,0,1,0,0,1]]"
4,1002,-0.0029288346337226125,0.0029288346337226125,"[[1,1,0,0,1,1,1,1,1,1],[1,1,1,1,0,0,1,0,1,0]]"
4,1003,-0.0032066442761023673,0.0032066442761023673,"[[1,1,0,0,1,1,1,1,1,1],[1,1,1,1,0,0,1,0,1,1]]"
4,1004,-0.0052688676418069635,0.0052688676418069635,"[[1,1,0,0,1,1,1,1,1,1],[1,1,1,1,0,0,1,1,0,0]]"
4,1005,-0.005594921896023081,0.005594921896023081,"[[1,1,0,0,1,1,1,1,1,1],[1,1,1,1,0,0,1,1,0,1]]"
4,1006,-0.0074640288932932165,0.0074640288932932165,"[[1,1,0,0,1,1,1,1,1,1],[1,1,1,1,0,0,1,1,1,0]]"
4,1007,-0.007909279073627732,0.007909279073627732,"[[1,1,0,0,1,1,1,1,1,1],[1,1,1,1,0,0,1,1,1,1]]"
4,1008,-0.003655712563904634,0.003655712563904634,"[[1,1,0,0,1,1,1,1,1,1],[1,1,1,1,0,1,0,0,0,0]]"
4,1009,-0.0038215322246325785,0.0038215322246325785,"[[1,1,0,0,1,1,1,1,1,1],[1,1,1,1,0,1,0,0,0,1]]"
4,1010,-0.005012629675608568,0.005012629675608568,"[[1,1,0,0,1,1,1,1,1,1],[1,1,1,1,0,1,0,0,1,0]]"
4,1011,-0.005354501189933324,0.005354501189933324,"[[1,1,0,0,1,1,1,1,1,1],[1,1,1,1,0,1,0,0,1,1]]"
4,1012,-0.007573576393989363,0.007573576393989363,"[[1,1,0,0,1,1,1,1,1,1],[1,1,1,1,0,1,0,1,0,0]]"
4,1013,-0.007912252525546984,0.007912252525546984,"[[1,1,0,0,1,1,1,1,1,1],[1,1,1,1,0,1,0,1,0,1]]"
4,1014,-0.009864714360686058,0.009864714360686058,"[[1,1,0,0,1,1,1,1,1,1],[1,1,1,1,0,1,0,1,1,0]]"
4,1015,-0.01041391636812641,0.01041391636812641,"[[1,1,0,0,1,1,1,1,1,1],[1,1,1,1,0,1,0,1,1,1]]"
4,1016,-0.01219915786491818,0.01219915786491818,"[[1,1,0,0,1,1,1,1,1,1],[1,1,1,1,0,1,1,0,0,0]]"
4,1017,-0.012627709811513909,0.012627709811513909,"[[1,1,0,0,1,1,1,1,1,1],[1,1,1,1,0,1,1,0,0,1]]"
4,1018,-0.014794796452832217,0.014794796452832217,"[[1,1,0,0,1,1,1,1,1,1],[1,1,1,1,0,1,1,0,1,0]]"
4,1019,-0.015405425789816735,0.015405425789816735,"[[1,1,0,0,1,1,1,1,1,1],[1,1,1,1,0,1,1,0,1,1]]"
4,1020,-0.019698039499723135,0.019698039499723135,"[[1,1,0,0,1,1,1,1,1,1],[1,1,1,1,0,1,1,1,0,0]]"
4,1021,-0.020005746696029753,0.020005746696029753,"[[1,1,0,0,1,1,1,1,1,1],[1,1,1,1,0,1,1,1,0,1]]"
4,1022,-0.022354455555602327,0.022354455555602327,"[[1,1,0,0,1,1,1,1,1,1],[1,1,1,1,0,1,1,1,1,0]]"
4,1023,-0.023018049152720547,0.023018049152720547,"[[1,1,0,0,1,1,1,1,1,1],[1,1,1,1,0,1,1,1,1,1]]"
5,0,-0.020846216378158474,0.020846216378158474,"[[1,1,0,0,1,0,0,0,0,0],[1,1,1,1,0,0,0,0,0,0]]"
5,1,-0.020937070177240006,0.020937070177240006,"[[1,1,0,0,1,0,0,0,0,0],[1,1,1,1,0,0,0,0,0,1]]"
5,2,-0.02239166139296805,0.02239166139296805,"[[1,1,0,0,1,0,0,0,0,0],[1,1,1,1,0,0,0,0,1,0]]"
5,3,-0.02260864546568193,0.02260864546568193,"[[1,1,0,0,1,0,0,0,0,0],[1,1,1,1,0,0,0,0,1,1]]"
5,4,-0.0252035210284172,0.0252035210284172,"[[1,1,0,0,1,0,0,0,0,0],[1,1,1,1,0,0,0,1,0,0]]"
5,5,-0.025452004553424997,0.025452004553424997,"[[1,1,0,0,1,0,0,0,0,0],[1,1,1,1,0,0,0,1,0,1]]"
5,6,-0.02656389636591894,0.02656389636591894,"[[1,1,0,0,1,0,0,0,0,0],[1,1,1,1,0,0,0,1,1,0]]"
5,7,-0.02582195026614769,0.02582195026614769,"[[1,1,0,0,1,0,0,0,0,0],[1,1,1,1,0,0,0,1,1,1]]"
5,8,-0.03107757803824371,0.03107757803824371,"[[1,1,0,0,1,0,0,0,0,0],[1,1,1,1,0,0,1,0,0,0]]"
5,9,-0.03117845379540965,0.03117845379540965,"[[1,1,0,0,1,0,0,0,0,0],[1,1,1,1,0,0,1,0,0,1]]"
5,10,-0.03249036230633438,0.03249036230633438,"[[1,1,0,0,1,0,0,0,0,0],[1,1,1,1,0,0,1,0,1,0]]"
5,11,-0.032303332771611626,0.032303332771611626,"[[1,1,0,0,1,0,0,0,0,0],[1,1,1,1,0,0,1,0,1,1]]"
5,12,-0.03492195892991929,0.03492195892991929,"[[1,1,0,0,1,0,0,0,0,0],[1,1,1,1,0,0,1,1,0,0]]"
5,13,-0.03439278546206086,0.03439278546206086,"[[1,1,0,0,1,0,0,0,0,0],[1,1,1,1,0,0,1,1,0,1]]"
5,14,-0.03511543902374309,0.03511543902374309,"[[1,1,0,0,1,0,0,0,0,0],[1,1,1,1,0,0,1,1,1,0]]"
5,15,-0.03258257717223505,0.03258257717223505,"[[1,1,0,0,1,0,0,0,0,0],[1,1,1,1,0,0,1,1,1,1]]"
5,16,-0.03633521255742806,0.03633521255742806,"[[1,1,0,0,1,0,0,0,0,0],[1,1,1,1,0,1,0,0,0,0]]"
5,17,-0.03661368123694493,0.03661368123694493,"[[1,1,0,0,1,0,0,0,0,0],[1,1,1,1,0,1,0,0,0,1]]"
5,18,-0.037901404817473734,0.037901404817473734,"[[1,1,0,0,1,0,0,0,0,0],[1,1,1,1,0,1,0,0,1,0]]"
5,19,-0.037925550711192406,0.037925550711192406,"[[1,1,0,0,1,0,0,0,0,0],[1,1,1,1,0,1,0,0,1,1]]"
5,20,-0.04023819159628629,0.04023819159628629,"[[1,1,0,0,1,0,0,0,0,0],[1,1,1,1,0,1,0,1,0,0]]"
5,21,-0.039751639235984154,0.039751639235984154,"[[1,1,0,0,1,0,0,0,0,0],[1,1,1,1,0,1,0,1,0,1]]"
5,22,-0.04071963272834358,0.04071963272834358,"[[1,1,0,0,1,0,0,0,0,0],[1,1,1,1,0,1,0,1,1,0]]"
5,23,-0.038486865837656925,0.038486865837656925,"[[1,1,0,0,1,0,0,0,0,0],[1,1,1,1,0,1,0,1,1,1]]"
5,24,-0.04626711413843733,0.04626711413843733,"[[1,1,0,0,1,0,0,0,0,0],[1,1,1,1,0,1,1,0,0,0]]"
5,25,-0.04627275291849377,0.04627275291849377,"[[1,1,0,0,1,0,0,0,0,0],[1,1,1,1,0,1,1,0,0,1]]"
5,26,-0.04777804227026192,0.04777804227026192,"[[1,1,0,0,1,0,0,0,0,0],[1,1,1,1,0,1,1,0,1,0]]"
5,27,-0.0466059143542967,0.0466059143542967,"[[1,1,0,0,1,0,0,0,0,0],[1,1,1,1,0,1,1,0,1,1]]"
5,28,-0.04853616818730381,0.04853616818730381,"[[1,1,0,0,1,0,0,0,0,0],[1,1,1,1,0,1,1,1,0,0]]"
5,29,-0.04713354197487743,0.04713354197487743,"[[1,1,0,0,1,0,0,0,0,0],[1,1,1,1,0,1,1,1,0,1]]"
5,30,-0.046123517822644546,0.046123517822644546,"[[1,1,0,0,1,0,0,0,0,0],[1,1,1,1,0,1,1,1,1,0]]"
5,31,-0.040670991257316276,0.040670991257316276,"[[1,1,0,0,1,0,0,0,0,0],[1,1,1,1,0,1,1,1,1,1]]"
5,32,-0.02091615878657478,0.02091615878657478,"[[1,1,0,0,1,0,0,0,0,1],[1,1,1,1,0,0,0,0,0,0]]"
5,33,-0.02112811366884742,0.02112811366884742,"[[1,1,0,0,1,0,0,0,0,1],[1,1,1,1,0,0,0,0,0,1]]"
5,34,-0.022648312102232657,0.022648312102232657,"[[1,1,0,0,1,0,0,0,0,1],[1,1,1,1,0,0,0,0,1,0]]"
5,35,-0.022884204909081093,0.022884204909081093,"[[1,1,0,0,1,0,0,0,0,1],[1,1,1,1,0,0,0,0,1,1]]"
5,36,-0.025738644945336616,0.025738644945336616,"[[1,1,0,0,1,0,0,0,0,1],[1,1,1,1,0,0,0,1,0,0]]"
5,37,-0.025934199950152274,0.025934199950152274,"[[1,1,0,0,1,0,0,0,0,1],[1,1,1,1,0,0,0,1,0,1]]"
5,38,-0.02693147998974795,0.02693147998974795,"[[1,1,0,0,1,0,0,0,0,1],[1,1,1,1,0,0,0,1,1,0]]"
5,39,-0.026728586948917686,0.026728586948917686,"[[1,1,0,0,1,0,0,0,0,1],[1,1,1,1,0,0,0,1,1,1]]"
5,40,-0.03143671493400391,0.03143671493400391,"[[1,1,0,0,1,0,0,0,0,1],[1,1,1,1,0,0,1,0,0,0]]"
5,41,-0.03181300979002341,0.03181300979002341,"[[1,1,0,0,1,0,0,0,0,1],[1,1,1,1,0,0,1,0,0,1]]"
5,42,-0.033097142113633446,0.033097142113633446,"[[1,1,0,0,1,0,0,0,0,1],[1,1,1,1,0,0,1,0,1,0]]"
5,43,-0.032715149708647154,0.032715149708647154,"[[1,1,0,0,1,0,0,0,0,1],[1,1,1,1,0,0,1,0,1,1]]"
5,44,-0.03612438605721819,0.03612438605721819,"[[1,1,0,0,1,0,0,0,0,1],[1,1,1,1,0,0,1,1,0,0]]"
5,45,-0.03552920930883944,0.03552920930883944,"[[1,1,0,0,1,0,0,0,0,1],[1,1,1,1,0,0,1,1,0,1]]"
5,46,-0.03614796491476388,0.03614796491476388,"[[1,1,0,0,1,0,0,0,0,1],[1,1,1,1,0,0,1,1,1,0]]"
5,47,-0.03473817339153575,0.03473817339153575,"[[1,1,0,0,1,0,0,0,0,1],[1,1,1,1,0,0,1,1,1,1]]"
5,48,-0.037337859318670376,0.037337859318670376,"[[1,1,0,0,1,0,0,0,0,1],[1,1,1,1,0,1,0,0,0,0]]"
5,49,-0.03730285636900503,0.03730285636900503,"[[1,1,0,0,1,0,0,0,0,1],[1,1,1,1,0,1,0,0,0,1]]"
5,50,-0.038660109568703326,0.038660109568703326,"[[1,1,0,0,1,0,0,0,0,1],[1,1,1,1,0,1,0,0,1,0]]"
5,51,-0.03829514037733221,0.03829514037733221,"[[1,1,0,0,1,0,0,0,0,1],[1,1,1,1,0,1,0,0,1,1]]"
5,52,-0.04196055398549077,0.04196055398549077,"[[1,1,0,0,1,0,0,0,0,1],[1,1,1,1,0,1,0,1,0,0]]"
5,53,-0.04108518755287203,0.04108518755287203,"[[1,1,0,0,1,0,0,0,0,1],[1,1,1,1,0,1,0,1,0,1]]"
5,54,-0.04199545493032247,0.04199545493032247,"[[1,1,0,0,1,0,0,0,0,1],[1,1,1,1,0,1,0,1,1,0]]"
5,55,-0.04038850900826058,0.04038850900826058,"[[1,1,0,0,1,0,0,0,0,1],[1,1,1,1,0,1,0,1,1,1]]"
5,56,-0.04860959727234837,0.04860959727234837,"[[1,1,0,0,1,0,0,0,0,1],[1,1,1,1,0,1,1,0,0,0]]"
5,57,-0.04775166251373603,0.04775166251373603,"[[1,1,0,0,1,0,0,0,0,1],[1,1,1,1,0,1,1,0,0,1]]"
5,58,-0.049457270247968255,0.049457270247968255,"[[1,1,0,0,1,0,0,0,0,1],[1,1,1,1,0,1,1,0,1,0]]"
5,59,-0.04781983762441415,0.04781983762441415,"[[1,1,0,0,1,0,0,0,0,1],[1,1,1,1,0,1,1,0,1,1]]"
5,60,-0.05100555829544136,0.05100555829544136,"[[1,1,0,0,1,0,0,0,0,1],[1,1,1,1,0,1,1,1,0,0]]"
5,61,-0.04964817018279042,0.04964817018279042,"[[1,1,0,0,1,0,0,0,0,1],[1,1,1,1,0,1,1,1,0,1]]"
5,62,-0.04914713975133434,0.04914713975133434,"[[1,1,0,0,1,0,0,0,0,1],[1,1,1,1,0,1,1,1,1,0]]"
5,63,-0.04526409284222333,0.04526409284222333,"[[1,1,0,0,1,0,0,0,0,1],[1,1,1,1,0,1,1,1,1,1]]"
5,64,-0.018757131895646914,0.018757131895646914,"[[1,1,0,0,1,0,0,0,1,0],[1,1,1,1,0,0,0,0,0,0]]"
5,65,-0.018546793282630956,0.018546793282630956,"[[1,1,0,0,1,0,0,0,1,0],[1,1,1,1,0,0,0,0,0,1]]"
5,66,-0.02087593179391083,0.02087593179391083,"[[1,1,0,0,1,0,0,0,1,0],[1,1,1,1,0,0,0,0,1,0]]"
5,67,-0.021047114796627398,0.021047114796627398,"[[1,1,0,0,1,0,0,0,1,0],[1,1,1,1,0,0,0,0,1,1]]"
5,68,-0.024775365908262136,0.024775365908262136,"[[1,1,0,0,1,0,0,0,1,0],[1,1,1,1,0,0,0,1,0,0]]"
5,69,-0.024800901276842806,0.024800901276842806,"[[1,1,0,0,1,0,0,0,1,0],[1,1,1,1,0,0,0,1,0,1]]"
5,70,-0.026352281799674346,0.026352281799674346,"[[1,1,0,0,1,0,0,0,1,0],[1,1,1,1,0,0,0,1,1,0]]"
5,71,-0.02623693389735818,0.02623693389735818,"[[1,1,0,0,1,0,0,0,1,0],[1,1,1,1,0,0,0,1,1,1]]"
5,72,-0.029959994949194223,0.029959994949194223,"[[1,1,0,0,1,0,0,0,1,0],[1,1,1,1,0,0,1,0,0,0]]"
5,73,-0.02980520344019614,0.02980520344019614,"[[1,1,0,0,1,0,0,0,1,0],[1,1,1,1,0,0,1,0,0,1]]"
5,74,-0.032040658547917655,0.032040658547917655,"[[1,1,0,0,1,0,0,0,1,0],[1,1,1,1,0,0,1,0,1,0]]"
5,75,-0.031940029118340985,0.031940029118340985,"[[1,1,0,0,1,0,0,0,1,0],[1,1,1,1,0,0,1,0,1,1]]"
5,76,-0.035907889666790364,0.035907889666790364,"[[1,1,0,0,1,0,0,0,1,0],[1,1,1,1,0,0,1,1,0,0]]"
5,77,-0.03583710635113823,0.03583710635113823,"[[1,1,0,0,1,0,0,0,1,0],[1,1,1,1,0,0,1,1,0,1]]"
5,78,-0.036672823632732575,0.036672823632732575,"[[1,1,0,0,1,0,0,0,1,0],[1,1,1,1,0,0,1,1,1,0]]"
5,79,-0.03601234626121265,0.03601234626121265,"[[1,1,0,0,1,0,0,0,1,0],[1,1,1,1,0,0,1,1,1,1]]"
5,80,-0.035702915139208126,0.035702915139208126,"[[1,1,0,0,1,0,0,0,1,0],[1,1,1,1,0,1,0,0,0,0]]"
5,81,-0.035356241497294424,0.035356241497294424,"[[1,1,0,0,1,0,0,0,1,0],[1,1,1,1,0,1,0,0,0,1]]"
5,82,-0.037517564407141275,0.037517564407141275,"[[1,1,0,0,1,0,0,0,1,0],[1,1,1,1,0,1,0,0,1,0]]"
5,83,-0.03741308922360556,0.03741308922360556,"[[1,1,0,0,1,0,0,0,1,0],[1,1,1,1,0,1,0,0,1,1]]"
5,84,-0.04226370641606228,0.04226370641606228,"[[1,1,0,0,1,0,0,0,1,0],[1,1,1,1,0,1,0,1,0,0]]"
5,85,-0.04176495432700301,0.04176495432700301,"[[1,1,0,0,1,0,0,0,1,0],[1,1,1,1,0,1,0,1,0,1]]"
5,86,-0.04234353211079057,0.04234353211079057,"[[1,1,0,0,1,0,0,0,1,0],[1,1,1,1,0,1,0,1,1,0]]"
5,87,-0.041515708614165946,0.041515708614165946,"[[1,1,0,0,1,0,0,0,1,0],[1,1,1,1,0,1,0,1,1,1]]"
5,88,-0.04755672075351183,0.04755672075351183,"[[1,1,0,0,1,0,0,0,1,0],[1,1,1,1,0,1,1,0,0,0]]"
5,89,-0.046779276634055636,0.046779276634055636,"[[1,1,0,0,1,0,0,0,1,0],[1,1,1,1,0,1,1,0,0,1]]"
5,90,-0.04876263980305933,0.04876263980305933,"[[1,1,0,0,1,0,0,0,1,0],[1,1,1,1,0,1,1,0,1,0]]"
5,91,-0.04809605455252438,0.04809605455252438,"[[1,1,0,0,1,0,0,0,1,0],[1,1,1,1,0,1,1,0,1,1]]"
5,92,-0.051146696313249744,0.051146696313249744,"[[1,1,0,0,1,0,0,0,1,0],[1,1,1,1,0,1,1,1,0,0]]"
5,93,-0.05048838979685958,0.05048838979685958,"[[1,1,0,0,1,0,0,0,1,0],[1,1,1,1,0,1,1,1,0,1]]"
5,94,-0.05006020168631161,0.05006020168631161,"[[1,1,0,0,1,0,0,0,1,0],[1,1,1,1,0,1,1,1,1,0]]"
5,95,-0.048491948448832735,0.048491948448832735,"[[1,1,0,0,1,0,0,0,1,0],[1,1,1,1,0,1,1,1,1,1]]"
5,96,-0.01836094308386247,0.01836094308386247,"[[1,1,0,0,1,0,0,0,1,1],[1,1,1,1,0,0,0,0,0,0]]"
5,97,-0.01876297022701219,0.01876297022701219,"[[1,1,0,0,1,0,0,0,1,1],[1,1,1,1,0,0,0,0,0,1]]"
5,98,-0.020829750628122434,0.020829750628122434,"[[1,1,0,0,1,0,0,0,1,1],[1,1,1,1,0,0,0,0,1,0]]"
5,99,-0.021211795762858133,0.021211795762858133,"[[1,1,0,0,1,0,0,0,1,1],[1,1,1,1,0,0,0,0,1,1]]"
5,100,-0.024291621000988292,0.024291621000988292,"[[1,1,0,0,1,0,0,0,1,1],[1,1,1,1,0,0,0,1,0,0]]"
5,101,-0.024865767110253616,0.024865767110253616,"[[1,1,0,0,1,0,0,0,1,1],[1,1,1,1,0,0,0,1,0,1]]"
5,102,-0.02659896296969208,0.02659896296969208,"[[1,1,0,0,1,0,0,0,1,1],[1,1,1,1,0,0,0,1,1,0]]"
5,103,-0.0267293829158055,0.0267293829158055,"[[1,1,0,0,1,0,0,0,1,1],[1,1,1,1,0,0,0,1,1,1]]"
5,104,-0.029534153635980692,0.029534153635980692,"[[1,1,0,0,1,0,0,0,1,1],[1,1,1,1,0,0,1,0,0,0]]"
5,105,-0.030016203793753957,0.030016203793753957,"[[1,1,0,0,1,0,0,0,1,1],[1,1,1,1,0,0,1,0,0,1]]"
5,106,-0.03191915853613844,0.03191915853613844,"[[1,1,0,0,1,0,0,0,1,1],[1,1,1,1,0,0,1,0,1,0]]"
5,107,-0.03232795427400409,0.03232795427400409,"[[1,1,0,0,1,0,0,0,1,1],[1,1,1,1,0,0,1,0,1,1]]"
5,108,-0.035579506712606096,0.035579506712606096,"[[1,1,0,0,1,0,0,0,1,1],[1,1,1,1,0,0,1,1,0,0]]"
5,109,-0.03614847856012814,0.03614847856012814,"[[1,1,0,0,1,0,0,0,1,1],[1,1,1,1,0,0,1,1,0,1]]"
5,110,-0.03742716804867471,0.03742716804867471,"[[1,1,0,0,1,0,0,0,1,1],[1,1,1,1,0,0,1,1,1,0]]"
5,111,-0.03682985421840592,0.03682985421840592,"[[1,1,0,0,1,0,0,0,1,1],[1,1,1,1,0,0,1,1,1,1]]"
5,112,-0.035499216376724284,0.035499216376724284,"[[1,1,0,0,1,0,0,0,1,1],[1,1,1,1,0,1,0,0,0,0]]"
5,113,-0.035872648822823476,0.035872648822823476,"[[1,1,0,0,1,0,0,0,1,1],[1,1,1,1,0,1,0,0,0,1]]"
5,114,-0.037911131834624336,0.037911131834624336,"[[1,1,0,0,1,0,0,0,1,1],[1,1,1,1,0,1,0,0,1,0]]"
5,115,-0.03800520910633865,0.03800520910633865,"[[1,1,0,0,1,0,0,0,1,1],[1,1,1,1,0,1,0,0,1,1]]"
5,116,-0.04211749803315615,0.04211749803315615,"[[1,1,0,0,1,0,0,0,1,1],[1,1,1,1,0,1,0,1,0,0]]"
5,117,-0.042280992837274815,0.042280992837274815,"[[1,1,0,0,1,0,0,0,1,1],[1,1,1,1,0,1,0,1,0,1]]"
5,118,-0.0434738081531734,0.0434738081531734,"[[1,1,0,0,1,0,0,0,1,1],[1,1,1,1,0,1,0,1,1,0]]"
5,119,-0.0425534575436857,0.0425534575436857,"[[1,1,0,0,1,0,0,0,1,1],[1,1,1,1,0,1,0,1,1,1]]"
5,120,-0.04862376150029249,0.04862376150029249,"[[1,1,0,0,1,0,0,0,1,1],[1,1,1,1,0,1,1,0,0,0]]"
5,121,-0.04814975272134903,0.04814975272134903,"[[1,1,0,0,1,0,0,0,1,1],[1,1,1,1,0,1,1,0,0,1]]"
5,122,-0.04994668857041031,0.04994668857041031,"[[1,1,0,0,1,0,0,0,1,1],[1,1,1,1,0,1,1,0,1,0]]"
5,123,-0.04927091256184607,0.04927091256184607,"[[1,1,0,0,1,0,0,0,1,1],[1,1,1,1,0,1,1,0,1,1]]"
5,124,-0.05241212148439961,0.05241212148439961,"[[1,1,0,0,1,0,0,0,1,1],[1,1,1,1,0,1,1,1,0,0]]"
5,125,-0.05223173461969841,0.05223173461969841,"[[1,1,0,0,1,0,0,0,1,1],[1,1,1,1,0,1,1,1,0,1]]"
5,126,-0.05263234625197892,0.05263234625197892,"[[1,1,0,0,1,0,0,0,1,1],[1,1,1,1,0,1,1,1,1,0]]"
5,127,-0.05067982167272973,0.05067982167272973,"[[1,1,0,0,1,0,0,0,1,1],[1,1,1,1,0,1,1,1,1,1]]"
5,128,-0.015553050492075384,0.015553050492075384,"[[1,1,0,0,1,0,0,1,0,0],[1,1,1,1,0,0,0,0,0,0]]"
5,129,-0.015796944933302543,0.015796944933302543,"[[1,1,0,0,1,0,0,1,0,0],[1,1,1,1,0,0,0,0,0,1]]"
5,130,-0.01711154049139429,0.01711154049139429,"[[1,1,0,0,1,0,0,1,0,0],[1,1,1,1,0,0,0,0,1,0]]"
5,131,-0.017466375182539767,0.017466375182539767,"[[1,1,0,0,1,0,0,1,0,0],[1,1,1,1,0,0,0,0,1,1]]"
5,132,-0.02120098676561802,0.02120098676561802,"[[1,1,0,0,1,0,0,1,0,0],[1,1,1,1,0,0,0,1,0,0]]"
5,133,-0.021891496566920566,0.021891496566920566,"[[1,1,0,0,1,0,0,1,0,0],[1,1,1,1,0,0,0,1,0,1]]"
5,134,-0.02322990147924586,0.02322990147924586,"[[1,1,0,0,1,0,0,1,0,0],[1,1,1,1,0,0,0,1,1,0]]"
5,135,-0.023357409037518814,0.023357409037518814,"[[1,1,0,0,1,0,0,1,0,0],[1,1,1,1,0,0,0,1,1,1]]"
5,136,-0.026712068507545678,0.026712068507545678,"[[1,1,0,0,1,0,0,1,0,0],[1,1,1,1,0,0,1,0,0,0]]"
5,137,-0.027353215036501056,0.027353215036501056,"[[1,1,0,0,1,0,0,1,0,0],[1,1,1,1,0,0,1,0,0,1]]"
5,138,-0.028864617974923158,0.028864617974923158,"[[1,1,0,0,1,0,0,1,0,0],[1,1,1,1,0,0,1,0,1,0]]"
5,139,-0.02907101927780996,0.02907101927780996,"[[1,1,0,0,1,0,0,1,0,0],[1,1,1,1,0,0,1,0,1,1]]"
5,140,-0.03373145375664102,0.03373145375664102,"[[1,1,0,0,1,0,0,1,0,0],[1,1,1,1,0,0,1,1,0,0]]"
5,141,-0.03400950246873444,0.03400950246873444,"[[1,1,0,0,1,0,0,1,0,0],[1,1,1,1,0,0,1,1,0,1]]"
5,142,-0.03495251679603884,0.03495251679603884,"[[1,1,0,0,1,0,0,1,0,0],[1,1,1,1,0,0,1,1,1,0]]"
5,143,-0.03392434631764072,0.03392434631764072,"[[1,1,0,0,1,0,0,1,0,0],[1,1,1,1,0,0,1,1,1,1]]"
5,144,-0.031785244738327535,0.031785244738327535,"[[1,1,0,0,1,0,0,1,0,0],[1,1,1,1,0,1,0,0,0,0]]"
5,145,-0.032198191374867194,0.032198191374867194,"[[1,1,0,0,1,0,0,1,0,0],[1,1,1,1,0,1,0,0,0,1]]"
5,146,-0.03396617674722265,0.03396617674722265,"[[1,1,0,0,1,0,0,1,0,0],[1,1,1,1,0,1,0,0,1,0]]"
5,147,-0.03432442614608236,0.03432442614608236,"[[1,1,0,0,1,0,0,1,0,0],[1,1,1,1,0,1,0,0,1,1]]"
5,148,-0.038307586740091125,0.038307586740091125,"[[1,1,0,0,1,0,0,1,0,0],[1,1,1,1,0,1,0,1,0,0]]"
5,149,-0.03890784264888322,0.03890784264888322,"[[1,1,0,0,1,0,0,1,0,0],[1,1,1,1,0,1,0,1,0,1]]"
5,150,-0.04002469768866889,0.04002469768866889,"[[1,1,0,0,1,0,0,1,0,0],[1,1,1,1,0,1,0,1,1,0]]"
5,151,-0.039515240183080065,0.039515240183080065,"[[1,1,0,0,1,0,0,1,0,0],[1,1,1,1,0,1,0,1,1,1]]"
5,152,-0.04521480536498789,0.04521480536498789,"[[1,1,0,0,1,0,0,1,0,0],[1,1,1,1,0,1,1,0,0,0]]"
5,153,-0.04536337164138331,0.04536337164138331,"[[1,1,0,0,1,0,0,1,0,0],[1,1,1,1,0,1,1,0,0,1]]"
5,154,-0.04730641907338713,0.04730641907338713,"[[1,1,0,0,1,0,0,1,0,0],[1,1,1,1,0,1,1,0,1,0]]"
5,155,-0.046416827496772714,0.046416827496772714,"[[1,1,0,0,1,0,0,1,0,0],[1,1,1,1,0,1,1,0,1,1]]"
5,156,-0.05021665360871359,0.05021665360871359,"[[1,1,0,0,1,0,0,1,0,0],[1,1,1,1,0,1,1,1,0,0]]"
5,157,-0.05000682678346522,0.05000682678346522,"[[1,1,0,0,1,0,0,1,0,0],[1,1,1,1,0,1,1,1,0,1]]"
5,158,-0.05110771539336447,0.05110771539336447,"[[1,1,0,0,1,0,0,1,0,0],[1,1,1,1,0,1,1,1,1,0]]"
5,159,-0.04879809318136249,0.04879809318136249,"[[1,1,0,0,1,0,0,1,0,0],[1,1,1,1,0,1,1,1,1,1]]"
5,160,-0.01536234725446383,0.01536234725446383,"[[1,1,0,0,1,0,0,1,0,1],[1,1,1,1,0,0,0,0,0,0]]"
5,161,-0.015825508821846964,0.015825508821846964,"[[1,1,0,0,1,0,0,1,0,1],[1,1,1,1,0,0,0,0,0,1]]"
5,162,-0.017435824414577833,0.017435824414577833,"[[1,1,0,0,1,0,0,1,0,1],[1,1,1,1,0,0,0,0,1,0]]"
5,163,-0.01764777286790076,0.01764777286790076,"[[1,1,0,0,1,0,0,1,0,1],[1,1,1,1,0,0,0,0,1,1]]"
5,164,-0.02131541229889332,0.02131541229889332,"[[1,1,0,0,1,0,0,1,0,1],[1,1,1,1,0,0,0,1,0,0]]"
5,165,-0.021882981399143624,0.021882981399143624,"[[1,1,0,0,1,0,0,1,0,1],[1,1,1,1,0,0,0,1,0,1]]"
5,166,-0.023554193016775412,0.023554193016775412,"[[1,1,0,0,1,0,0,1,0,1],[1,1,1,1,0,0,0,1,1,0]]"
5,167,-0.023645878298810593,0.023645878298810593,"[[1,1,0,0,1,0,0,1,0,1],[1,1,1,1,0,0,0,1,1,1]]"
5,168,-0.026333847920039125,0.026333847920039125,"[[1,1,0,0,1,0,0,1,0,1],[1,1,1,1,0,0,1,0,0,0]]"
5,169,-0.02723216400836126,0.02723216400836126,"[[1,1,0,0,1,0,0,1,0,1],[1,1,1,1,0,0,1,0,0,1]]"
5,170,-0.02924718376843082,0.02924718376843082,"[[1,1,0,0,1,0,0,1,0,1],[1,1,1,1,0,0,1,0,1,0]]"
5,171,-0.029429202502339886,0.029429202502339886,"[[1,1,0,0,1,0,0,1,0,1],[1,1,1,1,0,0,1,0,1,1]]"
5,172,-0.033761317402134304,0.033761317402134304,"[[1,1,0,0,1,0,0,1,0,1],[1,1,1,1,0,0,1,1,0,0]]"
5,173,-0.03429642982763726,0.03429642982763726,"[[1,1,0,0,1,0,0,1,0,1],[1,1,1,1,0,0,1,1,0,1]]"
5,174,-0.03541295087229828,0.03541295087229828,"[[1,1,0,0,1,0,0,1,0,1],[1,1,1,1,0,0,1,1,1,0]]"
5,175,-0.03442264507981671,0.03442264507981671,"[[1,1,0,0,1,0,0,1,0,1],[1,1,1,1,0,0,1,1,1,1]]"
5,176,-0.03157717080788375,0.03157717080788375,"[[1,1,0,0,1,0,0,1,0,1],[1,1,1,1,0,1,0,0,0,0]]"
5,177,-0.03215308336228393,0.03215308336228393,"[[1,1,0,0,1,0,0,1,0,1],[1,1,1,1,0,1,0,0,0,1]]"
5,178,-0.03444431893892717,0.03444431893892717,"[[1,1,0,0,1,0,0,1,0,1],[1,1,1,1,0,1,0,0,1,0]]"
5,179,-0.03454408411505094,0.03454408411505094,"[[1,1,0,0,1,0,0,1,0,1],[1,1,1,1,0,1,0,0,1,1]]"
5,180,-0.03909767180354292,0.03909767180354292,"[[1,1,0,0,1,0,0,1,0,1],[1,1,1,1,0,1,0,1,0,0]]"
5,181,-0.039156092443024905,0.039156092443024905,"[[1,1,0,0,1,0,0,1,0,1],[1,1,1,1,0,1,0,1,0,1]]"
5,182,-0.040574581495023895,0.040574581495023895,"[[1,1,0,0,1,0,0,1,0,1],[1,1,1,1,0,1,0,1,1,0]]"
5,183,-0.03981690209298931,0.03981690209298931,"[[1,1,0,0,1,0,0,1,0,1],[1,1,1,1,0,1,0,1,1,1]]"
5,184,-0.04538635189946365,0.04538635189946365,"[[1,1,0,0,1,0,0,1,0,1],[1,1,1,1,0,1,1,0,0,0]]"
5,185,-0.0458326572136609,0.0458326572136609,"[[1,1,0,0,1,0,0,1,0,1],[1,1,1,1,0,1,1,0,0,1]]"
5,186,-0.04804104494290136,0.04804104494290136,"[[1,1,0,0,1,0,0,1,0,1],[1,1,1,1,0,1,1,0,1,0]]"
5,187,-0.04711814368004777,0.04711814368004777,"[[1,1,0,0,1,0,0,1,0,1],[1,1,1,1,0,1,1,0,1,1]]"
5,188,-0.051646858091107736,0.051646858091107736,"[[1,1,0,0,1,0,0,1,0,1],[1,1,1,1,0,1,1,1,0,0]]"
5,189,-0.05131721436957593,0.05131721436957593,"[[1,1,0,0,1,0,0,1,0,1],[1,1,1,1,0,1,1,1,0,1]]"
5,190,-0.05207593782894177,0.05207593782894177,"[[1,1,0,0,1,0,0,1,0,1],[1,1,1,1,0,1,1,1,1,0]]"
5,191,-0.04992511249567754,0.04992511249567754,"[[1,1,0,0,1,0,0,1,0,1],[1,1,1,1,0,1,1,1,1,1]]"
5,192,-0.012847844885857516,0.012847844885857516,"[[1,1,0,0,1,0,0,1,1,0],[1,1,1,1,0,0,0,0,0,0]]"
5,193,-0.013057727879341457,0.013057727879341457,"[[1,1,0,0,1,0,0,1,1,0],[1,1,1,1,0,0,0,0,0,1]]"
5,194,-0.015167685945851727,0.015167685945851727,"[[1,1,0,0,1,0,0,1,1,0],[1,1,1,1,0,0,0,0,1,0]]"
5,195,-0.015359107660683087,0.015359107660683087,"[[1,1,0,0,1,0,0,1,1,0],[1,1,1,1,0,0,0,0,1,1]]"
5,196,-0.01956962069208365,0.01956962069208365,"[[1,1,0,0,1,0,0,1,1,0],[1,1,1,1,0,0,0,1,0,0]]"
5,197,-0.019547237333683017,0.019547237333683017,"[[1,1,0,0,1,0,0,1,1,0],[1,1,1,1,0,0,0,1,0,1]]"
5,198,-0.021820114356156117,0.021820114356156117,"[[1,1,0,0,1,0,0,1,1,0],[1,1,1,1,0,0,0,1,1,0]]"
5,199,-0.02220127506559458,0.02220127506559458,"[[1,1,0,0,1,0,0,1,1,0],[1,1,1,1,0,0,0,1,1,1]]"
5,200,-0.023939092065735704,0.023939092065735704,"[[1,1,0,0,1,0,0,1,1,0],[1,1,1,1,0,0,1,0,0,0]]"
5,201,-0.02454400210560432,0.02454400210560432,"[[1,1,0,0,1,0,0,1,1,0],[1,1,1,1,0,0,1,0,0,1]]"
5,202,-0.02672859619696573,0.02672859619696573,"[[1,1,0,0,1,0,0,1,1,0],[1,1,1,1,0,0,1,0,1,0]]"
5,203,-0.027187796699049412,0.027187796699049412,"[[1,1,0,0,1,0,0,1,1,0],[1,1,1,1,0,0,1,0,1,1]]"
5,204,-0.03236823190107959,0.03236823190107959,"[[1,1,0,0,1,0,0,1,1,0],[1,1,1,1,0,0,1,1,0,0]]"
5,205,-0.03257573778640839,0.03257573778640839,"[[1,1,0,0,1,0,0,1,1,0],[1,1,1,1,0,0,1,1,0,1]]"
5,206,-0.03497671749127374,0.03497671749127374,"[[1,1,0,0,1,0,0,1,1,0],[1,1,1,1,0,0,1,1,1,0]]"
5,207,-0.03480651166168054,0.03480651166168054,"[[1,1,0,0,1,0,0,1,1,0],[1,1,1,1,0,0,1,1,1,1]]"
5,208,-0.02941122213011252,0.02941122213011252,"[[1,1,0,0,1,0,0,1,1,0],[1,1,1,1,0,1,0,0,0,0]]"
5,209,-0.0296133934618469,0.0296133934618469,"[[1,1,0,0,1,0,0,1,1,0],[1,1,1,1,0,1,0,0,0,1]]"
5,210,-0.03215954464825679,0.03215954464825679,"[[1,1,0,0,1,0,0,1,1,0],[1,1,1,1,0,1,0,0,1,0]]"
5,211,-0.03248400302603931,0.03248400302603931,"[[1,1,0,0,1,0,0,1,1,0],[1,1,1,1,0,1,0,0,1,1]]"
5,212,-0.03723339533034292,0.03723339533034292,"[[1,1,0,0,1,0,0,1,1,0],[1,1,1,1,0,1,0,1,0,0]]"
5,213,-0.037134395832705766,0.037134395832705766,"[[1,1,0,0,1,0,0,1,1,0],[1,1,1,1,0,1,0,1,0,1]]"
5,214,-0.039829246224268824,0.039829246224268824,"[[1,1,0,0,1,0,0,1,1,0],[1,1,1,1,0,1,0,1,1,0]]"
5,215,-0.03983028251101198,0.03983028251101198,"[[1,1,0,0,1,0,0,1,1,0],[1,1,1,1,0,1,0,1,1,1]]"
5,216,-0.0434301602141996,0.0434301602141996,"[[1,1,0,0,1,0,0,1,1,0],[1,1,1,1,0,1,1,0,0,0]]"
5,217,-0.043758916865277185,0.043758916865277185,"[[1,1,0,0,1,0,0,1,1,0],[1,1,1,1,0,1,1,0,0,1]]"
5,218,-0.046368084484205416,0.046368084484205416,"[[1,1,0,0,1,0,0,1,1,0],[1,1,1,1,0,1,1,0,1,0]]"
5,219,-0.04639420635725569,0.04639420635725569,"[[1,1,0,0,1,0,0,1,1,0],[1,1,1,1,0,1,1,0,1,1]]"
5,220,-0.05118177218044469,0.05118177218044469,"[[1,1,0,0,1,0,0,1,1,0],[1,1,1,1,0,1,1,1,0,0]]"
5,221,-0.05075159066467313,0.05075159066467313,"[[1,1,0,0,1,0,0,1,1,0],[1,1,1,1,0,1,1,1,0,1]]"
5,222,-0.05200598709332187,0.05200598709332187,"[[1,1,0,0,1,0,0,1,1,0],[1,1,1,1,0,1,1,1,1,0]]"
5,223,-0.05131985815378324,0.05131985815378324,"[[1,1,0,0,1,0,0,1,1,0],[1,1,1,1,0,1,1,1,1,1]]"
5,224,-0.012278563280351353,0.012278563280351353,"[[1,1,0,0,1,0,0,1,1,1],[1,1,1,1,0,0,0,0,0,0]]"
5,225,-0.012495526432335485,0.012495526432335485,"[[1,1,0,0,1,0,0,1,1,1],[1,1,1,1,0,0,0,0,0,1]]"
5,226,-0.014751582688849307,0.014751582688849307,"[[1,1,0,0,1,0,0,1,1,1],[1,1,1,1,0,0,0,0,1,0]]"
5,227,-0.01532031920921039,0.01532031920921039,"[[1,1,0,0,1,0,0,1,1,1],[1,1,1,1,0,0,0,0,1,1]]"
5,228,-0.019096565340873558,0.019096565340873558,"[[1,1,0,0,1,0,0,1,1,1],[1,1,1,1,0,0,0,1,0,0]]"
5,229,-0.019453196056539137,0.019453196056539137,"[[1,1,0,0,1,0,0,1,1,1],[1,1,1,1,0,0,0,1,0,1]]"
5,230,-0.021791066593434483,0.021791066593434483,"[[1,1,0,0,1,0,0,1,1,1],[1,1,1,1,0,0,0,1,1,0]]"
5,231,-0.022327586476734097,0.022327586476734097,"[[1,1,0,0,1,0,0,1,1,1],[1,1,1,1,0,0,0,1,1,1]]"
5,232,-0.02324965781056225,0.02324965781056225,"[[1,1,0,0,1,0,0,1,1,1],[1,1,1,1,0,0,1,0,0,0]]"
5,233,-0.024005640859831052,0.024005640859831052,"[[1,1,0,0,1,0,0,1,1,1],[1,1,1,1,0,0,1,0,0,1]]"
5,234,-0.026491951792103837,0.026491951792103837,"[[1,1,0,0,1,0,0,1,1,1],[1,1,1,1,0,0,1,0,1,0]]"
5,235,-0.02711727209702657,0.02711727209702657,"[[1,1,0,0,1,0,0,1,1,1],[1,1,1,1,0,0,1,0,1,1]]"
5,236,-0.03151033755392067,0.03151033755392067,"[[1,1,0,0,1,0,0,1,1,1],[1,1,1,1,0,0,1,1,0,0]]"
5,237,-0.03224157078935661,0.03224157078935661,"[[1,1,0,0,1,0,0,1,1,1],[1,1,1,1,0,0,1,1,0,1]]"
5,238,-0.03478432035118762,0.03478432035118762,"[[1,1,0,0,1,0,0,1,1,1],[1,1,1,1,0,0,1,1,1,0]]"
5,239,-0.03515278434374305,0.03515278434374305,"[[1,1,0,0,1,0,0,1,1,1],[1,1,1,1,0,0,1,1,1,1]]"
5,240,-0.028330658505311055,0.028330658505311055,"[[1,1,0,0,1,0,0,1,1,1],[1,1,1,1,0,1,0,0,0,0]]"
5,241,-0.028996235182145558,0.028996235182145558,"[[1,1,0,0,1,0,0,1,1,1],[1,1,1,1,0,1,0,0,0,1]]"
5,242,-0.03159461526876038,0.03159461526876038,"[[1,1,0,0,1,0,0,1,1,1],[1,1,1,1,0,1,0,0,1,0]]"
5,243,-0.03221578849147828,0.03221578849147828,"[[1,1,0,0,1,0,0,1,1,1],[1,1,1,1,0,1,0,0,1,1]]"
5,244,-0.03658732803074301,0.03658732803074301,"[[1,1,0,0,1,0,0,1,1,1],[1,1,1,1,0,1,0,1,0,0]]"
5,245,-0.03714499687319515,0.03714499687319515,"[[1,1,0,0,1,0,0,1,1,1],[1,1,1,1,0,1,0,1,0,1]]"
5,246,-0.03987933890416959,0.03987933890416959,"[[1,1,0,0,1,0,0,1,1,1],[1,1,1,1,0,1,0,1,1,0]]"
5,247,-0.04021559020651468,0.04021559020651468,"[[1,1,0,0,1,0,0,1,1,1],[1,1,1,1,0,1,0,1,1,1]]"
5,248,-0.042671686389337486,0.042671686389337486,"[[1,1,0,0,1,0,0,1,1,1],[1,1,1,1,0,1,1,0,0,0]]"
5,249,-0.043590848638814086,0.043590848638814086,"[[1,1,0,0,1,0,0,1,1,1],[1,1,1,1,0,1,1,0,0,1]]"
5,250,-0.046071385521597244,0.046071385521597244,"[[1,1,0,0,1,0,0,1,1,1],[1,1,1,1,0,1,1,0,1,0]]"
5,251,-0.046264418160162746,0.046264418160162746,"[[1,1,0,0,1,0,0,1,1,1],[1,1,1,1,0,1,1,0,1,1]]"
5,252,-0.05110708422486861,0.05110708422486861,"[[1,1,0,0,1,0,0,1,1,1],[1,1,1,1,0,1,1,1,0,0]]"
5,253,-0.051324203049841095,0.051324203049841095,"[[1,1,0,0,1,0,0,1,1,1],[1,1,1,1,0,1,1,1,0,1]]"
5,254,-0.052753095550484436,0.052753095550484436,"[[1,1,0,0,1,0,0,1,1,1],[1,1,1,1,0,1,1,1,1,0]]"
5,255,-0.052184078153924535,0.052184078153924535,"[[1,1,0,0,1,0,0,1,1,1],[1,1,1,1,0,1,1,1,1,1]]"
5,256,-0.011665511380729044,0.011665511380729044,"[[1,1,0,0,1,0,1,0,0,0],[1,1,1,1,0,0,0,0,0,0]]"
5,257,-0.011564110859586555,0.011564110859586555,"[[1,1,0,0,1,0,1,0,0,0],[1,1,1,1,0,0,0,0,0,1]]"
5,258,-0.013354665320255572,0.013354665320255572,"[[1,1,0,0,1,0,1,0,0,0],[1,1,1,1,0,0,0,0,1,0]]"
5,259,-0.013560940065036301,0.013560940065036301,"[[1,1,0,0,1,0,1,0,0,0],[1,1,1,1,0,0,0,0,1,1]]"
5,260,-0.015865143134274187,0.015865143134274187,"[[1,1,0,0,1,0,1,0,0,0],[1,1,1,1,0,0,0,1,0,0]]"
5,261,-0.016306985953326344,0.016306985953326344,"[[1,1,0,0,1,0,1,0,0,0],[1,1,1,1,0,0,0,1,0,1]]"
5,262,-0.018033915715317487,0.018033915715317487,"[[1,1,0,0,1,0,1,0,0,0],[1,1,1,1,0,0,0,1,1,0]]"
5,263,-0.018085672682923316,0.018085672682923316,"[[1,1,0,0,1,0,1,0,0,0],[1,1,1,1,0,0,0,1,1,1]]"
5,264,-0.02123601739408265,0.02123601739408265,"[[1,1,0,0,1,0,1,0,0,0],[1,1,1,1,0,0,1,0,0,0]]"
5,265,-0.021500155462611005,0.021500155462611005,"[[1,1,0,0,1,0,1,0,0,0],[1,1,1,1,0,0,1,0,0,1]]"
5,266,-0.023120081922555477,0.023120081922555477,"[[1,1,0,0,1,0,1,0,0,0],[1,1,1,1,0,0,1,0,1,0]]"
5,267,-0.023436018990554315,0.023436018990554315,"[[1,1,0,0,1,0,1,0,0,0],[1,1,1,1,0,0,1,0,1,1]]"
5,268,-0.026693854459078726,0.026693854459078726,"[[1,1,0,0,1,0,1,0,0,0],[1,1,1,1,0,0,1,1,0,0]]"
5,269,-0.026844017606556206,0.026844017606556206,"[[1,1,0,0,1,0,1,0,0,0],[1,1,1,1,0,0,1,1,0,1]]"
5,270,-0.027680547194427585,0.027680547194427585,"[[1,1,0,0,1,0,1,0,0,0],[1,1,1,1,0,0,1,1,1,0]]"
5,271,-0.026705009846675606,0.026705009846675606,"[[1,1,0,0,1,0,1,0,0,0],[1,1,1,1,0,0,1,1,1,1]]"
5,272,-0.027485068549244613,0.027485068549244613,"[[1,1,0,0,1,0,1,0,0,0],[1,1,1,1,0,1,0,0,0,0]]"
5,273,-0.02769471538132576,0.02769471538132576,"[[1,1,0,0,1,0,1,0,0,0],[1,1,1,1,0,1,0,0,0,1]]"
5,274,-0.029669867785055967,0.029669867785055967,"[[1,1,0,0,1,0,1,0,0,0],[1,1,1,1,0,1,0,0,1,0]]"
5,275,-0.030181378853513807,0.030181378853513807,"[[1,1,0,0,1,0,1,0,0,0],[1,1,1,1,0,1,0,0,1,1]]"
5,276,-0.03267706317644315,0.03267706317644315,"[[1,1,0,0,1,0,1,0,0,0],[1,1,1,1,0,1,0,1,0,0]]"
5,277,-0.033391887990227645,0.033391887990227645,"[[1,1,0,0,1,0,1,0,0,0],[1,1,1,1,0,1,0,1,0,1]]"
5,278,-0.03436225803717871,0.03436225803717871,"[[1,1,0,0,1,0,1,0,0,0],[1,1,1,1,0,1,0,1,1,0]]"
5,279,-0.03345292358939299,0.03345292358939299,"[[1,1,0,0,1,0,1,0,0,0],[1,1,1,1,0,1,0,1,1,1]]"
5,280,-0.040074790061520586,0.040074790061520586,"[[1,1,0,0,1,0,1,0,0,0],[1,1,1,1,0,1,1,0,0,0]]"
5,281,-0.04032870357090003,0.04032870357090003,"[[1,1,0,0,1,0,1,0,0,0],[1,1,1,1,0,1,1,0,0,1]]"
5,282,-0.04177336570338742,0.04177336570338742,"[[1,1,0,0,1,0,1,0,0,0],[1,1,1,1,0,1,1,0,1,0]]"
5,283,-0.04190682722992132,0.04190682722992132,"[[1,1,0,0,1,0,1,0,0,0],[1,1,1,1,0,1,1,0,1,1]]"
5,284,-0.04416707734724385,0.04416707734724385,"[[1,1,0,0,1,0,1,0,0,0],[1,1,1,1,0,1,1,1,0,0]]"
5,285,-0.04347664929222831,0.04347664929222831,"[[1,1,0,0,1,0,1,0,0,0],[1,1,1,1,0,1,1,1,0,1]]"
5,286,-0.04398143120058226,0.04398143120058226,"[[1,1,0,0,1,0,1,0,0,0],[1,1,1,1,0,1,1,1,1,0]]"
5,287,-0.04117096606534302,0.04117096606534302,"[[1,1,0,0,1,0,1,0,0,0],[1,1,1,1,0,1,1,1,1,1]]"
5,288,-0.011287682821694114,0.011287682821694114,"[[1,1,0,0,1,0,1,0,0,1],[1,1,1,1,0,0,0,0,0,0]]"
5,289,-0.011686239104676682,0.011686239104676682,"[[1,1,0,0,1,0,1,0,0,1],[1,1,1,1,0,0,0,0,0,1]]"
5,290,-0.01325435898000415,0.01325435898000415,"[[1,1,0,0,1,0,1,0,0,1],[1,1,1,1,0,0,0,0,1,0]]"
5,291,-0.013678200289240222,0.013678200289240222,"[[1,1,0,0,1,0,1,0,0,1],[1,1,1,1,0,0,0,0,1,1]]"
5,292,-0.01603352873468394,0.01603352873468394,"[[1,1,0,0,1,0,1,0,0,1],[1,1,1,1,0,0,0,1,0,0]]"
5,293,-0.016389555003614817,0.016389555003614817,"[[1,1,0,0,1,0,1,0,0,1],[1,1,1,1,0,0,0,1,0,1]]"
5,294,-0.018159424731237404,0.018159424731237404,"[[1,1,0,0,1,0,1,0,0,1],[1,1,1,1,0,0,0,1,1,0]]"
5,295,-0.01858261535548187,0.01858261535548187,"[[1,1,0,0,1,0,1,0,0,1],[1,1,1,1,0,0,0,1,1,1]]"
5,296,-0.02110704538954926,0.02110704538954926,"[[1,1,0,0,1,0,1,0,0,1],[1,1,1,1,0,0,1,0,0,0]]"
5,297,-0.021522292489763183,0.021522292489763183,"[[1,1,0,0,1,0,1,0,0,1],[1,1,1,1,0,0,1,0,0,1]]"
5,298,-0.023435197055281104,0.023435197055281104,"[[1,1,0,0,1,0,1,0,0,1],[1,1,1,1,0,0,1,0,1,0]]"
5,299,-0.023768595263644842,0.023768595263644842,"[[1,1,0,0,1,0,1,0,0,1],[1,1,1,1,0,0,1,0,1,1]]"
5,300,-0.02721898171884842,0.02721898171884842,"[[1,1,0,0,1,0,1,0,0,1],[1,1,1,1,0,0,1,1,0,0]]"
5,301,-0.02726410707556952,0.02726410707556952,"[[1,1,0,0,1,0,1,0,0,1],[1,1,1,1,0,0,1,1,0,1]]"
5,302,-0.028149691302425294,0.028149691302425294,"[[1,1,0,0,1,0,1,0,0,1],[1,1,1,1,0,0,1,1,1,0]]"
5,303,-0.02781047972682087,0.02781047972682087,"[[1,1,0,0,1,0,1,0,0,1],[1,1,1,1,0,0,1,1,1,1]]"
5,304,-0.0273978326652829,0.0273978326652829,"[[1,1,0,0,1,0,1,0,0,1],[1,1,1,1,0,1,0,0,0,0]]"
5,305,-0.027781220136617404,0.027781220136617404,"[[1,1,0,0,1,0,1,0,0,1],[1,1,1,1,0,1,0,0,0,1]]"
5,306,-0.029746002640580912,0.029746002640580912,"[[1,1,0,0,1,0,1,0,0,1],[1,1,1,1,0,1,0,0,1,0]]"
5,307,-0.030175686152781135,0.030175686152781135,"[[1,1,0,0,1,0,1,0,0,1],[1,1,1,1,0,1,0,0,1,1]]"
5,308,-0.0332329578519465,0.0332329578519465,"[[1,1,0,0,1,0,1,0,0,1],[1,1,1,1,0,1,0,1,0,0]]"
5,309,-0.03354779701813105,0.03354779701813105,"[[1,1,0,0,1,0,1,0,0,1],[1,1,1,1,0,1,0,1,0,1]]"
5,310,-0.03496090639397908,0.03496090639397908,"[[1,1,0,0,1,0,1,0,0,1],[1,1,1,1,0,1,0,1,1,0]]"
5,311,-0.034927002475776445,0.034927002475776445,"[[1,1,0,0,1,0,1,0,0,1],[1,1,1,1,0,1,0,1,1,1]]"
5,312,-0.040605682531846495,0.040605682531846495,"[[1,1,0,0,1,0,1,0,0,1],[1,1,1,1,0,1,1,0,0,0]]"
5,313,-0.04060417436149855,0.04060417436149855,"[[1,1,0,0,1,0,1,0,0,1],[1,1,1,1,0,1,1,0,0,1]]"
5,314,-0.042538709922216526,0.042538709922216526,"[[1,1,0,0,1,0,1,0,0,1],[1,1,1,1,0,1,1,0,1,0]]"
5,315,-0.04205702683016976,0.04205702683016976,"[[1,1,0,0,1,0,1,0,0,1],[1,1,1,1,0,1,1,0,1,1]]"
5,316,-0.0458701055676535,0.0458701055676535,"[[1,1,0,0,1,0,1,0,0,1],[1,1,1,1,0,1,1,1,0,0]]"
5,317,-0.044857609568301315,0.044857609568301315,"[[1,1,0,0,1,0,1,0,0,1],[1,1,1,1,0,1,1,1,0,1]]"
5,318,-0.0455547503164568,0.0455547503164568,"[[1,1,0,0,1,0,1,0,0,1],[1,1,1,1,0,1,1,1,1,0]]"
5,319,-0.04379711849870473,0.04379711849870473,"[[1,1,0,0,1,0,1,0,0,1],[1,1,1,1,0,1,1,1,1,1]]"
5,320,-0.009408036223217668,0.009408036223217668,"[[1,1,0,0,1,0,1,0,1,0],[1,1,1,1,0,0,0,0,0,0]]"
5,321,-0.009365466502026241,0.009365466502026241,"[[1,1,0,0,1,0,1,0,1,0],[1,1,1,1,0,0,0,0,0,1]]"
5,322,-0.011470356309776157,0.011470356309776157,"[[1,1,0,0,1,0,1,0,1,0],[1,1,1,1,0,0,0,0,1,0]]"
5,323,-0.011568790945399254,0.011568790945399254,"[[1,1,0,0,1,0,1,0,1,0],[1,1,1,1,0,0,0,0,1,1]]"
5,324,-0.014741458251837711,0.014741458251837711,"[[1,1,0,0,1,0,1,0,1,0],[1,1,1,1,0,0,0,1,0,0]]"
5,325,-0.014542774006053291,0.014542774006053291,"[[1,1,0,0,1,0,1,0,1,0],[1,1,1,1,0,0,0,1,0,1]]"
5,326,-0.016841109641701418,0.016841109641701418,"[[1,1,0,0,1,0,1,0,1,0],[1,1,1,1,0,0,0,1,1,0]]"
5,327,-0.017075337659718182,0.017075337659718182,"[[1,1,0,0,1,0,1,0,1,0],[1,1,1,1,0,0,0,1,1,1]]"
5,328,-0.019303375825605276,0.019303375825605276,"[[1,1,0,0,1,0,1,0,1,0],[1,1,1,1,0,0,1,0,0,0]]"
5,329,-0.01920983049454842,0.01920983049454842,"[[1,1,0,0,1,0,1,0,1,0],[1,1,1,1,0,0,1,0,0,1]]"
5,330,-0.02154504726201515,0.02154504726201515,"[[1,1,0,0,1,0,1,0,1,0],[1,1,1,1,0,0,1,0,1,0]]"
5,331,-0.02190895116347085,0.02190895116347085,"[[1,1,0,0,1,0,1,0,1,0],[1,1,1,1,0,0,1,0,1,1]]"
5,332,-0.02641348988074183,0.02641348988074183,"[[1,1,0,0,1,0,1,0,1,0],[1,1,1,1,0,0,1,1,0,0]]"
5,333,-0.02652092718347345,0.02652092718347345,"[[1,1,0,0,1,0,1,0,1,0],[1,1,1,1,0,0,1,1,0,1]]"
5,334,-0.028203643354520396,0.028203643354520396,"[[1,1,0,0,1,0,1,0,1,0],[1,1,1,1,0,0,1,1,1,0]]"
5,335,-0.027925606511199304,0.027925606511199304,"[[1,1,0,0,1,0,1,0,1,0],[1,1,1,1,0,0,1,1,1,1]]"
5,336,-0.025469894119238955,0.025469894119238955,"[[1,1,0,0,1,0,1,0,1,0],[1,1,1,1,0,1,0,0,0,0]]"
5,337,-0.025034928100695,0.025034928100695,"[[1,1,0,0,1,0,1,0,1,0],[1,1,1,1,0,1,0,0,0,1]]"
5,338,-0.027862604133324247,0.027862604133324247,"[[1,1,0,0,1,0,1,0,1,0],[1,1,1,1,0,1,0,0,1,0]]"
5,339,-0.027935932986323776,0.027935932986323776,"[[1,1,0,0,1,0,1,0,1,0],[1,1,1,1,0,1,0,0,1,1]]"
5,340,-0.03247057047709908,0.03247057047709908,"[[1,1,0,0,1,0,1,0,1,0],[1,1,1,1,0,1,0,1,0,0]]"
5,341,-0.03214597454541105,0.03214597454541105,"[[1,1,0,0,1,0,1,0,1,0],[1,1,1,1,0,1,0,1,0,1]]"
5,342,-0.03472188655491891,0.03472188655491891,"[[1,1,0,0,1,0,1,0,1,0],[1,1,1,1,0,1,0,1,1,0]]"
5,343,-0.034369144484622846,0.034369144484622846,"[[1,1,0,0,1,0,1,0,1,0],[1,1,1,1,0,1,0,1,1,1]]"
5,344,-0.039247034227064825,0.039247034227064825,"[[1,1,0,0,1,0,1,0,1,0],[1,1,1,1,0,1,1,0,0,0]]"
5,345,-0.03884531098440053,0.03884531098440053,"[[1,1,0,0,1,0,1,0,1,0],[1,1,1,1,0,1,1,0,0,1]]"
5,346,-0.04158130248472336,0.04158130248472336,"[[1,1,0,0,1,0,1,0,1,0],[1,1,1,1,0,1,1,0,1,0]]"
5,347,-0.041186666495069434,0.041186666495069434,"[[1,1,0,0,1,0,1,0,1,0],[1,1,1,1,0,1,1,0,1,1]]"
5,348,-0.046440531828193604,0.046440531828193604,"[[1,1,0,0,1,0,1,0,1,0],[1,1,1,1,0,1,1,1,0,0]]"
5,349,-0.04557413068751062,0.04557413068751062,"[[1,1,0,0,1,0,1,0,1,0],[1,1,1,1,0,1,1,1,0,1]]"
5,350,-0.045900445745431534,0.045900445745431534,"[[1,1,0,0,1,0,1,0,1,0],[1,1,1,1,0,1,1,1,1,0]]"
5,351,-0.04473660149090227,0.04473660149090227,"[[1,1,0,0,1,0,1,0,1,0],[1,1,1,1,0,1,1,1,1,1]]"
5,352,-0.008760459663249698,0.008760459663249698,"[[1,1,0,0,1,0,1,0,1,1],[1,1,1,1,0,0,0,0,0,0]]"
5,353,-0.009052797819917446,0.009052797819917446,"[[1,1,0,0,1,0,1,0,1,1],[1,1,1,1,0,0,0,0,0,1]]"
5,354,-0.011283278023419763,0.011283278023419763,"[[1,1,0,0,1,0,1,0,1,1],[1,1,1,1,0,0,0,0,1,0]]"
5,355,-0.011630669028403968,0.011630669028403968,"[[1,1,0,0,1,0,1,0,1,1],[1,1,1,1,0,0,0,0,1,1]]"
5,356,-0.014443600979528142,0.014443600979528142,"[[1,1,0,0,1,0,1,0,1,1],[1,1,1,1,0,0,0,1,0,0]]"
5,357,-0.014595602274344175,0.014595602274344175,"[[1,1,0,0,1,0,1,0,1,1],[1,1,1,1,0,0,0,1,0,1]]"
5,358,-0.016883347472943906,0.016883347472943906,"[[1,1,0,0,1,0,1,0,1,1],[1,1,1,1,0,0,0,1,1,0]]"
5,359,-0.017297252618963133,0.017297252618963133,"[[1,1,0,0,1,0,1,0,1,1],[1,1,1,1,0,0,0,1,1,1]]"
5,360,-0.018741930411487064,0.018741930411487064,"[[1,1,0,0,1,0,1,0,1,1],[1,1,1,1,0,0,1,0,0,0]]"
5,361,-0.019270113692385137,0.019270113692385137,"[[1,1,0,0,1,0,1,0,1,1],[1,1,1,1,0,0,1,0,0,1]]"
5,362,-0.02140432499364351,0.02140432499364351,"[[1,1,0,0,1,0,1,0,1,1],[1,1,1,1,0,0,1,0,1,0]]"
5,363,-0.021971791333203726,0.021971791333203726,"[[1,1,0,0,1,0,1,0,1,1],[1,1,1,1,0,0,1,0,1,1]]"
5,364,-0.02599298983102521,0.02599298983102521,"[[1,1,0,0,1,0,1,0,1,1],[1,1,1,1,0,0,1,1,0,0]]"
5,365,-0.026399981516221197,0.026399981516221197,"[[1,1,0,0,1,0,1,0,1,1],[1,1,1,1,0,0,1,1,0,1]]"
5,366,-0.028501572804538883,0.028501572804538883,"[[1,1,0,0,1,0,1,0,1,1],[1,1,1,1,0,0,1,1,1,0]]"
5,367,-0.028565190281346343,0.028565190281346343,"[[1,1,0,0,1,0,1,0,1,1],[1,1,1,1,0,0,1,1,1,1]]"
5,368,-0.025008030398240847,0.025008030398240847,"[[1,1,0,0,1,0,1,0,1,1],[1,1,1,1,0,1,0,0,0,0]]"
5,369,-0.025212609423902455,0.025212609423902455,"[[1,1,0,0,1,0,1,0,1,1],[1,1,1,1,0,1,0,0,0,1]]"
5,370,-0.02771293448819351,0.02771293448819351,"[[1,1,0,0,1,0,1,0,1,1],[1,1,1,1,0,1,0,0,1,0]]"
5,371,-0.028194193900913867,0.028194193900913867,"[[1,1,0,0,1,0,1,0,1,1],[1,1,1,1,0,1,0,0,1,1]]"
5,372,-0.03203385664914812,0.03203385664914812,"[[1,1,0,0,1,0,1,0,1,1],[1,1,1,1,0,1,0,1,0,0]]"
5,373,-0.032222905347545135,0.032222905347545135,"[[1,1,0,0,1,0,1,0,1,1],[1,1,1,1,0,1,0,1,0,1]]"
5,374,-0.03493095323885875,0.03493095323885875,"[[1,1,0,0,1,0,1,0,1,1],[1,1,1,1,0,1,0,1,1,0]]"
5,375,-0.03491749489485651,0.03491749489485651,"[[1,1,0,0,1,0,1,0,1,1],[1,1,1,1,0,1,0,1,1,1]]"
5,376,-0.03889050637212074,0.03889050637212074,"[[1,1,0,0,1,0,1,0,1,1],[1,1,1,1,0,1,1,0,0,0]]"
5,377,-0.0391541879211003,0.0391541879211003,"[[1,1,0,0,1,0,1,0,1,1],[1,1,1,1,0,1,1,0,0,1]]"
5,378,-0.04161641489934656,0.04161641489934656,"[[1,1,0,0,1,0,1,0,1,1],[1,1,1,1,0,1,1,0,1,0]]"
5,379,-0.04171337358703881,0.04171337358703881,"[[1,1,0,0,1,0,1,0,1,1],[1,1,1,1,0,1,1,0,1,1]]"
5,380,-0.0462853190965153,0.0462853190965153,"[[1,1,0,0,1,0,1,0,1,1],[1,1,1,1,0,1,1,1,0,0]]"
5,381,-0.046295937157513206,0.046295937157513206,"[[1,1,0,0,1,0,1,0,1,1],[1,1,1,1,0,1,1,1,0,1]]"
5,382,-0.047683171397763645,0.047683171397763645,"[[1,1,0,0,1,0,1,0,1,1],[1,1,1,1,0,1,1,1,1,0]]"
5,383,-0.04609049883601744,0.04609049883601744,"[[1,1,0,0,1,0,1,0,1,1],[1,1,1,1,0,1,1,1,1,1]]"
5,384,-0.006486222520594933,0.006486222520594933,"[[1,1,0,0,1,0,1,1,0,0],[1,1,1,1,0,0,0,0,0,0]]"
5,385,-0.0066542701148417675,0.0066542701148417675,"[[1,1,0,0,1,0,1,1,0,0],[1,1,1,1,0,0,0,0,0,1]]"
5,386,-0.00798770453192998,0.00798770453192998,"[[1,1,0,0,1,0,1,1,0,0],[1,1,1,1,0,0,0,0,1,0]]"
5,387,-0.008474240396999585,0.008474240396999585,"[[1,1,0,0,1,0,1,1,0,0],[1,1,1,1,0,0,0,0,1,1]]"
5,388,-0.010919362063422526,0.010919362063422526,"[[1,1,0,0,1,0,1,1,0,0],[1,1,1,1,0,0,0,1,0,0]]"
5,389,-0.011297828995822982,0.011297828995822982,"[[1,1,0,0,1,0,1,1,0,0],[1,1,1,1,0,0,0,1,0,1]]"
5,390,-0.013022354193623471,0.013022354193623471,"[[1,1,0,0,1,0,1,1,0,0],[1,1,1,1,0,0,0,1,1,0]]"
5,391,-0.013433696223064782,0.013433696223064782,"[[1,1,0,0,1,0,1,1,0,0],[1,1,1,1,0,0,0,1,1,1]]"
5,392,-0.01586983465604745,0.01586983465604745,"[[1,1,0,0,1,0,1,1,0,0],[1,1,1,1,0,0,1,0,0,0]]"
5,393,-0.0162161950524649,0.0162161950524649,"[[1,1,0,0,1,0,1,1,0,0],[1,1,1,1,0,0,1,0,0,1]]"
5,394,-0.017498007698543018,0.017498007698543018,"[[1,1,0,0,1,0,1,1,0,0],[1,1,1,1,0,0,1,0,1,0]]"
5,395,-0.01791875082666571,0.01791875082666571,"[[1,1,0,0,1,0,1,1,0,0],[1,1,1,1,0,0,1,0,1,1]]"
5,396,-0.022050713813548145,0.022050713813548145,"[[1,1,0,0,1,0,1,1,0,0],[1,1,1,1,0,0,1,1,0,0]]"
5,397,-0.022684649759247586,0.022684649759247586,"[[1,1,0,0,1,0,1,1,0,0],[1,1,1,1,0,0,1,1,0,1]]"
5,398,-0.02426973889004211,0.02426973889004211,"[[1,1,0,0,1,0,1,1,0,0],[1,1,1,1,0,0,1,1,1,0]]"
5,399,-0.024407522400941916,0.024407522400941916,"[[1,1,0,0,1,0,1,1,0,0],[1,1,1,1,0,0,1,1,1,1]]"
5,400,-0.02103152156611419,0.02103152156611419,"[[1,1,0,0,1,0,1,1,0,0],[1,1,1,1,0,1,0,0,0,0]]"
5,401,-0.02137138014105866,0.02137138014105866,"[[1,1,0,0,1,0,1,1,0,0],[1,1,1,1,0,1,0,0,0,1]]"
5,402,-0.023212251130966463,0.023212251130966463,"[[1,1,0,0,1,0,1,1,0,0],[1,1,1,1,0,1,0,0,1,0]]"
5,403,-0.02374972033738061,0.02374972033738061,"[[1,1,0,0,1,0,1,1,0,0],[1,1,1,1,0,1,0,0,1,1]]"
5,404,-0.027250798065063617,0.027250798065063617,"[[1,1,0,0,1,0,1,1,0,0],[1,1,1,1,0,1,0,1,0,0]]"
5,405,-0.02785375675923642,0.02785375675923642,"[[1,1,0,0,1,0,1,1,0,0],[1,1,1,1,0,1,0,1,0,1]]"
5,406,-0.029960383451256175,0.029960383451256175,"[[1,1,0,0,1,0,1,1,0,0],[1,1,1,1,0,1,0,1,1,0]]"
5,407,-0.030408567832039254,0.030408567832039254,"[[1,1,0,0,1,0,1,1,0,0],[1,1,1,1,0,1,0,1,1,1]]"
5,408,-0.03496219241888828,0.03496219241888828,"[[1,1,0,0,1,0,1,1,0,0],[1,1,1,1,0,1,1,0,0,0]]"
5,409,-0.03540425911863132,0.03540425911863132,"[[1,1,0,0,1,0,1,1,0,0],[1,1,1,1,0,1,1,0,0,1]]"
5,410,-0.037453807797727806,0.037453807797727806,"[[1,1,0,0,1,0,1,1,0,0],[1,1,1,1,0,1,1,0,1,0]]"
5,411,-0.03776223649231144,0.03776223649231144,"[[1,1,0,0,1,0,1,1,0,0],[1,1,1,1,0,1,1,0,1,1]]"
5,412,-0.0425690400935205,0.0425690400935205,"[[1,1,0,0,1,0,1,1,0,0],[1,1,1,1,0,1,1,1,0,0]]"
5,413,-0.04300366649139123,0.04300366649139123,"[[1,1,0,0,1,0,1,1,0,0],[1,1,1,1,0,1,1,1,0,1]]"
5,414,-0.04401293373893982,0.04401293373893982,"[[1,1,0,0,1,0,1,1,0,0],[1,1,1,1,0,1,1,1,1,0]]"
5,415,-0.04343346163702825,0.04343346163702825,"[[1,1,0,0,1,0,1,1,0,0],[1,1,1,1,0,1,1,1,1,1]]"
5,416,-0.00598531237441646,0.00598531237441646,"[[1,1,0,0,1,0,1,1,0,1],[1,1,1,1,0,0,0,0,0,0]]"
5,417,-0.006299882301541922,0.006299882301541922,"[[1,1,0,0,1,0,1,1,0,1],[1,1,1,1,0,0,0,0,0,1]]"
5,418,-0.0077682807085168335,0.0077682807085168335,"[[1,1,0,0,1,0,1,1,0,1],[1,1,1,1,0,0,0,0,1,0]]"
5,419,-0.008434162664567736,0.008434162664567736,"[[1,1,0,0,1,0,1,1,0,1],[1,1,1,1,0,0,0,0,1,1]]"
5,420,-0.010755892273834748,0.010755892273834748,"[[1,1,0,0,1,0,1,1,0,1],[1,1,1,1,0,0,0,1,0,0]]"
5,421,-0.011298114069769681,0.011298114069769681,"[[1,1,0,0,1,0,1,1,0,1],[1,1,1,1,0,0,0,1,0,1]]"
5,422,-0.013077687625272207,0.013077687625272207,"[[1,1,0,0,1,0,1,1,0,1],[1,1,1,1,0,0,0,1,1,0]]"
5,423,-0.013540937248194957,0.013540937248194957,"[[1,1,0,0,1,0,1,1,0,1],[1,1,1,1,0,0,0,1,1,1]]"
5,424,-0.015350716302363166,0.015350716302363166,"[[1,1,0,0,1,0,1,1,0,1],[1,1,1,1,0,0,1,0,0,0]]"
5,425,-0.016001881461245013,0.016001881461245013,"[[1,1,0,0,1,0,1,1,0,1],[1,1,1,1,0,0,1,0,0,1]]"
5,426,-0.017625400111460944,0.017625400111460944,"[[1,1,0,0,1,0,1,1,0,1],[1,1,1,1,0,0,1,0,1,0]]"
5,427,-0.017966499861800565,0.017966499861800565,"[[1,1,0,0,1,0,1,1,0,1],[1,1,1,1,0,0,1,0,1,1]]"
5,428,-0.022026015746337727,0.022026015746337727,"[[1,1,0,0,1,0,1,1,0,1],[1,1,1,1,0,0,1,1,0,0]]"
5,429,-0.022532283550238993,0.022532283550238993,"[[1,1,0,0,1,0,1,1,0,1],[1,1,1,1,0,0,1,1,0,1]]"
5,430,-0.024711671655037085,0.024711671655037085,"[[1,1,0,0,1,0,1,1,0,1],[1,1,1,1,0,0,1,1,1,0]]"
5,431,-0.024840061103544836,0.024840061103544836,"[[1,1,0,0,1,0,1,1,0,1],[1,1,1,1,0,0,1,1,1,1]]"
5,432,-0.020470336015847735,0.020470336015847735,"[[1,1,0,0,1,0,1,1,0,1],[1,1,1,1,0,1,0,0,0,0]]"
5,433,-0.021161178777817567,0.021161178777817567,"[[1,1,0,0,1,0,1,1,0,1],[1,1,1,1,0,1,0,0,0,1]]"
5,434,-0.023180265261194623,0.023180265261194623,"[[1,1,0,0,1,0,1,1,0,1],[1,1,1,1,0,1,0,0,1,0]]"
5,435,-0.02369510311172097,0.02369510311172097,"[[1,1,0,0,1,0,1,1,0,1],[1,1,1,1,0,1,0,0,1,1]]"
5,436,-0.02737395172339961,0.02737395172339961,"[[1,1,0,0,1,0,1,1,0,1],[1,1,1,1,0,1,0,1,0,0]]"
5,437,-0.027997101701984682,0.027997101701984682,"[[1,1,0,0,1,0,1,1,0,1],[1,1,1,1,0,1,0,1,0,1]]"
5,438,-0.030100253058412175,0.030100253058412175,"[[1,1,0,0,1,0,1,1,0,1],[1,1,1,1,0,1,0,1,1,0]]"
5,439,-0.030619495757429904,0.030619495757429904,"[[1,1,0,0,1,0,1,1,0,1],[1,1,1,1,0,1,0,1,1,1]]"
5,440,-0.034394383878517926,0.034394383878517926,"[[1,1,0,0,1,0,1,1,0,1],[1,1,1,1,0,1,1,0,0,0]]"
5,441,-0.03509777639324886,0.03509777639324886,"[[1,1,0,0,1,0,1,1,0,1],[1,1,1,1,0,1,1,0,0,1]]"
5,442,-0.03762854771955952,0.03762854771955952,"[[1,1,0,0,1,0,1,1,0,1],[1,1,1,1,0,1,1,0,1,0]]"
5,443,-0.037761023154416214,0.037761023154416214,"[[1,1,0,0,1,0,1,1,0,1],[1,1,1,1,0,1,1,0,1,1]]"
5,444,-0.04308033263251804,0.04308033263251804,"[[1,1,0,0,1,0,1,1,0,1],[1,1,1,1,0,1,1,1,0,0]]"
5,445,-0.04318646516726104,0.04318646516726104,"[[1,1,0,0,1,0,1,1,0,1],[1,1,1,1,0,1,1,1,0,1]]"
5,446,-0.04457898685052762,0.04457898685052762,"[[1,1,0,0,1,0,1,1,0,1],[1,1,1,1,0,1,1,1,1,0]]"
5,447,-0.04389399867945446,0.04389399867945446,"[[1,1,0,0,1,0,1,1,0,1],[1,1,1,1,0,1,1,1,1,1]]"
5,448,-0.004588649206347452,0.004588649206347452,"[[1,1,0,0,1,0,1,1,1,0],[1,1,1,1,0,0,0,0,0,0]]"
5,449,-0.004597775476814774,0.004597775476814774,"[[1,1,0,0,1,0,1,1,1,0],[1,1,1,1,0,0,0,0,0,1]]"
5,450,-0.0057278522848768386,0.0057278522848768386,"[[1,1,0,0,1,0,1,1,1,0],[1,1,1,1,0,0,0,0,1,0]]"
5,451,-0.006057617044287338,0.006057617044287338,"[[1,1,0,0,1,0,1,1,1,0],[1,1,1,1,0,0,0,0,1,1]]"
5,452,-0.008584053863610884,0.008584053863610884,"[[1,1,0,0,1,0,1,1,1,0],[1,1,1,1,0,0,0,1,0,0]]"
5,453,-0.008698142236611667,0.008698142236611667,"[[1,1,0,0,1,0,1,1,1,0],[1,1,1,1,0,0,0,1,0,1]]"
5,454,-0.010933528157880103,0.010933528157880103,"[[1,1,0,0,1,0,1,1,1,0],[1,1,1,1,0,0,0,1,1,0]]"
5,455,-0.011107380948044063,0.011107380948044063,"[[1,1,0,0,1,0,1,1,1,0],[1,1,1,1,0,0,0,1,1,1]]"
5,456,-0.013067159835582544,0.013067159835582544,"[[1,1,0,0,1,0,1,1,1,0],[1,1,1,1,0,0,1,0,0,0]]"
5,457,-0.013324390251057522,0.013324390251057522,"[[1,1,0,0,1,0,1,1,1,0],[1,1,1,1,0,0,1,0,0,1]]"
5,458,-0.01530341801199413,0.01530341801199413,"[[1,1,0,0,1,0,1,1,1,0],[1,1,1,1,0,0,1,0,1,0]]"
5,459,-0.015694308942530117,0.015694308942530117,"[[1,1,0,0,1,0,1,1,1,0],[1,1,1,1,0,0,1,0,1,1]]"
5,460,-0.020285180333926754,0.020285180333926754,"[[1,1,0,0,1,0,1,1,1,0],[1,1,1,1,0,0,1,1,0,0]]"
5,461,-0.02022039952852268,0.02022039952852268,"[[1,1,0,0,1,0,1,1,1,0],[1,1,1,1,0,0,1,1,0,1]]"
5,462,-0.02280656834773828,0.02280656834773828,"[[1,1,0,0,1,0,1,1,1,0],[1,1,1,1,0,0,1,1,1,0]]"
5,463,-0.02327793408509127,0.02327793408509127,"[[1,1,0,0,1,0,1,1,1,0],[1,1,1,1,0,0,1,1,1,1]]"
5,464,-0.01797397724039872,0.01797397724039872,"[[1,1,0,0,1,0,1,1,1,0],[1,1,1,1,0,1,0,0,0,0]]"
5,465,-0.018100277585319284,0.018100277585319284,"[[1,1,0,0,1,0,1,1,1,0],[1,1,1,1,0,1,0,0,0,1]]"
5,466,-0.02041027935859089,0.02041027935859089,"[[1,1,0,0,1,0,1,1,1,0],[1,1,1,1,0,1,0,0,1,0]]"
5,467,-0.020867346705888464,0.020867346705888464,"[[1,1,0,0,1,0,1,1,1,0],[1,1,1,1,0,1,0,0,1,1]]"
5,468,-0.025325344800263515,0.025325344800263515,"[[1,1,0,0,1,0,1,1,1,0],[1,1,1,1,0,1,0,1,0,0]]"
5,469,-0.025216281588796154,0.025216281588796154,"[[1,1,0,0,1,0,1,1,1,0],[1,1,1,1,0,1,0,1,0,1]]"
5,470,-0.028017483994942024,0.028017483994942024,"[[1,1,0,0,1,0,1,1,1,0],[1,1,1,1,0,1,0,1,1,0]]"
5,471,-0.028378254632745067,0.028378254632745067,"[[1,1,0,0,1,0,1,1,1,0],[1,1,1,1,0,1,0,1,1,1]]"
5,472,-0.03205293473754789,0.03205293473754789,"[[1,1,0,0,1,0,1,1,1,0],[1,1,1,1,0,1,1,0,0,0]]"
5,473,-0.032521935028684466,0.032521935028684466,"[[1,1,0,0,1,0,1,1,1,0],[1,1,1,1,0,1,1,0,0,1]]"
5,474,-0.03476965921787194,0.03476965921787194,"[[1,1,0,0,1,0,1,1,1,0],[1,1,1,1,0,1,1,0,1,0]]"
5,475,-0.03532533394616232,0.03532533394616232,"[[1,1,0,0,1,0,1,1,1,0],[1,1,1,1,0,1,1,0,1,1]]"
5,476,-0.04138756190506255,0.04138756190506255,"[[1,1,0,0,1,0,1,1,1,0],[1,1,1,1,0,1,1,1,0,0]]"
5,477,-0.041405948555281444,0.041405948555281444,"[[1,1,0,0,1,0,1,1,1,0],[1,1,1,1,0,1,1,1,0,1]]"
5,478,-0.044058324366566266,0.044058324366566266,"[[1,1,0,0,1,0,1,1,1,0],[1,1,1,1,0,1,1,1,1,0]]"
5,479,-0.043887426003967674,0.043887426003967674,"[[1,1,0,0,1,0,1,1,1,0],[1,1,1,1,0,1,1,1,1,1]]"
5,480,-0.004102459112523914,0.004102459112523914,"[[1,1,0,0,1,0,1,1,1,1],[1,1,1,1,0,0,0,0,0,0]]"
5,481,-0.004223125887456052,0.004223125887456052,"[[1,1,0,0,1,0,1,1,1,1],[1,1,1,1,0,0,0,0,0,1]]"
5,482,-0.005408621093846528,0.005408621093846528,"[[1,1,0,0,1,0,1,1,1,1],[1,1,1,1,0,0,0,0,1,0]]"
5,483,-0.005748443877215562,0.005748443877215562,"[[1,1,0,0,1,0,1,1,1,1],[1,1,1,1,0,0,0,0,1,1]]"
5,484,-0.008004293994552152,0.008004293994552152,"[[1,1,0,0,1,0,1,1,1,1],[1,1,1,1,0,0,0,1,0,0]]"
5,485,-0.008367845825470671,0.008367845825470671,"[[1,1,0,0,1,0,1,1,1,1],[1,1,1,1,0,0,0,1,0,1]]"
5,486,-0.010504036258723362,0.010504036258723362,"[[1,1,0,0,1,0,1,1,1,1],[1,1,1,1,0,0,0,1,1,0]]"
5,487,-0.01118348655825799,0.01118348655825799,"[[1,1,0,0,1,0,1,1,1,1],[1,1,1,1,0,0,0,1,1,1]]"
5,488,-0.012264517371273133,0.012264517371273133,"[[1,1,0,0,1,0,1,1,1,1],[1,1,1,1,0,0,1,0,0,0]]"
5,489,-0.012685228364115059,0.012685228364115059,"[[1,1,0,0,1,0,1,1,1,1],[1,1,1,1,0,0,1,0,0,1]]"
5,490,-0.014942255914998419,0.014942255914998419,"[[1,1,0,0,1,0,1,1,1,1],[1,1,1,1,0,0,1,0,1,0]]"
5,491,-0.015607106738271355,0.015607106738271355,"[[1,1,0,0,1,0,1,1,1,1],[1,1,1,1,0,0,1,0,1,1]]"
5,492,-0.019868505066742224,0.019868505066742224,"[[1,1,0,0,1,0,1,1,1,1],[1,1,1,1,0,0,1,1,0,0]]"
5,493,-0.020252574978176986,0.020252574978176986,"[[1,1,0,0,1,0,1,1,1,1],[1,1,1,1,0,0,1,1,0,1]]"
5,494,-0.022671540513942223,0.022671540513942223,"[[1,1,0,0,1,0,1,1,1,1],[1,1,1,1,0,0,1,1,1,0]]"
5,495,-0.023424741610414385,0.023424741610414385,"[[1,1,0,0,1,0,1,1,1,1],[1,1,1,1,0,0,1,1,1,1]]"
5,496,-0.01711025439403338,0.01711025439403338,"[[1,1,0,0,1,0,1,1,1,1],[1,1,1,1,0,1,0,0,0,0]]"
5,497,-0.0175417492175698,0.0175417492175698,"[[1,1,0,0,1,0,1,1,1,1],[1,1,1,1,0,1,0,0,0,1]]"
5,498,-0.019716706492865697,0.019716706492865697,"[[1,1,0,0,1,0,1,1,1,1],[1,1,1,1,0,1,0,0,1,0]]"
5,499,-0.02056967324343827,0.02056967324343827,"[[1,1,0,0,1,0,1,1,1,1],[1,1,1,1,0,1,0,0,1,1]]"
5,500,-0.024650574945564926,0.024650574945564926,"[[1,1,0,0,1,0,1,1,1,1],[1,1,1,1,0,1,0,1,0,0]]"
5,501,-0.025034184393917323,0.025034184393917323,"[[1,1,0,0,1,0,1,1,1,1],[1,1,1,1,0,1,0,1,0,1]]"
5,502,-0.027746378538788447,0.027746378538788447,"[[1,1,0,0,1,0,1,1,1,1],[1,1,1,1,0,1,0,1,1,0]]"
5,503,-0.028522673911337226,0.028522673911337226,"[[1,1,0,0,1,0,1,1,1,1],[1,1,1,1,0,1,0,1,1,1]]"
5,504,-0.0307966214188384,0.0307966214188384,"[[1,1,0,0,1,0,1,1,1,1],[1,1,1,1,0,1,1,0,0,0]]"
5,505,-0.031771575069551215,0.031771575069551215,"[[1,1,0,0,1,0,1,1,1,1],[1,1,1,1,0,1,1,0,0,1]]"
5,506,-0.03423735087541638,0.03423735087541638,"[[1,1,0,0,1,0,1,1,1,1],[1,1,1,1,0,1,1,0,1,0]]"
5,507,-0.03500398126559465,0.03500398126559465,"[[1,1,0,0,1,0,1,1,1,1],[1,1,1,1,0,1,1,0,1,1]]"
5,508,-0.040673864847479625,0.040673864847479625,"[[1,1,0,0,1,0,1,1,1,1],[1,1,1,1,0,1,1,1,0,0]]"
5,509,-0.041213587123516186,0.041213587123516186,"[[1,1,0,0,1,0,1,1,1,1],[1,1,1,1,0,1,1,1,0,1]]"
5,510,-0.044080148673733346,0.044080148673733346,"[[1,1,0,0,1,0,1,1,1,1],[1,1,1,1,0,1,1,1,1,0]]"
5,511,-0.04434148824909823,0.04434148824909823,"[[1,1,0,0,1,0,1,1,1,1],[1,1,1,1,0,1,1,1,1,1]]"
5,512,-0.008048762511029569,0.008048762511029569,"[[1,1,0,0,1,1,0,0,0,0],[1,1,1,1,0,0,0,0,0,0]]"
5,513,-0.00792325189346373,0.00792325189346373,"[[1,1,0,0,1,1,0,0,0,0],[1,1,1,1,0,0,0,0,0,1]]"
5,514,-0.009123175788120597,0.009123175788120597,"[[1,1,0,0,1,1,0,0,0,0],[1,1,1,1,0,0,0,0,1,0]]"
5,515,-0.009383958851805867,0.009383958851805867,"[[1,1,0,0,1,1,0,0,0,0],[1,1,1,1,0,0,0,0,1,1]]"
5,516,-0.011942842528603052,0.011942842528603052,"[[1,1,0,0,1,1,0,0,0,0],[1,1,1,1,0,0,0,1,0,0]]"
5,517,-0.012287414607135047,0.012287414607135047,"[[1,1,0,0,1,1,0,0,0,0],[1,1,1,1,0,0,0,1,0,1]]"
5,518,-0.013200667692593576,0.013200667692593576,"[[1,1,0,0,1,1,0,0,0,0],[1,1,1,1,0,0,0,1,1,0]]"
5,519,-0.013179696439601324,0.013179696439601324,"[[1,1,0,0,1,1,0,0,0,0],[1,1,1,1,0,0,0,1,1,1]]"
5,520,-0.01535399354654166,0.01535399354654166,"[[1,1,0,0,1,1,0,0,0,0],[1,1,1,1,0,0,1,0,0,0]]"
5,521,-0.015701253416326923,0.015701253416326923,"[[1,1,0,0,1,1,0,0,0,0],[1,1,1,1,0,0,1,0,0,1]]"
5,522,-0.01713910487998323,0.01713910487998323,"[[1,1,0,0,1,1,0,0,0,0],[1,1,1,1,0,0,1,0,1,0]]"
5,523,-0.017292455500063163,0.017292455500063163,"[[1,1,0,0,1,1,0,0,0,0],[1,1,1,1,0,0,1,0,1,1]]"
5,524,-0.02036359808394972,0.02036359808394972,"[[1,1,0,0,1,1,0,0,0,0],[1,1,1,1,0,0,1,1,0,0]]"
5,525,-0.020583289557833232,0.020583289557833232,"[[1,1,0,0,1,1,0,0,0,0],[1,1,1,1,0,0,1,1,0,1]]"
5,526,-0.021320231387962713,0.021320231387962713,"[[1,1,0,0,1,1,0,0,0,0],[1,1,1,1,0,0,1,1,1,0]]"
5,527,-0.020452559768952258,0.020452559768952258,"[[1,1,0,0,1,1,0,0,0,0],[1,1,1,1,0,0,1,1,1,1]]"
5,528,-0.020114836489080218,0.020114836489080218,"[[1,1,0,0,1,1,0,0,0,0],[1,1,1,1,0,1,0,0,0,0]]"
5,529,-0.0202198629654451,0.0202198629654451,"[[1,1,0,0,1,1,0,0,0,0],[1,1,1,1,0,1,0,0,0,1]]"
5,530,-0.021963111097010723,0.021963111097010723,"[[1,1,0,0,1,1,0,0,0,0],[1,1,1,1,0,1,0,0,1,0]]"
5,531,-0.022204867781465226,0.022204867781465226,"[[1,1,0,0,1,1,0,0,0,0],[1,1,1,1,0,1,0,0,1,1]]"
5,532,-0.02525264737138741,0.02525264737138741,"[[1,1,0,0,1,1,0,0,0,0],[1,1,1,1,0,1,0,1,0,0]]"
5,533,-0.025514844897170028,0.025514844897170028,"[[1,1,0,0,1,1,0,0,0,0],[1,1,1,1,0,1,0,1,0,1]]"
5,534,-0.026518073183244856,0.026518073183244856,"[[1,1,0,0,1,1,0,0,0,0],[1,1,1,1,0,1,0,1,1,0]]"
5,535,-0.02598481370511795,0.02598481370511795,"[[1,1,0,0,1,1,0,0,0,0],[1,1,1,1,0,1,0,1,1,1]]"
5,536,-0.031238402585906332,0.031238402585906332,"[[1,1,0,0,1,1,0,0,0,0],[1,1,1,1,0,1,1,0,0,0]]"
5,537,-0.03139143401477304,0.03139143401477304,"[[1,1,0,0,1,1,0,0,0,0],[1,1,1,1,0,1,1,0,0,1]]"
5,538,-0.03298619807453225,0.03298619807453225,"[[1,1,0,0,1,1,0,0,0,0],[1,1,1,1,0,1,1,0,1,0]]"
5,539,-0.032764409073719684,0.032764409073719684,"[[1,1,0,0,1,1,0,0,0,0],[1,1,1,1,0,1,1,0,1,1]]"
5,540,-0.0350017628726446,0.0350017628726446,"[[1,1,0,0,1,1,0,0,0,0],[1,1,1,1,0,1,1,1,0,0]]"
5,541,-0.034375235808868275,0.034375235808868275,"[[1,1,0,0,1,1,0,0,0,0],[1,1,1,1,0,1,1,1,0,1]]"
5,542,-0.034668120043266526,0.034668120043266526,"[[1,1,0,0,1,1,0,0,0,0],[1,1,1,1,0,1,1,1,1,0]]"
5,543,-0.03203813225201585,0.03203813225201585,"[[1,1,0,0,1,1,0,0,0,0],[1,1,1,1,0,1,1,1,1,1]]"
5,544,-0.00782077751713815,0.00782077751713815,"[[1,1,0,0,1,1,0,0,0,1],[1,1,1,1,0,0,0,0,0,0]]"
5,545,-0.00801486534031848,0.00801486534031848,"[[1,1,0,0,1,1,0,0,0,1],[1,1,1,1,0,0,0,0,0,1]]"
5,546,-0.00930168815776706,0.00930168815776706,"[[1,1,0,0,1,1,0,0,0,1],[1,1,1,1,0,0,0,0,1,0]]"
5,547,-0.009562525831141495,0.009562525831141495,"[[1,1,0,0,1,1,0,0,0,1],[1,1,1,1,0,0,0,0,1,1]]"
5,548,-0.011985515588734823,0.011985515588734823,"[[1,1,0,0,1,1,0,0,0,1],[1,1,1,1,0,0,0,1,0,0]]"
5,549,-0.012324330751564782,0.012324330751564782,"[[1,1,0,0,1,1,0,0,0,1],[1,1,1,1,0,0,0,1,0,1]]"
5,550,-0.013610560027011515,0.013610560027011515,"[[1,1,0,0,1,1,0,0,0,1],[1,1,1,1,0,0,0,1,1,0]]"
5,551,-0.013711469583186942,0.013711469583186942,"[[1,1,0,0,1,1,0,0,0,1],[1,1,1,1,0,0,0,1,1,1]]"
5,552,-0.015386920486219091,0.015386920486219091,"[[1,1,0,0,1,1,0,0,0,1],[1,1,1,1,0,0,1,0,0,0]]"
5,553,-0.01587492126381737,0.01587492126381737,"[[1,1,0,0,1,1,0,0,0,1],[1,1,1,1,0,0,1,0,0,1]]"
5,554,-0.017493769676824245,0.017493769676824245,"[[1,1,0,0,1,1,0,0,0,1],[1,1,1,1,0,0,1,0,1,0]]"
5,555,-0.017619080715816453,0.017619080715816453,"[[1,1,0,0,1,1,0,0,0,1],[1,1,1,1,0,0,1,0,1,1]]"
5,556,-0.02093348379468368,0.02093348379468368,"[[1,1,0,0,1,1,0,0,0,1],[1,1,1,1,0,0,1,1,0,0]]"
5,557,-0.02109818978606476,0.02109818978606476,"[[1,1,0,0,1,1,0,0,0,1],[1,1,1,1,0,0,1,1,0,1]]"
5,558,-0.021945227148101442,0.021945227148101442,"[[1,1,0,0,1,1,0,0,0,1],[1,1,1,1,0,0,1,1,1,0]]"
5,559,-0.021488789464364003,0.021488789464364003,"[[1,1,0,0,1,1,0,0,0,1],[1,1,1,1,0,0,1,1,1,1]]"
5,560,-0.020096950498520224,0.020096950498520224,"[[1,1,0,0,1,1,0,0,0,1],[1,1,1,1,0,1,0,0,0,0]]"
5,561,-0.020379014037409174,0.020379014037409174,"[[1,1,0,0,1,1,0,0,0,1],[1,1,1,1,0,1,0,0,0,1]]"
5,562,-0.022018032788241194,0.022018032788241194,"[[1,1,0,0,1,1,0,0,0,1],[1,1,1,1,0,1,0,0,1,0]]"
5,563,-0.022457117927720174,0.022457117927720174,"[[1,1,0,0,1,1,0,0,0,1],[1,1,1,1,0,1,0,0,1,1]]"
5,564,-0.025698517222687296,0.025698517222687296,"[[1,1,0,0,1,1,0,0,0,1],[1,1,1,1,0,1,0,1,0,0]]"
5,565,-0.025914263863300008,0.025914263863300008,"[[1,1,0,0,1,1,0,0,0,1],[1,1,1,1,0,1,0,1,0,1]]"
5,566,-0.026824476814727116,0.026824476814727116,"[[1,1,0,0,1,1,0,0,0,1],[1,1,1,1,0,1,0,1,1,0]]"
5,567,-0.02675989062171026,0.02675989062171026,"[[1,1,0,0,1,1,0,0,0,1],[1,1,1,1,0,1,0,1,1,1]]"
5,568,-0.03145341069954438,0.03145341069954438,"[[1,1,0,0,1,1,0,0,0,1],[1,1,1,1,0,1,1,0,0,0]]"
5,569,-0.031874084553445155,0.031874084553445155,"[[1,1,0,0,1,1,0,0,0,1],[1,1,1,1,0,1,1,0,0,1]]"
5,570,-0.0334981001755788,0.0334981001755788,"[[1,1,0,0,1,1,0,0,0,1],[1,1,1,1,0,1,1,0,1,0]]"
5,571,-0.03325742386956584,0.03325742386956584,"[[1,1,0,0,1,1,0,0,0,1],[1,1,1,1,0,1,1,0,1,1]]"
5,572,-0.03601489685866763,0.03601489685866763,"[[1,1,0,0,1,1,0,0,0,1],[1,1,1,1,0,1,1,1,0,0]]"
5,573,-0.03556167718764723,0.03556167718764723,"[[1,1,0,0,1,1,0,0,0,1],[1,1,1,1,0,1,1,1,0,1]]"
5,574,-0.03568273570188751,0.03568273570188751,"[[1,1,0,0,1,1,0,0,0,1],[1,1,1,1,0,1,1,1,1,0]]"
5,575,-0.03418158633442329,0.03418158633442329,"[[1,1,0,0,1,1,0,0,0,1],[1,1,1,1,0,1,1,1,1,1]]"
5,576,-0.006211707892377611,0.006211707892377611,"[[1,1,0,0,1,1,0,0,1,0],[1,1,1,1,0,0,0,0,0,0]]"
5,577,-0.006249468645117823,0.006249468645117823,"[[1,1,0,0,1,1,0,0,1,0],[1,1,1,1,0,0,0,0,0,1]]"
5,578,-0.007753223165368167,0.007753223165368167,"[[1,1,0,0,1,1,0,0,1,0],[1,1,1,1,0,0,0,0,1,0]]"
5,579,-0.007916391472406014,0.007916391472406014,"[[1,1,0,0,1,1,0,0,1,0],[1,1,1,1,0,0,0,0,1,1]]"
5,580,-0.01068887396811131,0.01068887396811131,"[[1,1,0,0,1,1,0,0,1,0],[1,1,1,1,0,0,0,1,0,0]]"
5,581,-0.010722279544357796,0.010722279544357796,"[[1,1,0,0,1,1,0,0,1,0],[1,1,1,1,0,0,0,1,0,1]]"
5,582,-0.012676765788650426,0.012676765788650426,"[[1,1,0,0,1,1,0,0,1,0],[1,1,1,1,0,0,0,1,1,0]]"
5,583,-0.01282184674733716,0.01282184674733716,"[[1,1,0,0,1,1,0,0,1,0],[1,1,1,1,0,0,0,1,1,1]]"
5,584,-0.01381974836818705,0.01381974836818705,"[[1,1,0,0,1,1,0,0,1,0],[1,1,1,1,0,0,1,0,0,0]]"
5,585,-0.013950343717865455,0.013950343717865455,"[[1,1,0,0,1,1,0,0,1,0],[1,1,1,1,0,0,1,0,0,1]]"
5,586,-0.015825789471810448,0.015825789471810448,"[[1,1,0,0,1,1,0,0,1,0],[1,1,1,1,0,0,1,0,1,0]]"
5,587,-0.016343207254030694,0.016343207254030694,"[[1,1,0,0,1,1,0,0,1,0],[1,1,1,1,0,0,1,0,1,1]]"
5,588,-0.019546096834087007,0.019546096834087007,"[[1,1,0,0,1,1,0,0,1,0],[1,1,1,1,0,0,1,1,0,0]]"
5,589,-0.020072451271983267,0.020072451271983267,"[[1,1,0,0,1,1,0,0,1,0],[1,1,1,1,0,0,1,1,0,1]]"
5,590,-0.021715812273435817,0.021715812273435817,"[[1,1,0,0,1,1,0,0,1,0],[1,1,1,1,0,0,1,1,1,0]]"
5,591,-0.021632236952773946,0.021632236952773946,"[[1,1,0,0,1,1,0,0,1,0],[1,1,1,1,0,0,1,1,1,1]]"
5,592,-0.01814499917221764,0.01814499917221764,"[[1,1,0,0,1,1,0,0,1,0],[1,1,1,1,0,1,0,0,0,0]]"
5,593,-0.017933582668654205,0.017933582668654205,"[[1,1,0,0,1,1,0,0,1,0],[1,1,1,1,0,1,0,0,0,1]]"
5,594,-0.020258784671745703,0.020258784671745703,"[[1,1,0,0,1,1,0,0,1,0],[1,1,1,1,0,1,0,0,1,0]]"
5,595,-0.020722904298629673,0.020722904298629673,"[[1,1,0,0,1,1,0,0,1,0],[1,1,1,1,0,1,0,0,1,1]]"
5,596,-0.024644511098845846,0.024644511098845846,"[[1,1,0,0,1,1,0,0,1,0],[1,1,1,1,0,1,0,1,0,0]]"
5,597,-0.024866560691729843,0.024866560691729843,"[[1,1,0,0,1,1,0,0,1,0],[1,1,1,1,0,1,0,1,0,1]]"
5,598,-0.02643256557217182,0.02643256557217182,"[[1,1,0,0,1,1,0,0,1,0],[1,1,1,1,0,1,0,1,1,0]]"
5,599,-0.02627191452876448,0.02627191452876448,"[[1,1,0,0,1,1,0,0,1,0],[1,1,1,1,0,1,0,1,1,1]]"
5,600,-0.030359106769247992,0.030359106769247992,"[[1,1,0,0,1,1,0,0,1,0],[1,1,1,1,0,1,1,0,0,0]]"
5,601,-0.030237676262938846,0.030237676262938846,"[[1,1,0,0,1,1,0,0,1,0],[1,1,1,1,0,1,1,0,0,1]]"
5,602,-0.03230536051732451,0.03230536051732451,"[[1,1,0,0,1,1,0,0,1,0],[1,1,1,1,0,1,1,0,1,0]]"
5,603,-0.032186057754693215,0.032186057754693215,"[[1,1,0,0,1,1,0,0,1,0],[1,1,1,1,0,1,1,0,1,1]]"
5,604,-0.0360009877373986,0.0360009877373986,"[[1,1,0,0,1,1,0,0,1,0],[1,1,1,1,0,1,1,1,0,0]]"
5,605,-0.03592596861886797,0.03592596861886797,"[[1,1,0,0,1,1,0,0,1,0],[1,1,1,1,0,1,1,1,0,1]]"
5,606,-0.036791375496088345,0.036791375496088345,"[[1,1,0,0,1,1,0,0,1,0],[1,1,1,1,0,1,1,1,1,0]]"
5,607,-0.03598972196367811,0.03598972196367811,"[[1,1,0,0,1,1,0,0,1,0],[1,1,1,1,0,1,1,1,1,1]]"
5,608,-0.005817790876481017,0.005817790876481017,"[[1,1,0,0,1,1,0,0,1,1],[1,1,1,1,0,0,0,0,0,0]]"
5,609,-0.006215918885656868,0.006215918885656868,"[[1,1,0,0,1,1,0,0,1,1],[1,1,1,1,0,0,0,0,0,1]]"
5,610,-0.007696999167676973,0.007696999167676973,"[[1,1,0,0,1,1,0,0,1,1],[1,1,1,1,0,0,0,0,1,0]]"
5,611,-0.008046248537764276,0.008046248537764276,"[[1,1,0,0,1,1,0,0,1,1],[1,1,1,1,0,0,0,0,1,1]]"
5,612,-0.010404027215982698,0.010404027215982698,"[[1,1,0,0,1,1,0,0,1,1],[1,1,1,1,0,0,0,1,0,0]]"
5,613,-0.010857323403790855,0.010857323403790855,"[[1,1,0,0,1,1,0,0,1,1],[1,1,1,1,0,0,0,1,0,1]]"
5,614,-0.012675788169254005,0.012675788169254005,"[[1,1,0,0,1,1,0,0,1,1],[1,1,1,1,0,0,0,1,1,0]]"
5,615,-0.013121446681734032,0.013121446681734032,"[[1,1,0,0,1,1,0,0,1,1],[1,1,1,1,0,0,0,1,1,1]]"
5,616,-0.013540488324817803,0.013540488324817803,"[[1,1,0,0,1,1,0,0,1,1],[1,1,1,1,0,0,1,0,0,0]]"
5,617,-0.014046485422905325,0.014046485422905325,"[[1,1,0,0,1,1,0,0,1,1],[1,1,1,1,0,0,1,0,0,1]]"
5,618,-0.015555326628345632,0.015555326628345632,"[[1,1,0,0,1,1,0,0,1,1],[1,1,1,1,0,0,1,0,1,0]]"
5,619,-0.01628635783465952,0.01628635783465952,"[[1,1,0,0,1,1,0,0,1,1],[1,1,1,1,0,0,1,0,1,1]]"
5,620,-0.01906324958586361,0.01906324958586361,"[[1,1,0,0,1,1,0,0,1,1],[1,1,1,1,0,0,1,1,0,0]]"
5,621,-0.019960026635830835,0.019960026635830835,"[[1,1,0,0,1,1,0,0,1,1],[1,1,1,1,0,0,1,1,0,1]]"
5,622,-0.02192585870876608,0.02192585870876608,"[[1,1,0,0,1,1,0,0,1,1],[1,1,1,1,0,0,1,1,1,0]]"
5,623,-0.022199805296610857,0.022199805296610857,"[[1,1,0,0,1,1,0,0,1,1],[1,1,1,1,0,0,1,1,1,1]]"
5,624,-0.017794562395894987,0.017794562395894987,"[[1,1,0,0,1,1,0,0,1,1],[1,1,1,1,0,1,0,0,0,0]]"
5,625,-0.01819743847821749,0.01819743847821749,"[[1,1,0,0,1,1,0,0,1,1],[1,1,1,1,0,1,0,0,0,1]]"
5,626,-0.020093632297924297,0.020093632297924297,"[[1,1,0,0,1,1,0,0,1,1],[1,1,1,1,0,1,0,0,1,0]]"
5,627,-0.0207197914734276,0.0207197914734276,"[[1,1,0,0,1,1,0,0,1,1],[1,1,1,1,0,1,0,0,1,1]]"
5,628,-0.02414039403406781,0.02414039403406781,"[[1,1,0,0,1,1,0,0,1,1],[1,1,1,1,0,1,0,1,0,0]]"
5,629,-0.024807070651288878,0.024807070651288878,"[[1,1,0,0,1,1,0,0,1,1],[1,1,1,1,0,1,0,1,0,1]]"
5,630,-0.02657349490555542,0.02657349490555542,"[[1,1,0,0,1,1,0,0,1,1],[1,1,1,1,0,1,0,1,1,0]]"
5,631,-0.026821188110486026,0.026821188110486026,"[[1,1,0,0,1,1,0,0,1,1],[1,1,1,1,0,1,0,1,1,1]]"
5,632,-0.029816604323705687,0.029816604323705687,"[[1,1,0,0,1,1,0,0,1,1],[1,1,1,1,0,1,1,0,0,0]]"
5,633,-0.030385658144214078,0.030385658144214078,"[[1,1,0,0,1,1,0,0,1,1],[1,1,1,1,0,1,1,0,0,1]]"
5,634,-0.032255031648367447,0.032255031648367447,"[[1,1,0,0,1,1,0,0,1,1],[1,1,1,1,0,1,1,0,1,0]]"
5,635,-0.032611074954264636,0.032611074954264636,"[[1,1,0,0,1,1,0,0,1,1],[1,1,1,1,0,1,1,0,1,1]]"
5,636,-0.03567713995867722,0.03567713995867722,"[[1,1,0,0,1,1,0,0,1,1],[1,1,1,1,0,1,1,1,0,0]]"
5,637,-0.0362919874278769,0.0362919874278769,"[[1,1,0,0,1,1,0,0,1,1],[1,1,1,1,0,1,1,1,0,1]]"
5,638,-0.03747242152686073,0.03747242152686073,"[[1,1,0,0,1,1,0,0,1,1],[1,1,1,1,0,1,1,1,1,0]]"
5,639,-0.036925792337862584,0.036925792337862584,"[[1,1,0,0,1,1,0,0,1,1],[1,1,1,1,0,1,1,1,1,1]]"
5,640,-0.004124940162306689,0.004124940162306689,"[[1,1,0,0,1,1,0,1,0,0],[1,1,1,1,0,0,0,0,0,0]]"
5,641,-0.004243054471989464,0.004243054471989464,"[[1,1,0,0,1,1,0,1,0,0],[1,1,1,1,0,0,0,0,0,1]]"
5,642,-0.00523125247314436,0.00523125247314436,"[[1,1,0,0,1,1,0,1,0,0],[1,1,1,1,0,0,0,0,1,0]]"
5,643,-0.005495018791283027,0.005495018791283027,"[[1,1,0,0,1,1,0,1,0,0],[1,1,1,1,0,0,0,0,1,1]]"
5,644,-0.00813976648947024,0.00813976648947024,"[[1,1,0,0,1,1,0,1,0,0],[1,1,1,1,0,0,0,1,0,0]]"
5,645,-0.008318000601569547,0.008318000601569547,"[[1,1,0,0,1,1,0,1,0,0],[1,1,1,1,0,0,0,1,0,1]]"
5,646,-0.009362842552797167,0.009362842552797167,"[[1,1,0,0,1,1,0,1,0,0],[1,1,1,1,0,0,0,1,1,0]]"
5,647,-0.009634299949698394,0.009634299949698394,"[[1,1,0,0,1,1,0,1,0,0],[1,1,1,1,0,0,0,1,1,1]]"
5,648,-0.01155093602735527,0.01155093602735527,"[[1,1,0,0,1,1,0,1,0,0],[1,1,1,1,0,0,1,0,0,0]]"
5,649,-0.011725164042146432,0.011725164042146432,"[[1,1,0,0,1,1,0,1,0,0],[1,1,1,1,0,0,1,0,0,1]]"
5,650,-0.012976417436773214,0.012976417436773214,"[[1,1,0,0,1,1,0,1,0,0],[1,1,1,1,0,0,1,0,1,0]]"
5,651,-0.013246270599027549,0.013246270599027549,"[[1,1,0,0,1,1,0,1,0,0],[1,1,1,1,0,0,1,0,1,1]]"
5,652,-0.017105840503248582,0.017105840503248582,"[[1,1,0,0,1,1,0,1,0,0],[1,1,1,1,0,0,1,1,0,0]]"
5,653,-0.017627724197820455,0.017627724197820455,"[[1,1,0,0,1,1,0,1,0,0],[1,1,1,1,0,0,1,1,0,1]]"
5,654,-0.018729647788718953,0.018729647788718953,"[[1,1,0,0,1,1,0,1,0,0],[1,1,1,1,0,0,1,1,1,0]]"
5,655,-0.018692389475468526,0.018692389475468526,"[[1,1,0,0,1,1,0,1,0,0],[1,1,1,1,0,0,1,1,1,1]]"
5,656,-0.015307527018009907,0.015307527018009907,"[[1,1,0,0,1,1,0,1,0,0],[1,1,1,1,0,1,0,0,0,0]]"
5,657,-0.015537484464335337,0.015537484464335337,"[[1,1,0,0,1,1,0,1,0,0],[1,1,1,1,0,1,0,0,0,1]]"
5,658,-0.016964732626293028,0.016964732626293028,"[[1,1,0,0,1,1,0,1,0,0],[1,1,1,1,0,1,0,0,1,0]]"
5,659,-0.0173828235331083,0.0173828235331083,"[[1,1,0,0,1,1,0,1,0,0],[1,1,1,1,0,1,0,0,1,1]]"
5,660,-0.02101888543822127,0.02101888543822127,"[[1,1,0,0,1,1,0,1,0,0],[1,1,1,1,0,1,0,1,0,0]]"
5,661,-0.02156189402921023,0.02156189402921023,"[[1,1,0,0,1,1,0,1,0,0],[1,1,1,1,0,1,0,1,0,1]]"
5,662,-0.023169412709208134,0.023169412709208134,"[[1,1,0,0,1,1,0,1,0,0],[1,1,1,1,0,1,0,1,1,0]]"
5,663,-0.02340986760487835,0.02340986760487835,"[[1,1,0,0,1,1,0,1,0,0],[1,1,1,1,0,1,0,1,1,1]]"
5,664,-0.02728596393933017,0.02728596393933017,"[[1,1,0,0,1,1,0,1,0,0],[1,1,1,1,0,1,1,0,0,0]]"
5,665,-0.027783328920418522,0.027783328920418522,"[[1,1,0,0,1,1,0,1,0,0],[1,1,1,1,0,1,1,0,0,1]]"
5,666,-0.029240023927634945,0.029240023927634945,"[[1,1,0,0,1,1,0,1,0,0],[1,1,1,1,0,1,1,0,1,0]]"
5,667,-0.029608776276312154,0.029608776276312154,"[[1,1,0,0,1,1,0,1,0,0],[1,1,1,1,0,1,1,0,1,1]]"
5,668,-0.0340223281273016,0.0340223281273016,"[[1,1,0,0,1,1,0,1,0,0],[1,1,1,1,0,1,1,1,0,0]]"
5,669,-0.03444004842376446,0.03444004842376446,"[[1,1,0,0,1,1,0,1,0,0],[1,1,1,1,0,1,1,1,0,1]]"
5,670,-0.035406738828579545,0.035406738828579545,"[[1,1,0,0,1,1,0,1,0,0],[1,1,1,1,0,1,1,1,1,0]]"
5,671,-0.03469675516307368,0.03469675516307368,"[[1,1,0,0,1,1,0,1,0,0],[1,1,1,1,0,1,1,1,1,1]]"
5,672,-0.003798363339578987,0.003798363339578987,"[[1,1,0,0,1,1,0,1,0,1],[1,1,1,1,0,0,0,0,0,0]]"
5,673,-0.004109639416489019,0.004109639416489019,"[[1,1,0,0,1,1,0,1,0,1],[1,1,1,1,0,0,0,0,0,1]]"
5,674,-0.00525330073995681,0.00525330073995681,"[[1,1,0,0,1,1,0,1,0,1],[1,1,1,1,0,0,0,0,1,0]]"
5,675,-0.0055685228815173585,0.0055685228815173585,"[[1,1,0,0,1,1,0,1,0,1],[1,1,1,1,0,0,0,0,1,1]]"
5,676,-0.008053296480542286,0.008053296480542286,"[[1,1,0,0,1,1,0,1,0,1],[1,1,1,1,0,0,0,1,0,0]]"
5,677,-0.008387492382859858,0.008387492382859858,"[[1,1,0,0,1,1,0,1,0,1],[1,1,1,1,0,0,0,1,0,1]]"
5,678,-0.009582825561347963,0.009582825561347963,"[[1,1,0,0,1,1,0,1,0,1],[1,1,1,1,0,0,0,1,1,0]]"
5,679,-0.009750960746983226,0.009750960746983226,"[[1,1,0,0,1,1,0,1,0,1],[1,1,1,1,0,0,0,1,1,1]]"
5,680,-0.01125544293441189,0.01125544293441189,"[[1,1,0,0,1,1,0,1,0,1],[1,1,1,1,0,0,1,0,0,0]]"
5,681,-0.01182620002318522,0.01182620002318522,"[[1,1,0,0,1,1,0,1,0,1],[1,1,1,1,0,0,1,0,0,1]]"
5,682,-0.013335770711013675,0.013335770711013675,"[[1,1,0,0,1,1,0,1,0,1],[1,1,1,1,0,0,1,0,1,0]]"
5,683,-0.013455057534730646,0.013455057534730646,"[[1,1,0,0,1,1,0,1,0,1],[1,1,1,1,0,0,1,0,1,1]]"
5,684,-0.01697006545772255,0.01697006545772255,"[[1,1,0,0,1,1,0,1,0,1],[1,1,1,1,0,0,1,1,0,0]]"
5,685,-0.017615189289893658,0.017615189289893658,"[[1,1,0,0,1,1,0,1,0,1],[1,1,1,1,0,0,1,1,0,1]]"
5,686,-0.01917466960184209,0.01917466960184209,"[[1,1,0,0,1,1,0,1,0,1],[1,1,1,1,0,0,1,1,1,0]]"
5,687,-0.01905578973287365,0.01905578973287365,"[[1,1,0,0,1,1,0,1,0,1],[1,1,1,1,0,0,1,1,1,1]]"
5,688,-0.015019061464659011,0.015019061464659011,"[[1,1,0,0,1,1,0,1,0,1],[1,1,1,1,0,1,0,0,0,0]]"
5,689,-0.015602433818173696,0.015602433818173696,"[[1,1,0,0,1,1,0,1,0,1],[1,1,1,1,0,1,0,0,0,1]]"
5,690,-0.017245512971115314,0.017245512971115314,"[[1,1,0,0,1,1,0,1,0,1],[1,1,1,1,0,1,0,0,1,0]]"
5,691,-0.017534480684903004,0.017534480684903004,"[[1,1,0,0,1,1,0,1,0,1],[1,1,1,1,0,1,0,0,1,1]]"
5,692,-0.02122051552290632,0.02122051552290632,"[[1,1,0,0,1,1,0,1,0,1],[1,1,1,1,0,1,0,1,0,0]]"
5,693,-0.021689034237324867,0.021689034237324867,"[[1,1,0,0,1,1,0,1,0,1],[1,1,1,1,0,1,0,1,0,1]]"
5,694,-0.0234844276657655,0.0234844276657655,"[[1,1,0,0,1,1,0,1,0,1],[1,1,1,1,0,1,0,1,1,0]]"
5,695,-0.02363833609702779,0.02363833609702779,"[[1,1,0,0,1,1,0,1,0,1],[1,1,1,1,0,1,0,1,1,1]]"
5,696,-0.026892127899012137,0.026892127899012137,"[[1,1,0,0,1,1,0,1,0,1],[1,1,1,1,0,1,1,0,0,0]]"
5,697,-0.027740342134055483,0.027740342134055483,"[[1,1,0,0,1,1,0,1,0,1],[1,1,1,1,0,1,1,0,0,1]]"
5,698,-0.029634696316073385,0.029634696316073385,"[[1,1,0,0,1,1,0,1,0,1],[1,1,1,1,0,1,1,0,1,0]]"
5,699,-0.02977287351349993,0.02977287351349993,"[[1,1,0,0,1,1,0,1,0,1],[1,1,1,1,0,1,1,0,1,1]]"
5,700,-0.034092117082583626,0.034092117082583626,"[[1,1,0,0,1,1,0,1,0,1],[1,1,1,1,0,1,1,1,0,0]]"
5,701,-0.03470645864133424,0.03470645864133424,"[[1,1,0,0,1,1,0,1,0,1],[1,1,1,1,0,1,1,1,0,1]]"
5,702,-0.03601645310325575,0.03601645310325575,"[[1,1,0,0,1,1,0,1,0,1],[1,1,1,1,0,1,1,1,1,0]]"
5,703,-0.03510425456857699,0.03510425456857699,"[[1,1,0,0,1,1,0,1,0,1],[1,1,1,1,0,1,1,1,1,1]]"
5,704,-0.0025073815820228678,0.0025073815820228678,"[[1,1,0,0,1,1,0,1,1,0],[1,1,1,1,0,0,0,0,0,0]]"
5,705,-0.0025840464539889385,0.0025840464539889385,"[[1,1,0,0,1,1,0,1,1,0],[1,1,1,1,0,0,0,0,0,1]]"
5,706,-0.0036705693434907257,0.0036705693434907257,"[[1,1,0,0,1,1,0,1,1,0],[1,1,1,1,0,0,0,0,1,0]]"
5,707,-0.0039520713032654515,0.0039520713032654515,"[[1,1,0,0,1,1,0,1,1,0],[1,1,1,1,0,0,0,0,1,1]]"
5,708,-0.006312434154120088,0.006312434154120088,"[[1,1,0,0,1,1,0,1,1,0],[1,1,1,1,0,0,0,1,0,0]]"
5,709,-0.006384417626287606,0.006384417626287606,"[[1,1,0,0,1,1,0,1,1,0],[1,1,1,1,0,0,0,1,0,1]]"
5,710,-0.008140691271590273,0.008140691271590273,"[[1,1,0,0,1,1,0,1,1,0],[1,1,1,1,0,0,0,1,1,0]]"
5,711,-0.008332918333758791,0.008332918333758791,"[[1,1,0,0,1,1,0,1,1,0],[1,1,1,1,0,0,0,1,1,1]]"
5,712,-0.009130337137515402,0.009130337137515402,"[[1,1,0,0,1,1,0,1,1,0],[1,1,1,1,0,0,1,0,0,0]]"
5,713,-0.009435224343551617,0.009435224343551617,"[[1,1,0,0,1,1,0,1,1,0],[1,1,1,1,0,0,1,0,0,1]]"
5,714,-0.01114329723029834,0.01114329723029834,"[[1,1,0,0,1,1,0,1,1,0],[1,1,1,1,0,0,1,0,1,0]]"
5,715,-0.011433117729806456,0.011433117729806456,"[[1,1,0,0,1,1,0,1,1,0],[1,1,1,1,0,0,1,0,1,1]]"
5,716,-0.015437860011698048,0.015437860011698048,"[[1,1,0,0,1,1,0,1,1,0],[1,1,1,1,0,0,1,1,0,0]]"
5,717,-0.015577726752963414,0.015577726752963414,"[[1,1,0,0,1,1,0,1,1,0],[1,1,1,1,0,0,1,1,0,1]]"
5,718,-0.017778641749946672,0.017778641749946672,"[[1,1,0,0,1,1,0,1,1,0],[1,1,1,1,0,0,1,1,1,0]]"
5,719,-0.01819454272182588,0.01819454272182588,"[[1,1,0,0,1,1,0,1,1,0],[1,1,1,1,0,0,1,1,1,1]]"
5,720,-0.012784278128541562,0.012784278128541562,"[[1,1,0,0,1,1,0,1,1,0],[1,1,1,1,0,1,0,0,0,0]]"
5,721,-0.012992360240406477,0.012992360240406477,"[[1,1,0,0,1,1,0,1,1,0],[1,1,1,1,0,1,0,0,0,1]]"
5,722,-0.015011742924199996,0.015011742924199996,"[[1,1,0,0,1,1,0,1,1,0],[1,1,1,1,0,1,0,0,1,0]]"
5,723,-0.015203116923825748,0.015203116923825748,"[[1,1,0,0,1,1,0,1,1,0],[1,1,1,1,0,1,0,0,1,1]]"
5,724,-0.01939909091243875,0.01939909091243875,"[[1,1,0,0,1,1,0,1,1,0],[1,1,1,1,0,1,0,1,0,0]]"
5,725,-0.019316778075151367,0.019316778075151367,"[[1,1,0,0,1,1,0,1,1,0],[1,1,1,1,0,1,0,1,0,1]]"
5,726,-0.021586587358892434,0.021586587358892434,"[[1,1,0,0,1,1,0,1,1,0],[1,1,1,1,0,1,0,1,1,0]]"
5,727,-0.02196630468580915,0.02196630468580915,"[[1,1,0,0,1,1,0,1,1,0],[1,1,1,1,0,1,0,1,1,1]]"
5,728,-0.024807429799848017,0.024807429799848017,"[[1,1,0,0,1,1,0,1,1,0],[1,1,1,1,0,1,1,0,0,0]]"
5,729,-0.02527489752307162,0.02527489752307162,"[[1,1,0,0,1,1,0,1,1,0],[1,1,1,1,0,1,1,0,0,1]]"
5,730,-0.02747596373941849,0.02747596373941849,"[[1,1,0,0,1,1,0,1,1,0],[1,1,1,1,0,1,1,0,1,0]]"
5,731,-0.027831676479716537,0.027831676479716537,"[[1,1,0,0,1,1,0,1,1,0],[1,1,1,1,0,1,1,0,1,1]]"
5,732,-0.03311740563341003,0.03311740563341003,"[[1,1,0,0,1,1,0,1,1,0],[1,1,1,1,0,1,1,1,0,0]]"
5,733,-0.033232489368207295,0.033232489368207295,"[[1,1,0,0,1,1,0,1,1,0],[1,1,1,1,0,1,1,1,0,1]]"
5,734,-0.0352911483531853,0.0352911483531853,"[[1,1,0,0,1,1,0,1,1,0],[1,1,1,1,0,1,1,1,1,0]]"
5,735,-0.03523771152765304,0.03523771152765304,"[[1,1,0,0,1,1,0,1,1,0],[1,1,1,1,0,1,1,1,1,1]]"
5,736,-0.0021653547784263342,0.0021653547784263342,"[[1,1,0,0,1,1,0,1,1,1],[1,1,1,1,0,0,0,0,0,0]]"
5,737,-0.0022745587150388674,0.0022745587150388674,"[[1,1,0,0,1,1,0,1,1,1],[1,1,1,1,0,0,0,0,0,1]]"
5,738,-0.0034433385606716317,0.0034433385606716317,"[[1,1,0,0,1,1,0,1,1,1],[1,1,1,1,0,0,0,0,1,0]]"
5,739,-0.003798694509085053,0.003798694509085053,"[[1,1,0,0,1,1,0,1,1,1],[1,1,1,1,0,0,0,0,1,1]]"
5,740,-0.005770230655133621,0.005770230655133621,"[[1,1,0,0,1,1,0,1,1,1],[1,1,1,1,0,0,0,1,0,0]]"
5,741,-0.006133880799760455,0.006133880799760455,"[[1,1,0,0,1,1,0,1,1,1],[1,1,1,1,0,0,0,1,0,1]]"
5,742,-0.008009596635555208,0.008009596635555208,"[[1,1,0,0,1,1,0,1,1,1],[1,1,1,1,0,0,0,1,1,0]]"
5,743,-0.008437815464955974,0.008437815464955974,"[[1,1,0,0,1,1,0,1,1,1],[1,1,1,1,0,0,0,1,1,1]]"
5,744,-0.008504002487612626,0.008504002487612626,"[[1,1,0,0,1,1,0,1,1,1],[1,1,1,1,0,0,1,0,0,0]]"
5,745,-0.008995683443025714,0.008995683443025714,"[[1,1,0,0,1,1,0,1,1,1],[1,1,1,1,0,0,1,0,0,1]]"
5,746,-0.010880993996877402,0.010880993996877402,"[[1,1,0,0,1,1,0,1,1,1],[1,1,1,1,0,0,1,0,1,0]]"
5,747,-0.011519830385090175,0.011519830385090175,"[[1,1,0,0,1,1,0,1,1,1],[1,1,1,1,0,0,1,0,1,1]]"
5,748,-0.014944430694641679,0.014944430694641679,"[[1,1,0,0,1,1,0,1,1,1],[1,1,1,1,0,0,1,1,0,0]]"
5,749,-0.015466336078217261,0.015466336078217261,"[[1,1,0,0,1,1,0,1,1,1],[1,1,1,1,0,0,1,1,0,1]]"
5,750,-0.017549947899387974,0.017549947899387974,"[[1,1,0,0,1,1,0,1,1,1],[1,1,1,1,0,0,1,1,1,0]]"
5,751,-0.0182210300049867,0.0182210300049867,"[[1,1,0,0,1,1,0,1,1,1],[1,1,1,1,0,0,1,1,1,1]]"
5,752,-0.012089435918215456,0.012089435918215456,"[[1,1,0,0,1,1,0,1,1,1],[1,1,1,1,0,1,0,0,0,0]]"
5,753,-0.012404899253865224,0.012404899253865224,"[[1,1,0,0,1,1,0,1,1,1],[1,1,1,1,0,1,0,0,0,1]]"
5,754,-0.014703086424328498,0.014703086424328498,"[[1,1,0,0,1,1,0,1,1,1],[1,1,1,1,0,1,0,0,1,0]]"
5,755,-0.015192570590485281,0.015192570590485281,"[[1,1,0,0,1,1,0,1,1,1],[1,1,1,1,0,1,0,0,1,1]]"
5,756,-0.018873803657172495,0.018873803657172495,"[[1,1,0,0,1,1,0,1,1,1],[1,1,1,1,0,1,0,1,0,0]]"
5,757,-0.019295440529177504,0.019295440529177504,"[[1,1,0,0,1,1,0,1,1,1],[1,1,1,1,0,1,0,1,0,1]]"
5,758,-0.021506472029395502,0.021506472029395502,"[[1,1,0,0,1,1,0,1,1,1],[1,1,1,1,0,1,0,1,1,0]]"
5,759,-0.022080198970690246,0.022080198970690246,"[[1,1,0,0,1,1,0,1,1,1],[1,1,1,1,0,1,0,1,1,1]]"
5,760,-0.023983653142209165,0.023983653142209165,"[[1,1,0,0,1,1,0,1,1,1],[1,1,1,1,0,1,1,0,0,0]]"
5,761,-0.024760895767101908,0.024760895767101908,"[[1,1,0,0,1,1,0,1,1,1],[1,1,1,1,0,1,1,0,0,1]]"
5,762,-0.027154955822744787,0.027154955822744787,"[[1,1,0,0,1,1,0,1,1,1],[1,1,1,1,0,1,1,0,1,0]]"
5,763,-0.027675839795226365,0.027675839795226365,"[[1,1,0,0,1,1,0,1,1,1],[1,1,1,1,0,1,1,0,1,1]]"
5,764,-0.032212611634515186,0.032212611634515186,"[[1,1,0,0,1,1,0,1,1,1],[1,1,1,1,0,1,1,1,0,0]]"
5,765,-0.032896423481576134,0.032896423481576134,"[[1,1,0,0,1,1,0,1,1,1],[1,1,1,1,0,1,1,1,0,1]]"
5,766,-0.03509380071163084,0.03509380071163084,"[[1,1,0,0,1,1,0,1,1,1],[1,1,1,1,0,1,1,1,1,0]]"
5,767,-0.03541800202575153,0.03541800202575153,"[[1,1,0,0,1,1,0,1,1,1],[1,1,1,1,0,1,1,1,1,1]]"
5,768,-0.00219480296106378,0.00219480296106378,"[[1,1,0,0,1,1,1,0,0,0],[1,1,1,1,0,0,0,0,0,0]]"
5,769,-0.0023010740658268485,0.0023010740658268485,"[[1,1,0,0,1,1,1,0,0,0],[1,1,1,1,0,0,0,0,0,1]]"
5,770,-0.0031936269384942313,0.0031936269384942313,"[[1,1,0,0,1,1,1,0,0,0],[1,1,1,1,0,0,0,0,1,0]]"
5,771,-0.0033108938246356194,0.0033108938246356194,"[[1,1,0,0,1,1,1,0,0,0],[1,1,1,1,0,0,0,0,1,1]]"
5,772,-0.004680603173223991,0.004680603173223991,"[[1,1,0,0,1,1,1,0,0,0],[1,1,1,1,0,0,0,1,0,0]]"
5,773,-0.004926173598855724,0.004926173598855724,"[[1,1,0,0,1,1,1,0,0,0],[1,1,1,1,0,0,0,1,0,1]]"
5,774,-0.006063960663124171,0.006063960663124171,"[[1,1,0,0,1,1,1,0,0,0],[1,1,1,1,0,0,0,1,1,0]]"
5,775,-0.006202782859228435,0.006202782859228435,"[[1,1,0,0,1,1,1,0,0,0],[1,1,1,1,0,0,0,1,1,1]]"
5,776,-0.007502110223280234,0.007502110223280234,"[[1,1,0,0,1,1,1,0,0,0],[1,1,1,1,0,0,1,0,0,0]]"
5,777,-0.007565730880258449,0.007565730880258449,"[[1,1,0,0,1,1,1,0,0,0],[1,1,1,1,0,0,1,0,0,1]]"
5,778,-0.008799285696378702,0.008799285696378702,"[[1,1,0,0,1,1,1,0,0,0],[1,1,1,1,0,0,1,0,1,0]]"
5,779,-0.00907617340219814,0.00907617340219814,"[[1,1,0,0,1,1,1,0,0,0],[1,1,1,1,0,0,1,0,1,1]]"
5,780,-0.011623055435210949,0.011623055435210949,"[[1,1,0,0,1,1,1,0,0,0],[1,1,1,1,0,0,1,1,0,0]]"
5,781,-0.011947998136791213,0.011947998136791213,"[[1,1,0,0,1,1,1,0,0,0],[1,1,1,1,0,0,1,1,0,1]]"
5,782,-0.013134946380594412,0.013134946380594412,"[[1,1,0,0,1,1,1,0,0,0],[1,1,1,1,0,0,1,1,1,0]]"
5,783,-0.01314363152548149,0.01314363152548149,"[[1,1,0,0,1,1,1,0,0,0],[1,1,1,1,0,0,1,1,1,1]]"
5,784,-0.01080341945461245,0.01080341945461245,"[[1,1,0,0,1,1,1,0,0,0],[1,1,1,1,0,1,0,0,0,0]]"
5,785,-0.010670534863576567,0.010670534863576567,"[[1,1,0,0,1,1,1,0,0,0],[1,1,1,1,0,1,0,0,0,1]]"
5,786,-0.01233707827927457,0.01233707827927457,"[[1,1,0,0,1,1,1,0,0,0],[1,1,1,1,0,1,0,0,1,0]]"
5,787,-0.012601026707207762,0.012601026707207762,"[[1,1,0,0,1,1,1,0,0,0],[1,1,1,1,0,1,0,0,1,1]]"
5,788,-0.015092673106584058,0.015092673106584058,"[[1,1,0,0,1,1,1,0,0,0],[1,1,1,1,0,1,0,1,0,0]]"
5,789,-0.015549190183687063,0.015549190183687063,"[[1,1,0,0,1,1,1,0,0,0],[1,1,1,1,0,1,0,1,0,1]]"
5,790,-0.017087805013016828,0.017087805013016828,"[[1,1,0,0,1,1,1,0,0,0],[1,1,1,1,0,1,0,1,1,0]]"
5,791,-0.017450960314238803,0.017450960314238803,"[[1,1,0,0,1,1,1,0,0,0],[1,1,1,1,0,1,0,1,1,1]]"
5,792,-0.02065530717914326,0.02065530717914326,"[[1,1,0,0,1,1,1,0,0,0],[1,1,1,1,0,1,1,0,0,0]]"
5,793,-0.020859928091470983,0.020859928091470983,"[[1,1,0,0,1,1,1,0,0,0],[1,1,1,1,0,1,1,0,0,1]]"
5,794,-0.02276813397202883,0.02276813397202883,"[[1,1,0,0,1,1,1,0,0,0],[1,1,1,1,0,1,1,0,1,0]]"
5,795,-0.023098343623188897,0.023098343623188897,"[[1,1,0,0,1,1,1,0,0,0],[1,1,1,1,0,1,1,0,1,1]]"
5,796,-0.02635929495999412,0.02635929495999412,"[[1,1,0,0,1,1,1,0,0,0],[1,1,1,1,0,1,1,1,0,0]]"
5,797,-0.026548823876884987,0.026548823876884987,"[[1,1,0,0,1,1,1,0,0,0],[1,1,1,1,0,1,1,1,0,1]]"
5,798,-0.02782979557259492,0.02782979557259492,"[[1,1,0,0,1,1,1,0,0,0],[1,1,1,1,0,1,1,1,1,0]]"
5,799,-0.027063472709110692,0.027063472709110692,"[[1,1,0,0,1,1,1,0,0,0],[1,1,1,1,0,1,1,1,1,1]]"
5,800,-0.0019107269302106032,0.0019107269302106032,"[[1,1,0,0,1,1,1,0,0,1],[1,1,1,1,0,0,0,0,0,0]]"
5,801,-0.0021594773097766084,0.0021594773097766084,"[[1,1,0,0,1,1,1,0,0,1],[1,1,1,1,0,0,0,0,0,1]]"
5,802,-0.003169367183351075,0.003169367183351075,"[[1,1,0,0,1,1,1,0,0,1],[1,1,1,1,0,0,0,0,1,0]]"
5,803,-0.003498119835268651,0.003498119835268651,"[[1,1,0,0,1,1,1,0,0,1],[1,1,1,1,0,0,0,0,1,1]]"
5,804,-0.004635786990674104,0.004635786990674104,"[[1,1,0,0,1,1,1,0,0,1],[1,1,1,1,0,0,0,1,0,0]]"
5,805,-0.004911227378448255,0.004911227378448255,"[[1,1,0,0,1,1,1,0,0,1],[1,1,1,1,0,0,0,1,0,1]]"
5,806,-0.006080480077420286,0.006080480077420286,"[[1,1,0,0,1,1,1,0,0,1],[1,1,1,1,0,0,0,1,1,0]]"
5,807,-0.006430790157350248,0.006430790157350248,"[[1,1,0,0,1,1,1,0,0,1],[1,1,1,1,0,0,0,1,1,1]]"
5,808,-0.007372997164495799,0.007372997164495799,"[[1,1,0,0,1,1,1,0,0,1],[1,1,1,1,0,0,1,0,0,0]]"
5,809,-0.0077182530649408795,0.0077182530649408795,"[[1,1,0,0,1,1,1,0,0,1],[1,1,1,1,0,0,1,0,0,1]]"
5,810,-0.008978642996299855,0.008978642996299855,"[[1,1,0,0,1,1,1,0,0,1],[1,1,1,1,0,0,1,0,1,0]]"
5,811,-0.009227007890372839,0.009227007890372839,"[[1,1,0,0,1,1,1,0,0,1],[1,1,1,1,0,0,1,0,1,1]]"
5,812,-0.011717530344561718,0.011717530344561718,"[[1,1,0,0,1,1,1,0,0,1],[1,1,1,1,0,0,1,1,0,0]]"
5,813,-0.012002688165065067,0.012002688165065067,"[[1,1,0,0,1,1,1,0,0,1],[1,1,1,1,0,0,1,1,0,1]]"
5,814,-0.013538079319446911,0.013538079319446911,"[[1,1,0,0,1,1,1,0,0,1],[1,1,1,1,0,0,1,1,1,0]]"
5,815,-0.013709696711333326,0.013709696711333326,"[[1,1,0,0,1,1,1,0,0,1],[1,1,1,1,0,0,1,1,1,1]]"
5,816,-0.010507318292803445,0.010507318292803445,"[[1,1,0,0,1,1,1,0,0,1],[1,1,1,1,0,1,0,0,0,0]]"
5,817,-0.01089760535717137,0.01089760535717137,"[[1,1,0,0,1,1,1,0,0,1],[1,1,1,1,0,1,0,0,0,1]]"
5,818,-0.012398353231773176,0.012398353231773176,"[[1,1,0,0,1,1,1,0,0,1],[1,1,1,1,0,1,0,0,1,0]]"
5,819,-0.012805495065852652,0.012805495065852652,"[[1,1,0,0,1,1,1,0,0,1],[1,1,1,1,0,1,0,0,1,1]]"
5,820,-0.015129883719590159,0.015129883719590159,"[[1,1,0,0,1,1,1,0,0,1],[1,1,1,1,0,1,0,1,0,0]]"
5,821,-0.015560944152511545,0.015560944152511545,"[[1,1,0,0,1,1,1,0,0,1],[1,1,1,1,0,1,0,1,0,1]]"
5,822,-0.0171937786532135,0.0171937786532135,"[[1,1,0,0,1,1,1,0,0,1],[1,1,1,1,0,1,0,1,1,0]]"
5,823,-0.017783761246253253,0.017783761246253253,"[[1,1,0,0,1,1,1,0,0,1],[1,1,1,1,0,1,0,1,1,1]]"
5,824,-0.02060547341054658,0.02060547341054658,"[[1,1,0,0,1,1,1,0,0,1],[1,1,1,1,0,1,1,0,0,0]]"
5,825,-0.021033660168015902,0.021033660168015902,"[[1,1,0,0,1,1,1,0,0,1],[1,1,1,1,0,1,1,0,0,1]]"
5,826,-0.02305534209480869,0.02305534209480869,"[[1,1,0,0,1,1,1,0,0,1],[1,1,1,1,0,1,1,0,1,0]]"
5,827,-0.02343093760397101,0.02343093760397101,"[[1,1,0,0,1,1,1,0,0,1],[1,1,1,1,0,1,1,0,1,1]]"
5,828,-0.026855039838508267,0.026855039838508267,"[[1,1,0,0,1,1,1,0,0,1],[1,1,1,1,0,1,1,1,0,0]]"
5,829,-0.027037061224971227,0.027037061224971227,"[[1,1,0,0,1,1,1,0,0,1],[1,1,1,1,0,1,1,1,0,1]]"
5,830,-0.02849811845228004,0.02849811845228004,"[[1,1,0,0,1,1,1,0,0,1],[1,1,1,1,0,1,1,1,1,0]]"
5,831,-0.02817714949672717,0.02817714949672717,"[[1,1,0,0,1,1,1,0,0,1],[1,1,1,1,0,1,1,1,1,1]]"
5,832,-0.0011536972012182174,0.0011536972012182174,"[[1,1,0,0,1,1,1,0,1,0],[1,1,1,1,0,0,0,0,0,0]]"
5,833,-0.0012140945550692358,0.0012140945550692358,"[[1,1,0,0,1,1,1,0,1,0],[1,1,1,1,0,0,0,0,0,1]]"
5,834,-0.0020303236302549764,0.0020303236302549764,"[[1,1,0,0,1,1,1,0,1,0],[1,1,1,1,0,0,0,0,1,0]]"
5,835,-0.002192340905297128,0.002192340905297128,"[[1,1,0,0,1,1,1,0,1,0],[1,1,1,1,0,0,0,0,1,1]]"
5,836,-0.0037241222578709332,0.0037241222578709332,"[[1,1,0,0,1,1,1,0,1,0],[1,1,1,1,0,0,0,1,0,0]]"
5,837,-0.0038096068667619965,0.0038096068667619965,"[[1,1,0,0,1,1,1,0,1,0],[1,1,1,1,0,0,0,1,0,1]]"
5,838,-0.005143401536919221,0.005143401536919221,"[[1,1,0,0,1,1,1,0,1,0],[1,1,1,1,0,0,0,1,1,0]]"
5,839,-0.005298766930011396,0.005298766930011396,"[[1,1,0,0,1,1,1,0,1,0],[1,1,1,1,0,0,0,1,1,1]]"
5,840,-0.005773147399752571,0.005773147399752571,"[[1,1,0,0,1,1,1,0,1,0],[1,1,1,1,0,0,1,0,0,0]]"
5,841,-0.00591399347247884,0.00591399347247884,"[[1,1,0,0,1,1,1,0,1,0],[1,1,1,1,0,0,1,0,0,1]]"
5,842,-0.007599010176274765,0.007599010176274765,"[[1,1,0,0,1,1,1,0,1,0],[1,1,1,1,0,0,1,0,1,0]]"
5,843,-0.00776728389460255,0.00776728389460255,"[[1,1,0,0,1,1,1,0,1,0],[1,1,1,1,0,0,1,0,1,1]]"
5,844,-0.010615001113885076,0.010615001113885076,"[[1,1,0,0,1,1,1,0,1,0],[1,1,1,1,0,0,1,1,0,0]]"
5,845,-0.010623171624531032,0.010623171624531032,"[[1,1,0,0,1,1,1,0,1,0],[1,1,1,1,0,0,1,1,0,1]]"
5,846,-0.01245126507260526,0.01245126507260526,"[[1,1,0,0,1,1,1,0,1,0],[1,1,1,1,0,0,1,1,1,0]]"
5,847,-0.012723949716840564,0.012723949716840564,"[[1,1,0,0,1,1,1,0,1,0],[1,1,1,1,0,0,1,1,1,1]]"
5,848,-0.008792864506933104,0.008792864506933104,"[[1,1,0,0,1,1,1,0,1,0],[1,1,1,1,0,1,0,0,0,0]]"
5,849,-0.008779871160076598,0.008779871160076598,"[[1,1,0,0,1,1,1,0,1,0],[1,1,1,1,0,1,0,0,0,1]]"
5,850,-0.010632937790297153,0.010632937790297153,"[[1,1,0,0,1,1,1,0,1,0],[1,1,1,1,0,1,0,0,1,0]]"
5,851,-0.010687790962636723,0.010687790962636723,"[[1,1,0,0,1,1,1,0,1,0],[1,1,1,1,0,1,0,0,1,1]]"
5,852,-0.01405926516300507,0.01405926516300507,"[[1,1,0,0,1,1,1,0,1,0],[1,1,1,1,0,1,0,1,0,0]]"
5,853,-0.013841628580876373,0.013841628580876373,"[[1,1,0,0,1,1,1,0,1,0],[1,1,1,1,0,1,0,1,0,1]]"
5,854,-0.01603227065456497,0.01603227065456497,"[[1,1,0,0,1,1,1,0,1,0],[1,1,1,1,0,1,0,1,1,0]]"
5,855,-0.016217355537683772,0.016217355537683772,"[[1,1,0,0,1,1,1,0,1,0],[1,1,1,1,0,1,0,1,1,1]]"
5,856,-0.019151211695532622,0.019151211695532622,"[[1,1,0,0,1,1,1,0,1,0],[1,1,1,1,0,1,1,0,0,0]]"
5,857,-0.01888311866096432,0.01888311866096432,"[[1,1,0,0,1,1,1,0,1,0],[1,1,1,1,0,1,1,0,0,1]]"
5,858,-0.02125664505584889,0.02125664505584889,"[[1,1,0,0,1,1,1,0,1,0],[1,1,1,1,0,1,1,0,1,0]]"
5,859,-0.021465538426437936,0.021465538426437936,"[[1,1,0,0,1,1,1,0,1,0],[1,1,1,1,0,1,1,0,1,1]]"
5,860,-0.02596738755725064,0.02596738755725064,"[[1,1,0,0,1,1,1,0,1,0],[1,1,1,1,0,1,1,1,0,0]]"
5,861,-0.02598253694012441,0.02598253694012441,"[[1,1,0,0,1,1,1,0,1,0],[1,1,1,1,0,1,1,1,0,1]]"
5,862,-0.028013794882408197,0.028013794882408197,"[[1,1,0,0,1,1,1,0,1,0],[1,1,1,1,0,1,1,1,1,0]]"
5,863,-0.02785994169175793,0.02785994169175793,"[[1,1,0,0,1,1,1,0,1,0],[1,1,1,1,0,1,1,1,1,1]]"
5,864,-0.0009153311733956014,0.0009153311733956014,"[[1,1,0,0,1,1,1,0,1,1],[1,1,1,1,0,0,0,0,0,0]]"
5,865,-0.0010682837906736344,0.0010682837906736344,"[[1,1,0,0,1,1,1,0,1,1],[1,1,1,1,0,0,0,0,0,1]]"
5,866,-0.0018422617889730785,0.0018422617889730785,"[[1,1,0,0,1,1,1,0,1,1],[1,1,1,1,0,0,0,0,1,0]]"
5,867,-0.0021188874615733506,0.0021188874615733506,"[[1,1,0,0,1,1,1,0,1,1],[1,1,1,1,0,0,0,0,1,1]]"
5,868,-0.0033535610536357986,0.0033535610536357986,"[[1,1,0,0,1,1,1,0,1,1],[1,1,1,1,0,0,0,1,0,0]]"
5,869,-0.003585454369588283,0.003585454369588283,"[[1,1,0,0,1,1,1,0,1,1],[1,1,1,1,0,0,0,1,0,1]]"
5,870,-0.005127840748045993,0.005127840748045993,"[[1,1,0,0,1,1,1,0,1,1],[1,1,1,1,0,0,0,1,1,0]]"
5,871,-0.005373557042206604,0.005373557042206604,"[[1,1,0,0,1,1,1,0,1,1],[1,1,1,1,0,0,0,1,1,1]]"
5,872,-0.005315287710460864,0.005315287710460864,"[[1,1,0,0,1,1,1,0,1,1],[1,1,1,1,0,0,1,0,0,0]]"
5,873,-0.005751822607026696,0.005751822607026696,"[[1,1,0,0,1,1,1,0,1,1],[1,1,1,1,0,0,1,0,0,1]]"
5,874,-0.007512959428595189,0.007512959428595189,"[[1,1,0,0,1,1,1,0,1,1],[1,1,1,1,0,0,1,0,1,0]]"
5,875,-0.007921135138241546,0.007921135138241546,"[[1,1,0,0,1,1,1,0,1,1],[1,1,1,1,0,0,1,0,1,1]]"
5,876,-0.010361716885301386,0.010361716885301386,"[[1,1,0,0,1,1,1,0,1,1],[1,1,1,1,0,0,1,1,0,0]]"
5,877,-0.010718811346806429,0.010718811346806429,"[[1,1,0,0,1,1,1,0,1,1],[1,1,1,1,0,0,1,1,0,1]]"
5,878,-0.012496524558843224,0.012496524558843224,"[[1,1,0,0,1,1,1,0,1,1],[1,1,1,1,0,0,1,1,1,0]]"
5,879,-0.012961775760171159,0.012961775760171159,"[[1,1,0,0,1,1,1,0,1,1],[1,1,1,1,0,0,1,1,1,1]]"
5,880,-0.008216091329081902,0.008216091329081902,"[[1,1,0,0,1,1,1,0,1,1],[1,1,1,1,0,1,0,0,0,0]]"
5,881,-0.008590137663929902,0.008590137663929902,"[[1,1,0,0,1,1,1,0,1,1],[1,1,1,1,0,1,0,0,0,1]]"
5,882,-0.010463853914752857,0.010463853914752857,"[[1,1,0,0,1,1,1,0,1,1],[1,1,1,1,0,1,0,0,1,0]]"
5,883,-0.010888863120525233,0.010888863120525233,"[[1,1,0,0,1,1,1,0,1,1],[1,1,1,1,0,1,0,0,1,1]]"
5,884,-0.01367140109811497,0.01367140109811497,"[[1,1,0,0,1,1,1,0,1,1],[1,1,1,1,0,1,0,1,0,0]]"
5,885,-0.01389766204173813,0.01389766204173813,"[[1,1,0,0,1,1,1,0,1,1],[1,1,1,1,0,1,0,1,0,1]]"
5,886,-0.016021321652565076,0.016021321652565076,"[[1,1,0,0,1,1,1,0,1,1],[1,1,1,1,0,1,0,1,1,0]]"
5,887,-0.016412970320577917,0.016412970320577917,"[[1,1,0,0,1,1,1,0,1,1],[1,1,1,1,0,1,0,1,1,1]]"
5,888,-0.018541930118687537,0.018541930118687537,"[[1,1,0,0,1,1,1,0,1,1],[1,1,1,1,0,1,1,0,0,0]]"
5,889,-0.01897083282619147,0.01897083282619147,"[[1,1,0,0,1,1,1,0,1,1],[1,1,1,1,0,1,1,0,0,1]]"
5,890,-0.021149881622669772,0.021149881622669772,"[[1,1,0,0,1,1,1,0,1,1],[1,1,1,1,0,1,1,0,1,0]]"
5,891,-0.021738474041271404,0.021738474041271404,"[[1,1,0,0,1,1,1,0,1,1],[1,1,1,1,0,1,1,0,1,1]]"
5,892,-0.025445012473092044,0.025445012473092044,"[[1,1,0,0,1,1,1,0,1,1],[1,1,1,1,0,1,1,1,0,0]]"
5,893,-0.025940571884653197,0.025940571884653197,"[[1,1,0,0,1,1,1,0,1,1],[1,1,1,1,0,1,1,1,0,1]]"
5,894,-0.028371874208097905,0.028371874208097905,"[[1,1,0,0,1,1,1,0,1,1],[1,1,1,1,0,1,1,1,1,0]]"
5,895,-0.028419457957147558,0.028419457957147558,"[[1,1,0,0,1,1,1,0,1,1],[1,1,1,1,0,1,1,1,1,1]]"
5,896,-0.00035711672570241465,0.00035711672570241465,"[[1,1,0,0,1,1,1,1,0,0],[1,1,1,1,0,0,0,0,0,0]]"
5,897,-0.00046266419447084167,0.00046266419447084167,"[[1,1,0,0,1,1,1,1,0,0],[1,1,1,1,0,0,0,0,0,1]]"
5,898,-0.0007664412601014344,0.0007664412601014344,"[[1,1,0,0,1,1,1,1,0,0],[1,1,1,1,0,0,0,0,1,0]]"
5,899,-0.0009759200408870716,0.0009759200408870716,"[[1,1,0,0,1,1,1,1,0,0],[1,1,1,1,0,0,0,0,1,1]]"
5,900,-0.0017322084855595006,0.0017322084855595006,"[[1,1,0,0,1,1,1,1,0,0],[1,1,1,1,0,0,0,1,0,0]]"
5,901,-0.002011770412271189,0.002011770412271189,"[[1,1,0,0,1,1,1,1,0,0],[1,1,1,1,0,0,0,1,0,1]]"
5,902,-0.002837882593999959,0.002837882593999959,"[[1,1,0,0,1,1,1,1,0,0],[1,1,1,1,0,0,0,1,1,0]]"
5,903,-0.0031240758957133837,0.0031240758957133837,"[[1,1,0,0,1,1,1,1,0,0],[1,1,1,1,0,0,0,1,1,1]]"
5,904,-0.0034359183926404714,0.0034359183926404714,"[[1,1,0,0,1,1,1,1,0,0],[1,1,1,1,0,0,1,0,0,0]]"
5,905,-0.003597799080911598,0.003597799080911598,"[[1,1,0,0,1,1,1,1,0,0],[1,1,1,1,0,0,1,0,0,1]]"
5,906,-0.004579553674274071,0.004579553674274071,"[[1,1,0,0,1,1,1,1,0,0],[1,1,1,1,0,0,1,0,1,0]]"
5,907,-0.004869370783146931,0.004869370783146931,"[[1,1,0,0,1,1,1,1,0,0],[1,1,1,1,0,0,1,0,1,1]]"
5,908,-0.007387368009551897,0.007387368009551897,"[[1,1,0,0,1,1,1,1,0,0],[1,1,1,1,0,0,1,1,0,0]]"
5,909,-0.007772194642633513,0.007772194642633513,"[[1,1,0,0,1,1,1,1,0,0],[1,1,1,1,0,0,1,1,0,1]]"
5,910,-0.008815585247227588,0.008815585247227588,"[[1,1,0,0,1,1,1,1,0,0],[1,1,1,1,0,0,1,1,1,0]]"
5,911,-0.009174519482778629,0.009174519482778629,"[[1,1,0,0,1,1,1,1,0,0],[1,1,1,1,0,0,1,1,1,1]]"
5,912,-0.005806257995434716,0.005806257995434716,"[[1,1,0,0,1,1,1,1,0,0],[1,1,1,1,0,1,0,0,0,0]]"
5,913,-0.005984089958769795,0.005984089958769795,"[[1,1,0,0,1,1,1,1,0,0],[1,1,1,1,0,1,0,0,0,1]]"
5,914,-0.007263000954004285,0.007263000954004285,"[[1,1,0,0,1,1,1,1,0,0],[1,1,1,1,0,1,0,0,1,0]]"
5,915,-0.007682147092595116,0.007682147092595116,"[[1,1,0,0,1,1,1,1,0,0],[1,1,1,1,0,1,0,0,1,1]]"
5,916,-0.010185188994083176,0.010185188994083176,"[[1,1,0,0,1,1,1,1,0,0],[1,1,1,1,0,1,0,1,0,0]]"
5,917,-0.010541964876864408,0.010541964876864408,"[[1,1,0,0,1,1,1,1,0,0],[1,1,1,1,0,1,0,1,0,1]]"
5,918,-0.01199170626231197,0.01199170626231197,"[[1,1,0,0,1,1,1,1,0,0],[1,1,1,1,0,1,0,1,1,0]]"
5,919,-0.012405643935338653,0.012405643935338653,"[[1,1,0,0,1,1,1,1,0,0],[1,1,1,1,0,1,0,1,1,1]]"
5,920,-0.015596638873501545,0.015596638873501545,"[[1,1,0,0,1,1,1,1,0,0],[1,1,1,1,0,1,1,0,0,0]]"
5,921,-0.015896176781745274,0.015896176781745274,"[[1,1,0,0,1,1,1,1,0,0],[1,1,1,1,0,1,1,0,0,1]]"
5,922,-0.017422901635770774,0.017422901635770774,"[[1,1,0,0,1,1,1,1,0,0],[1,1,1,1,0,1,1,0,1,0]]"
5,923,-0.01776810869053131,0.01776810869053131,"[[1,1,0,0,1,1,1,1,0,0],[1,1,1,1,0,1,1,0,1,1]]"
5,924,-0.021717420297200137,0.021717420297200137,"[[1,1,0,0,1,1,1,1,0,0],[1,1,1,1,0,1,1,1,0,0]]"
5,925,-0.02224769723545774,0.02224769723545774,"[[1,1,0,0,1,1,1,1,0,0],[1,1,1,1,0,1,1,1,0,1]]"
5,926,-0.023771218765327,0.023771218765327,"[[1,1,0,0,1,1,1,1,0,0],[1,1,1,1,0,1,1,1,1,0]]"
5,927,-0.02413837764680298,0.02413837764680298,"[[1,1,0,0,1,1,1,1,0,0],[1,1,1,1,0,1,1,1,1,1]]"
5,928,-0.0002476312539025683,0.0002476312539025683,"[[1,1,0,0,1,1,1,1,0,1],[1,1,1,1,0,0,0,0,0,0]]"
5,929,-0.00035195387410398555,0.00035195387410398555,"[[1,1,0,0,1,1,1,1,0,1],[1,1,1,1,0,0,0,0,0,1]]"
5,930,-0.0007093223156935307,0.0007093223156935307,"[[1,1,0,0,1,1,1,1,0,1],[1,1,1,1,0,0,0,0,1,0]]"
5,931,-0.0009321994932295491,0.0009321994932295491,"[[1,1,0,0,1,1,1,1,0,1],[1,1,1,1,0,0,0,0,1,1]]"
5,932,-0.0015501825723892965,0.0015501825723892965,"[[1,1,0,0,1,1,1,1,0,1],[1,1,1,1,0,0,0,1,0,0]]"
5,933,-0.0018602616107503622,0.0018602616107503622,"[[1,1,0,0,1,1,1,1,0,1],[1,1,1,1,0,0,0,1,0,1]]"
5,934,-0.0027813943657883583,0.0027813943657883583,"[[1,1,0,0,1,1,1,1,0,1],[1,1,1,1,0,0,0,1,1,0]]"
5,935,-0.003155559861185465,0.003155559861185465,"[[1,1,0,0,1,1,1,1,0,1],[1,1,1,1,0,0,0,1,1,1]]"
5,936,-0.003094478603819582,0.003094478603819582,"[[1,1,0,0,1,1,1,1,0,1],[1,1,1,1,0,0,1,0,0,0]]"
5,937,-0.00342319015463479,0.00342319015463479,"[[1,1,0,0,1,1,1,1,0,1],[1,1,1,1,0,0,1,0,0,1]]"
5,938,-0.004673851539594219,0.004673851539594219,"[[1,1,0,0,1,1,1,1,0,1],[1,1,1,1,0,0,1,0,1,0]]"
5,939,-0.00505673955301203,0.00505673955301203,"[[1,1,0,0,1,1,1,1,0,1],[1,1,1,1,0,0,1,0,1,1]]"
5,940,-0.007331058853376674,0.007331058853376674,"[[1,1,0,0,1,1,1,1,0,1],[1,1,1,1,0,0,1,1,0,0]]"
5,941,-0.007751737952741141,0.007751737952741141,"[[1,1,0,0,1,1,1,1,0,1],[1,1,1,1,0,0,1,1,0,1]]"
5,942,-0.009070410046130717,0.009070410046130717,"[[1,1,0,0,1,1,1,1,0,1],[1,1,1,1,0,0,1,1,1,0]]"
5,943,-0.009288472061839586,0.009288472061839586,"[[1,1,0,0,1,1,1,1,0,1],[1,1,1,1,0,0,1,1,1,1]]"
5,944,-0.005417407729407237,0.005417407729407237,"[[1,1,0,0,1,1,1,1,0,1],[1,1,1,1,0,1,0,0,0,0]]"
5,945,-0.005763646505634669,0.005763646505634669,"[[1,1,0,0,1,1,1,1,0,1],[1,1,1,1,0,1,0,0,0,1]]"
5,946,-0.007128290875153101,0.007128290875153101,"[[1,1,0,0,1,1,1,1,0,1],[1,1,1,1,0,1,0,0,1,0]]"
5,947,-0.007706851360693958,0.007706851360693958,"[[1,1,0,0,1,1,1,1,0,1],[1,1,1,1,0,1,0,0,1,1]]"
5,948,-0.010012206336531684,0.010012206336531684,"[[1,1,0,0,1,1,1,1,0,1],[1,1,1,1,0,1,0,1,0,0]]"
5,949,-0.01055327235307401,0.01055327235307401,"[[1,1,0,0,1,1,1,1,0,1],[1,1,1,1,0,1,0,1,0,1]]"
5,950,-0.012071862818866469,0.012071862818866469,"[[1,1,0,0,1,1,1,1,0,1],[1,1,1,1,0,1,0,1,1,0]]"
5,951,-0.01254346441831154,0.01254346441831154,"[[1,1,0,0,1,1,1,1,0,1],[1,1,1,1,0,1,0,1,1,1]]"
5,952,-0.015025593245972491,0.015025593245972491,"[[1,1,0,0,1,1,1,1,0,1],[1,1,1,1,0,1,1,0,0,0]]"
5,953,-0.01567823486771058,0.01567823486771058,"[[1,1,0,0,1,1,1,1,0,1],[1,1,1,1,0,1,1,0,0,1]]"
5,954,-0.01764319590117478,0.01764319590117478,"[[1,1,0,0,1,1,1,1,0,1],[1,1,1,1,0,1,1,0,1,0]]"
5,955,-0.01788741947642794,0.01788741947642794,"[[1,1,0,0,1,1,1,1,0,1],[1,1,1,1,0,1,1,0,1,1]]"
5,956,-0.021694683905723395,0.021694683905723395,"[[1,1,0,0,1,1,1,1,0,1],[1,1,1,1,0,1,1,1,0,0]]"
5,957,-0.022171714942171614,0.022171714942171614,"[[1,1,0,0,1,1,1,1,0,1],[1,1,1,1,0,1,1,1,0,1]]"
5,958,-0.024192569474749136,0.024192569474749136,"[[1,1,0,0,1,1,1,1,0,1],[1,1,1,1,0,1,1,1,1,0]]"
5,959,-0.024375708666314343,0.024375708666314343,"[[1,1,0,0,1,1,1,1,0,1],[1,1,1,1,0,1,1,1,1,1]]"
5,960,-0.00011961061608348394,0.00011961061608348394,"[[1,1,0,0,1,1,1,1,1,0],[1,1,1,1,0,0,0,0,0,0]]"
5,961,-0.00011636296067893222,0.00011636296067893222,"[[1,1,0,0,1,1,1,1,1,0],[1,1,1,1,0,0,0,0,0,1]]"
5,962,-0.00026506874697771946,0.00026506874697771946,"[[1,1,0,0,1,1,1,1,1,0],[1,1,1,1,0,0,0,0,1,0]]"
5,963,-0.00033742297333359486,0.00033742297333359486,"[[1,1,0,0,1,1,1,1,1,0],[1,1,1,1,0,0,0,0,1,1]]"
5,964,-0.0008082722800665466,0.0008082722800665466,"[[1,1,0,0,1,1,1,1,1,0],[1,1,1,1,0,0,0,1,0,0]]"
5,965,-0.0009391835699887935,0.0009391835699887935,"[[1,1,0,0,1,1,1,1,1,0],[1,1,1,1,0,0,0,1,0,1]]"
5,966,-0.001675951245116333,0.001675951245116333,"[[1,1,0,0,1,1,1,1,1,0],[1,1,1,1,0,0,0,1,1,0]]"
5,967,-0.001883528632605362,0.001883528632605362,"[[1,1,0,0,1,1,1,1,1,0],[1,1,1,1,0,0,0,1,1,1]]"
5,968,-0.002013700898235701,0.002013700898235701,"[[1,1,0,0,1,1,1,1,1,0],[1,1,1,1,0,0,1,0,0,0]]"
5,969,-0.002090944353055785,0.002090944353055785,"[[1,1,0,0,1,1,1,1,1,0],[1,1,1,1,0,0,1,0,0,1]]"
5,970,-0.003076103405433309,0.003076103405433309,"[[1,1,0,0,1,1,1,1,1,0],[1,1,1,1,0,0,1,0,1,0]]"
5,971,-0.0032757550223281393,0.0032757550223281393,"[[1,1,0,0,1,1,1,1,1,0],[1,1,1,1,0,0,1,0,1,1]]"
5,972,-0.005661524800226922,0.005661524800226922,"[[1,1,0,0,1,1,1,1,1,0],[1,1,1,1,0,0,1,1,0,0]]"
5,973,-0.005843801284995587,0.005843801284995587,"[[1,1,0,0,1,1,1,1,1,0],[1,1,1,1,0,0,1,1,0,1]]"
5,974,-0.007594296926865451,0.007594296926865451,"[[1,1,0,0,1,1,1,1,1,0],[1,1,1,1,0,0,1,1,1,0]]"
5,975,-0.007799098306356751,0.007799098306356751,"[[1,1,0,0,1,1,1,1,1,0],[1,1,1,1,0,0,1,1,1,1]]"
5,976,-0.0040895386934019055,0.0040895386934019055,"[[1,1,0,0,1,1,1,1,1,0],[1,1,1,1,0,1,0,0,0,0]]"
5,977,-0.004221961421361831,0.004221961421361831,"[[1,1,0,0,1,1,1,1,1,0],[1,1,1,1,0,1,0,0,0,1]]"
5,978,-0.0052983405484785286,0.0052983405484785286,"[[1,1,0,0,1,1,1,1,1,0],[1,1,1,1,0,1,0,0,1,0]]"
5,979,-0.005552829363437945,0.005552829363437945,"[[1,1,0,0,1,1,1,1,1,0],[1,1,1,1,0,1,0,0,1,1]]"
5,980,-0.008173293109187239,0.008173293109187239,"[[1,1,0,0,1,1,1,1,1,0],[1,1,1,1,0,1,0,1,0,0]]"
5,981,-0.0082520664106926,0.0082520664106926,"[[1,1,0,0,1,1,1,1,1,0],[1,1,1,1,0,1,0,1,0,1]]"
5,982,-0.010195526211865945,0.010195526211865945,"[[1,1,0,0,1,1,1,1,1,0],[1,1,1,1,0,1,0,1,1,0]]"
5,983,-0.010416627516654776,0.010416627516654776,"[[1,1,0,0,1,1,1,1,1,0],[1,1,1,1,0,1,0,1,1,1]]"
5,984,-0.012981822719758333,0.012981822719758333,"[[1,1,0,0,1,1,1,1,1,0],[1,1,1,1,0,1,1,0,0,0]]"
5,985,-0.013180085522836959,0.013180085522836959,"[[1,1,0,0,1,1,1,1,1,0],[1,1,1,1,0,1,1,0,0,1]]"
5,986,-0.015218919782556432,0.015218919782556432,"[[1,1,0,0,1,1,1,1,1,0],[1,1,1,1,0,1,1,0,1,0]]"
5,987,-0.015493904590634912,0.015493904590634912,"[[1,1,0,0,1,1,1,1,1,0],[1,1,1,1,0,1,1,0,1,1]]"
5,988,-0.020218011632658607,0.020218011632658607,"[[1,1,0,0,1,1,1,1,1,0],[1,1,1,1,0,1,1,1,0,0]]"
5,989,-0.020052935682369755,0.020052935682369755,"[[1,1,0,0,1,1,1,1,1,0],[1,1,1,1,0,1,1,1,0,1]]"
5,990,-0.022494553707291427,0.022494553707291427,"[[1,1,0,0,1,1,1,1,1,0],[1,1,1,1,0,1,1,1,1,0]]"
5,991,-0.022766927626706613,0.022766927626706613,"[[1,1,0,0,1,1,1,1,1,0],[1,1,1,1,0,1,1,1,1,1]]"
5,992,-0.00014119205711610012,0.00014119205711610012,"[[1,1,0,0,1,1,1,1,1,1],[1,1,1,1,0,0,0,0,0,0]]"
5,993,-0.00012050511010278729,0.00012050511010278729,"[[1,1,0,0,1,1,1,1,1,1],[1,1,1,1,0,0,0,0,0,1]]"
5,994,-0.0002137873554772289,0.0002137873554772289,"[[1,1,0,0,1,1,1,1,1,1],[1,1,1,1,0,0,0,0,1,0]]"
5,995,-0.00028634180044037003,0.00028634180044037003,"[[1,1,0,0,1,1,1,1,1,1],[1,1,1,1,0,0,0,0,1,1]]"
5,996,-0.0006396148409156623,0.0006396148409156623,"[[1,1,0,0,1,1,1,1,1,1],[1,1,1,1,0,0,0,1,0,0]]"
5,997,-0.0007608114031755378,0.0007608114031755378,"[[1,1,0,0,1,1,1,1,1,1],[1,1,1,1,0,0,0,1,0,1]]"
5,998,-0.0014946293952690978,0.0014946293952690978,"[[1,1,0,0,1,1,1,1,1,1],[1,1,1,1,0,0,0,1,1,0]]"
5,999,-0.0017407791337396114,0.0017407791337396114,"[[1,1,0,0,1,1,1,1,1,1],[1,1,1,1,0,0,0,1,1,1]]"
5,1000,-0.0017280728524299463,0.0017280728524299463,"[[1,1,0,0,1,1,1,1,1,1],[1,1,1,1,0,0,1,0,0,0]]"
5,1001,-0.0018408807278006852,0.0018408807278006852,"[[1,1,0,0,1,1,1,1,1,1],[1,1,1,1,0,0,1,0,0,1]]"
5,1002,-0.0029288346337226125,0.0029288346337226125,"[[1,1,0,0,1,1,1,1,1,1],[1,1,1,1,0,0,1,0,1,0]]"
5,1003,-0.0032066442761023673,0.0032066442761023673,"[[1,1,0,0,1,1,1,1,1,1],[1,1,1,1,0,0,1,0,1,1]]"
5,1004,-0.0052688676418069635,0.0052688676418069635,"[[1,1,0,0,1,1,1,1,1,1],[1,1,1,1,0,0,1,1,0,0]]"
5,1005,-0.005594921896023081,0.005594921896023081,"[[1,1,0,0,1,1,1,1,1,1],[1,1,1,1,0,0,1,1,0,1]]"
5,1006,-0.0074640288932932165,0.0074640288932932165,"[[1,1,0,0,1,1,1,1,1,1],[1,1,1,1,0,0,1,1,1,0]]"
5,1007,-0.007909279073627732,0.007909279073627732,"[[1,1,0,0,1,1,1,1,1,1],[1,1,1,1,0,0,1,1,1,1]]"
5,1008,-0.003655712563904634,0.003655712563904634,"[[1,1,0,0,1,1,1,1,1,1],[1,1,1,1,0,1,0,0,0,0]]"
5,1009,-0.0038215322246325785,0.0038215322246325785,"[[1,1,0,0,1,1,1,1,1,1],[1,1,1,1,0,1,0,0,0,1]]"
5,1010,-0.005012629675608568,0.005012629675608568,"[[1,1,0,0,1,1,1,1,1,1],[1,1,1,1,0,1,0,0,1,0]]"
5,1011,-0.005354501189933324,0.005354501189933324,"[[1,1,0,0,1,1,1,1,1,1],[1,1,1,1,0,1,0,0,1,1]]"
5,1012,-0.007573576393989363,0.007573576393989363,"[[1,1,0,0,1,1,1,1,1,1],[1,1,1,1,0,1,0,1,0,0]]"
5,1013,-0.007912252525546984,0.007912252525546984,"[[1,1,0,0,1,1,1,1,1,1],[1,1,1,1,0,1,0,1,0,1]]"
5,1014,-0.009864714360686058,0.009864714360686058,"[[1,1,0,0,1,1,1,1,1,1],[1,1,1,1,0,1,0,1,1,0]]"
5,1015,-0.01041391636812641,0.01041391636812641,"[[1,1,0,0,1,1,1,1,1,1],[1,1,1,1,0,1,0,1,1,1]]"
5,1016,-0.01219915786491818,0.01219915786491818,"[[1,1,0,0,1,1,1,1,1,1],[1,1,1,1,0,1,1,0,0,0]]"
5,1017,-0.012627709811513909,0.012627709811513909,"[[1,1,0,0,1,1,1,1,1,1],[1,1,1,1,0,1,1,0,0,1]]"
5,1018,-0.014794796452832217,0.014794796452832217,"[[1,1,0,0,1,1,1,1,1,1],[1,1,1,1,0,1,1,0,1,0]]"
5,1019,-0.015405425789816735,0.015405425789816735,"[[1,1,0,0,1,1,1,1,1,1],[1,1,1,1,0,1,1,0,1,1]]"
5,1020,-0.019698039499723135,0.019698039499723135,"[[1,1,0,0,1,1,1,1,1,1],[1,1,1,1,0,1,1,1,0,0]]"
5,1021,-0.020005746696029753,0.020005746696029753,"[[1,1,0,0,1,1,1,1,1,1],[1,1,1,1,0,1,1,1,0,1]]"
5,1022,-0.022354455555602327,0.022354455555602327,"[[1,1,0,0,1,1,1,1,1,1],[1,1,1,1,0,1,1,1,1,0]]"
5,1023,-0.023018049152720547,0.023018049152720547,"[[1,1,0,0,1,1,1,1,1,1],[1,1,1,1,0,1,1,1,1,1]]"
6,0,-0.020846216378158474,0.020846216378158474,"[[1,1,0,0,1,0,0,0,0,0],[1,1,1,1,0,0,0,0,0,0]]"
6,1,-0.020937070177240006,0.020937070177240006,"[[1,1,0,0,1,0,0,0,0,0],[1,1,1,1,0,0,0,0,0,1]]"
6,2,-0.02239166139296805,0.02239166139296805,"[[1,1,0,0,1,0,0,0,0,0],[1,1,1,1,0,0,0,0,1,0]]"
6,3,-0.02260864546568193,0.02260864546568193,"[[1,1,0,0,1,0,0,0,0,0],[1,1,1,1,0,0,0,0,1,1]]"
6,4,-0.0252035210284172,0.0252035210284172,"[[1,1,0,0,1,0,0,0,0,0],[1,1,1,1,0,0,0,1,0,0]]"
6,5,-0.025452004553424997,0.025452004553424997,"[[1,1,0,0,1,0,0,0,0,0],[1,1,1,1,0,0,0,1,0,1]]"
6,6,-0.02656389636591894,0.02656389636591894,"[[1,1,0,0,1,0,0,0,0,0],[1,1,1,1,0,0,0,1,1,0]]"
6,7,-0.02582195026614769,0.02582195026614769,"[[1,1,0,0,1,0,0,0,0,0],[1,1,1,1,0,0,0,1,1,1]]"
6,8,-0.03107757803824371,0.03107757803824371,"[[1,1,0,0,1,0,0,0,0,0],[1,1,1,1,0,0,1,0,0,0]]"
6,9,-0.03117845379540965,0.03117845379540965,"[[1,1,0,0,1,0,0,0,0,0],[1,1,1,1,0,0,1,0,0,1]]"
6,10,-0.03249036230633438,0.03249036230633438,"[[1,1,0,0,1,0,0,0,0,0],[1,1,1,1,0,0,1,0,1,0]]"
6,11,-0.032303332771611626,0.032303332771611626,"[[1,1,0,0,1,0,0,0,0,0],[1,1,1,1,0,0,1,0,1,1]]"
6,12,-0.03492195892991929,0.03492195892991929,"[[1,1,0,0,1,0,0,0,0,0],[1,1,1,1,0,0,1,1,0,0]]"
6,13,-0.03439278546206086,0.03439278546206086,"[[1,1,0,0,1,0,0,0,0,0],[1,1,1,1,0,0,1,1,0,1]]"
6,14,-0.03511543902374309,0.03511543902374309,"[[1,1,0,0,1,0,0,0,0,0],[1,1,1,1,0,0,1,1,1,0]]"
6,15,-0.03258257717223505,0.03258257717223505,"[[1,1,0,0,1,0,0,0,0,0],[1,1,1,1,0,0,1,1,1,1]]"
6,16,-0.03633521255742806,0.03633521255742806,"[[1,1,0,0,1,0,0,0,0,0],[1,1,1,1,0,1,0,0,0,0]]"
6,17,-0.03661368123694493,0.03661368123694493,"[[1,1,0,0,1,0,0,0,0,0],[1,1,1,1,0,1,0,0,0,1]]"
6,18,-0.037901404817473734,0.037901404817473734,"[[1,1,0,0,1,0,0,0,0,0],[1,1,1,1,0,1,0,0,1,0]]"
6,19,-0.037925550711192406,0.037925550711192406,"[[1,1,0,0,1,0,0,0,0,0],[1,1,1,1,0,1,0,0,1,1]]"
6,20,-0.04023819159628629,0.04023819159628629,"[[1,1,0,0,1,0,0,0,0,0],[1,1,1,1,0,1,0,1,0,0]]"
6,21,-0.039751639235984154,0.039751639235984154,"[[1,1,0,0,1,0,0,0,0,0],[1,1,1,1,0,1,0,1,0,1]]"
6,22,-0.04071963272834358,0.04071963272834358,"[[1,1,0,0,1,0,0,0,0,0],[1,1,1,1,0,1,0,1,1,0]]"
6,23,-0.038486865837656925,0.038486865837656925,"[[1,1,0,0,1,0,0,0,0,0],[1,1,1,1,0,1,0,1,1,1]]"
6,24,-0.04626711413843733,0.04626711413843733,"[[1,1,0,0,1,0,0,0,0,0],[1,1,1,1,0,1,1,0,0,0]]"
6,25,-0.04627275291849377,0.04627275291849377,"[[1,1,0,0,1,0,0,0,0,0],[1,1,1,1,0,1,1,0,0,1]]"
6,26,-0.04777804227026192,0.04777804227026192,"[[1,1,0,0,1,0,0,0,0,0],[1,1,1,1,0,1,1,0,1,0]]"
6,27,-0.0466059143542967,0.0466059143542967,"[[1,1,0,0,1,0,0,0,0,0],[1,1,1,1,0,1,1,0,1,1]]"
6,28,-0.04853616818730381,0.04853616818730381,"[[1,1,0,0,1,0,0,0,0,0],[1,1,1,1,0,1,1,1,0,0]]"
6,29,-0.04713354197487743,0.04713354197487743,"[[1,1,0,0,1,0,0,0,0,0],[1,1,1,1,0,1,1,1,0,1]]"
6,30,-0.046123517822644546,0.046123517822644546,"[[1,1,0,0,1,0,0,0,0,0],[1,1,1,1,0,1,1,1,1,0]]"
6,31,-0.040670991257316276,0.040670991257316276,"[[1,1,0,0,1,0,0,0,0,0],[1,1,1,1,0,1,1,1,1,1]]"
6,32,-0.02091615878657478,0.02091615878657478,"[[1,1,0,0,1,0,0,0,0,1],[1,1,1,1,0,0,0,0,0,0]]"
6,33,-0.02112811366884742,0.02112811366884742,"[[1,1,0,0,1,0,0,0,0,1],[1,1,1,1,0,0,0,0,0,1]]"
6,34,-0.022648312102232657,0.022648312102232657,"[[1,1,0,0,1,0,0,0,0,1],[1,1,1,1,0,0,0,0,1,0]]"
6,35,-0.022884204909081093,0.022884204909081093,"[[1,1,0,0,1,0,0,0,0,1],[1,1,1,1,0,0,0,0,1,1]]"
6,36,-0.025738644945336616,0.025738644945336616,"[[1,1,0,0,1,0,0,0,0,1],[1,1,1,1,0,0,0,1,0,0]]"
6,37,-0.025934199950152274,0.025934199950152274,"[[1,1,0,0,1,0,0,0,0,1],[1,1,1,1,0,0,0,1,0,1]]"
6,38,-0.02693147998974795,0.02693147998974795,"[[1,1,0,0,1,0,0,0,0,1],[1,1,1,1,0,0,0,1,1,0]]"
6,39,-0.026728586948917686,0.026728586948917686,"[[1,1,0,0,1,0,0,0,0,1],[1,1,1,1,0,0,0,1,1,1]]"
6,40,-0.03143671493400391,0.03143671493400391,"[[1,1,0,0,1,0,0,0,0,1],[1,1,1,1,0,0,1,0,0,0]]"
6,41,-0.03181300979002341,0.03181300979002341,"[[1,1,0,0,1,0,0,0,0,1],[1,1,1,1,0,0,1,0,0,1]]"
6,42,-0.033097142113633446,0.033097142113633446,"[[1,1,0,0,1,0,0,0,0,1],[1,1,1,1,0,0,1,0,1,0]]"
6,43,-0.032715149708647154,0.032715149708647154,"[[1,1,0,0,1,0,0,0,0,1],[1,1,1,1,0,0,1,0,1,1]]"
6,44,-0.03612438605721819,0.03612438605721819,"[[1,1,0,0,1,0,0,0,0,1],[1,1,1,1,0,0,1,1,0,0]]"
6,45,-0.03552920930883944,0.03552920930883944,"[[1,1,0,0,1,0,0,0,0,1],[1,1,1,1,0,0,1,1,0,1]]"
6,46,-0.03614796491476388,0.03614796491476388,"[[1,1,0,0,1,0,0,0,0,1],[1,1,1,1,0,0,1,1,1,0]]"
6,47,-0.03473817339153575,0.03473817339153575,"[[1,1,0,0,1,0,0,0,0,1],[1,1,1,1,0,0,1,1,1,1]]"
6,48,-0.037337859318670376,0.037337859318670376,"[[1,1,0,0,1,0,0,0,0,1],[1,1,1,1,0,1,0,0,0,0]]"
6,49,-0.03730285636900503,0.03730285636900503,"[[1,1,0,0,1,0,0,0,0,1],[1,1,1,1,0,1,0,0,0,1]]"
6,50,-0.038660109568703326,0.038660109568703326,"[[1,1,0,0,1,0,0,0,0,1],[1,1,1,1,0,1,0,0,1,0]]"
6,51,-0.03829514037733221,0.03829514037733221,"[[1,1,0,0,1,0,0,0,0,1],[1,1,1,1,0,1,0,0,1,1]]"
6,52,-0.04196055398549077,0.04196055398549077,"[[1,1,0,0,1,0,0,0,0,1],[1,1,1,1,0,1,0,1,0,0]]"
6,53,-0.04108518755287203,0.04108518755287203,"[[1,1,0,0,1,0,0,0,0,1],[1,1,1,1,0,1,0,1,0,1]]"
6,54,-0.04199545493032247,0.04199545493032247,"[[1,1,0,0,1,0,0,0,0,1],[1,1,1,1,0,1,0,1,1,0]]"
6,55,-0.04038850900826058,0.04038850900826058,"[[1,1,0,0,1,0,0,0,0,1],[1,1,1,1,0,1,0,1,1,1]]"
6,56,-0.04860959727234837,0.04860959727234837,"[[1,1,0,0,1,0,0,0,0,1],[1,1,1,1,0,1,1,0,0,0]]"
6,57,-0.04775166251373603,0.04775166251373603,"[[1,1,0,0,1,0,0,0,0,1],[1,1,1,1,0,1,1,0,0,1]]"
6,58,-0.049457270247968255,0.049457270247968255,"[[1,1,0,0,1,0,0,0,0,1],[1,1,1,1,0,1,1,0,1,0]]"
6,59,-0.04781983762441415,0.04781983762441415,"[[1,1,0,0,1,0,0,0,0,1],[1,1,1,1,0,1,1,0,1,1]]"
6,60,-0.05100555829544136,0.05100555829544136,"[[1,1,0,0,1,0,0,0,0,1],[1,1,1,1,0,1,1,1,0,0]]"
6,61,-0.04964817018279042,0.04964817018279042,"[[1,1,0,0,1,0,0,0,0,1],[1,1,1,1,0,1,1,1,0,1]]"
6,62,-0.04914713975133434,0.04914713975133434,"[[1,1,0,0,1,0,0,0,0,1],[1,1,1,1,0,1,1,1,1,0]]"
6,63,-0.04526409284222333,0.04526409284222333,"[[1,1,0,0,1,0,0,0,0,1],[1,1,1,1,0,1,1,1,1,1]]"
6,64,-0.018757131895646914,0.018757131895646914,"[[1,1,0,0,1,0,0,0,1,0],[1,1,1,1,0,0,0,0,0,0]]"
6,65,-0.018546793282630956,0.018546793282630956,"[[1,1,0,0,1,0,0,0,1,0],[1,1,1,1,0,0,0,0,0,1]]"
6,66,-0.02087593179391083,0.02087593179391083,"[[1,1,0,0,1,0,0,0,1,0],[1,1,1,1,0,0,0,0,1,0]]"
6,67,-0.021047114796627398,0.021047114796627398,"[[1,1,0,0,1,0,0,0,1,0],[1,1,1,1,0,0,0,0,1,1]]"
6,68,-0.024775365908262136,0.024775365908262136,"[[1,1,0,0,1,0,0,0,1,0],[1,1,1,1,0,0,0,1,0,0]]"
6,69,-0.024800901276842806,0.024800901276842806,"[[1,1,0,0,1,0,0,0,1,0],[1,1,1,1,0,0,0,1,0,1]]"
6,70,-0.026352281799674346,0.026352281799674346,"[[1,1,0,0,1,0,0,0,1,0],[1,1,1,1,0,0,0,1,1,0]]"
6,71,-0.02623693389735818,0.02623693389735818,"[[1,1,0,0,1,0,0,0,1,0],[1,1,1,1,0,0,0,1,1,1]]"
6,72,-0.029959994949194223,0.029959994949194223,"[[1,1,0,0,1,0,0,0,1,0],[1,1,1,1,0,0,1,0,0,0]]"
6,73,-0.02980520344019614,0.02980520344019614,"[[1,1,0,0,1,0,0,0,1,0],[1,1,1,1,0,0,1,0,0,1]]"
6,74,-0.032040658547917655,0.032040658547917655,"[[1,1,0,0,1,0,0,0,1,0],[1,1,1,1,0,0,1,0,1,0]]"
6,75,-0.031940029118340985,0.031940029118340985,"[[1,1,0,0,1,0,0,0,1,0],[1,1,1,1,0,0,1,0,1,1]]"
6,76,-0.035907889666790364,0.035907889666790364,"[[1,1,0,0,1,0,0,0,1,0],[1,1,1,1,0,0,1,1,0,0]]"
6,77,-0.03583710635113823,0.03583710635113823,"[[1,1,0,0,1,0,0,0,1,0],[1,1,1,1,0,0,1,1,0,1]]"
6,78,-0.036672823632732575,0.036672823632732575,"[[1,1,0,0,1,0,0,0,1,0],[1,1,1,1,0,0,1,1,1,0]]"
6,79,-0.03601234626121265,0.03601234626121265,"[[1,1,0,0,1,0,0,0,1,0],[1,1,1,1,0,0,1,1,1,1]]"
6,80,-0.035702915139208126,0.035702915139208126,"[[1,1,0,0,1,0,0,0,1,0],[1,1,1,1,0,1,0,0,0,0]]"
6,81,-0.035356241497294424,0.035356241497294424,"[[1,1,0,0,1,0,0,0,1,0],[1,1,1,1,0,1,0,0,0,1]]"
6,82,-0.037517564407141275,0.037517564407141275,"[[1,1,0,0,1,0,0,0,1,0],[1,1,1,1,0,1,0,0,1,0]]"
6,83,-0.03741308922360556,0.03741308922360556,"[[1,1,0,0,1,0,0,0,1,0],[1,1,1,1,0,1,0,0,1,1]]"
6,84,-0.04226370641606228,0.04226370641606228,"[[1,1,0,0,1,0,0,0,1,0],[1,1,1,1,0,1,0,1,0,0]]"
6,85,-0.04176495432700301,0.04176495432700301,"[[1,1,0,0,1,0,0,0,1,0],[1,1,1,1,0,1,0,1,0,1]]"
6,86,-0.04234353211079057,0.04234353211079057,"[[1,1,0,0,1,0,0,0,1,0],[1,1,1,1,0,1,0,1,1,0]]"
6,87,-0.041515708614165946,0.041515708614165946,"[[1,1,0,0,1,0,0,0,1,0],[1,1,1,1,0,1,0,1,1,1]]"
6,88,-0.04755672075351183,0.04755672075351183,"[[1,1,0,0,1,0,0,0,1,0],[1,1,1,1,0,1,1,0,0,0]]"
6,89,-0.046779276634055636,0.046779276634055636,"[[1,1,0,0,1,0,0,0,1,0],[1,1,1,1,0,1,1,0,0,1]]"
6,90,-0.04876263980305933,0.04876263980305933,"[[1,1,0,0,1,0,0,0,1,0],[1,1,1,1,0,1,1,0,1,0]]"
6,91,-0.04809605455252438,0.04809605455252438,"[[1,1,0,0,1,0,0,0,1,0],[1,1,1,1,0,1,1,0,1,1]]"
6,92,-0.051146696313249744,0.051146696313249744,"[[1,1,0,0,1,0,0,0,1,0],[1,1,1,1,0,1,1,1,0,0]]"
6,93,-0.05048838979685958,0.05048838979685958,"[[1,1,0,0,1,0,0,0,1,0],[1,1,1,1,0,1,1,1,0,1]]"
6,94,-0.05006020168631161,0.05006020168631161,"[[1,1,0,0,1,0,0,0,1,0],[1,1,1,1,0,1,1,1,1,0]]"
6,95,-0.048491948448832735,0.048491948448832735,"[[1,1,0,0,1,0,0,0,1,0],[1,1,1,1,0,1,1,1,1,1]]"
6,96,-0.01836094308386247,0.01836094308386247,"[[1,1,0,0,1,0,0,0,1,1],[1,1,1,1,0,0,0,0,0,0]]"
6,97,-0.01876297022701219,0.01876297022701219,"[[1,1,0,0,1,0,0,0,1,1],[1,1,1,1,0,0,0,0,0,1]]"
6,98,-0.020829750628122434,0.020829750628122434,"[[1,1,0,0,1,0,0,0,1,1],[1,1,1,1,0,0,0,0,1,0]]"
6,99,-0.021211795762858133,0.021211795762858133,"[[1,1,0,0,1,0,0,0,1,1],[1,1,1,1,0,0,0,0,1,1]]"
6,100,-0.024291621000988292,0.024291621000988292,"[[1,1,0,0,1,0,0,0,1,1],[1,1,1,1,0,0,0,1,0,0]]"
6,101,-0.024865767110253616,0.024865767110253616,"[[1,1,0,0,1,0,0,0,1,1],[1,1,1,1,0,0,0,1,0,1]]"
6,102,-0.02659896296969208,0.02659896296969208,"[[1,1,0,0,1,0,0,0,1,1],[1,1,1,1,0,0,0,1,1,0]]"
6,103,-0.0267293829158055,0.0267293829158055,"[[1,1,0,0,1,0,0,0,1,1],[1,1,1,1,0,0,0,1,1,1]]"
6,104,-0.029534153635980692,0.029534153635980692,"[[1,1,0,0,1,0,0,0,1,1],[1,1,1,1,0,0,1,0,0,0]]"
6,105,-0.030016203793753957,0.030016203793753957,"[[1,1,0,0,1,0,0,0,1,1],[1,1,1,1,0,0,1,0,0,1]]"
6,106,-0.03191915853613844,0.03191915853613844,"[[1,1,0,0,1,0,0,0,1,1],[1,1,1,1,0,0,1,0,1,0]]"
6,107,-0.03232795427400409,0.03232795427400409,"[[1,1,0,0,1,0,0,0,1,1],[1,1,1,1,0,0,1,0,1,1]]"
6,108,-0.035579506712606096,0.035579506712606096,"[[1,1,0,0,1,0,0,0,1,1],[1,1,1,1,0,0,1,1,0,0]]"
6,109,-0.03614847856012814,0.03614847856012814,"[[1,1,0,0,1,0,0,0,1,1],[1,1,1,1,0,0,1,1,0,1]]"
6,110,-0.03742716804867471,0.03742716804867471,"[[1,1,0,0,1,0,0,0,1,1],[1,1,1,1,0,0,1,1,1,0]]"
6,111,-0.03682985421840592,0.03682985421840592,"[[1,1,0,0,1,0,0,0,1,1],[1,1,1,1,0,0,1,1,1,1]]"
6,112,-0.035499216376724284,0.035499216376724284,"[[1,1,0,0,1,0,0,0,1,1],[1,1,1,1,0,1,0,0,0,0]]"
6,113,-0.035872648822823476,0.035872648822823476,"[[1,1,0,0,1,0,0,0,1,1],[1,1,1,1,0,1,0,0,0,1]]"
6,114,-0.037911131834624336,0.037911131834624336,"[[1,1,0,0,1,0,0,0,1,1],[1,1,1,1,0,1,0,0,1,0]]"
6,115,-0.03800520910633865,0.03800520910633865,"[[1,1,0,0,1,0,0,0,1,1],[1,1,1,1,0,1,0,0,1,1]]"
6,116,-0.04211749803315615,0.04211749803315615,"[[1,1,0,0,1,0,0,0,1,1],[1,1,1,1,0,1,0,1,0,0]]"
6,117,-0.042280992837274815,0.042280992837274815,"[[1,1,0,0,1,0,0,0,1,1],[1,1,1,1,0,1,0,1,0,1]]"
6,118,-0.0434738081531734,0.0434738081531734,"[[1,1,0,0,1,0,0,0,1,1],[1,1,1,1,0,1,0,1,1,0]]"
6,119,-0.0425534575436857,0.0425534575436857,"[[1,1,0,0,1,0,0,0,1,1],[1,1,1,1,0,1,0,1,1,1]]"
6,120,-0.04862376150029249,0.04862376150029249,"[[1,1,0,0,1,0,0,0,1,1],[1,1,1,1,0,1,1,0,0,0]]"
6,121,-0.04814975272134903,0.04814975272134903,"[[1,1,0,0,1,0,0,0,1,1],[1,1,1,1,0,1,1,0,0,1]]"
6,122,-0.04994668857041031,0.04994668857041031,"[[1,1,0,0,1,0,0,0,1,1],[1,1,1,1,0,1,1,0,1,0]]"
6,123,-0.04927091256184607,0.04927091256184607,"[[1,1,0,0,1,0,0,0,1,1],[1,1,1,1,0,1,1,0,1,1]]"
6,124,-0.05241212148439961,0.05241212148439961,"[[1,1,0,0,1,0,0,0,1,1],[1,1,1,1,0,1,1,1,0,0]]"
6,125,-0.05223173461969841,0.05223173461969841,"[[1,1,0,0,1,0,0,0,1,1],[1,1,1,1,0,1,1,1,0,1]]"
6,126,-0.05263234625197892,0.05263234625197892,"[[1,1,0,0,1,0,0,0,1,1],[1,1,1,1,0,1,1,1,1,0]]"
6,127,-0.05067982167272973,0.05067982167272973,"[[1,1,0,0,1,0,0,0,1,1],[1,1,1,1,0,1,1,1,1,1]]"
6,128,-0.015553050492075384,0.015553050492075384,"[[1,1,0,0,1,0,0,1,0,0],[1,1,1,1,0,0,0,0,0,0]]"
6,129,-0.015796944933302543,0.015796944933302543,"[[1,1,0,0,1,0,0,1,0,0],[1,1,1,1,0,0,0,0,0,1]]"
6,130,-0.01711154049139429,0.01711154049139429,"[[1,1,0,0,1,0,0,1,0,0],[1,1,1,1,0,0,0,0,1,0]]"
6,131,-0.017466375182539767,0.017466375182539767,"[[1,1,0,0,1,0,0,1,0,0],[1,1,1,1,0,0,0,0,1,1]]"
6,132,-0.02120098676561802,0.02120098676561802,"[[1,1,0,0,1,0,0,1,0,0],[1,1,1,1,0,0,0,1,0,0]]"
6,133,-0.021891496566920566,0.021891496566920566,"[[1,1,0,0,1,0,0,1,0,0],[1,1,1,1,0,0,0,1,0,1]]"
6,134,-0.02322990147924586,0.02322990147924586,"[[1,1,0,0,1,0,0,1,0,0],[1,1,1,1,0,0,0,1,1,0]]"
6,135,-0.023357409037518814,0.023357409037518814,"[[1,1,0,0,1,0,0,1,0,0],[1,1,1,1,0,0,0,1,1,1]]"
6,136,-0.026712068507545678,0.026712068507545678,"[[1,1,0,0,1,0,0,1,0,0],[1,1,1,1,0,0,1,0,0,0]]"
6,137,-0.027353215036501056,0.027353215036501056,"[[1,1,0,0,1,0,0,1,0,0],[1,1,1,1,0,0,1,0,0,1]]"
6,138,-0.028864617974923158,0.028864617974923158,"[[1,1,0,0,1,0,0,1,0,0],[1,1,1,1,0,0,1,0,1,0]]"
6,139,-0.02907101927780996,0.02907101927780996,"[[1,1,0,0,1,0,0,1,0,0],[1,1,1,1,0,0,1,0,1,1]]"
6,140,-0.03373145375664102,0.03373145375664102,"[[1,1,0,0,1,0,0,1,0,0],[1,1,1,1,0,0,1,1,0,0]]"
6,141,-0.03400950246873444,0.03400950246873444,"[[1,1,0,0,1,0,0,1,0,0],[1,1,1,1,0,0,1,1,0,1]]"
6,142,-0.03495251679603884,0.03495251679603884,"[[1,1,0,0,1,0,0,1,0,0],[1,1,1,1,0,0,1,1,1,0]]"
6,143,-0.03392434631764072,0.03392434631764072,"[[1,1,0,0,1,0,0,1,0,0],[1,1,1,1,0,0,1,1,1,1]]"
6,144,-0.031785244738327535,0.031785244738327535,"[[1,1,0,0,1,0,0,1,0,0],[1,1,1,1,0,1,0,0,0,0]]"
6,145,-0.032198191374867194,0.032198191374867194,"[[1,1,0,0,1,0,0,1,0,0],[1,1,1,1,0,1,0,0,0,1]]"
6,146,-0.03396617674722265,0.03396617674722265,"[[1,1,0,0,1,0,0,1,0,0],[1,1,1,1,0,1,0,0,1,0]]"
6,147,-0.03432442614608236,0.03432442614608236,"[[1,1,0,0,1,0,0,1,0,0],[1,1,1,1,0,1,0,0,1,1]]"
6,148,-0.038307586740091125,0.038307586740091125,"[[1,1,0,0,1,0,0,1,0,0],[1,1,1,1,0,1,0,1,0,0]]"
6,149,-0.03890784264888322,0.03890784264888322,"[[1,1,0,0,1,0,0,1,0,0],[1,1,1,1,0,1,0,1,0,1]]"
6,150,-0.04002469768866889,0.04002469768866889,"[[1,1,0,0,1,0,0,1,0,0],[1,1,1,1,0,1,0,1,1,0]]"
6,151,-0.039515240183080065,0.039515240183080065,"[[1,1,0,0,1,0,0,1,0,0],[1,1,1,1,0,1,0,1,1,1]]"
6,152,-0.04521480536498789,0.04521480536498789,"[[1,1,0,0,1,0,0,1,0,0],[1,1,1,1,0,1,1,0,0,0]]"
6,153,-0.04536337164138331,0.04536337164138331,"[[1,1,0,0,1,0,0,1,0,0],[1,1,1,1,0,1,1,0,0,1]]"
6,154,-0.04730641907338713,0.04730641907338713,"[[1,1,0,0,1,0,0,1,0,0],[1,1,1,1,0,1,1,0,1,0]]"
6,155,-0.046416827496772714,0.046416827496772714,"[[1,1,0,0,1,0,0,1,0,0],[1,1,1,1,0,1,1,0,1,1]]"
6,156,-0.05021665360871359,0.05021665360871359,"[[1,1,0,0,1,0,0,1,0,0],[1,1,1,1,0,1,1,1,0,0]]"
6,157,-0.05000682678346522,0.05000682678346522,"[[1,1,0,0,1,0,0,1,0,0],[1,1,1,1,0,1,1,1,0,1]]"
6,158,-0.05110771539336447,0.05110771539336447,"[[1,1,0,0,1,0,0,1,0,0],[1,1,1,1,0,1,1,1,1,0]]"
6,159,-0.04879809318136249,0.04879809318136249,"[[1,1,0,0,1,0,0,1,0,0],[1,1,1,1,0,1,1,1,1,1]]"
6,160,-0.01536234725446383,0.01536234725446383,"[[1,1,0,0,1,0,0,1,0,1],[1,1,1,1,0,0,0,0,0,0]]"
6,161,-0.015825508821846964,0.015825508821846964,"[[1,1,0,0,1,0,0,1,0,1],[1,1,1,1,0,0,0,0,0,1]]"
6,162,-0.017435824414577833,0.017435824414577833,"[[1,1,0,0,1,0,0,1,0,1],[1,1,1,1,0,0,0,0,1,0]]"
6,163,-0.01764777286790076,0.01764777286790076,"[[1,1,0,0,1,0,0,1,0,1],[1,1,1,1,0,0,0,0,1,1]]"
6,164,-0.02131541229889332,0.02131541229889332,"[[1,1,0,0,1,0,0,1,0,1],[1,1,1,1,0,0,0,1,0,0]]"
6,165,-0.021882981399143624,0.021882981399143624,"[[1,1,0,0,1,0,0,1,0,1],[1,1,1,1,0,0,0,1,0,1]]"
6,166,-0.023554193016775412,0.023554193016775412,"[[1,1,0,0,1,0,0,1,0,1],[1,1,1,1,0,0,0,1,1,0]]"
6,167,-0.023645878298810593,0.023645878298810593,"[[1,1,0,0,1,0,0,1,0,1],[1,1,1,1,0,0,0,1,1,1]]"
6,168,-0.026333847920039125,0.026333847920039125,"[[1,1,0,0,1,0,0,1,0,1],[1,1,1,1,0,0,1,0,0,0]]"
6,169,-0.02723216400836126,0.02723216400836126,"[[1,1,0,0,1,0,0,1,0,1],[1,1,1,1,0,0,1,0,0,1]]"
6,170,-0.02924718376843082,0.02924718376843082,"[[1,1,0,0,1,0,0,1,0,1],[1,1,1,1,0,0,1,0,1,0]]"
6,171,-0.029429202502339886,0.029429202502339886,"[[1,1,0,0,1,0,0,1,0,1],[1,1,1,1,0,0,1,0,1,1]]"
6,172,-0.033761317402134304,0.033761317402134304,"[[1,1,0,0,1,0,0,1,0,1],[1,1,1,1,0,0,1,1,0,0]]"
6,173,-0.03429642982763726,0.03429642982763726,"[[1,1,0,0,1,0,0,1,0,1],[1,1,1,1,0,0,1,1,0,1]]"
6,174,-0.03541295087229828,0.03541295087229828,"[[1,1,0,0,1,0,0,1,0,1],[1,1,1,1,0,0,1,1,1,0]]"
6,175,-0.03442264507981671,0.03442264507981671,"[[1,1,0,0,1,0,0,1,0,1],[1,1,1,1,0,0,1,1,1,1]]"
6,176,-0.03157717080788375,0.03157717080788375,"[[1,1,0,0,1,0,0,1,0,1],[1,1,1,1,0,1,0,0,0,0]]"
6,177,-0.03215308336228393,0.03215308336228393,"[[1,1,0,0,1,0,0,1,0,1],[1,1,1,1,0,1,0,0,0,1]]"
6,178,-0.03444431893892717,0.03444431893892717,"[[1,1,0,0,1,0,0,1,0,1],[1,1,1,1,0,1,0,0,1,0]]"
6,179,-0.03454408411505094,0.03454408411505094,"[[1,1,0,0,1,0,0,1,0,1],[1,1,1,1,0,1,0,0,1,1]]"
6,180,-0.03909767180354292,0.03909767180354292,"[[1,1,0,0,1,0,0,1,0,1],[1,1,1,1,0,1,0,1,0,0]]"
6,181,-0.039156092443024905,0.039156092443024905,"[[1,1,0,0,1,0,0,1,0,1],[1,1,1,1,0,1,0,1,0,1]]"
6,182,-0.040574581495023895,0.040574581495023895,"[[1,1,0,0,1,0,0,1,0,1],[1,1,1,1,0,1,0,1,1,0]]"
6,183,-0.03981690209298931,0.03981690209298931,"[[1,1,0,0,1,0,0,1,0,1],[1,1,1,1,0,1,0,1,1,1]]"
6,184,-0.04538635189946365,0.04538635189946365,"[[1,1,0,0,1,0,0,1,0,1],[1,1,1,1,0,1,1,0,0,0]]"
6,185,-0.0458326572136609,0.0458326572136609,"[[1,1,0,0,1,0,0,1,0,1],[1,1,1,1,0,1,1,0,0,1]]"
6,186,-0.04804104494290136,0.04804104494290136,"[[1,1,0,0,1,0,0,1,0,1],[1,1,1,1,0,1,1,0,1,0]]"
6,187,-0.04711814368004777,0.04711814368004777,"[[1,1,0,0,1,0,0,1,0,1],[1,1,1,1,0,1,1,0,1,1]]"
6,188,-0.051646858091107736,0.051646858091107736,"[[1,1,0,0,1,0,0,1,0,1],[1,1,1,1,0,1,1,1,0,0]]"
6,189,-0.05131721436957593,0.05131721436957593,"[[1,1,0,0,1,0,0,1,0,1],[1,1,1,1,0,1,1,1,0,1]]"
6,190,-0.05207593782894177,0.05207593782894177,"[[1,1,0,0,1,0,0,1,0,1],[1,1,1,1,0,1,1,1,1,0]]"
6,191,-0.04992511249567754,0.04992511249567754,"[[1,1,0,0,1,0,0,1,0,1],[1,1,1,1,0,1,1,1,1,1]]"
6,192,-0.012847844885857516,0.012847844885857516,"[[1,1,0,0,1,0,0,1,1,0],[1,1,1,1,0,0,0,0,0,0]]"
6,193,-0.013057727879341457,0.013057727879341457,"[[1,1,0,0,1,0,0,1,1,0],[1,1,1,1,0,0,0,0,0,1]]"
6,194,-0.015167685945851727,0.015167685945851727,"[[1,1,0,0,1,0,0,1,1,0],[1,1,1,1,0,0,0,0,1,0]]"
6,195,-0.015359107660683087,0.015359107660683087,"[[1,1,0,0,1,0,0,1,1,0],[1,1,1,1,0,0,0,0,1,1]]"
6,196,-0.01956962069208365,0.01956962069208365,"[[1,1,0,0,1,0,0,1,1,0],[1,1,1,1,0,0,0,1,0,0]]"
6,197,-0.019547237333683017,0.019547237333683017,"[[1,1,0,0,1,0,0,1,1,0],[1,1,1,1,0,0,0,1,0,1]]"
6,198,-0.021820114356156117,0.021820114356156117,"[[1,1,0,0,1,0,0,1,1,0],[1,1,1,1,0,0,0,1,1,0]]"
6,199,-0.02220127506559458,0.02220127506559458,"[[1,1,0,0,1,0,0,1,1,0],[1,1,1,1,0,0,0,1,1,1]]"
6,200,-0.023939092065735704,0.023939092065735704,"[[1,1,0,0,1,0,0,1,1,0],[1,1,1,1,0,0,1,0,0,0]]"
6,201,-0.02454400210560432,0.02454400210560432,"[[1,1,0,0,1,0,0,1,1,0],[1,1,1,1,0,0,1,0,0,1]]"
6,202,-0.02672859619696573,0.02672859619696573,"[[1,1,0,0,1,0,0,1,1,0],[1,1,1,1,0,0,1,0,1,0]]"
6,203,-0.027187796699049412,0.027187796699049412,"[[1,1,0,0,1,0,0,1,1,0],[1,1,1,1,0,0,1,0,1,1]]"
6,204,-0.03236823190107959,0.03236823190107959,"[[1,1,0,0,1,0,0,1,1,0],[1,1,1,1,0,0,1,1,0,0]]"
6,205,-0.03257573778640839,0.03257573778640839,"[[1,1,0,0,1,0,0,1,1,0],[1,1,1,1,0,0,1,1,0,1]]"
6,206,-0.03497671749127374,0.03497671749127374,"[[1,1,0,0,1,0,0,1,1,0],[1,1,1,1,0,0,1,1,1,0]]"
6,207,-0.03480651166168054,0.03480651166168054,"[[1,1,0,0,1,0,0,1,1,0],[1,1,1,1,0,0,1,1,1,1]]"
6,208,-0.02941122213011252,0.02941122213011252,"[[1,1,0,0,1,0,0,1,1,0],[1,1,1,1,0,1,0,0,0,0]]"
6,209,-0.0296133934618469,0.0296133934618469,"[[1,1,0,0,1,0,0,1,1,0],[1,1,1,1,0,1,0,0,0,1]]"
6,210,-0.03215954464825679,0.03215954464825679,"[[1,1,0,0,1,0,0,1,1,0],[1,1,1,1,0,1,0,0,1,0]]"
6,211,-0.03248400302603931,0.03248400302603931,"[[1,1,0,0,1,0,0,1,1,0],[1,1,1,1,0,1,0,0,1,1]]"
6,212,-0.03723339533034292,0.03723339533034292,"[[1,1,0,0,1,0,0,1,1,0],[1,1,1,1,0,1,0,1,0,0]]"
6,213,-0.037134395832705766,0.037134395832705766,"[[1,1,0,0,1,0,0,1,1,0],[1,1,1,1,0,1,0,1,0,1]]"
6,214,-0.039829246224268824,0.039829246224268824,"[[1,1,0,0,1,0,0,1,1,0],[1,1,1,1,0,1,0,1,1,0]]"
6,215,-0.03983028251101198,0.03983028251101198,"[[1,1,0,0,1,0,0,1,1,0],[1,1,1,1,0,1,0,1,1,1]]"
6,216,-0.0434301602141996,0.0434301602141996,"[[1,1,0,0,1,0,0,1,1,0],[1,1,1,1,0,1,1,0,0,0]]"
6,217,-0.043758916865277185,0.043758916865277185,"[[1,1,0,0,1,0,0,1,1,0],[1,1,1,1,0,1,1,0,0,1]]"
6,218,-0.046368084484205416,0.046368084484205416,"[[1,1,0,0,1,0,0,1,1,0],[1,1,1,1,0,1,1,0,1,0]]"
6,219,-0.04639420635725569,0.04639420635725569,"[[1,1,0,0,1,0,0,1,1,0],[1,1,1,1,0,1,1,0,1,1]]"
6,220,-0.05118177218044469,0.05118177218044469,"[[1,1,0,0,1,0,0,1,1,0],[1,1,1,1,0,1,1,1,0,0]]"
6,221,-0.05075159066467313,0.05075159066467313,"[[1,1,0,0,1,0,0,1,1,0],[1,1,1,1,0,1,1,1,0,1]]"
6,222,-0.05200598709332187,0.05200598709332187,"[[1,1,0,0,1,0,0,1,1,0],[1,1,1,1,0,1,1,1,1,0]]"
6,223,-0.05131985815378324,0.05131985815378324,"[[1,1,0,0,1,0,0,1,1,0],[1,1,1,1,0,1,1,1,1,1]]"
6,224,-0.012278563280351353,0.012278563280351353,"[[1,1,0,0,1,0,0,1,1,1],[1,1,1,1,0,0,0,0,0,0]]"
6,225,-0.012495526432335485,0.012495526432335485,"[[1,1,0,0,1,0,0,1,1,1],[1,1,1,1,0,0,0,0,0,1]]"
6,226,-0.014751582688849307,0.014751582688849307,"[[1,1,0,0,1,0,0,1,1,1],[1,1,1,1,0,0,0,0,1,0]]"
6,227,-0.01532031920921039,0.01532031920921039,"[[1,1,0,0,1,0,0,1,1,1],[1,1,1,1,0,0,0,0,1,1]]"
6,228,-0.019096565340873558,0.019096565340873558,"[[1,1,0,0,1,0,0,1,1,1],[1,1,1,1,0,0,0,1,0,0]]"
6,229,-0.019453196056539137,0.019453196056539137,"[[1,1,0,0,1,0,0,1,1,1],[1,1,1,1,0,0,0,1,0,1]]"
6,230,-0.021791066593434483,0.021791066593434483,"[[1,1,0,0,1,0,0,1,1,1],[1,1,1,1,0,0,0,1,1,0]]"
6,231,-0.022327586476734097,0.022327586476734097,"[[1,1,0,0,1,0,0,1,1,1],[1,1,1,1,0,0,0,1,1,1]]"
6,232,-0.02324965781056225,0.02324965781056225,"[[1,1,0,0,1,0,0,1,1,1],[1,1,1,1,0,0,1,0,0,0]]"
6,233,-0.024005640859831052,0.024005640859831052,"[[1,1,0,0,1,0,0,1,1,1],[1,1,1,1,0,0,1,0,0,1]]"
6,234,-0.026491951792103837,0.026491951792103837,"[[1,1,0,0,1,0,0,1,1,1],[1,1,1,1,0,0,1,0,1,0]]"
6,235,-0.02711727209702657,0.02711727209702657,"[[1,1,0,0,1,0,0,1,1,1],[1,1,1,1,0,0,1,0,1,1]]"
6,236,-0.03151033755392067,0.03151033755392067,"[[1,1,0,0,1,0,0,1,1,1],[1,1,1,1,0,0,1,1,0,0]]"
6,237,-0.03224157078935661,0.03224157078935661,"[[1,1,0,0,1,0,0,1,1,1],[1,1,1,1,0,0,1,1,0,1]]"
6,238,-0.03478432035118762,0.03478432035118762,"[[1,1,0,0,1,0,0,1,1,1],[1,1,1,1,0,0,1,1,1,0]]"
6,239,-0.03515278434374305,0.03515278434374305,"[[1,1,0,0,1,0,0,1,1,1],[1,1,1,1,0,0,1,1,1,1]]"
6,240,-0.028330658505311055,0.028330658505311055,"[[1,1,0,0,1,0,0,1,1,1],[1,1,1,1,0,1,0,0,0,0]]"
6,241,-0.028996235182145558,0.028996235182145558,"[[1,1,0,0,1,0,0,1,1,1],[1,1,1,1,0,1,0,0,0,1]]"
6,242,-0.03159461526876038,0.03159461526876038,"[[1,1,0,0,1,0,0,1,1,1],[1,1,1,1,0,1,0,0,1,0]]"
6,243,-0.03221578849147828,0.03221578849147828,"[[1,1,0,0,1,0,0,1,1,1],[1,1,1,1,0,1,0,0,1,1]]"
6,244,-0.03658732803074301,0.03658732803074301,"[[1,1,0,0,1,0,0,1,1,1],[1,1,1,1,0,1,0,1,0,0]]"
6,245,-0.03714499687319515,0.03714499687319515,"[[1,1,0,0,1,0,0,1,1,1],[1,1,1,1,0,1,0,1,0,1]]"
6,246,-0.03987933890416959,0.03987933890416959,"[[1,1,0,0,1,0,0,1,1,1],[1,1,1,1,0,1,0,1,1,0]]"
6,247,-0.04021559020651468,0.04021559020651468,"[[1,1,0,0,1,0,0,1,1,1],[1,1,1,1,0,1,0,1,1,1]]"
6,248,-0.042671686389337486,0.042671686389337486,"[[1,1,0,0,1,0,0,1,1,1],[1,1,1,1,0,1,1,0,0,0]]"
6,249,-0.043590848638814086,0.043590848638814086,"[[1,1,0,0,1,0,0,1,1,1],[1,1,1,1,0,1,1,0,0,1]]"
6,250,-0.046071385521597244,0.046071385521597244,"[[1,1,0,0,1,0,0,1,1,1],[1,1,1,1,0,1,1,0,1,0]]"
6,251,-0.046264418160162746,0.046264418160162746,"[[1,1,0,0,1,0,0,1,1,1],[1,1,1,1,0,1,1,0,1,1]]"
6,252,-0.05110708422486861,0.05110708422486861,"[[1,1,0,0,1,0,0,1,1,1],[1,1,1,1,0,1,1,1,0,0]]"
6,253,-0.051324203049841095,0.051324203049841095,"[[1,1,0,0,1,0,0,1,1,1],[1,1,1,1,0,1,1,1,0,1]]"
6,254,-0.052753095550484436,0.052753095550484436,"[[1,1,0,0,1,0,0,1,1,1],[1,1,1,1,0,1,1,1,1,0]]"
6,255,-0.052184078153924535,0.052184078153924535,"[[1,1,0,0,1,0,0,1,1,1],[1,1,1,1,0,1,1,1,1,1]]"
6,256,-0.011665511380729044,0.011665511380729044,"[[1,1,0,0,1,0,1,0,0,0],[1,1,1,1,0,0,0,0,0,0]]"
6,257,-0.011564110859586555,0.011564110859586555,"[[1,1,0,0,1,0,1,0,0,0],[1,1,1,1,0,0,0,0,0,1]]"
6,258,-0.013354665320255572,0.013354665320255572,"[[1,1,0,0,1,0,1,0,0,0],[1,1,1,1,0,0,0,0,1,0]]"
6,259,-0.013560940065036301,0.013560940065036301,"[[1,1,0,0,1,0,1,0,0,0],[1,1,1,1,0,0,0,0,1,1]]"
6,260,-0.015865143134274187,0.015865143134274187,"[[1,1,0,0,1,0,1,0,0,0],[1,1,1,1,0,0,0,1,0,0]]"
6,261,-0.016306985953326344,0.016306985953326344,"[[1,1,0,0,1,0,1,0,0,0],[1,1,1,1,0,0,0,1,0,1]]"
6,262,-0.018033915715317487,0.018033915715317487,"[[1,1,0,0,1,0,1,0,0,0],[1,1,1,1,0,0,0,1,1,0]]"
6,263,-0.018085672682923316,0.018085672682923316,"[[1,1,0,0,1,0,1,0,0,0],[1,1,1,1,0,0,0,1,1,1]]"
6,264,-0.02123601739408265,0.02123601739408265,"[[1,1,0,0,1,0,1,0,0,0],[1,1,1,1,0,0,1,0,0,0]]"
6,265,-0.021500155462611005,0.021500155462611005,"[[1,1,0,0,1,0,1,0,0,0],[1,1,1,1,0,0,1,0,0,1]]"
6,266,-0.023120081922555477,0.023120081922555477,"[[1,1,0,0,1,0,1,0,0,0],[1,1,1,1,0,0,1,0,1,0]]"
6,267,-0.023436018990554315,0.023436018990554315,"[[1,1,0,0,1,0,1,0,0,0],[1,1,1,1,0,0,1,0,1,1]]"
6,268,-0.026693854459078726,0.026693854459078726,"[[1,1,0,0,1,0,1,0,0,0],[1,1,1,1,0,0,1,1,0,0]]"
6,269,-0.026844017606556206,0.026844017606556206,"[[1,1,0,0,1,0,1,0,0,0],[1,1,1,1,0,0,1,1,0,1]]"
6,270,-0.027680547194427585,0.027680547194427585,"[[1,1,0,0,1,0,1,0,0,0],[1,1,1,1,0,0,1,1,1,0]]"
6,271,-0.026705009846675606,0.026705009846675606,"[[1,1,0,0,1,0,1,0,0,0],[1,1,1,1,0,0,1,1,1,1]]"
6,272,-0.027485068549244613,0.027485068549244613,"[[1,1,0,0,1,0,1,0,0,0],[1,1,1,1,0,1,0,0,0,0]]"
6,273,-0.02769471538132576,0.02769471538132576,"[[1,1,0,0,1,0,1,0,0,0],[1,1,1,1,0,1,0,0,0,1]]"
6,274,-0.029669867785055967,0.029669867785055967,"[[1,1,0,0,1,0,1,0,0,0],[1,1,1,1,0,1,0,0,1,0]]"
6,275,-0.030181378853513807,0.030181378853513807,"[[1,1,0,0,1,0,1,0,0,0],[1,1,1,1,0,1,0,0,1,1]]"
6,276,-0.03267706317644315,0.03267706317644315,"[[1,1,0,0,1,0,1,0,0,0],[1,1,1,1,0,1,0,1,0,0]]"
6,277,-0.033391887990227645,0.033391887990227645,"[[1,1,0,0,1,0,1,0,0,0],[1,1,1,1,0,1,0,1,0,1]]"
6,278,-0.03436225803717871,0.03436225803717871,"[[1,1,0,0,1,0,1,0,0,0],[1,1,1,1,0,1,0,1,1,0]]"
6,279,-0.03345292358939299,0.03345292358939299,"[[1,1,0,0,1,0,1,0,0,0],[1,1,1,1,0,1,0,1,1,1]]"
6,280,-0.040074790061520586,0.040074790061520586,"[[1,1,0,0,1,0,1,0,0,0],[1,1,1,1,0,1,1,0,0,0]]"
6,281,-0.04032870357090003,0.04032870357090003,"[[1,1,0,0,1,0,1,0,0,0],[1,1,1,1,0,1,1,0,0,1]]"
6,282,-0.04177336570338742,0.04177336570338742,"[[1,1,0,0,1,0,1,0,0,0],[1,1,1,1,0,1,1,0,1,0]]"
6,283,-0.04190682722992132,0.04190682722992132,"[[1,1,0,0,1,0,1,0,0,0],[1,1,1,1,0,1,1,0,1,1]]"
6,284,-0.04416707734724385,0.04416707734724385,"[[1,1,0,0,1,0,1,0,0,0],[1,1,1,1,0,1,1,1,0,0]]"
6,285,-0.04347664929222831,0.04347664929222831,"[[1,1,0,0,1,0,1,0,0,0],[1,1,1,1,0,1,1,1,0,1]]"
6,286,-0.04398143120058226,0.04398143120058226,"[[1,1,0,0,1,0,1,0,0,0],[1,1,1,1,0,1,1,1,1,0]]"
6,287,-0.04117096606534302,0.04117096606534302,"[[1,1,0,0,1,0,1,0,0,0],[1,1,1,1,0,1,1,1,1,1]]"
6,288,-0.011287682821694114,0.011287682821694114,"[[1,1,0,0,1,0,1,0,0,1],[1,1,1,1,0,0,0,0,0,0]]"
6,289,-0.011686239104676682,0.011686239104676682,"[[1,1,0,0,1,0,1,0,0,1],[1,1,1,1,0,0,0,0,0,1]]"
6,290,-0.01325435898000415,0.01325435898000415,"[[1,1,0,0,1,0,1,0,0,1],[1,1,1,1,0,0,0,0,1,0]]"
6,291,-0.013678200289240222,0.013678200289240222,"[[1,1,0,0,1,0,1,0,0,1],[1,1,1,1,0,0,0,0,1,1]]"
6,292,-0.01603352873468394,0.01603352873468394,"[[1,1,0,0,1,0,1,0,0,1],[1,1,1,1,0,0,0,1,0,0]]"
6,293,-0.016389555003614817,0.016389555003614817,"[[1,1,0,0,1,0,1,0,0,1],[1,1,1,1,0,0,0,1,0,1]]"
6,294,-0.018159424731237404,0.018159424731237404,"[[1,1,0,0,1,0,1,0,0,1],[1,1,1,1,0,0,0,1,1,0]]"
6,295,-0.01858261535548187,0.01858261535548187,"[[1,1,0,0,1,0,1,0,0,1],[1,1,1,1,0,0,0,1,1,1]]"
6,296,-0.02110704538954926,0.02110704538954926,"[[1,1,0,0,1,0,1,0,0,1],[1,1,1,1,0,0,1,0,0,0]]"
6,297,-0.021522292489763183,0.021522292489763183,"[[1,1,0,0,1,0,1,0,0,1],[1,1,1,1,0,0,1,0,0,1]]"
6,298,-0.023435197055281104,0.023435197055281104,"[[1,1,0,0,1,0,1,0,0,1],[1,1,1,1,0,0,1,0,1,0]]"
6,299,-0.023768595263644842,0.023768595263644842,"[[1,1,0,0,1,0,1,0,0,1],[1,1,1,1,0,0,1,0,1,1]]"
6,300,-0.02721898171884842,0.02721898171884842,"[[1,1,0,0,1,0,1,0,0,1],[1,1,1,1,0,0,1,1,0,0]]"
6,301,-0.02726410707556952,0.02726410707556952,"[[1,1,0,0,1,0,1,0,0,1],[1,1,1,1,0,0,1,1,0,1]]"
6,302,-0.028149691302425294,0.028149691302425294,"[[1,1,0,0,1,0,1,0,0,1],[1,1,1,1,0,0,1,1,1,0]]"
6,303,-0.02781047972682087,0.02781047972682087,"[[1,1,0,0,1,0,1,0,0,1],[1,1,1,1,0,0,1,1,1,1]]"
6,304,-0.0273978326652829,0.0273978326652829,"[[1,1,0,0,1,0,1,0,0,1],[1,1,1,1,0,1,0,0,0,0]]"
6,305,-0.027781220136617404,0.027781220136617404,"[[1,1,0,0,1,0,1,0,0,1],[1,1,1,1,0,1,0,0,0,1]]"
6,306,-0.029746002640580912,0.029746002640580912,"[[1,1,0,0,1,0,1,0,0,1],[1,1,1,1,0,1,0,0,1,0]]"
6,307,-0.030175686152781135,0.030175686152781135,"[[1,1,0,0,1,0,1,0,0,1],[1,1,1,1,0,1,0,0,1,1]]"
6,308,-0.0332329578519465,0.0332329578519465,"[[1,1,0,0,1,0,1,0,0,1],[1,1,1,1,0,1,0,1,0,0]]"
6,309,-0.03354779701813105,0.03354779701813105,"[[1,1,0,0,1,0,1,0,0,1],[1,1,1,1,0,1,0,1,0,1]]"
6,310,-0.03496090639397908,0.03496090639397908,"[[1,1,0,0,1,0,1,0,0,1],[1,1,1,1,0,1,0,1,1,0]]"
6,311,-0.034927002475776445,0.034927002475776445,"[[1,1,0,0,1,0,1,0,0,1],[1,1,1,1,0,1,0,1,1,1]]"
6,312,-0.040605682531846495,0.040605682531846495,"[[1,1,0,0,1,0,1,0,0,1],[1,1,1,1,0,1,1,0,0,0]]"
6,313,-0.04060417436149855,0.04060417436149855,"[[1,1,0,0,1,0,1,0,0,1],[1,1,1,1,0,1,1,0,0,1]]"
6,314,-0.042538709922216526,0.042538709922216526,"[[1,1,0,0,1,0,1,0,0,1],[1,1,1,1,0,1,1,0,1,0]]"
6,315,-0.04205702683016976,0.04205702683016976,"[[1,1,0,0,1,0,1,0,0,1],[1,1,1,1,0,1,1,0,1,1]]"
6,316,-0.0458701055676535,0.0458701055676535,"[[1,1,0,0,1,0,1,0,0,1],[1,1,1,1,0,1,1,1,0,0]]"
6,317,-0.044857609568301315,0.044857609568301315,"[[1,1,0,0,1,0,1,0,0,1],[1,1,1,1,0,1,1,1,0,1]]"
6,318,-0.0455547503164568,0.0455547503164568,"[[1,1,0,0,1,0,1,0,0,1],[1,1,1,1,0,1,1,1,1,0]]"
6,319,-0.04379711849870473,0.04379711849870473,"[[1,1,0,0,1,0,1,0,0,1],[1,1,1,1,0,1,1,1,1,1]]"
6,320,-0.009408036223217668,0.009408036223217668,"[[1,1,0,0,1,0,1,0,1,0],[1,1,1,1,0,0,0,0,0,0]]"
6,321,-0.009365466502026241,0.009365466502026241,"[[1,1,0,0,1,0,1,0,1,0],[1,1,1,1,0,0,0,0,0,1]]"
6,322,-0.011470356309776157,0.011470356309776157,"[[1,1,0,0,1,0,1,0,1,0],[1,1,1,1,0,0,0,0,1,0]]"
6,323,-0.011568790945399254,0.011568790945399254,"[[1,1,0,0,1,0,1,0,1,0],[1,1,1,1,0,0,0,0,1,1]]"
6,324,-0.014741458251837711,0.014741458251837711,"[[1,1,0,0,1,0,1,0,1,0],[1,1,1,1,0,0,0,1,0,0]]"
6,325,-0.014542774006053291,0.014542774006053291,"[[1,1,0,0,1,0,1,0,1,0],[1,1,1,1,0,0,0,1,0,1]]"
6,326,-0.016841109641701418,0.016841109641701418,"[[1,1,0,0,1,0,1,0,1,0],[1,1,1,1,0,0,0,1,1,0]]"
6,327,-0.017075337659718182,0.017075337659718182,"[[1,1,0,0,1,0,1,0,1,0],[1,1,1,1,0,0,0,1,1,1]]"
6,328,-0.019303375825605276,0.019303375825605276,"[[1,1,0,0,1,0,1,0,1,0],[1,1,1,1,0,0,1,0,0,0]]"
6,329,-0.01920983049454842,0.01920983049454842,"[[1,1,0,0,1,0,1,0,1,0],[1,1,1,1,0,0,1,0,0,1]]"
6,330,-0.02154504726201515,0.02154504726201515,"[[1,1,0,0,1,0,1,0,1,0],[1,1,1,1,0,0,1,0,1,0]]"
6,331,-0.02190895116347085,0.02190895116347085,"[[1,1,0,0,1,0,1,0,1,0],[1,1,1,1,0,0,1,0,1,1]]"
6,332,-0.02641348988074183,0.02641348988074183,"[[1,1,0,0,1,0,1,0,1,0],[1,1,1,1,0,0,1,1,0,0]]"
6,333,-0.02652092718347345,0.02652092718347345,"[[1,1,0,0,1,0,1,0,1,0],[1,1,1,1,0,0,1,1,0,1]]"
6,334,-0.028203643354520396,0.028203643354520396,"[[1,1,0,0,1,0,1,0,1,0],[1,1,1,1,0,0,1,1,1,0]]"
6,335,-0.027925606511199304,0.027925606511199304,"[[1,1,0,0,1,0,1,0,1,0],[1,1,1,1,0,0,1,1,1,1]]"
6,336,-0.025469894119238955,0.025469894119238955,"[[1,1,0,0,1,0,1,0,1,0],[1,1,1,1,0,1,0,0,0,0]]"
6,337,-0.025034928100695,0.025034928100695,"[[1,1,0,0,1,0,1,0,1,0],[1,1,1,1,0,1,0,0,0,1]]"
6,338,-0.027862604133324247,0.027862604133324247,"[[1,1,0,0,1,0,1,0,1,0],[1,1,1,1,0,1,0,0,1,0]]"
6,339,-0.027935932986323776,0.027935932986323776,"[[1,1,0,0,1,0,1,0,1,0],[1,1,1,1,0,1,0,0,1,1]]"
6,340,-0.03247057047709908,0.03247057047709908,"[[1,1,0,0,1,0,1,0,1,0],[1,1,1,1,0,1,0,1,0,0]]"
6,341,-0.03214597454541105,0.03214597454541105,"[[1,1,0,0,1,0,1,0,1,0],[1,1,1,1,0,1,0,1,0,1]]"
6,342,-0.03472188655491891,0.03472188655491891,"[[1,1,0,0,1,0,1,0,1,0],[1,1,1,1,0,1,0,1,1,0]]"
6,343,-0.034369144484622846,0.034369144484622846,"[[1,1,0,0,1,0,1,0,1,0],[1,1,1,1,0,1,0,1,1,1]]"
6,344,-0.039247034227064825,0.039247034227064825,"[[1,1,0,0,1,0,1,0,1,0],[1,1,1,1,0,1,1,0,0,0]]"
6,345,-0.03884531098440053,0.03884531098440053,"[[1,1,0,0,1,0,1,0,1,0],[1,1,1,1,0,1,1,0,0,1]]"
6,346,-0.04158130248472336,0.04158130248472336,"[[1,1,0,0,1,0,1,0,1,0],[1,1,1,1,0,1,1,0,1,0]]"
6,347,-0.041186666495069434,0.041186666495069434,"[[1,1,0,0,1,0,1,0,1,0],[1,1,1,1,0,1,1,0,1,1]]"
6,348,-0.046440531828193604,0.046440531828193604,"[[1,1,0,0,1,0,1,0,1,0],[1,1,1,1,0,1,1,1,0,0]]"
6,349,-0.04557413068751062,0.04557413068751062,"[[1,1,0,0,1,0,1,0,1,0],[1,1,1,1,0,1,1,1,0,1]]"
6,350,-0.045900445745431534,0.045900445745431534,"[[1,1,0,0,1,0,1,0,1,0],[1,1,1,1,0,1,1,1,1,0]]"
6,351,-0.04473660149090227,0.04473660149090227,"[[1,1,0,0,1,0,1,0,1,0],[1,1,1,1,0,1,1,1,1,1]]"
6,352,-0.008760459663249698,0.008760459663249698,"[[1,1,0,0,1,0,1,0,1,1],[1,1,1,1,0,0,0,0,0,0]]"
6,353,-0.009052797819917446,0.009052797819917446,"[[1,1,0,0,1,0,1,0,1,1],[1,1,1,1,0,0,0,0,0,1]]"
6,354,-0.011283278023419763,0.011283278023419763,"[[1,1,0,0,1,0,1,0,1,1],[1,1,1,1,0,0,0,0,1,0]]"
6,355,-0.011630669028403968,0.011630669028403968,"[[1,1,0,0,1,0,1,0,1,1],[1,1,1,1,0,0,0,0,1,1]]"
6,356,-0.014443600979528142,0.014443600979528142,"[[1,1,0,0,1,0,1,0,1,1],[1,1,1,1,0,0,0,1,0,0]]"
6,357,-0.014595602274344175,0.014595602274344175,"[[1,1,0,0,1,0,1,0,1,1],[1,1,1,1,0,0,0,1,0,1]]"
6,358,-0.016883347472943906,0.016883347472943906,"[[1,1,0,0,1,0,1,0,1,1],[1,1,1,1,0,0,0,1,1,0]]"
6,359,-0.017297252618963133,0.017297252618963133,"[[1,1,0,0,1,0,1,0,1,1],[1,1,1,1,0,0,0,1,1,1]]"
6,360,-0.018741930411487064,0.018741930411487064,"[[1,1,0,0,1,0,1,0,1,1],[1,1,1,1,0,0,1,0,0,0]]"
6,361,-0.019270113692385137,0.019270113692385137,"[[1,1,0,0,1,0,1,0,1,1],[1,1,1,1,0,0,1,0,0,1]]"
6,362,-0.02140432499364351,0.02140432499364351,"[[1,1,0,0,1,0,1,0,1,1],[1,1,1,1,0,0,1,0,1,0]]"
6,363,-0.021971791333203726,0.021971791333203726,"[[1,1,0,0,1,0,1,0,1,1],[1,1,1,1,0,0,1,0,1,1]]"
6,364,-0.02599298983102521,0.02599298983102521,"[[1,1,0,0,1,0,1,0,1,1],[1,1,1,1,0,0,1,1,0,0]]"
6,365,-0.026399981516221197,0.026399981516221197,"[[1,1,0,0,1,0,1,0,1,1],[1,1,1,1,0,0,1,1,0,1]]"
6,366,-0.028501572804538883,0.028501572804538883,"[[1,1,0,0,1,0,1,0,1,1],[1,1,1,1,0,0,1,1,1,0]]"
6,367,-0.028565190281346343,0.028565190281346343,"[[1,1,0,0,1,0,1,0,1,1],[1,1,1,1,0,0,1,1,1,1]]"
6,368,-0.025008030398240847,0.025008030398240847,"[[1,1,0,0,1,0,1,0,1,1],[1,1,1,1,0,1,0,0,0,0]]"
6,369,-0.025212609423902455,0.025212609423902455,"[[1,1,0,0,1,0,1,0,1,1],[1,1,1,1,0,1,0,0,0,1]]"
6,370,-0.02771293448819351,0.02771293448819351,"[[1,1,0,0,1,0,1,0,1,1],[1,1,1,1,0,1,0,0,1,0]]"
6,371,-0.028194193900913867,0.028194193900913867,"[[1,1,0,0,1,0,1,0,1,1],[1,1,1,1,0,1,0,0,1,1]]"
6,372,-0.03203385664914812,0.03203385664914812,"[[1,1,0,0,1,0,1,0,1,1],[1,1,1,1,0,1,0,1,0,0]]"
6,373,-0.032222905347545135,0.032222905347545135,"[[1,1,0,0,1,0,1,0,1,1],[1,1,1,1,0,1,0,1,0,1]]"
6,374,-0.03493095323885875,0.03493095323885875,"[[1,1,0,0,1,0,1,0,1,1],[1,1,1,1,0,1,0,1,1,0]]"
6,375,-0.03491749489485651,0.03491749489485651,"[[1,1,0,0,1,0,1,0,1,1],[1,1,1,1,0,1,0,1,1,1]]"
6,376,-0.03889050637212074,0.03889050637212074,"[[1,1,0,0,1,0,1,0,1,1],[1,1,1,1,0,1,1,0,0,0]]"
6,377,-0.0391541879211003,0.0391541879211003,"[[1,1,0,0,1,0,1,0,1,1],[1,1,1,1,0,1,1,0,0,1]]"
6,378,-0.04161641489934656,0.04161641489934656,"[[1,1,0,0,1,0,1,0,1,1],[1,1,1,1,0,1,1,0,1,0]]"
6,379,-0.04171337358703881,0.04171337358703881,"[[1,1,0,0,1,0,1,0,1,1],[1,1,1,1,0,1,1,0,1,1]]"
6,380,-0.0462853190965153,0.0462853190965153,"[[1,1,0,0,1,0,1,0,1,1],[1,1,1,1,0,1,1,1,0,0]]"
6,381,-0.046295937157513206,0.046295937157513206,"[[1,1,0,0,1,0,1,0,1,1],[1,1,1,1,0,1,1,1,0,1]]"
6,382,-0.047683171397763645,0.047683171397763645,"[[1,1,0,0,1,0,1,0,1,1],[1,1,1,1,0,1,1,1,1,0]]"
6,383,-0.04609049883601744,0.04609049883601744,"[[1,1,0,0,1,0,1,0,1,1],[1,1,1,1,0,1,1,1,1,1]]"
6,384,-0.006486222520594933,0.006486222520594933,"[[1,1,0,0,1,0,1,1,0,0],[1,1,1,1,0,0,0,0,0,0]]"
6,385,-0.0066542701148417675,0.0066542701148417675,"[[1,1,0,0,1,0,1,1,0,0],[1,1,1,1,0,0,0,0,0,1]]"
6,386,-0.00798770453192998,0.00798770453192998,"[[1,1,0,0,1,0,1,1,0,0],[1,1,1,1,0,0,0,0,1,0]]"
6,387,-0.008474240396999585,0.008474240396999585,"[[1,1,0,0,1,0,1,1,0,0],[1,1,1,1,0,0,0,0,1,1]]"
6,388,-0.010919362063422526,0.010919362063422526,"[[1,1,0,0,1,0,1,1,0,0],[1,1,1,1,0,0,0,1,0,0]]"
6,389,-0.011297828995822982,0.011297828995822982,"[[1,1,0,0,1,0,1,1,0,0],[1,1,1,1,0,0,0,1,0,1]]"
6,390,-0.013022354193623471,0.013022354193623471,"[[1,1,0,0,1,0,1,1,0,0],[1,1,1,1,0,0,0,1,1,0]]"
6,391,-0.013433696223064782,0.013433696223064782,"[[1,1,0,0,1,0,1,1,0,0],[1,1,1,1,0,0,0,1,1,1]]"
6,392,-0.01586983465604745,0.01586983465604745,"[[1,1,0,0,1,0,1,1,0,0],[1,1,1,1,0,0,1,0,0,0]]"
6,393,-0.0162161950524649,0.0162161950524649,"[[1,1,0,0,1,0,1,1,0,0],[1,1,1,1,0,0,1,0,0,1]]"
6,394,-0.017498007698543018,0.017498007698543018,"[[1,1,0,0,1,0,1,1,0,0],[1,1,1,1,0,0,1,0,1,0]]"
6,395,-0.01791875082666571,0.01791875082666571,"[[1,1,0,0,1,0,1,1,0,0],[1,1,1,1,0,0,1,0,1,1]]"
6,396,-0.022050713813548145,0.022050713813548145,"[[1,1,0,0,1,0,1,1,0,0],[1,1,1,1,0,0,1,1,0,0]]"
6,397,-0.022684649759247586,0.022684649759247586,"[[1,1,0,0,1,0,1,1,0,0],[1,1,1,1,0,0,1,1,0,1]]"
6,398,-0.02426973889004211,0.02426973889004211,"[[1,1,0,0,1,0,1,1,0,0],[1,1,1,1,0,0,1,1,1,0]]"
6,399,-0.024407522400941916,0.024407522400941916,"[[1,1,0,0,1,0,1,1,0,0],[1,1,1,1,0,0,1,1,1,1]]"
6,400,-0.02103152156611419,0.02103152156611419,"[[1,1,0,0,1,0,1,1,0,0],[1,1,1,1,0,1,0,0,0,0]]"
6,401,-0.02137138014105866,0.02137138014105866,"[[1,1,0,0,1,0,1,1,0,0],[1,1,1,1,0,1,0,0,0,1]]"
6,402,-0.023212251130966463,0.023212251130966463,"[[1,1,0,0,1,0,1,1,0,0],[1,1,1,1,0,1,0,0,1,0]]"
6,403,-0.02374972033738061,0.02374972033738061,"[[1,1,0,0,1,0,1,1,0,0],[1,1,1,1,0,1,0,0,1,1]]"
6,404,-0.027250798065063617,0.027250798065063617,"[[1,1,0,0,1,0,1,1,0,0],[1,1,1,1,0,1,0,1,0,0]]"
6,405,-0.02785375675923642,0.02785375675923642,"[[1,1,0,0,1,0,1,1,0,0],[1,1,1,1,0,1,0,1,0,1]]"
6,406,-0.029960383451256175,0.029960383451256175,"[[1,1,0,0,1,0,1,1,0,0],[1,1,1,1,0,1,0,1,1,0]]"
6,407,-0.030408567832039254,0.030408567832039254,"[[1,1,0,0,1,0,1,1,0,0],[1,1,1,1,0,1,0,1,1,1]]"
6,408,-0.03496219241888828,0.03496219241888828,"[[1,1,0,0,1,0,1,1,0,0],[1,1,1,1,0,1,1,0,0,0]]"
6,409,-0.03540425911863132,0.03540425911863132,"[[1,1,0,0,1,0,1,1,0,0],[1,1,1,1,0,1,1,0,0,1]]"
6,410,-0.037453807797727806,0.037453807797727806,"[[1,1,0,0,1,0,1,1,0,0],[1,1,1,1,0,1,1,0,1,0]]"
6,411,-0.03776223649231144,0.03776223649231144,"[[1,1,0,0,1,0,1,1,0,0],[1,1,1,1,0,1,1,0,1,1]]"
6,412,-0.0425690400935205,0.0425690400935205,"[[1,1,0,0,1,0,1,1,0,0],[1,1,1,1,0,1,1,1,0,0]]"
6,413,-0.04300366649139123,0.04300366649139123,"[[1,1,0,0,1,0,1,1,0,0],[1,1,1,1,0,1,1,1,0,1]]"
6,414,-0.04401293373893982,0.04401293373893982,"[[1,1,0,0,1,0,1,1,0,0],[1,1,1,1,0,1,1,1,1,0]]"
6,415,-0.04343346163702825,0.04343346163702825,"[[1,1,0,0,1,0,1,1,0,0],[1,1,1,1,0,1,1,1,1,1]]"
6,416,-0.00598531237441646,0.00598531237441646,"[[1,1,0,0,1,0,1,1,0,1],[1,1,1,1,0,0,0,0,0,0]]"
6,417,-0.006299882301541922,0.006299882301541922,"[[1,1,0,0,1,0,1,1,0,1],[1,1,1,1,0,0,0,0,0,1]]"
6,418,-0.0077682807085168335,0.0077682807085168335,"[[1,1,0,0,1,0,1,1,0,1],[1,1,1,1,0,0,0,0,1,0]]"
6,419,-0.008434162664567736,0.008434162664567736,"[[1,1,0,0,1,0,1,1,0,1],[1,1,1,1,0,0,0,0,1,1]]"
6,420,-0.010755892273834748,0.010755892273834748,"[[1,1,0,0,1,0,1,1,0,1],[1,1,1,1,0,0,0,1,0,0]]"
6,421,-0.011298114069769681,0.011298114069769681,"[[1,1,0,0,1,0,1,1,0,1],[1,1,1,1,0,0,0,1,0,1]]"
6,422,-0.013077687625272207,0.013077687625272207,"[[1,1,0,0,1,0,1,1,0,1],[1,1,1,1,0,0,0,1,1,0]]"
6,423,-0.013540937248194957,0.013540937248194957,"[[1,1,0,0,1,0,1,1,0,1],[1,1,1,1,0,0,0,1,1,1]]"
6,424,-0.015350716302363166,0.015350716302363166,"[[1,1,0,0,1,0,1,1,0,1],[1,1,1,1,0,0,1,0,0,0]]"
6,425,-0.016001881461245013,0.016001881461245013,"[[1,1,0,0,1,0,1,1,0,1],[1,1,1,1,0,0,1,0,0,1]]"
6,426,-0.017625400111460944,0.017625400111460944,"[[1,1,0,0,1,0,1,1,0,1],[1,1,1,1,0,0,1,0,1,0]]"
6,427,-0.017966499861800565,0.017966499861800565,"[[1,1,0,0,1,0,1,1,0,1],[1,1,1,1,0,0,1,0,1,1]]"
6,428,-0.022026015746337727,0.022026015746337727,"[[1,1,0,0,1,0,1,1,0,1],[1,1,1,1,0,0,1,1,0,0]]"
6,429,-0.022532283550238993,0.022532283550238993,"[[1,1,0,0,1,0,1,1,0,1],[1,1,1,1,0,0,1,1,0,1]]"
6,430,-0.024711671655037085,0.024711671655037085,"[[1,1,0,0,1,0,1,1,0,1],[1,1,1,1,0,0,1,1,1,0]]"
6,431,-0.024840061103544836,0.024840061103544836,"[[1,1,0,0,1,0,1,1,0,1],[1,1,1,1,0,0,1,1,1,1]]"
6,432,-0.020470336015847735,0.020470336015847735,"[[1,1,0,0,1,0,1,1,0,1],[1,1,1,1,0,1,0,0,0,0]]"
6,433,-0.021161178777817567,0.021161178777817567,"[[1,1,0,0,1,0,1,1,0,1],[1,1,1,1,0,1,0,0,0,1]]"
6,434,-0.023180265261194623,0.023180265261194623,"[[1,1,0,0,1,0,1,1,0,1],[1,1,1,1,0,1,0,0,1,0]]"
6,435,-0.02369510311172097,0.02369510311172097,"[[1,1,0,0,1,0,1,1,0,1],[1,1,1,1,0,1,0,0,1,1]]"
6,436,-0.02737395172339961,0.02737395172339961,"[[1,1,0,0,1,0,1,1,0,1],[1,1,1,1,0,1,0,1,0,0]]"
6,437,-0.027997101701984682,0.027997101701984682,"[[1,1,0,0,1,0,1,1,0,1],[1,1,1,1,0,1,0,1,0,1]]"
6,438,-0.030100253058412175,0.030100253058412175,"[[1,1,0,0,1,0,1,1,0,1],[1,1,1,1,0,1,0,1,1,0]]"
6,439,-0.030619495757429904,0.030619495757429904,"[[1,1,0,0,1,0,1,1,0,1],[1,1,1,1,0,1,0,1,1,1]]"
6,440,-0.034394383878517926,0.034394383878517926,"[[1,1,0,0,1,0,1,1,0,1],[1,1,1,1,0,1,1,0,0,0]]"
6,441,-0.03509777639324886,0.03509777639324886,"[[1,1,0,0,1,0,1,1,0,1],[1,1,1,1,0,1,1,0,0,1]]"
6,442,-0.03762854771955952,0.03762854771955952,"[[1,1,0,0,1,0,1,1,0,1],[1,1,1,1,0,1,1,0,1,0]]"
6,443,-0.037761023154416214,0.037761023154416214,"[[1,1,0,0,1,0,1,1,0,1],[1,1,1,1,0,1,1,0,1,1]]"
6,444,-0.04308033263251804,0.04308033263251804,"[[1,1,0,0,1,0,1,1,0,1],[1,1,1,1,0,1,1,1,0,0]]"
6,445,-0.04318646516726104,0.04318646516726104,"[[1,1,0,0,1,0,1,1,0,1],[1,1,1,1,0,1,1,1,0,1]]"
6,446,-0.04457898685052762,0.04457898685052762,"[[1,1,0,0,1,0,1,1,0,1],[1,1,1,1,0,1,1,1,1,0]]"
6,447,-0.04389399867945446,0.04389399867945446,"[[1,1,0,0,1,0,1,1,0,1],[1,1,1,1,0,1,1,1,1,1]]"
6,448,-0.004588649206347452,0.004588649206347452,"[[1,1,0,0,1,0,1,1,1,0],[1,1,1,1,0,0,0,0,0,0]]"
6,449,-0.004597775476814774,0.004597775476814774,"[[1,1,0,0,1,0,1,1,1,0],[1,1,1,1,0,0,0,0,0,1]]"
6,450,-0.0057278522848768386,0.0057278522848768386,"[[1,1,0,0,1,0,1,1,1,0],[1,1,1,1,0,0,0,0,1,0]]"
6,451,-0.006057617044287338,0.006057617044287338,"[[1,1,0,0,1,0,1,1,1,0],[1,1,1,1,0,0,0,0,1,1]]"
6,452,-0.008584053863610884,0.008584053863610884,"[[1,1,0,0,1,0,1,1,1,0],[1,1,1,1,0,0,0,1,0,0]]"
6,453,-0.008698142236611667,0.008698142236611667,"[[1,1,0,0,1,0,1,1,1,0],[1,1,1,1,0,0,0,1,0,1]]"
6,454,-0.010933528157880103,0.010933528157880103,"[[1,1,0,0,1,0,1,1,1,0],[1,1,1,1,0,0,0,1,1,0]]"
6,455,-0.011107380948044063,0.011107380948044063,"[[1,1,0,0,1,0,1,1,1,0],[1,1,1,1,0,0,0,1,1,1]]"
6,456,-0.013067159835582544,0.013067159835582544,"[[1,1,0,0,1,0,1,1,1,0],[1,1,1,1,0,0,1,0,0,0]]"
6,457,-0.013324390251057522,0.013324390251057522,"[[1,1,0,0,1,0,1,1,1,0],[1,1,1,1,0,0,1,0,0,1]]"
6,458,-0.01530341801199413,0.01530341801199413,"[[1,1,0,0,1,0,1,1,1,0],[1,1,1,1,0,0,1,0,1,0]]"
6,459,-0.015694308942530117,0.015694308942530117,"[[1,1,0,0,1,0,1,1,1,0],[1,1,1,1,0,0,1,0,1,1]]"
6,460,-0.020285180333926754,0.020285180333926754,"[[1,1,0,0,1,0,1,1,1,0],[1,1,1,1,0,0,1,1,0,0]]"
6,461,-0.02022039952852268,0.02022039952852268,"[[1,1,0,0,1,0,1,1,1,0],[1,1,1,1,0,0,1,1,0,1]]"
6,462,-0.02280656834773828,0.02280656834773828,"[[1,1,0,0,1,0,1,1,1,0],[1,1,1,1,0,0,1,1,1,0]]"
6,463,-0.02327793408509127,0.02327793408509127,"[[1,1,0,0,1,0,1,1,1,0],[1,1,1,1,0,0,1,1,1,1]]"
6,464,-0.01797397724039872,0.01797397724039872,"[[1,1,0,0,1,0,1,1,1,0],[1,1,1,1,0,1,0,0,0,0]]"
6,465,-0.018100277585319284,0.018100277585319284,"[[1,1,0,0,1,0,1,1,1,0],[1,1,1,1,0,1,0,0,0,1]]"
6,466,-0.02041027935859089,0.02041027935859089,"[[1,1,0,0,1,0,1,1,1,0],[1,1,1,1,0,1,0,0,1,0]]"
6,467,-0.020867346705888464,0.020867346705888464,"[[1,1,0,0,1,0,1,1,1,0],[1,1,1,1,0,1,0,0,1,1]]"
6,468,-0.025325344800263515,0.025325344800263515,"[[1,1,0,0,1,0,1,1,1,0],[1,1,1,1,0,1,0,1,0,0]]"
6,469,-0.025216281588796154,0.025216281588796154,"[[1,1,0,0,1,0,1,1,1,0],[1,1,1,1,0,1,0,1,0,1]]"
6,470,-0.028017483994942024,0.028017483994942024,"[[1,1,0,0,1,0,1,1,1,0],[1,1,1,1,0,1,0,1,1,0]]"
6,471,-0.028378254632745067,0.028378254632745067,"[[1,1,0,0,1,0,1,1,1,0],[1,1,1,1,0,1,0,1,1,1]]"
6,472,-0.03205293473754789,0.03205293473754789,"[[1,1,0,0,1,0,1,1,1,0],[1,1,1,1,0,1,1,0,0,0]]"
6,473,-0.032521935028684466,0.032521935028684466,"[[1,1,0,0,1,0,1,1,1,0],[1,1,1,1,0,1,1,0,0,1]]"
6,474,-0.03476965921787194,0.03476965921787194,"[[1,1,0,0,1,0,1,1,1,0],[1,1,1,1,0,1,1,0,1,0]]"
6,475,-0.03532533394616232,0.03532533394616232,"[[1,1,0,0,1,0,1,1,1,0],[1,1,1,1,0,1,1,0,1,1]]"
6,476,-0.04138756190506255,0.04138756190506255,"[[1,1,0,0,1,0,1,1,1,0],[1,1,1,1,0,1,1,1,0,0]]"
6,477,-0.041405948555281444,0.041405948555281444,"[[1,1,0,0,1,0,1,1,1,0],[1,1,1,1,0,1,1,1,0,1]]"
6,478,-0.044058324366566266,0.044058324366566266,"[[1,1,0,0,1,0,1,1,1,0],[1,1,1,1,0,1,1,1,1,0]]"
6,479,-0.043887426003967674,0.043887426003967674,"[[1,1,0,0,1,0,1,1,1,0],[1,1,1,1,0,1,1,1,1,1]]"
6,480,-0.004102459112523914,0.004102459112523914,"[[1,1,0,0,1,0,1,1,1,1],[1,1,1,1,0,0,0,0,0,0]]"
6,481,-0.004223125887456052,0.004223125887456052,"[[1,1,0,0,1,0,1,1,1,1],[1,1,1,1,0,0,0,0,0,1]]"
6,482,-0.005408621093846528,0.005408621093846528,"[[1,1,0,0,1,0,1,1,1,1],[1,1,1,1,0,0,0,0,1,0]]"
6,483,-0.005748443877215562,0.005748443877215562,"[[1,1,0,0,1,0,1,1,1,1],[1,1,1,1,0,0,0,0,1,1]]"
6,484,-0.008004293994552152,0.008004293994552152,"[[1,1,0,0,1,0,1,1,1,1],[1,1,1,1,0,0,0,1,0,0]]"
6,485,-0.008367845825470671,0.008367845825470671,"[[1,1,0,0,1,0,1,1,1,1],[1,1,1,1,0,0,0,1,0,1]]"
6,486,-0.010504036258723362,0.010504036258723362,"[[1,1,0,0,1,0,1,1,1,1],[1,1,1,1,0,0,0,1,1,0]]"
6,487,-0.01118348655825799,0.01118348655825799,"[[1,1,0,0,1,0,1,1,1,1],[1,1,1,1,0,0,0,1,1,1]]"
6,488,-0.012264517371273133,0.012264517371273133,"[[1,1,0,0,1,0,1,1,1,1],[1,1,1,1,0,0,1,0,0,0]]"
6,489,-0.012685228364115059,0.012685228364115059,"[[1,1,0,0,1,0,1,1,1,1],[1,1,1,1,0,0,1,0,0,1]]"
6,490,-0.014942255914998419,0.014942255914998419,"[[1,1,0,0,1,0,1,1,1,1],[1,1,1,1,0,0,1,0,1,0]]"
6,491,-0.015607106738271355,0.015607106738271355,"[[1,1,0,0,1,0,1,1,1,1],[1,1,1,1,0,0,1,0,1,1]]"
6,492,-0.019868505066742224,0.019868505066742224,"[[1,1,0,0,1,0,1,1,1,1],[1,1,1,1,0,0,1,1,0,0]]"
6,493,-0.020252574978176986,0.020252574978176986,"[[1,1,0,0,1,0,1,1,1,1],[1,1,1,1,0,0,1,1,0,1]]"
6,494,-0.022671540513942223,0.022671540513942223,"[[1,1,0,0,1,0,1,1,1,1],[1,1,1,1,0,0,1,1,1,0]]"
6,495,-0.023424741610414385,0.023424741610414385,"[[1,1,0,0,1,0,1,1,1,1],[1,1,1,1,0,0,1,1,1,1]]"
6,496,-0.01711025439403338,0.01711025439403338,"[[1,1,0,0,1,0,1,1,1,1],[1,1,1,1,0,1,0,0,0,0]]"
6,497,-0.0175417492175698,0.0175417492175698,"[[1,1,0,0,1,0,1,1,1,1],[1,1,1,1,0,1,0,0,0,1]]"
6,498,-0.019716706492865697,0.019716706492865697,"[[1,1,0,0,1,0,1,1,1,1],[1,1,1,1,0,1,0,0,1,0]]"
6,499,-0.02056967324343827,0.02056967324343827,"[[1,1,0,0,1,0,1,1,1,1],[1,1,1,1,0,1,0,0,1,1]]"
6,500,-0.024650574945564926,0.024650574945564926,"[[1,1,0,0,1,0,1,1,1,1],[1,1,1,1,0,1,0,1,0,0]]"
6,501,-0.025034184393917323,0.025034184393917323,"[[1,1,0,0,1,0,1,1,1,1],[1,1,1,1,0,1,0,1,0,1]]"
6,502,-0.027746378538788447,0.027746378538788447,"[[1,1,0,0,1,0,1,1,1,1],[1,1,1,1,0,1,0,1,1,0]]"
6,503,-0.028522673911337226,0.028522673911337226,"[[1,1,0,0,1,0,1,1,1,1],[1,1,1,1,0,1,0,1,1,1]]"
6,504,-0.0307966214188384,0.0307966214188384,"[[1,1,0,0,1,0,1,1,1,1],[1,1,1,1,0,1,1,0,0,0]]"
6,505,-0.031771575069551215,0.031771575069551215,"[[1,1,0,0,1,0,1,1,1,1],[1,1,1,1,0,1,1,0,0,1]]"
6,506,-0.03423735087541638,0.03423735087541638,"[[1,1,0,0,1,0,1,1,1,1],[1,1,1,1,0,1,1,0,1,0]]"
6,507,-0.03500398126559465,0.03500398126559465,"[[1,1,0,0,1,0,1,1,1,1],[1,1,1,1,0,1,1,0,1,1]]"
6,508,-0.040673864847479625,0.040673864847479625,"[[1,1,0,0,1,0,1,1,1,1],[1,1,1,1,0,1,1,1,0,0]]"
6,509,-0.041213587123516186,0.041213587123516186,"[[1,1,0,0,1,0,1,1,1,1],[1,1,1,1,0,1,1,1,0,1]]"
6,510,-0.044080148673733346,0.044080148673733346,"[[1,1,0,0,1,0,1,1,1,1],[1,1,1,1,0,1,1,1,1,0]]"
6,511,-0.04434148824909823,0.04434148824909823,"[[1,1,0,0,1,0,1,1,1,1],[1,1,1,1,0,1,1,1,1,1]]"
6,512,-0.008048762511029569,0.008048762511029569,"[[1,1,0,0,1,1,0,0,0,0],[1,1,1,1,0,0,0,0,0,0]]"
6,513,-0.00792325189346373,0.00792325189346373,"[[1,1,0,0,1,1,0,0,0,0],[1,1,1,1,0,0,0,0,0,1]]"
6,514,-0.009123175788120597,0.009123175788120597,"[[1,1,0,0,1,1,0,0,0,0],[1,1,1,1,0,0,0,0,1,0]]"
6,515,-0.009383958851805867,0.009383958851805867,"[[1,1,0,0,1,1,0,0,0,0],[1,1,1,1,0,0,0,0,1,1]]"
6,516,-0.011942842528603052,0.011942842528603052,"[[1,1,0,0,1,1,0,0,0,0],[1,1,1,1,0,0,0,1,0,0]]"
6,517,-0.012287414607135047,0.012287414607135047,"[[1,1,0,0,1,1,0,0,0,0],[1,1,1,1,0,0,0,1,0,1]]"
6,518,-0.013200667692593576,0.013200667692593576,"[[1,1,0,0,1,1,0,0,0,0],[1,1,1,1,0,0,0,1,1,0]]"
6,519,-0.013179696439601324,0.013179696439601324,"[[1,1,0,0,1,1,0,0,0,0],[1,1,1,1,0,0,0,1,1,1]]"
6,520,-0.01535399354654166,0.01535399354654166,"[[1,1,0,0,1,1,0,0,0,0],[1,1,1,1,0,0,1,0,0,0]]"
6,521,-0.015701253416326923,0.015701253416326923,"[[1,1,0,0,1,1,0,0,0,0],[1,1,1,1,0,0,1,0,0,1]]"
6,522,-0.01713910487998323,0.01713910487998323,"[[1,1,0,0,1,1,0,0,0,0],[1,1,1,1,0,0,1,0,1,0]]"
6,523,-0.017292455500063163,0.017292455500063163,"[[1,1,0,0,1,1,0,0,0,0],[1,1,1,1,0,0,1,0,1,1]]"
6,524,-0.02036359808394972,0.02036359808394972,"[[1,1,0,0,1,1,0,0,0,0],[1,1,1,1,0,0,1,1,0,0]]"
6,525,-0.020583289557833232,0.020583289557833232,"[[1,1,0,0,1,1,0,0,0,0],[1,1,1,1,0,0,1,1,0,1]]"
6,526,-0.021320231387962713,0.021320231387962713,"[[1,1,0,0,1,1,0,0,0,0],[1,1,1,1,0,0,1,1,1,0]]"
6,527,-0.020452559768952258,0.020452559768952258,"[[1,1,0,0,1,1,0,0,0,0],[1,1,1,1,0,0,1,1,1,1]]"
6,528,-0.020114836489080218,0.020114836489080218,"[[1,1,0,0,1,1,0,0,0,0],[1,1,1,1,0,1,0,0,0,0]]"
6,529,-0.0202198629654451,0.0202198629654451,"[[1,1,0,0,1,1,0,0,0,0],[1,1,1,1,0,1,0,0,0,1]]"
6,530,-0.021963111097010723,0.021963111097010723,"[[1,1,0,0,1,1,0,0,0,0],[1,1,1,1,0,1,0,0,1,0]]"
6,531,-0.022204867781465226,0.022204867781465226,"[[1,1,0,0,1,1,0,0,0,0],[1,1,1,1,0,1,0,0,1,1]]"
6,532,-0.02525264737138741,0.02525264737138741,"[[1,1,0,0,1,1,0,0,0,0],[1,1,1,1,0,1,0,1,0,0]]"
6,533,-0.025514844897170028,0.025514844897170028,"[[1,1,0,0,1,1,0,0,0,0],[1,1,1,1,0,1,0,1,0,1]]"
6,534,-0.026518073183244856,0.026518073183244856,"[[1,1,0,0,1,1,0,0,0,0],[1,1,1,1,0,1,0,1,1,0]]"
6,535,-0.02598481370511795,0.02598481370511795,"[[1,1,0,0,1,1,0,0,0,0],[1,1,1,1,0,1,0,1,1,1]]"
6,536,-0.031238402585906332,0.031238402585906332,"[[1,1,0,0,1,1,0,0,0,0],[1,1,1,1,0,1,1,0,0,0]]"
6,537,-0.03139143401477304,0.03139143401477304,"[[1,1,0,0,1,1,0,0,0,0],[1,1,1,1,0,1,1,0,0,1]]"
6,538,-0.03298619807453225,0.03298619807453225,"[[1,1,0,0,1,1,0,0,0,0],[1,1,1,1,0,1,1,0,1,0]]"
6,539,-0.032764409073719684,0.032764409073719684,"[[1,1,0,0,1,1,0,0,0,0],[1,1,1,1,0,1,1,0,1,1]]"
6,540,-0.0350017628726446,0.0350017628726446,"[[1,1,0,0,1,1,0,0,0,0],[1,1,1,1,0,1,1,1,0,0]]"
6,541,-0.034375235808868275,0.034375235808868275,"[[1,1,0,0,1,1,0,0,0,0],[1,1,1,1,0,1,1,1,0,1]]"
6,542,-0.034668120043266526,0.034668120043266526,"[[1,1,0,0,1,1,0,0,0,0],[1,1,1,1,0,1,1,1,1,0]]"
6,543,-0.03203813225201585,0.03203813225201585,"[[1,1,0,0,1,1,0,0,0,0],[1,1,1,1,0,1,1,1,1,1]]"
6,544,-0.00782077751713815,0.00782077751713815,"[[1,1,0,0,1,1,0,0,0,1],[1,1,1,1,0,0,0,0,0,0]]"
6,545,-0.00801486534031848,0.00801486534031848,"[[1,1,0,0,1,1,0,0,0,1],[1,1,1,1,0,0,0,0,0,1]]"
6,546,-0.00930168815776706,0.00930168815776706,"[[1,1,0,0,1,1,0,0,0,1],[1,1,1,1,0,0,0,0,1,0]]"
6,547,-0.009562525831141495,0.009562525831141495,"[[1,1,0,0,1,1,0,0,0,1],[1,1,1,1,0,0,0,0,1,1]]"
6,548,-0.011985515588734823,0.011985515588734823,"[[1,1,0,0,1,1,0,0,0,1],[1,1,1,1,0,0,0,1,0,0]]"
6,549,-0.012324330751564782,0.012324330751564782,"[[1,1,0,0,1,1,0,0,0,1],[1,1,1,1,0,0,0,1,0,1]]"
6,550,-0.013610560027011515,0.013610560027011515,"[[1,1,0,0,1,1,0,0,0,1],[1,1,1,1,0,0,0,1,1,0]]"
6,551,-0.013711469583186942,0.013711469583186942,"[[1,1,0,0,1,1,0,0,0,1],[1,1,1,1,0,0,0,1,1,1]]"
6,552,-0.015386920486219091,0.015386920486219091,"[[1,1,0,0,1,1,0,0,0,1],[1,1,1,1,0,0,1,0,0,0]]"
6,553,-0.01587492126381737,0.01587492126381737,"[[1,1,0,0,1,1,0,0,0,1],[1,1,1,1,0,0,1,0,0,1]]"
6,554,-0.017493769676824245,0.017493769676824245,"[[1,1,0,0,1,1,0,0,0,1],[1,1,1,1,0,0,1,0,1,0]]"
6,555,-0.017619080715816453,0.017619080715816453,"[[1,1,0,0,1,1,0,0,0,1],[1,1,1,1,0,0,1,0,1,1]]"
6,556,-0.02093348379468368,0.02093348379468368,"[[1,1,0,0,1,1,0,0,0,1],[1,1,1,1,0,0,1,1,0,0]]"
6,557,-0.02109818978606476,0.02109818978606476,"[[1,1,0,0,1,1,0,0,0,1],[1,1,1,1,0,0,1,1,0,1]]"
6,558,-0.021945227148101442,0.021945227148101442,"[[1,1,0,0,1,1,0,0,0,1],[1,1,1,1,0,0,1,1,1,0]]"
6,559,-0.021488789464364003,0.021488789464364003,"[[1,1,0,0,1,1,0,0,0,1],[1,1,1,1,0,0,1,1,1,1]]"
6,560,-0.020096950498520224,0.020096950498520224,"[[1,1,0,0,1,1,0,0,0,1],[1,1,1,1,0,1,0,0,0,0]]"
6,561,-0.020379014037409174,0.020379014037409174,"[[1,1,0,0,1,1,0,0,0,1],[1,1,1,1,0,1,0,0,0,1]]"
6,562,-0.022018032788241194,0.022018032788241194,"[[1,1,0,0,1,1,0,0,0,1],[1,1,1,1,0,1,0,0,1,0]]"
6,563,-0.022457117927720174,0.022457117927720174,"[[1,1,0,0,1,1,0,0,0,1],[1,1,1,1,0,1,0,0,1,1]]"
6,564,-0.025698517222687296,0.025698517222687296,"[[1,1,0,0,1,1,0,0,0,1],[1,1,1,1,0,1,0,1,0,0]]"
6,565,-0.025914263863300008,0.025914263863300008,"[[1,1,0,0,1,1,0,0,0,1],[1,1,1,1,0,1,0,1,0,1]]"
6,566,-0.026824476814727116,0.026824476814727116,"[[1,1,0,0,1,1,0,0,0,1],[1,1,1,1,0,1,0,1,1,0]]"
6,567,-0.02675989062171026,0.02675989062171026,"[[1,1,0,0,1,1,0,0,0,1],[1,1,1,1,0,1,0,1,1,1]]"
6,568,-0.03145341069954438,0.03145341069954438,"[[1,1,0,0,1,1,0,0,0,1],[1,1,1,1,0,1,1,0,0,0]]"
6,569,-0.031874084553445155,0.031874084553445155,"[[1,1,0,0,1,1,0,0,0,1],[1,1,1,1,0,1,1,0,0,1]]"
6,570,-0.0334981001755788,0.0334981001755788,"[[1,1,0,0,1,1,0,0,0,1],[1,1,1,1,0,1,1,0,1,0]]"
6,571,-0.03325742386956584,0.03325742386956584,"[[1,1,0,0,1,1,0,0,0,1],[1,1,1,1,0,1,1,0,1,1]]"
6,572,-0.03601489685866763,0.03601489685866763,"[[1,1,0,0,1,1,0,0,0,1],[1,1,1,1,0,1,1,1,0,0]]"
6,573,-0.03556167718764723,0.03556167718764723,"[[1,1,0,0,1,1,0,0,0,1],[1,1,1,1,0,1,1,1,0,1]]"
6,574,-0.03568273570188751,0.03568273570188751,"[[1,1,0,0,1,1,0,0,0,1],[1,1,1,1,0,1,1,1,1,0]]"
6,575,-0.03418158633442329,0.03418158633442329,"[[1,1,0,0,1,1,0,0,0,1],[1,1,1,1,0,1,1,1,1,1]]"
6,576,-0.006211707892377611,0.006211707892377611,"[[1,1,0,0,1,1,0,0,1,0],[1,1,1,1,0,0,0,0,0,0]]"
6,577,-0.006249468645117823,0.006249468645117823,"[[1,1,0,0,1,1,0,0,1,0],[1,1,1,1,0,0,0,0,0,1]]"
6,578,-0.007753223165368167,0.007753223165368167,"[[1,1,0,0,1,1,0,0,1,0],[1,1,1,1,0,0,0,0,1,0]]"
6,579,-0.007916391472406014,0.007916391472406014,"[[1,1,0,0,1,1,0,0,1,0],[1,1,1,1,0,0,0,0,1,1]]"
6,580,-0.01068887396811131,0.01068887396811131,"[[1,1,0,0,1,1,0,0,1,0],[1,1,1,1,0,0,0,1,0,0]]"
6,581,-0.010722279544357796,0.010722279544357796,"[[1,1,0,0,1,1,0,0,1,0],[1,1,1,1,0,0,0,1,0,1]]"
6,582,-0.012676765788650426,0.012676765788650426,"[[1,1,0,0,1,1,0,0,1,0],[1,1,1,1,0,0,0,1,1,0]]"
6,583,-0.01282184674733716,0.01282184674733716,"[[1,1,0,0,1,1,0,0,1,0],[1,1,1,1,0,0,0,1,1,1]]"
6,584,-0.01381974836818705,0.01381974836818705,"[[1,1,0,0,1,1,0,0,1,0],[1,1,1,1,0,0,1,0,0,0]]"
6,585,-0.013950343717865455,0.013950343717865455,"[[1,1,0,0,1,1,0,0,1,0],[1,1,1,1,0,0,1,0,0,1]]"
6,586,-0.015825789471810448,0.015825789471810448,"[[1,1,0,0,1,1,0,0,1,0],[1,1,1,1,0,0,1,0,1,0]]"
6,587,-0.016343207254030694,0.016343207254030694,"[[1,1,0,0,1,1,0,0,1,0],[1,1,1,1,0,0,1,0,1,1]]"
6,588,-0.019546096834087007,0.019546096834087007,"[[1,1,0,0,1,1,0,0,1,0],[1,1,1,1,0,0,1,1,0,0]]"
6,589,-0.020072451271983267,0.020072451271983267,"[[1,1,0,0,1,1,0,0,1,0],[1,1,1,1,0,0,1,1,0,1]]"
6,590,-0.021715812273435817,0.021715812273435817,"[[1,1,0,0,1,1,0,0,1,0],[1,1,1,1,0,0,1,1,1,0]]"
6,591,-0.021632236952773946,0.021632236952773946,"[[1,1,0,0,1,1,0,0,1,0],[1,1,1,1,0,0,1,1,1,1]]"
6,592,-0.01814499917221764,0.01814499917221764,"[[1,1,0,0,1,1,0,0,1,0],[1,1,1,1,0,1,0,0,0,0]]"
6,593,-0.017933582668654205,0.017933582668654205,"[[1,1,0,0,1,1,0,0,1,0],[1,1,1,1,0,1,0,0,0,1]]"
6,594,-0.020258784671745703,0.020258784671745703,"[[1,1,0,0,1,1,0,0,1,0],[1,1,1,1,0,1,0,0,1,0]]"
6,595,-0.020722904298629673,0.020722904298629673,"[[1,1,0,0,1,1,0,0,1,0],[1,1,1,1,0,1,0,0,1,1]]"
6,596,-0.024644511098845846,0.024644511098845846,"[[1,1,0,0,1,1,0,0,1,0],[1,1,1,1,0,1,0,1,0,0]]"
6,597,-0.024866560691729843,0.024866560691729843,"[[1,1,0,0,1,1,0,0,1,0],[1,1,1,1,0,1,0,1,0,1]]"
6,598,-0.02643256557217182,0.02643256557217182,"[[1,1,0,0,1,1,0,0,1,0],[1,1,1,1,0,1,0,1,1,0]]"
6,599,-0.02627191452876448,0.02627191452876448,"[[1,1,0,0,1,1,0,0,1,0],[1,1,1,1,0,1,0,1,1,1]]"
6,600,-0.030359106769247992,0.030359106769247992,"[[1,1,0,0,1,1,0,0,1,0],[1,1,1,1,0,1,1,0,0,0]]"
6,601,-0.030237676262938846,0.030237676262938846,"[[1,1,0,0,1,1,0,0,1,0],[1,1,1,1,0,1,1,0,0,1]]"
6,602,-0.03230536051732451,0.03230536051732451,"[[1,1,0,0,1,1,0,0,1,0],[1,1,1,1,0,1,1,0,1,0]]"
6,603,-0.032186057754693215,0.032186057754693215,"[[1,1,0,0,1,1,0,0,1,0],[1,1,1,1,0,1,1,0,1,1]]"
6,604,-0.0360009877373986,0.0360009877373986,"[[1,1,0,0,1,1,0,0,1,0],[1,1,1,1,0,1,1,1,0,0]]"
6,605,-0.03592596861886797,0.03592596861886797,"[[1,1,0,0,1,1,0,0,1,0],[1,1,1,1,0,1,1,1,0,1]]"
6,606,-0.036791375496088345,0.036791375496088345,"[[1,1,0,0,1,1,0,0,1,0],[1,1,1,1,0,1,1,1,1,0]]"
6,607,-0.03598972196367811,0.03598972196367811,"[[1,1,0,0,1,1,0,0,1,0],[1,1,1,1,0,1,1,1,1,1]]"
6,608,-0.005817790876481017,0.005817790876481017,"[[1,1,0,0,1,1,0,0,1,1],[1,1,1,1,0,0,0,0,0,0]]"
6,609,-0.006215918885656868,0.006215918885656868,"[[1,1,0,0,1,1,0,0,1,1],[1,1,1,1,0,0,0,0,0,1]]"
6,610,-0.007696999167676973,0.007696999167676973,"[[1,1,0,0,1,1,0,0,1,1],[1,1,1,1,0,0,0,0,1,0]]"
6,611,-0.008046248537764276,0.008046248537764276,"[[1,1,0,0,1,1,0,0,1,1],[1,1,1,1,0,0,0,0,1,1]]"
6,612,-0.010404027215982698,0.010404027215982698,"[[1,1,0,0,1,1,0,0,1,1],[1,1,1,1,0,0,0,1,0,0]]"
6,613,-0.010857323403790855,0.010857323403790855,"[[1,1,0,0,1,1,0,0,1,1],[1,1,1,1,0,0,0,1,0,1]]"
6,614,-0.012675788169254005,0.012675788169254005,"[[1,1,0,0,1,1,0,0,1,1],[1,1,1,1,0,0,0,1,1,0]]"
6,615,-0.013121446681734032,0.013121446681734032,"[[1,1,0,0,1,1,0,0,1,1],[1,1,1,1,0,0,0,1,1,1]]"
6,616,-0.013540488324817803,0.013540488324817803,"[[1,1,0,0,1,1,0,0,1,1],[1,1,1,1,0,0,1,0,0,0]]"
6,617,-0.014046485422905325,0.014046485422905325,"[[1,1,0,0,1,1,0,0,1,1],[1,1,1,1,0,0,1,0,0,1]]"
6,618,-0.015555326628345632,0.015555326628345632,"[[1,1,0,0,1,1,0,0,1,1],[1,1,1,1,0,0,1,0,1,0]]"
6,619,-0.01628635783465952,0.01628635783465952,"[[1,1,0,0,1,1,0,0,1,1],[1,1,1,1,0,0,1,0,1,1]]"
6,620,-0.01906324958586361,0.01906324958586361,"[[1,1,0,0,1,1,0,0,1,1],[1,1,1,1,0,0,1,1,0,0]]"
6,621,-0.019960026635830835,0.019960026635830835,"[[1,1,0,0,1,1,0,0,1,1],[1,1,1,1,0,0,1,1,0,1]]"
6,622,-0.02192585870876608,0.02192585870876608,"[[1,1,0,0,1,1,0,0,1,1],[1,1,1,1,0,0,1,1,1,0]]"
6,623,-0.022199805296610857,0.022199805296610857,"[[1,1,0,0,1,1,0,0,1,1],[1,1,1,1,0,0,1,1,1,1]]"
6,624,-0.017794562395894987,0.017794562395894987,"[[1,1,0,0,1,1,0,0,1,1],[1,1,1,1,0,1,0,0,0,0]]"
6,625,-0.01819743847821749,0.01819743847821749,"[[1,1,0,0,1,1,0,0,1,1],[1,1,1,1,0,1,0,0,0,1]]"
6,626,-0.020093632297924297,0.020093632297924297,"[[1,1,0,0,1,1,0,0,1,1],[1,1,1,1,0,1,0,0,1,0]]"
6,627,-0.0207197914734276,0.0207197914734276,"[[1,1,0,0,1,1,0,0,1,1],[1,1,1,1,0,1,0,0,1,1]]"
6,628,-0.02414039403406781,0.02414039403406781,"[[1,1,0,0,1,1,0,0,1,1],[1,1,1,1,0,1,0,1,0,0]]"
6,629,-0.024807070651288878,0.024807070651288878,"[[1,1,0,0,1,1,0,0,1,1],[1,1,1,1,0,1,0,1,0,1]]"
6,630,-0.02657349490555542,0.02657349490555542,"[[1,1,0,0,1,1,0,0,1,1],[1,1,1,1,0,1,0,1,1,0]]"
6,631,-0.026821188110486026,0.026821188110486026,"[[1,1,0,0,1,1,0,0,1,1],[1,1,1,1,0,1,0,1,1,1]]"
6,632,-0.029816604323705687,0.029816604323705687,"[[1,1,0,0,1,1,0,0,1,1],[1,1,1,1,0,1,1,0,0,0]]"
6,633,-0.030385658144214078,0.030385658144214078,"[[1,1,0,0,1,1,0,0,1,1],[1,1,1,1,0,1,1,0,0,1]]"
6,634,-0.032255031648367447,0.032255031648367447,"[[1,1,0,0,1,1,0,0,1,1],[1,1,1,1,0,1,1,0,1,0]]"
6,635,-0.032611074954264636,0.032611074954264636,"[[1,1,0,0,1,1,0,0,1,1],[1,1,1,1,0,1,1,0,1,1]]"
6,636,-0.03567713995867722,0.03567713995867722,"[[1,1,0,0,1,1,0,0,1,1],[1,1,1,1,0,1,1,1,0,0]]"
6,637,-0.0362919874278769,0.0362919874278769,"[[1,1,0,0,1,1,0,0,1,1],[1,1,1,1,0,1,1,1,0,1]]"
6,638,-0.03747242152686073,0.03747242152686073,"[[1,1,0,0,1,1,0,0,1,1],[1,1,1,1,0,1,1,1,1,0]]"
6,639,-0.036925792337862584,0.036925792337862584,"[[1,1,0,0,1,1,0,0,1,1],[1,1,1,1,0,1,1,1,1,1]]"
6,640,-0.004124940162306689,0.004124940162306689,"[[1,1,0,0,1,1,0,1,0,0],[1,1,1,1,0,0,0,0,0,0]]"
6,641,-0.004243054471989464,0.004243054471989464,"[[1,1,0,0,1,1,0,1,0,0],[1,1,1,1,0,0,0,0,0,1]]"
6,642,-0.00523125247314436,0.00523125247314436,"[[1,1,0,0,1,1,0,1,0,0],[1,1,1,1,0,0,0,0,1,0]]"
6,643,-0.005495018791283027,0.005495018791283027,"[[1,1,0,0,1,1,0,1,0,0],[1,1,1,1,0,0,0,0,1,1]]"
6,644,-0.00813976648947024,0.00813976648947024,"[[1,1,0,0,1,1,0,1,0,0],[1,1,1,1,0,0,0,1,0,0]]"
6,645,-0.008318000601569547,0.008318000601569547,"[[1,1,0,0,1,1,0,1,0,0],[1,1,1,1,0,0,0,1,0,1]]"
6,646,-0.009362842552797167,0.009362842552797167,"[[1,1,0,0,1,1,0,1,0,0],[1,1,1,1,0,0,0,1,1,0]]"
6,647,-0.009634299949698394,0.009634299949698394,"[[1,1,0,0,1,1,0,1,0,0],[1,1,1,1,0,0,0,1,1,1]]"
6,648,-0.01155093602735527,0.01155093602735527,"[[1,1,0,0,1,1,0,1,0,0],[1,1,1,1,0,0,1,0,0,0]]"
6,649,-0.011725164042146432,0.011725164042146432,"[[1,1,0,0,1,1,0,1,0,0],[1,1,1,1,0,0,1,0,0,1]]"
6,650,-0.012976417436773214,0.012976417436773214,"[[1,1,0,0,1,1,0,1,0,0],[1,1,1,1,0,0,1,0,1,0]]"
6,651,-0.013246270599027549,0.013246270599027549,"[[1,1,0,0,1,1,0,1,0,0],[1,1,1,1,0,0,1,0,1,1]]"
6,652,-0.017105840503248582,0.017105840503248582,"[[1,1,0,0,1,1,0,1,0,0],[1,1,1,1,0,0,1,1,0,0]]"
6,653,-0.017627724197820455,0.017627724197820455,"[[1,1,0,0,1,1,0,1,0,0],[1,1,1,1,0,0,1,1,0,1]]"
6,654,-0.018729647788718953,0.018729647788718953,"[[1,1,0,0,1,1,0,1,0,0],[1,1,1,1,0,0,1,1,1,0]]"
6,655,-0.018692389475468526,0.018692389475468526,"[[1,1,0,0,1,1,0,1,0,0],[1,1,1,1,0,0,1,1,1,1]]"
6,656,-0.015307527018009907,0.015307527018009907,"[[1,1,0,0,1,1,0,1,0,0],[1,1,1,1,0,1,0,0,0,0]]"
6,657,-0.015537484464335337,0.015537484464335337,"[[1,1,0,0,1,1,0,1,0,0],[1,1,1,1,0,1,0,0,0,1]]"
6,658,-0.016964732626293028,0.016964732626293028,"[[1,1,0,0,1,1,0,1,0,0],[1,1,1,1,0,1,0,0,1,0]]"
6,659,-0.0173828235331083,0.0173828235331083,"[[1,1,0,0,1,1,0,1,0,0],[1,1,1,1,0,1,0,0,1,1]]"
6,660,-0.02101888543822127,0.02101888543822127,"[[1,1,0,0,1,1,0,1,0,0],[1,1,1,1,0,1,0,1,0,0]]"
6,661,-0.02156189402921023,0.02156189402921023,"[[1,1,0,0,1,1,0,1,0,0],[1,1,1,1,0,1,0,1,0,1]]"
6,662,-0.023169412709208134,0.023169412709208134,"[[1,1,0,0,1,1,0,1,0,0],[1,1,1,1,0,1,0,1,1,0]]"
6,663,-0.02340986760487835,0.02340986760487835,"[[1,1,0,0,1,1,0,1,0,0],[1,1,1,1,0,1,0,1,1,1]]"
6,664,-0.02728596393933017,0.02728596393933017,"[[1,1,0,0,1,1,0,1,0,0],[1,1,1,1,0,1,1,0,0,0]]"
6,665,-0.027783328920418522,0.027783328920418522,"[[1,1,0,0,1,1,0,1,0,0],[1,1,1,1,0,1,1,0,0,1]]"
6,666,-0.029240023927634945,0.029240023927634945,"[[1,1,0,0,1,1,0,1,0,0],[1,1,1,1,0,1,1,0,1,0]]"
6,667,-0.029608776276312154,0.029608776276312154,"[[1,1,0,0,1,1,0,1,0,0],[1,1,1,1,0,1,1,0,1,1]]"
6,668,-0.0340223281273016,0.0340223281273016,"[[1,1,0,0,1,1,0,1,0,0],[1,1,1,1,0,1,1,1,0,0]]"
6,669,-0.03444004842376446,0.03444004842376446,"[[1,1,0,0,1,1,0,1,0,0],[1,1,1,1,0,1,1,1,0,1]]"
6,670,-0.035406738828579545,0.035406738828579545,"[[1,1,0,0,1,1,0,1,0,0],[1,1,1,1,0,1,1,1,1,0]]"
6,671,-0.03469675516307368,0.03469675516307368,"[[1,1,0,0,1,1,0,1,0,0],[1,1,1,1,0,1,1,1,1,1]]"
6,672,-0.003798363339578987,0.003798363339578987,"[[1,1,0,0,1,1,0,1,0,1],[1,1,1,1,0,0,0,0,0,0]]"
6,673,-0.004109639416489019,0.004109639416489019,"[[1,1,0,0,1,1,0,1,0,1],[1,1,1,1,0,0,0,0,0,1]]"
6,674,-0.00525330073995681,0.00525330073995681,"[[1,1,0,0,1,1,0,1,0,1],[1,1,1,1,0,0,0,0,1,0]]"
6,675,-0.0055685228815173585,0.0055685228815173585,"[[1,1,0,0,1,1,0,1,0,1],[1,1,1,1,0,0,0,0,1,1]]"
6,676,-0.008053296480542286,0.008053296480542286,"[[1,1,0,0,1,1,0,1,0,1],[1,1,1,1,0,0,0,1,0,0]]"
6,677,-0.008387492382859858,0.008387492382859858,"[[1,1,0,0,1,1,0,1,0,1],[1,1,1,1,0,0,0,1,0,1]]"
6,678,-0.009582825561347963,0.009582825561347963,"[[1,1,0,0,1,1,0,1,0,1],[1,1,1,1,0,0,0,1,1,0]]"
6,679,-0.009750960746983226,0.009750960746983226,"[[1,1,0,0,1,1,0,1,0,1],[1,1,1,1,0,0,0,1,1,1]]"
6,680,-0.01125544293441189,0.01125544293441189,"[[1,1,0,0,1,1,0,1,0,1],[1,1,1,1,0,0,1,0,0,0]]"
6,681,-0.01182620002318522,0.01182620002318522,"[[1,1,0,0,1,1,0,1,0,1],[1,1,1,1,0,0,1,0,0,1]]"
6,682,-0.013335770711013675,0.013335770711013675,"[[1,1,0,0,1,1,0,1,0,1],[1,1,1,1,0,0,1,0,1,0]]"
6,683,-0.013455057534730646,0.013455057534730646,"[[1,1,0,0,1,1,0,1,0,1],[1,1,1,1,0,0,1,0,1,1]]"
6,684,-0.01697006545772255,0.01697006545772255,"[[1,1,0,0,1,1,0,1,0,1],[1,1,1,1,0,0,1,1,0,0]]"
6,685,-0.017615189289893658,0.017615189289893658,"[[1,1,0,0,1,1,0,1,0,1],[1,1,1,1,0,0,1,1,0,1]]"
6,686,-0.01917466960184209,0.01917466960184209,"[[1,1,0,0,1,1,0,1,0,1],[1,1,1,1,0,0,1,1,1,0]]"
6,687,-0.01905578973287365,0.01905578973287365,"[[1,1,0,0,1,1,0,1,0,1],[1,1,1,1,0,0,1,1,1,1]]"
6,688,-0.015019061464659011,0.015019061464659011,"[[1,1,0,0,1,1,0,1,0,1],[1,1,1,1,0,1,0,0,0,0]]"
6,689,-0.015602433818173696,0.015602433818173696,"[[1,1,0,0,1,1,0,1,0,1],[1,1,1,1,0,1,0,0,0,1]]"
6,690,-0.017245512971115314,0.017245512971115314,"[[1,1,0,0,1,1,0,1,0,1],[1,1,1,1,0,1,0,0,1,0]]"
6,691,-0.017534480684903004,0.017534480684903004,"[[1,1,0,0,1,1,0,1,0,1],[1,1,1,1,0,1,0,0,1,1]]"
6,692,-0.02122051552290632,0.02122051552290632,"[[1,1,0,0,1,1,0,1,0,1],[1,1,1,1,0,1,0,1,0,0]]"
6,693,-0.021689034237324867,0.021689034237324867,"[[1,1,0,0,1,1,0,1,0,1],[1,1,1,1,0,1,0,1,0,1]]"
6,694,-0.0234844276657655,0.0234844276657655,"[[1,1,0,0,1,1,0,1,0,1],[1,1,1,1,0,1,0,1,1,0]]"
6,695,-0.02363833609702779,0.02363833609702779,"[[1,1,0,0,1,1,0,1,0,1],[1,1,1,1,0,1,0,1,1,1]]"
6,696,-0.026892127899012137,0.026892127899012137,"[[1,1,0,0,1,1,0,1,0,1],[1,1,1,1,0,1,1,0,0,0]]"
6,697,-0.027740342134055483,0.027740342134055483,"[[1,1,0,0,1,1,0,1,0,1],[1,1,1,1,0,1,1,0,0,1]]"
6,698,-0.029634696316073385,0.029634696316073385,"[[1,1,0,0,1,1,0,1,0,1],[1,1,1,1,0,1,1,0,1,0]]"
6,699,-0.02977287351349993,0.02977287351349993,"[[1,1,0,0,1,1,0,1,0,1],[1,1,1,1,0,1,1,0,1,1]]"
6,700,-0.034092117082583626,0.034092117082583626,"[[1,1,0,0,1,1,0,1,0,1],[1,1,1,1,0,1,1,1,0,0]]"
6,701,-0.03470645864133424,0.03470645864133424,"[[1,1,0,0,1,1,0,1,0,1],[1,1,1,1,0,1,1,1,0,1]]"
6,702,-0.03601645310325575,0.03601645310325575,"[[1,1,0,0,1,1,0,1,0,1],[1,1,1,1,0,1,1,1,1,0]]"
6,703,-0.03510425456857699,0.03510425456857699,"[[1,1,0,0,1,1,0,1,0,1],[1,1,1,1,0,1,1,1,1,1]]"
6,704,-0.0025073815820228678,0.0025073815820228678,"[[1,1,0,0,1,1,0,1,1,0],[1,1,1,1,0,0,0,0,0,0]]"
6,705,-0.0025840464539889385,0.0025840464539889385,"[[1,1,0,0,1,1,0,1,1,0],[1,1,1,1,0,0,0,0,0,1]]"
6,706,-0.0036705693434907257,0.0036705693434907257,"[[1,1,0,0,1,1,0,1,1,0],[1,1,1,1,0,0,0,0,1,0]]"
6,707,-0.0039520713032654515,0.0039520713032654515,"[[1,1,0,0,1,1,0,1,1,0],[1,1,1,1,0,0,0,0,1,1]]"
6,708,-0.006312434154120088,0.006312434154120088,"[[1,1,0,0,1,1,0,1,1,0],[1,1,1,1,0,0,0,1,0,0]]"
6,709,-0.006384417626287606,0.006384417626287606,"[[1,1,0,0,1,1,0,1,1,0],[1,1,1,1,0,0,0,1,0,1]]"
6,710,-0.008140691271590273,0.008140691271590273,"[[1,1,0,0,1,1,0,1,1,0],[1,1,1,1,0,0,0,1,1,0]]"
6,711,-0.008332918333758791,0.008332918333758791,"[[1,1,0,0,1,1,0,1,1,0],[1,1,1,1,0,0,0,1,1,1]]"
6,712,-0.009130337137515402,0.009130337137515402,"[[1,1,0,0,1,1,0,1,1,0],[1,1,1,1,0,0,1,0,0,0]]"
6,713,-0.009435224343551617,0.009435224343551617,"[[1,1,0,0,1,1,0,1,1,0],[1,1,1,1,0,0,1,0,0,1]]"
6,714,-0.01114329723029834,0.01114329723029834,"[[1,1,0,0,1,1,0,1,1,0],[1,1,1,1,0,0,1,0,1,0]]"
6,715,-0.011433117729806456,0.011433117729806456,"[[1,1,0,0,1,1,0,1,1,0],[1,1,1,1,0,0,1,0,1,1]]"
6,716,-0.015437860011698048,0.015437860011698048,"[[1,1,0,0,1,1,0,1,1,0],[1,1,1,1,0,0,1,1,0,0]]"
6,717,-0.015577726752963414,0.015577726752963414,"[[1,1,0,0,1,1,0,1,1,0],[1,1,1,1,0,0,1,1,0,1]]"
6,718,-0.017778641749946672,0.017778641749946672,"[[1,1,0,0,1,1,0,1,1,0],[1,1,1,1,0,0,1,1,1,0]]"
6,719,-0.01819454272182588,0.01819454272182588,"[[1,1,0,0,1,1,0,1,1,0],[1,1,1,1,0,0,1,1,1,1]]"
6,720,-0.012784278128541562,0.012784278128541562,"[[1,1,0,0,1,1,0,1,1,0],[1,1,1,1,0,1,0,0,0,0]]"
6,721,-0.012992360240406477,0.012992360240406477,"[[1,1,0,0,1,1,0,1,1,0],[1,1,1,1,0,1,0,0,0,1]]"
6,722,-0.015011742924199996,0.015011742924199996,"[[1,1,0,0,1,1,0,1,1,0],[1,1,1,1,0,1,0,0,1,0]]"
6,723,-0.015203116923825748,0.015203116923825748,"[[1,1,0,0,1,1,0,1,1,0],[1,1,1,1,0,1,0,0,1,1]]"
6,724,-0.01939909091243875,0.01939909091243875,"[[1,1,0,0,1,1,0,1,1,0],[1,1,1,1,0,1,0,1,0,0]]"
6,725,-0.019316778075151367,0.019316778075151367,"[[1,1,0,0,1,1,0,1,1,0],[1,1,1,1,0,1,0,1,0,1]]"
6,726,-0.021586587358892434,0.021586587358892434,"[[1,1,0,0,1,1,0,1,1,0],[1,1,1,1,0,1,0,1,1,0]]"
6,727,-0.02196630468580915,0.02196630468580915,"[[1,1,0,0,1,1,0,1,1,0],[1,1,1,1,0,1,0,1,1,1]]"
6,728,-0.024807429799848017,0.024807429799848017,"[[1,1,0,0,1,1,0,1,1,0],[1,1,1,1,0,1,1,0,0,0]]"
6,729,-0.02527489752307162,0.02527489752307162,"[[1,1,0,0,1,1,0,1,1,0],[1,1,1,1,0,1,1,0,0,1]]"
6,730,-0.02747596373941849,0.02747596373941849,"[[1,1,0,0,1,1,0,1,1,0],[1,1,1,1,0,1,1,0,1,0]]"
6,731,-0.027831676479716537,0.027831676479716537,"[[1,1,0,0,1,1,0,1,1,0],[1,1,1,1,0,1,1,0,1,1]]"
6,732,-0.03311740563341003,0.03311740563341003,"[[1,1,0,0,1,1,0,1,1,0],[1,1,1,1,0,1,1,1,0,0]]"
6,733,-0.033232489368207295,0.033232489368207295,"[[1,1,0,0,1,1,0,1,1,0],[1,1,1,1,0,1,1,1,0,1]]"
6,734,-0.0352911483531853,0.0352911483531853,"[[1,1,0,0,1,1,0,1,1,0],[1,1,1,1,0,1,1,1,1,0]]"
6,735,-0.03523771152765304,0.03523771152765304,"[[1,1,0,0,1,1,0,1,1,0],[1,1,1,1,0,1,1,1,1,1]]"
6,736,-0.0021653547784263342,0.0021653547784263342,"[[1,1,0,0,1,1,0,1,1,1],[1,1,1,1,0,0,0,0,0,0]]"
6,737,-0.0022745587150388674,0.0022745587150388674,"[[1,1,0,0,1,1,0,1,1,1],[1,1,1,1,0,0,0,0,0,1]]"
6,738,-0.0034433385606716317,0.0034433385606716317,"[[1,1,0,0,1,1,0,1,1,1],[1,1,1,1,0,0,0,0,1,0]]"
6,739,-0.003798694509085053,0.003798694509085053,"[[1,1,0,0,1,1,0,1,1,1],[1,1,1,1,0,0,0,0,1,1]]"
6,740,-0.005770230655133621,0.005770230655133621,"[[1,1,0,0,1,1,0,1,1,1],[1,1,1,1,0,0,0,1,0,0]]"
6,741,-0.006133880799760455,0.006133880799760455,"[[1,1,0,0,1,1,0,1,1,1],[1,1,1,1,0,0,0,1,0,1]]"
6,742,-0.008009596635555208,0.008009596635555208,"[[1,1,0,0,1,1,0,1,1,1],[1,1,1,1,0,0,0,1,1,0]]"
6,743,-0.008437815464955974,0.008437815464955974,"[[1,1,0,0,1,1,0,1,1,1],[1,1,1,1,0,0,0,1,1,1]]"
6,744,-0.008504002487612626,0.008504002487612626,"[[1,1,0,0,1,1,0,1,1,1],[1,1,1,1,0,0,1,0,0,0]]"
6,745,-0.008995683443025714,0.008995683443025714,"[[1,1,0,0,1,1,0,1,1,1],[1,1,1,1,0,0,1,0,0,1]]"
6,746,-0.010880993996877402,0.010880993996877402,"[[1,1,0,0,1,1,0,1,1,1],[1,1,1,1,0,0,1,0,1,0]]"
6,747,-0.011519830385090175,0.011519830385090175,"[[1,1,0,0,1,1,0,1,1,1],[1,1,1,1,0,0,1,0,1,1]]"
6,748,-0.014944430694641679,0.014944430694641679,"[[1,1,0,0,1,1,0,1,1,1],[1,1,1,1,0,0,1,1,0,0]]"
6,749,-0.015466336078217261,0.015466336078217261,"[[1,1,0,0,1,1,0,1,1,1],[1,1,1,1,0,0,1,1,0,1]]"
6,750,-0.017549947899387974,0.017549947899387974,"[[1,1,0,0,1,1,0,1,1,1],[1,1,1,1,0,0,1,1,1,0]]"
6,751,-0.0182210300049867,0.0182210300049867,"[[1,1,0,0,1,1,0,1,1,1],[1,1,1,1,0,0,1,1,1,1]]"
6,752,-0.012089435918215456,0.012089435918215456,"[[1,1,0,0,1,1,0,1,1,1],[1,1,1,1,0,1,0,0,0,0]]"
6,753,-0.012404899253865224,0.012404899253865224,"[[1,1,0,0,1,1,0,1,1,1],[1,1,1,1,0,1,0,0,0,1]]"
6,754,-0.014703086424328498,0.014703086424328498,"[[1,1,0,0,1,1,0,1,1,1],[1,1,1,1,0,1,0,0,1,0]]"
6,755,-0.015192570590485281,0.015192570590485281,"[[1,1,0,0,1,1,0,1,1,1],[1,1,1,1,0,1,0,0,1,1]]"
6,756,-0.018873803657172495,0.018873803657172495,"[[1,1,0,0,1,1,0,1,1,1],[1,1,1,1,0,1,0,1,0,0]]"
6,757,-0.019295440529177504,0.019295440529177504,"[[1,1,0,0,1,1,0,1,1,1],[1,1,1,1,0,1,0,1,0,1]]"
6,758,-0.021506472029395502,0.021506472029395502,"[[1,1,0,0,1,1,0,1,1,1],[1,1,1,1,0,1,0,1,1,0]]"
6,759,-0.022080198970690246,0.022080198970690246,"[[1,1,0,0,1,1,0,1,1,1],[1,1,1,1,0,1,0,1,1,1]]"
6,760,-0.023983653142209165,0.023983653142209165,"[[1,1,0,0,1,1,0,1,1,1],[1,1,1,1,0,1,1,0,0,0]]"
6,761,-0.024760895767101908,0.024760895767101908,"[[1,1,0,0,1,1,0,1,1,1],[1,1,1,1,0,1,1,0,0,1]]"
6,762,-0.027154955822744787,0.027154955822744787,"[[1,1,0,0,1,1,0,1,1,1],[1,1,1,1,0,1,1,0,1,0]]"
6,763,-0.027675839795226365,0.027675839795226365,"[[1,1,0,0,1,1,0,1,1,1],[1,1,1,1,0,1,1,0,1,1]]"
6,764,-0.032212611634515186,0.032212611634515186,"[[1,1,0,0,1,1,0,1,1,1],[1,1,1,1,0,1,1,1,0,0]]"
6,765,-0.032896423481576134,0.032896423481576134,"[[1,1,0,0,1,1,0,1,1,1],[1,1,1,1,0,1,1,1,0,1]]"
6,766,-0.03509380071163084,0.03509380071163084,"[[1,1,0,0,1,1,0,1,1,1],[1,1,1,1,0,1,1,1,1,0]]"
6,767,-0.03541800202575153,0.03541800202575153,"[[1,1,0,0,1,1,0,1,1,1],[1,1,1,1,0,1,1,1,1,1]]"
6,768,-0.00219480296106378,0.00219480296106378,"[[1,1,0,0,1,1,1,0,0,0],[1,1,1,1,0,0,0,0,0,0]]"
6,769,-0.0023010740658268485,0.0023010740658268485,"[[1,1,0,0,1,1,1,0,0,0],[1,1,1,1,0,0,0,0,0,1]]"
6,770,-0.0031936269384942313,0.0031936269384942313,"[[1,1,0,0,1,1,1,0,0,0],[1,1,1,1,0,0,0,0,1,0]]"
6,771,-0.0033108938246356194,0.0033108938246356194,"[[1,1,0,0,1,1,1,0,0,0],[1,1,1,1,0,0,0,0,1,1]]"
6,772,-0.004680603173223991,0.004680603173223991,"[[1,1,0,0,1,1,1,0,0,0],[1,1,1,1,0,0,0,1,0,0]]"
6,773,-0.004926173598855724,0.004926173598855724,"[[1,1,0,0,1,1,1,0,0,0],[1,1,1,1,0,0,0,1,0,1]]"
6,774,-0.006063960663124171,0.006063960663124171,"[[1,1,0,0,1,1,1,0,0,0],[1,1,1,1,0,0,0,1,1,0]]"
6,775,-0.006202782859228435,0.006202782859228435,"[[1,1,0,0,1,1,1,0,0,0],[1,1,1,1,0,0,0,1,1,1]]"
6,776,-0.007502110223280234,0.007502110223280234,"[[1,1,0,0,1,1,1,0,0,0],[1,1,1,1,0,0,1,0,0,0]]"
6,777,-0.007565730880258449,0.007565730880258449,"[[1,1,0,0,1,1,1,0,0,0],[1,1,1,1,0,0,1,0,0,1]]"
6,778,-0.008799285696378702,0.008799285696378702,"[[1,1,0,0,1,1,1,0,0,0],[1,1,1,1,0,0,1,0,1,0]]"
6,779,-0.00907617340219814,0.00907617340219814,"[[1,1,0,0,1,1,1,0,0,0],[1,1,1,1,0,0,1,0,1,1]]"
6,780,-0.011623055435210949,0.011623055435210949,"[[1,1,0,0,1,1,1,0,0,0],[1,1,1,1,0,0,1,1,0,0]]"
6,781,-0.011947998136791213,0.011947998136791213,"[[1,1,0,0,1,1,1,0,0,0],[1,1,1,1,0,0,1,1,0,1]]"
6,782,-0.013134946380594412,0.013134946380594412,"[[1,1,0,0,1,1,1,0,0,0],[1,1,1,1,0,0,1,1,1,0]]"
6,783,-0.01314363152548149,0.01314363152548149,"[[1,1,0,0,1,1,1,0,0,0],[1,1,1,1,0,0,1,1,1,1]]"
6,784,-0.01080341945461245,0.01080341945461245,"[[1,1,0,0,1,1,1,0,0,0],[1,1,1,1,0,1,0,0,0,0]]"
6,785,-0.010670534863576567,0.010670534863576567,"[[1,1,0,0,1,1,1,0,0,0],[1,1,1,1,0,1,0,0,0,1]]"
6,786,-0.01233707827927457,0.01233707827927457,"[[1,1,0,0,1,1,1,0,0,0],[1,1,1,1,0,1,0,0,1,0]]"
6,787,-0.012601026707207762,0.012601026707207762,"[[1,1,0,0,1,1,1,0,0,0],[1,1,1,1,0,1,0,0,1,1]]"
6,788,-0.015092673106584058,0.015092673106584058,"[[1,1,0,0,1,1,1,0,0,0],[1,1,1,1,0,1,0,1,0,0]]"
6,789,-0.015549190183687063,0.015549190183687063,"[[1,1,0,0,1,1,1,0,0,0],[1,1,1,1,0,1,0,1,0,1]]"
6,790,-0.017087805013016828,0.017087805013016828,"[[1,1,0,0,1,1,1,0,0,0],[1,1,1,1,0,1,0,1,1,0]]"
6,791,-0.017450960314238803,0.017450960314238803,"[[1,1,0,0,1,1,1,0,0,0],[1,1,1,1,0,1,0,1,1,1]]"
6,792,-0.02065530717914326,0.02065530717914326,"[[1,1,0,0,1,1,1,0,0,0],[1,1,1,1,0,1,1,0,0,0]]"
6,793,-0.020859928091470983,0.020859928091470983,"[[1,1,0,0,1,1,1,0,0,0],[1,1,1,1,0,1,1,0,0,1]]"
6,794,-0.02276813397202883,0.02276813397202883,"[[1,1,0,0,1,1,1,0,0,0],[1,1,1,1,0,1,1,0,1,0]]"
6,795,-0.023098343623188897,0.023098343623188897,"[[1,1,0,0,1,1,1,0,0,0],[1,1,1,1,0,1,1,0,1,1]]"
6,796,-0.02635929495999412,0.02635929495999412,"[[1,1,0,0,1,1,1,0,0,0],[1,1,1,1,0,1,1,1,0,0]]"
6,797,-0.026548823876884987,0.026548823876884987,"[[1,1,0,0,1,1,1,0,0,0],[1,1,1,1,0,1,1,1,0,1]]"
6,798,-0.02782979557259492,0.02782979557259492,"[[1,1,0,0,1,1,1,0,0,0],[1,1,1,1,0,1,1,1,1,0]]"
6,799,-0.027063472709110692,0.027063472709110692,"[[1,1,0,0,1,1,1,0,0,0],[1,1,1,1,0,1,1,1,1,1]]"
6,800,-0.0019107269302106032,0.0019107269302106032,"[[1,1,0,0,1,1,1,0,0,1],[1,1,1,1,0,0,0,0,0,0]]"
6,801,-0.0021594773097766084,0.0021594773097766084,"[[1,1,0,0,1,1,1,0,0,1],[1,1,1,1,0,0,0,0,0,1]]"
6,802,-0.003169367183351075,0.003169367183351075,"[[1,1,0,0,1,1,1,0,0,1],[1,1,1,1,0,0,0,0,1,0]]"
6,803,-0.003498119835268651,0.003498119835268651,"[[1,1,0,0,1,1,1,0,0,1],[1,1,1,1,0,0,0,0,1,1]]"
6,804,-0.004635786990674104,0.004635786990674104,"[[1,1,0,0,1,1,1,0,0,1],[1,1,1,1,0,0,0,1,0,0]]"
6,805,-0.004911227378448255,0.004911227378448255,"[[1,1,0,0,1,1,1,0,0,1],[1,1,1,1,0,0,0,1,0,1]]"
6,806,-0.006080480077420286,0.006080480077420286,"[[1,1,0,0,1,1,1,0,0,1],[1,1,1,1,0,0,0,1,1,0]]"
6,807,-0.006430790157350248,0.006430790157350248,"[[1,1,0,0,1,1,1,0,0,1],[1,1,1,1,0,0,0,1,1,1]]"
6,808,-0.007372997164495799,0.007372997164495799,"[[1,1,0,0,1,1,1,0,0,1],[1,1,1,1,0,0,1,0,0,0]]"
6,809,-0.0077182530649408795,0.0077182530649408795,"[[1,1,0,0,1,1,1,0,0,1],[1,1,1,1,0,0,1,0,0,1]]"
6,810,-0.008978642996299855,0.008978642996299855,"[[1,1,0,0,1,1,1,0,0,1],[1,1,1,1,0,0,1,0,1,0]]"
6,811,-0.009227007890372839,0.009227007890372839,"[[1,1,0,0,1,1,1,0,0,1],[1,1,1,1,0,0,1,0,1,1]]"
6,812,-0.011717530344561718,0.011717530344561718,"[[1,1,0,0,1,1,1,0,0,1],[1,1,1,1,0,0,1,1,0,0]]"
6,813,-0.012002688165065067,0.012002688165065067,"[[1,1,0,0,1,1,1,0,0,1],[1,1,1,1,0,0,1,1,0,1]]"
6,814,-0.013538079319446911,0.013538079319446911,"[[1,1,0,0,1,1,1,0,0,1],[1,1,1,1,0,0,1,1,1,0]]"
6,815,-0.013709696711333326,0.013709696711333326,"[[1,1,0,0,1,1,1,0,0,1],[1,1,1,1,0,0,1,1,1,1]]"
6,816,-0.010507318292803445,0.010507318292803445,"[[1,1,0,0,1,1,1,0,0,1],[1,1,1,1,0,1,0,0,0,0]]"
6,817,-0.01089760535717137,0.01089760535717137,"[[1,1,0,0,1,1,1,0,0,1],[1,1,1,1,0,1,0,0,0,1]]"
6,818,-0.012398353231773176,0.012398353231773176,"[[1,1,0,0,1,1,1,0,0,1],[1,1,1,1,0,1,0,0,1,0]]"
6,819,-0.012805495065852652,0.012805495065852652,"[[1,1,0,0,1,1,1,0,0,1],[1,1,1,1,0,1,0,0,1,1]]"
6,820,-0.015129883719590159,0.015129883719590159,"[[1,1,0,0,1,1,1,0,0,1],[1,1,1,1,0,1,0,1,0,0]]"
6,821,-0.015560944152511545,0.015560944152511545,"[[1,1,0,0,1,1,1,0,0,1],[1,1,1,1,0,1,0,1,0,1]]"
6,822,-0.0171937786532135,0.0171937786532135,"[[1,1,0,0,1,1,1,0,0,1],[1,1,1,1,0,1,0,1,1,0]]"
6,823,-0.017783761246253253,0.017783761246253253,"[[1,1,0,0,1,1,1,0,0,1],[1,1,1,1,0,1,0,1,1,1]]"
6,824,-0.02060547341054658,0.02060547341054658,"[[1,1,0,0,1,1,1,0,0,1],[1,1,1,1,0,1,1,0,0,0]]"
6,825,-0.021033660168015902,0.021033660168015902,"[[1,1,0,0,1,1,1,0,0,1],[1,1,1,1,0,1,1,0,0,1]]"
6,826,-0.02305534209480869,0.02305534209480869,"[[1,1,0,0,1,1,1,0,0,1],[1,1,1,1,0,1,1,0,1,0]]"
6,827,-0.02343093760397101,0.02343093760397101,"[[1,1,0,0,1,1,1,0,0,1],[1,1,1,1,0,1,1,0,1,1]]"
6,828,-0.026855039838508267,0.026855039838508267,"[[1,1,0,0,1,1,1,0,0,1],[1,1,1,1,0,1,1,1,0,0]]"
6,829,-0.027037061224971227,0.027037061224971227,"[[1,1,0,0,1,1,1,0,0,1],[1,1,1,1,0,1,1,1,0,1]]"
6,830,-0.02849811845228004,0.02849811845228004,"[[1,1,0,0,1,1,1,0,0,1],[1,1,1,1,0,1,1,1,1,0]]"
6,831,-0.02817714949672717,0.02817714949672717,"[[1,1,0,0,1,1,1,0,0,1],[1,1,1,1,0,1,1,1,1,1]]"
6,832,-0.0011536972012182174,0.0011536972012182174,"[[1,1,0,0,1,1,1,0,1,0],[1,1,1,1,0,0,0,0,0,0]]"
6,833,-0.0012140945550692358,0.0012140945550692358,"[[1,1,0,0,1,1,1,0,1,0],[1,1,1,1,0,0,0,0,0,1]]"
6,834,-0.0020303236302549764,0.0020303236302549764,"[[1,1,0,0,1,1,1,0,1,0],[1,1,1,1,0,0,0,0,1,0]]"
6,835,-0.002192340905297128,0.002192340905297128,"[[1,1,0,0,1,1,1,0,1,0],[1,1,1,1,0,0,0,0,1,1]]"
6,836,-0.0037241222578709332,0.0037241222578709332,"[[1,1,0,0,1,1,1,0,1,0],[1,1,1,1,0,0,0,1,0,0]]"
6,837,-0.0038096068667619965,0.0038096068667619965,"[[1,1,0,0,1,1,1,0,1,0],[1,1,1,1,0,0,0,1,0,1]]"
6,838,-0.005143401536919221,0.005143401536919221,"[[1,1,0,0,1,1,1,0,1,0],[1,1,1,1,0,0,0,1,1,0]]"
6,839,-0.005298766930011396,0.005298766930011396,"[[1,1,0,0,1,1,1,0,1,0],[1,1,1,1,0,0,0,1,1,1]]"
6,840,-0.005773147399752571,0.005773147399752571,"[[1,1,0,0,1,1,1,0,1,0],[1,1,1,1,0,0,1,0,0,0]]"
6,841,-0.00591399347247884,0.00591399347247884,"[[1,1,0,0,1,1,1,0,1,0],[1,1,1,1,0,0,1,0,0,1]]"
6,842,-0.007599010176274765,0.007599010176274765,"[[1,1,0,0,1,1,1,0,1,0],[1,1,1,1,0,0,1,0,1,0]]"
6,843,-0.00776728389460255,0.00776728389460255,"[[1,1,0,0,1,1,1,0,1,0],[1,1,1,1,0,0,1,0,1,1]]"
6,844,-0.010615001113885076,0.010615001113885076,"[[1,1,0,0,1,1,1,0,1,0],[1,1,1,1,0,0,1,1,0,0]]"
6,845,-0.010623171624531032,0.010623171624531032,"[[1,1,0,0,1,1,1,0,1,0],[1,1,1,1,0,0,1,1,0,1]]"
6,846,-0.01245126507260526,0.01245126507260526,"[[1,1,0,0,1,1,1,0,1,0],[1,1,1,1,0,0,1,1,1,0]]"
6,847,-0.012723949716840564,0.012723949716840564,"[[1,1,0,0,1,1,1,0,1,0],[1,1,1,1,0,0,1,1,1,1]]"
6,848,-0.008792864506933104,0.008792864506933104,"[[1,1,0,0,1,1,1,0,1,0],[1,1,1,1,0,1,0,0,0,0]]"
6,849,-0.008779871160076598,0.008779871160076598,"[[1,1,0,0,1,1,1,0,1,0],[1,1,1,1,0,1,0,0,0,1]]"
6,850,-0.010632937790297153,0.010632937790297153,"[[1,1,0,0,1,1,1,0,1,0],[1,1,1,1,0,1,0,0,1,0]]"
6,851,-0.010687790962636723,0.010687790962636723,"[[1,1,0,0,1,1,1,0,1,0],[1,1,1,1,0,1,0,0,1,1]]"
6,852,-0.01405926516300507,0.01405926516300507,"[[1,1,0,0,1,1,1,0,1,0],[1,1,1,1,0,1,0,1,0,0]]"
6,853,-0.013841628580876373,0.013841628580876373,"[[1,1,0,0,1,1,1,0,1,0],[1,1,1,1,0,1,0,1,0,1]]"
6,854,-0.01603227065456497,0.01603227065456497,"[[1,1,0,0,1,1,1,0,1,0],[1,1,1,1,0,1,0,1,1,0]]"
6,855,-0.016217355537683772,0.016217355537683772,"[[1,1,0,0,1,1,1,0,1,0],[1,1,1,1,0,1,0,1,1,1]]"
6,856,-0.019151211695532622,0.019151211695532622,"[[1,1,0,0,1,1,1,0,1,0],[1,1,1,1,0,1,1,0,0,0]]"
6,857,-0.01888311866096432,0.01888311866096432,"[[1,1,0,0,1,1,1,0,1,0],[1,1,1,1,0,1,1,0,0,1]]"
6,858,-0.02125664505584889,0.02125664505584889,"[[1,1,0,0,1,1,1,0,1,0],[1,1,1,1,0,1,1,0,1,0]]"
6,859,-0.021465538426437936,0.021465538426437936,"[[1,1,0,0,1,1,1,0,1,0],[1,1,1,1,0,1,1,0,1,1]]"
6,860,-0.02596738755725064,0.02596738755725064,"[[1,1,0,0,1,1,1,0,1,0],[1,1,1,1,0,1,1,1,0,0]]"
6,861,-0.02598253694012441,0.02598253694012441,"[[1,1,0,0,1,1,1,0,1,0],[1,1,1,1,0,1,1,1,0,1]]"
6,862,-0.028013794882408197,0.028013794882408197,"[[1,1,0,0,1,1,1,0,1,0],[1,1,1,1,0,1,1,1,1,0]]"
6,863,-0.02785994169175793,0.02785994169175793,"[[1,1,0,0,1,1,1,0,1,0],[1,1,1,1,0,1,1,1,1,1]]"
6,864,-0.0009153311733956014,0.0009153311733956014,"[[1,1,0,0,1,1,1,0,1,1],[1,1,1,1,0,0,0,0,0,0]]"
6,865,-0.0010682837906736344,0.0010682837906736344,"[[1,1,0,0,1,1,1,0,1,1],[1,1,1,1,0,0,0,0,0,1]]"
6,866,-0.0018422617889730785,0.0018422617889730785,"[[1,1,0,0,1,1,1,0,1,1],[1,1,1,1,0,0,0,0,1,0]]"
6,867,-0.0021188874615733506,0.0021188874615733506,"[[1,1,0,0,1,1,1,0,1,1],[1,1,1,1,0,0,0,0,1,1]]"
6,868,-0.0033535610536357986,0.0033535610536357986,"[[1,1,0,0,1,1,1,0,1,1],[1,1,1,1,0,0,0,1,0,0]]"
6,869,-0.003585454369588283,0.003585454369588283,"[[1,1,0,0,1,1,1,0,1,1],[1,1,1,1,0,0,0,1,0,1]]"
6,870,-0.005127840748045993,0.005127840748045993,"[[1,1,0,0,1,1,1,0,1,1],[1,1,1,1,0,0,0,1,1,0]]"
6,871,-0.005373557042206604,0.005373557042206604,"[[1,1,0,0,1,1,1,0,1,1],[1,1,1,1,0,0,0,1,1,1]]"
6,872,-0.005315287710460864,0.005315287710460864,"[[1,1,0,0,1,1,1,0,1,1],[1,1,1,1,0,0,1,0,0,0]]"
6,873,-0.005751822607026696,0.005751822607026696,"[[1,1,0,0,1,1,1,0,1,1],[1,1,1,1,0,0,1,0,0,1]]"
6,874,-0.007512959428595189,0.007512959428595189,"[[1,1,0,0,1,1,1,0,1,1],[1,1,1,1,0,0,1,0,1,0]]"
6,875,-0.007921135138241546,0.007921135138241546,"[[1,1,0,0,1,1,1,0,1,1],[1,1,1,1,0,0,1,0,1,1]]"
6,876,-0.010361716885301386,0.010361716885301386,"[[1,1,0,0,1,1,1,0,1,1],[1,1,1,1,0,0,1,1,0,0]]"
6,877,-0.010718811346806429,0.010718811346806429,"[[1,1,0,0,1,1,1,0,1,1],[1,1,1,1,0,0,1,1,0,1]]"
6,878,-0.012496524558843224,0.012496524558843224,"[[1,1,0,0,1,1,1,0,1,1],[1,1,1,1,0,0,1,1,1,0]]"
6,879,-0.012961775760171159,0.012961775760171159,"[[1,1,0,0,1,1,1,0,1,1],[1,1,1,1,0,0,1,1,1,1]]"
6,880,-0.008216091329081902,0.008216091329081902,"[[1,1,0,0,1,1,1,0,1,1],[1,1,1,1,0,1,0,0,0,0]]"
6,881,-0.008590137663929902,0.008590137663929902,"[[1,1,0,0,1,1,1,0,1,1],[1,1,1,1,0,1,0,0,0,1]]"
6,882,-0.010463853914752857,0.010463853914752857,"[[1,1,0,0,1,1,1,0,1,1],[1,1,1,1,0,1,0,0,1,0]]"
6,883,-0.010888863120525233,0.010888863120525233,"[[1,1,0,0,1,1,1,0,1,1],[1,1,1,1,0,1,0,0,1,1]]"
6,884,-0.01367140109811497,0.01367140109811497,"[[1,1,0,0,1,1,1,0,1,1],[1,1,1,1,0,1,0,1,0,0]]"
6,885,-0.01389766204173813,0.01389766204173813,"[[1,1,0,0,1,1,1,0,1,1],[1,1,1,1,0,1,0,1,0,1]]"
6,886,-0.016021321652565076,0.016021321652565076,"[[1,1,0,0,1,1,1,0,1,1],[1,1,1,1,0,1,0,1,1,0]]"
6,887,-0.016412970320577917,0.016412970320577917,"[[1,1,0,0,1,1,1,0,1,1],[1,1,1,1,0,1,0,1,1,1]]"
6,888,-0.018541930118687537,0.018541930118687537,"[[1,1,0,0,1,1,1,0,1,1],[1,1,1,1,0,1,1,0,0,0]]"
6,889,-0.01897083282619147,0.01897083282619147,"[[1,1,0,0,1,1,1,0,1,1],[1,1,1,1,0,1,1,0,0,1]]"
6,890,-0.021149881622669772,0.021149881622669772,"[[1,1,0,0,1,1,1,0,1,1],[1,1,1,1,0,1,1,0,1,0]]"
6,891,-0.021738474041271404,0.021738474041271404,"[[1,1,0,0,1,1,1,0,1,1],[1,1,1,1,0,1,1,0,1,1]]"
6,892,-0.025445012473092044,0.025445012473092044,"[[1,1,0,0,1,1,1,0,1,1],[1,1,1,1,0,1,1,1,0,0]]"
6,893,-0.025940571884653197,0.025940571884653197,"[[1,1,0,0,1,1,1,0,1,1],[1,1,1,1,0,1,1,1,0,1]]"
6,894,-0.028371874208097905,0.028371874208097905,"[[1,1,0,0,1,1,1,0,1,1],[1,1,1,1,0,1,1,1,1,0]]"
6,895,-0.028419457957147558,0.028419457957147558,"[[1,1,0,0,1,1,1,0,1,1],[1,1,1,1,0,1,1,1,1,1]]"
6,896,-0.00035711672570241465,0.00035711672570241465,"[[1,1,0,0,1,1,1,1,0,0],[1,1,1,1,0,0,0,0,0,0]]"
6,897,-0.00046266419447084167,0.00046266419447084167,"[[1,1,0,0,1,1,1,1,0,0],[1,1,1,1,0,0,0,0,0,1]]"
6,898,-0.0007664412601014344,0.0007664412601014344,"[[1,1,0,0,1,1,1,1,0,0],[1,1,1,1,0,0,0,0,1,0]]"
6,899,-0.0009759200408870716,0.0009759200408870716,"[[1,1,0,0,1,1,1,1,0,0],[1,1,1,1,0,0,0,0,1,1]]"
6,900,-0.0017322084855595006,0.0017322084855595006,"[[1,1,0,0,1,1,1,1,0,0],[1,1,1,1,0,0,0,1,0,0]]"
6,901,-0.002011770412271189,0.002011770412271189,"[[1,1,0,0,1,1,1,1,0,0],[1,1,1,1,0,0,0,1,0,1]]"
6,902,-0.002837882593999959,0.002837882593999959,"[[1,1,0,0,1,1,1,1,0,0],[1,1,1,1,0,0,0,1,1,0]]"
6,903,-0.0031240758957133837,0.0031240758957133837,"[[1,1,0,0,1,1,1,1,0,0],[1,1,1,1,0,0,0,1,1,1]]"
6,904,-0.0034359183926404714,0.0034359183926404714,"[[1,1,0,0,1,1,1,1,0,0],[1,1,1,1,0,0,1,0,0,0]]"
6,905,-0.003597799080911598,0.003597799080911598,"[[1,1,0,0,1,1,1,1,0,0],[1,1,1,1,0,0,1,0,0,1]]"
6,906,-0.004579553674274071,0.004579553674274071,"[[1,1,0,0,1,1,1,1,0,0],[1,1,1,1,0,0,1,0,1,0]]"
6,907,-0.004869370783146931,0.004869370783146931,"[[1,1,0,0,1,1,1,1,0,0],[1,1,1,1,0,0,1,0,1,1]]"
6,908,-0.007387368009551897,0.007387368009551897,"[[1,1,0,0,1,1,1,1,0,0],[1,1,1,1,0,0,1,1,0,0]]"
6,909,-0.007772194642633513,0.007772194642633513,"[[1,1,0,0,1,1,1,1,0,0],[1,1,1,1,0,0,1,1,0,1]]"
6,910,-0.008815585247227588,0.008815585247227588,"[[1,1,0,0,1,1,1,1,0,0],[1,1,1,1,0,0,1,1,1,0]]"
6,911,-0.009174519482778629,0.009174519482778629,"[[1,1,0,0,1,1,1,1,0,0],[1,1,1,1,0,0,1,1,1,1]]"
6,912,-0.005806257995434716,0.005806257995434716,"[[1,1,0,0,1,1,1,1,0,0],[1,1,1,1,0,1,0,0,0,0]]"
6,913,-0.005984089958769795,0.005984089958769795,"[[1,1,0,0,1,1,1,1,0,0],[1,1,1,1,0,1,0,0,0,1]]"
6,914,-0.007263000954004285,0.007263000954004285,"[[1,1,0,0,1,1,1,1,0,0],[1,1,1,1,0,1,0,0,1,0]]"
6,915,-0.007682147092595116,0.007682147092595116,"[[1,1,0,0,1,1,1,1,0,0],[1,1,1,1,0,1,0,0,1,1]]"
6,916,-0.010185188994083176,0.010185188994083176,"[[1,1,0,0,1,1,1,1,0,0],[1,1,1,1,0,1,0,1,0,0]]"
6,917,-0.010541964876864408,0.010541964876864408,"[[1,1,0,0,1,1,1,1,0,0],[1,1,1,1,0,1,0,1,0,1]]"
6,918,-0.01199170626231197,0.01199170626231197,"[[1,1,0,0,1,1,1,1,0,0],[1,1,1,1,0,1,0,1,1,0]]"
6,919,-0.012405643935338653,0.012405643935338653,"[[1,1,0,0,1,1,1,1,0,0],[1,1,1,1,0,1,0,1,1,1]]"
6,920,-0.015596638873501545,0.015596638873501545,"[[1,1,0,0,1,1,1,1,0,0],[1,1,1,1,0,1,1,0,0,0]]"
6,921,-0.015896176781745274,0.015896176781745274,"[[1,1,0,0,1,1,1,1,0,0],[1,1,1,1,0,1,1,0,0,1]]"
6,922,-0.017422901635770774,0.017422901635770774,"[[1,1,0,0,1,1,1,1,0,0],[1,1,1,1,0,1,1,0,1,0]]"
6,923,-0.01776810869053131,0.01776810869053131,"[[1,1,0,0,1,1,1,1,0,0],[1,1,1,1,0,1,1,0,1,1]]"
6,924,-0.021717420297200137,0.021717420297200137,"[[1,1,0,0,1,1,1,1,0,0],[1,1,1,1,0,1,1,1,0,0]]"
6,925,-0.02224769723545774,0.02224769723545774,"[[1,1,0,0,1,1,1,1,0,0],[1,1,1,1,0,1,1,1,0,1]]"
6,926,-0.023771218765327,0.023771218765327,"[[1,1,0,0,1,1,1,1,0,0],[1,1,1,1,0,1,1,1,1,0]]"
6,927,-0.02413837764680298,0.02413837764680298,"[[1,1,0,0,1,1,1,1,0,0],[1,1,1,1,0,1,1,1,1,1]]"
6,928,-0.0002476312539025683,0.0002476312539025683,"[[1,1,0,0,1,1,1,1,0,1],[1,1,1,1,0,0,0,0,0,0]]"
6,929,-0.00035195387410398555,0.00035195387410398555,"[[1,1,0,0,1,1,1,1,0,1],[1,1,1,1,0,0,0,0,0,1]]"
6,930,-0.0007093223156935307,0.0007093223156935307,"[[1,1,0,0,1,1,1,1,0,1],[1,1,1,1,0,0,0,0,1,0]]"
6,931,-0.0009321994932295491,0.0009321994932295491,"[[1,1,0,0,1,1,1,1,0,1],[1,1,1,1,0,0,0,0,1,1]]"
6,932,-0.0015501825723892965,0.0015501825723892965,"[[1,1,0,0,1,1,1,1,0,1],[1,1,1,1,0,0,0,1,0,0]]"
6,933,-0.0018602616107503622,0.0018602616107503622,"[[1,1,0,0,1,1,1,1,0,1],[1,1,1,1,0,0,0,1,0,1]]"
6,934,-0.0027813943657883583,0.0027813943657883583,"[[1,1,0,0,1,1,1,1,0,1],[1,1,1,1,0,0,0,1,1,0]]"
6,935,-0.003155559861185465,0.003155559861185465,"[[1,1,0,0,1,1,1,1,0,1],[1,1,1,1,0,0,0,1,1,1]]"
6,936,-0.003094478603819582,0.003094478603819582,"[[1,1,0,0,1,1,1,1,0,1],[1,1,1,1,0,0,1,0,0,0]]"
6,937,-0.00342319015463479,0.00342319015463479,"[[1,1,0,0,1,1,1,1,0,1],[1,1,1,1,0,0,1,0,0,1]]"
6,938,-0.004673851539594219,0.004673851539594219,"[[1,1,0,0,1,1,1,1,0,1],[1,1,1,1,0,0,1,0,1,0]]"
6,939,-0.00505673955301203,0.00505673955301203,"[[1,1,0,0,1,1,1,1,0,1],[1,1,1,1,0,0,1,0,1,1]]"
6,940,-0.007331058853376674,0.007331058853376674,"[[1,1,0,0,1,1,1,1,0,1],[1,1,1,1,0,0,1,1,0,0]]"
6,941,-0.007751737952741141,0.007751737952741141,"[[1,1,0,0,1,1,1,1,0,1],[1,1,1,1,0,0,1,1,0,1]]"
6,942,-0.009070410046130717,0.009070410046130717,"[[1,1,0,0,1,1,1,1,0,1],[1,1,1,1,0,0,1,1,1,0]]"
6,943,-0.009288472061839586,0.009288472061839586,"[[1,1,0,0,1,1,1,1,0,1],[1,1,1,1,0,0,1,1,1,1]]"
6,944,-0.005417407729407237,0.005417407729407237,"[[1,1,0,0,1,1,1,1,0,1],[1,1,1,1,0,1,0,0,0,0]]"
6,945,-0.005763646505634669,0.005763646505634669,"[[1,1,0,0,1,1,1,1,0,1],[1,1,1,1,0,1,0,0,0,1]]"
6,946,-0.007128290875153101,0.007128290875153101,"[[1,1,0,0,1,1,1,1,0,1],[1,1,1,1,0,1,0,0,1,0]]"
6,947,-0.007706851360693958,0.007706851360693958,"[[1,1,0,0,1,1,1,1,0,1],[1,1,1,1,0,1,0,0,1,1]]"
6,948,-0.010012206336531684,0.010012206336531684,"[[1,1,0,0,1,1,1,1,0,1],[1,1,1,1,0,1,0,1,0,0]]"
6,949,-0.01055327235307401,0.01055327235307401,"[[1,1,0,0,1,1,1,1,0,1],[1,1,1,1,0,1,0,1,0,1]]"
6,950,-0.012071862818866469,0.012071862818866469,"[[1,1,0,0,1,1,1,1,0,1],[1,1,1,1,0,1,0,1,1,0]]"
6,951,-0.01254346441831154,0.01254346441831154,"[[1,1,0,0,1,1,1,1,0,1],[1,1,1,1,0,1,0,1,1,1]]"
6,952,-0.015025593245972491,0.015025593245972491,"[[1,1,0,0,1,1,1,1,0,1],[1,1,1,1,0,1,1,0,0,0]]"
6,953,-0.01567823486771058,0.01567823486771058,"[[1,1,0,0,1,1,1,1,0,1],[1,1,1,1,0,1,1,0,0,1]]"
6,954,-0.01764319590117478,0.01764319590117478,"[[1,1,0,0,1,1,1,1,0,1],[1,1,1,1,0,1,1,0,1,0]]"
6,955,-0.01788741947642794,0.01788741947642794,"[[1,1,0,0,1,1,1,1,0,1],[1,1,1,1,0,1,1,0,1,1]]"
6,956,-0.021694683905723395,0.021694683905723395,"[[1,1,0,0,1,1,1,1,0,1],[1,1,1,1,0,1,1,1,0,0]]"
6,957,-0.022171714942171614,0.022171714942171614,"[[1,1,0,0,1,1,1,1,0,1],[1,1,1,1,0,1,1,1,0,1]]"
6,958,-0.024192569474749136,0.024192569474749136,"[[1,1,0,0,1,1,1,1,0,1],[1,1,1,1,0,1,1,1,1,0]]"
6,959,-0.024375708666314343,0.024375708666314343,"[[1,1,0,0,1,1,1,1,0,1],[1,1,1,1,0,1,1,1,1,1]]"
6,960,-0.00011961061608348394,0.00011961061608348394,"[[1,1,0,0,1,1,1,1,1,0],[1,1,1,1,0,0,0,0,0,0]]"
6,961,-0.00011636296067893222,0.00011636296067893222,"[[1,1,0,0,1,1,1,1,1,0],[1,1,1,1,0,0,0,0,0,1]]"
6,962,-0.00026506874697771946,0.00026506874697771946,"[[1,1,0,0,1,1,1,1,1,0],[1,1,1,1,0,0,0,0,1,0]]"
6,963,-0.00033742297333359486,0.00033742297333359486,"[[1,1,0,0,1,1,1,1,1,0],[1,1,1,1,0,0,0,0,1,1]]"
6,964,-0.0008082722800665466,0.0008082722800665466,"[[1,1,0,0,1,1,1,1,1,0],[1,1,1,1,0,0,0,1,0,0]]"
6,965,-0.0009391835699887935,0.0009391835699887935,"[[1,1,0,0,1,1,1,1,1,0],[1,1,1,1,0,0,0,1,0,1]]"
6,966,-0.001675951245116333,0.001675951245116333,"[[1,1,0,0,1,1,1,1,1,0],[1,1,1,1,0,0,0,1,1,0]]"
6,967,-0.001883528632605362,0.001883528632605362,"[[1,1,0,0,1,1,1,1,1,0],[1,1,1,1,0,0,0,1,1,1]]"
6,968,-0.002013700898235701,0.002013700898235701,"[[1,1,0,0,1,1,1,1,1,0],[1,1,1,1,0,0,1,0,0,0]]"
6,969,-0.002090944353055785,0.002090944353055785,"[[1,1,0,0,1,1,1,1,1,0],[1,1,1,1,0,0,1,0,0,1]]"
6,970,-0.003076103405433309,0.003076103405433309,"[[1,1,0,0,1,1,1,1,1,0],[1,1,1,1,0,0,1,0,1,0]]"
6,971,-0.0032757550223281393,0.0032757550223281393,"[[1,1,0,0,1,1,1,1,1,0],[1,1,1,1,0,0,1,0,1,1]]"
6,972,-0.005661524800226922,0.005661524800226922,"[[1,1,0,0,1,1,1,1,1,0],[1,1,1,1,0,0,1,1,0,0]]"
6,973,-0.005843801284995587,0.005843801284995587,"[[1,1,0,0,1,1,1,1,1,0],[1,1,1,1,0,0,1,1,0,1]]"
6,974,-0.007594296926865451,0.007594296926865451,"[[1,1,0,0,1,1,1,1,1,0],[1,1,1,1,0,0,1,1,1,0]]"
6,975,-0.007799098306356751,0.007799098306356751,"[[1,1,0,0,1,1,1,1,1,0],[1,1,1,1,0,0,1,1,1,1]]"
6,976,-0.0040895386934019055,0.0040895386934019055,"[[1,1,0,0,1,1,1,1,1,0],[1,1,1,1,0,1,0,0,0,0]]"
6,977,-0.004221961421361831,0.004221961421361831,"[[1,1,0,0,1,1,1,1,1,0],[1,1,1,1,0,1,0,0,0,1]]"
6,978,-0.0052983405484785286,0.0052983405484785286,"[[1,1,0,0,1,1,1,1,1,0],[1,1,1,1,0,1,0,0,1,0]]"
6,979,-0.005552829363437945,0.005552829363437945,"[[1,1,0,0,1,1,1,1,1,0],[1,1,1,1,0,1,0,0,1,1]]"
6,980,-0.008173293109187239,0.008173293109187239,"[[1,1,0,0,1,1,1,1,1,0],[1,1,1,1,0,1,0,1,0,0]]"
6,981,-0.0082520664106926,0.0082520664106926,"[[1,1,0,0,1,1,1,1,1,0],[1,1,1,1,0,1,0,1,0,1]]"
6,982,-0.010195526211865945,0.010195526211865945,"[[1,1,0,0,1,1,1,1,1,0],[1,1,1,1,0,1,0,1,1,0]]"
6,983,-0.010416627516654776,0.010416627516654776,"[[1,1,0,0,1,1,1,1,1,0],[1,1,1,1,0,1,0,1,1,1]]"
6,984,-0.012981822719758333,0.012981822719758333,"[[1,1,0,0,1,1,1,1,1,0],[1,1,1,1,0,1,1,0,0,0]]"
6,985,-0.013180085522836959,0.013180085522836959,"[[1,1,0,0,1,1,1,1,1,0],[1,1,1,1,0,1,1,0,0,1]]"
6,986,-0.015218919782556432,0.015218919782556432,"[[1,1,0,0,1,1,1,1,1,0],[1,1,1,1,0,1,1,0,1,0]]"
6,987,-0.015493904590634912,0.015493904590634912,"[[1,1,0,0,1,1,1,1,1,0],[1,1,1,1,0,1,1,0,1,1]]"
6,988,-0.020218011632658607,0.020218011632658607,"[[1,1,0,0,1,1,1,1,1,0],[1,1,1,1,0,1,1,1,0,0]]"
6,989,-0.020052935682369755,0.020052935682369755,"[[1,1,0,0,1,1,1,1,1,0],[1,1,1,1,0,1,1,1,0,1]]"
6,990,-0.022494553707291427,0.022494553707291427,"[[1,1,0,0,1,1,1,1,1,0],[1,1,1,1,0,1,1,1,1,0]]"
6,991,-0.022766927626706613,0.022766927626706613,"[[1,1,0,0,1,1,1,1,1,0],[1,1,1,1,0,1,1,1,1,1]]"
6,992,-0.00014119205711610012,0.00014119205711610012,"[[1,1,0,0,1,1,1,1,1,1],[1,1,1,1,0,0,0,0,0,0]]"
6,993,-0.00012050511010278729,0.00012050511010278729,"[[1,1,0,0,1,1,1,1,1,1],[1,1,1,1,0,0,0,0,0,1]]"
6,994,-0.0002137873554772289,0.0002137873554772289,"[[1,1,0,0,1,1,1,1,1,1],[1,1,1,1,0,0,0,0,1,0]]"
6,995,-0.00028634180044037003,0.00028634180044037003,"[[1,1,0,0,1,1,1,1,1,1],[1,1,1,1,0,0,0,0,1,1]]"
6,996,-0.0006396148409156623,0.0006396148409156623,"[[1,1,0,0,1,1,1,1,1,1],[1,1,1,1,0,0,0,1,0,0]]"
6,997,-0.0007608114031755378,0.0007608114031755378,"[[1,1,0,0,1,1,1,1,1,1],[1,1,1,1,0,0,0,1,0,1]]"
6,998,-0.0014946293952690978,0.0014946293952690978,"[[1,1,0,0,1,1,1,1,1,1],[1,1,1,1,0,0,0,1,1,0]]"
6,999,-0.0017407791337396114,0.0017407791337396114,"[[1,1,0,0,1,1,1,1,1,1],[1,1,1,1,0,0,0,1,1,1]]"
6,1000,-0.0017280728524299463,0.0017280728524299463,"[[1,1,0,0,1,1,1,1,1,1],[1,1,1,1,0,0,1,0,0,0]]"
6,1001,-0.0018408807278006852,0.0018408807278006852,"[[1,1,0,0,1,1,1,1,1,1],[1,1,1,1,0,0,1,0,0,1]]"
6,1002,-0.0029288346337226125,0.0029288346337226125,"[[1,1,0,0,1,1,1,1,1,1],[1,1,1,1,0,0,1,0,1,0]]"
6,1003,-0.0032066442761023673,0.0032066442761023673,"[[1,1,0,0,1,1,1,1,1,1],[1,1,1,1,0,0,1,0,1,1]]"
6,1004,-0.0052688676418069635,0.0052688676418069635,"[[1,1,0,0,1,1,1,1,1,1],[1,1,1,1,0,0,1,1,0,0]]"
6,1005,-0.005594921896023081,0.005594921896023081,"[[1,1,0,0,1,1,1,1,1,1],[1,1,1,1,0,0,1,1,0,1]]"
6,1006,-0.0074640288932932165,0.0074640288932932165,"[[1,1,0,0,1,1,1,1,1,1],[1,1,1,1,0,0,1,1,1,0]]"
6,1007,-0.007909279073627732,0.007909279073627732,"[[1,1,0,0,1,1,1,1,1,1],[1,1,1,1,0,0,1,1,1,1]]"
6,1008,-0.003655712563904634,0.003655712563904634,"[[1,1,0,0,1,1,1,1,1,1],[1,1,1,1,0,1,0,0,0,0]]"
6,1009,-0.0038215322246325785,0.0038215322246325785,"[[1,1,0,0,1,1,1,1,1,1],[1,1,1,1,0,1,0,0,0,1]]"
6,1010,-0.005012629675608568,0.005012629675608568,"[[1,1,0,0,1,1,1,1,1,1],[1,1,1,1,0,1,0,0,1,0]]"
6,1011,-0.005354501189933324,0.005354501189933324,"[[1,1,0,0,1,1,1,1,1,1],[1,1,1,1,0,1,0,0,1,1]]"
6,1012,-0.007573576393989363,0.007573576393989363,"[[1,1,0,0,1,1,1,1,1,1],[1,1,1,1,0,1,0,1,0,0]]"
6,1013,-0.007912252525546984,0.007912252525546984,"[[1,1,0,0,1,1,1,1,1,1],[1,1,1,1,0,1,0,1,0,1]]"
6,1014,-0.009864714360686058,0.009864714360686058,"[[1,1,0,0,1,1,1,1,1,1],[1,1,1,1,0,1,0,1,1,0]]"
6,1015,-0.01041391636812641,0.01041391636812641,"[[1,1,0,0,1,1,1,1,1,1],[1,1,1,1,0,1,0,1,1,1]]"
6,1016,-0.01219915786491818,0.01219915786491818,"[[1,1,0,0,1,1,1,1,1,1],[1,1,1,1,0,1,1,0,0,0]]"
6,1017,-0.012627709811513909,0.012627709811513909,"[[1,1,0,0,1,1,1,1,1,1],[1,1,1,1,0,1,1,0,0,1]]"
6,1018,-0.014794796452832217,0.014794796452832217,"[[1,1,0,0,1,1,1,1,1,1],[1,1,1,1,0,1,1,0,1,0]]"
6,1019,-0.015405425789816735,0.015405425789816735,"[[1,1,0,0,1,1,1,1,1,1],[1,1,1,1,0,1,1,0,1,1]]"
6,1020,-0.019698039499723135,0.019698039499723135,"[[1,1,0,0,1,1,1,1,1,1],[1,1,1,1,0,1,1,1,0,0]]"
6,1021,-0.020005746696029753,0.020005746696029753,"[[1,1,0,0,1,1,1,1,1,1],[1,1,1,1,0,1,1,1,0,1]]"
6,1022,-0.022354455555602327,0.022354455555602327,"[[1,1,0,0,1,1,1,1,1,1],[1,1,1,1,0,1,1,1,1,0]]"
6,1023,-0.023018049152720547,0.023018049152720547,"[[1,1,0,0,1,1,1,1,1,1],[1,1,1,1,0,1,1,1,1,1]]"
7,0,-0.020846216378158474,0.020846216378158474,"[[1,1,0,0,1,0,0,0,0,0],[1,1,1,1,0,0,0,0,0,0]]"
7,1,-0.020937070177240006,0.020937070177240006,"[[1,1,0,0,1,0,0,0,0,0],[1,1,1,1,0,0,0,0,0,1]]"
7,2,-0.02239166139296805,0.02239166139296805,"[[1,1,0,0,1,0,0,0,0,0],[1,1,1,1,0,0,0,0,1,0]]"
7,3,-0.02260864546568193,0.02260864546568193,"[[1,1,0,0,1,0,0,0,0,0],[1,1,1,1,0,0,0,0,1,1]]"
7,4,-0.0252035210284172,0.0252035210284172,"[[1,1,0,0,1,0,0,0,0,0],[1,1,1,1,0,0,0,1,0,0]]"
7,5,-0.025452004553424997,0.025452004553424997,"[[1,1,0,0,1,0,0,0,0,0],[1,1,1,1,0,0,0,1,0,1]]"
7,6,-0.02656389636591894,0.02656389636591894,"[[1,1,0,0,1,0,0,0,0,0],[1,1,1,1,0,0,0,1,1,0]]"
7,7,-0.02582195026614769,0.02582195026614769,"[[1,1,0,0,1,0,0,0,0,0],[1,1,1,1,0,0,0,1,1,1]]"
7,8,-0.03107757803824371,0.03107757803824371,"[[1,1,0,0,1,0,0,0,0,0],[1,1,1,1,0,0,1,0,0,0]]"
7,9,-0.03117845379540965,0.03117845379540965,"[[1,1,0,0,1,0,0,0,0,0],[1,1,1,1,0,0,1,0,0,1]]"
7,10,-0.03249036230633438,0.03249036230633438,"[[1,1,0,0,1,0,0,0,0,0],[1,1,1,1,0,0,1,0,1,0]]"
7,11,-0.032303332771611626,0.032303332771611626,"[[1,1,0,0,1,0,0,0,0,0],[1,1,1,1,0,0,1,0,1,1]]"
7,12,-0.03492195892991929,0.03492195892991929,"[[1,1,0,0,1,0,0,0,0,0],[1,1,1,1,0,0,1,1,0,0]]"
7,13,-0.03439278546206086,0.03439278546206086,"[[1,1,0,0,1,0,0,0,0,0],[1,1,1,1,0,0,1,1,0,1]]"
7,14,-0.03511543902374309,0.03511543902374309,"[[1,1,0,0,1,0,0,0,0,0],[1,1,1,1,0,0,1,1,1,0]]"
7,15,-0.03258257717223505,0.03258257717223505,"[[1,1,0,0,1,0,0,0,0,0],[1,1,1,1,0,0,1,1,1,1]]"
7,16,-0.03633521255742806,0.03633521255742806,"[[1,1,0,0,1,0,0,0,0,0],[1,1,1,1,0,1,0,0,0,0]]"
7,17,-0.03661368123694493,0.03661368123694493,"[[1,1,0,0,1,0,0,0,0,0],[1,1,1,1,0,1,0,0,0,1]]"
7,18,-0.037901404817473734,0.037901404817473734,"[[1,1,0,0,1,0,0,0,0,0],[1,1,1,1,0,1,0,0,1,0]]"
7,19,-0.037925550711192406,0.037925550711192406,"[[1,1,0,0,1,0,0,0,0,0],[1,1,1,1,0,1,0,0,1,1]]"
7,20,-0.04023819159628629,0.04023819159628629,"[[1,1,0,0,1,0,0,0,0,0],[1,1,1,1,0,1,0,1,0,0]]"
7,21,-0.039751639235984154,0.039751639235984154,"[[1,1,0,0,1,0,0,0,0,0],[1,1,1,1,0,1,0,1,0,1]]"
7,22,-0.04071963272834358,0.04071963272834358,"[[1,1,0,0,1,0,0,0,0,0],[1,1,1,1,0,1,0,1,1,0]]"
7,23,-0.038486865837656925,0.038486865837656925,"[[1,1,0,0,1,0,0,0,0,0],[1,1,1,1,0,1,0,1,1,1]]"
7,24,-0.04626711413843733,0.04626711413843733,"[[1,1,0,0,1,0,0,0,0,0],[1,1,1,1,0,1,1,0,0,0]]"
7,25,-0.04627275291849377,0.04627275291849377,"[[1,1,0,0,1,0,0,0,0,0],[1,1,1,1,0,1,1,0,0,1]]"
7,26,-0.04777804227026192,0.04777804227026192,"[[1,1,0,0,1,0,0,0,0,0],[1,1,1,1,0,1,1,0,1,0]]"
7,27,-0.0466059143542967,0.0466059143542967,"[[1,1,0,0,1,0,0,0,0,0],[1,1,1,1,0,1,1,0,1,1]]"
7,28,-0.04853616818730381,0.04853616818730381,"[[1,1,0,0,1,0,0,0,0,0],[1,1,1,1,0,1,1,1,0,0]]"
7,29,-0.04713354197487743,0.04713354197487743,"[[1,1,0,0,1,0,0,0,0,0],[1,1,1,1,0,1,1,1,0,1]]"
7,30,-0.046123517822644546,0.046123517822644546,"[[1,1,0,0,1,0,0,0,0,0],[1,1,1,1,0,1,1,1,1,0]]"
7,31,-0.040670991257316276,0.040670991257316276,"[[1,1,0,0,1,0,0,0,0,0],[1,1,1,1,0,1,1,1,1,1]]"
7,32,-0.02091615878657478,0.02091615878657478,"[[1,1,0,0,1,0,0,0,0,1],[1,1,1,1,0,0,0,0,0,0]]"
7,33,-0.02112811366884742,0.02112811366884742,"[[1,1,0,0,1,0,0,0,0,1],[1,1,1,1,0,0,0,0,0,1]]"
7,34,-0.022648312102232657,0.022648312102232657,"[[1,1,0,0,1,0,0,0,0,1],[1,1,1,1,0,0,0,0,1,0]]"
7,35,-0.022884204909081093,0.022884204909081093,"[[1,1,0,0,1,0,0,0,0,1],[1,1,1,1,0,0,0,0,1,1]]"
7,36,-0.025738644945336616,0.025738644945336616,"[[1,1,0,0,1,0,0,0,0,1],[1,1,1,1,0,0,0,1,0,0]]"
7,37,-0.025934199950152274,0.025934199950152274,"[[1,1,0,0,1,0,0,0,0,1],[1,1,1,1,0,0,0,1,0,1]]"
7,38,-0.02693147998974795,0.02693147998974795,"[[1,1,0,0,1,0,0,0,0,1],[1,1,1,1,0,0,0,1,1,0]]"
7,39,-0.026728586948917686,0.026728586948917686,"[[1,1,0,0,1,0,0,0,0,1],[1,1,1,1,0,0,0,1,1,1]]"
7,40,-0.03143671493400391,0.03143671493400391,"[[1,1,0,0,1,0,0,0,0,1],[1,1,1,1,0,0,1,0,0,0]]"
7,41,-0.03181300979002341,0.03181300979002341,"[[1,1,0,0,1,0,0,0,0,1],[1,1,1,1,0,0,1,0,0,1]]"
7,42,-0.033097142113633446,0.033097142113633446,"[[1,1,0,0,1,0,0,0,0,1],[1,1,1,1,0,0,1,0,1,0]]"
7,43,-0.032715149708647154,0.032715149708647154,"[[1,1,0,0,1,0,0,0,0,1],[1,1,1,1,0,0,1,0,1,1]]"
7,44,-0.03612438605721819,0.03612438605721819,"[[1,1,0,0,1,0,0,0,0,1],[1,1,1,1,0,0,1,1,0,0]]"
7,45,-0.03552920930883944,0.03552920930883944,"[[1,1,0,0,1,0,0,0,0,1],[1,1,1,1,0,0,1,1,0,1]]"
7,46,-0.03614796491476388,0.03614796491476388,"[[1,1,0,0,1,0,0,0,0,1],[1,1,1,1,0,0,1,1,1,0]]"
7,47,-0.03473817339153575,0.03473817339153575,"[[1,1,0,0,1,0,0,0,0,1],[1,1,1,1,0,0,1,1,1,1]]"
7,48,-0.037337859318670376,0.037337859318670376,"[[1,1,0,0,1,0,0,0,0,1],[1,1,1,1,0,1,0,0,0,0]]"
7,49,-0.03730285636900503,0.03730285636900503,"[[1,1,0,0,1,0,0,0,0,1],[1,1,1,1,0,1,0,0,0,1]]"
7,50,-0.038660109568703326,0.038660109568703326,"[[1,1,0,0,1,0,0,0,0,1],[1,1,1,1,0,1,0,0,1,0]]"
7,51,-0.03829514037733221,0.03829514037733221,"[[1,1,0,0,1,0,0,0,0,1],[1,1,1,1,0,1,0,0,1,1]]"
7,52,-0.04196055398549077,0.04196055398549077,"[[1,1,0,0,1,0,0,0,0,1],[1,1,1,1,0,1,0,1,0,0]]"
7,53,-0.04108518755287203,0.04108518755287203,"[[1,1,0,0,1,0,0,0,0,1],[1,1,1,1,0,1,0,1,0,1]]"
7,54,-0.04199545493032247,0.04199545493032247,"[[1,1,0,0,1,0,0,0,0,1],[1,1,1,1,0,1,0,1,1,0]]"
7,55,-0.04038850900826058,0.04038850900826058,"[[1,1,0,0,1,0,0,0,0,1],[1,1,1,1,0,1,0,1,1,1]]"
7,56,-0.04860959727234837,0.04860959727234837,"[[1,1,0,0,1,0,0,0,0,1],[1,1,1,1,0,1,1,0,0,0]]"
7,57,-0.04775166251373603,0.04775166251373603,"[[1,1,0,0,1,0,0,0,0,1],[1,1,1,1,0,1,1,0,0,1]]"
7,58,-0.049457270247968255,0.049457270247968255,"[[1,1,0,0,1,0,0,0,0,1],[1,1,1,1,0,1,1,0,1,0]]"
7,59,-0.04781983762441415,0.04781983762441415,"[[1,1,0,0,1,0,0,0,0,1],[1,1,1,1,0,1,1,0,1,1]]"
7,60,-0.05100555829544136,0.05100555829544136,"[[1,1,0,0,1,0,0,0,0,1],[1,1,1,1,0,1,1,1,0,0]]"
7,61,-0.04964817018279042,0.04964817018279042,"[[1,1,0,0,1,0,0,0,0,1],[1,1,1,1,0,1,1,1,0,1]]"
7,62,-0.04914713975133434,0.04914713975133434,"[[1,1,0,0,1,0,0,0,0,1],[1,1,1,1,0,1,1,1,1,0]]"
7,63,-0.04526409284222333,0.04526409284222333,"[[1,1,0,0,1,0,0,0,0,1],[1,1,1,1,0,1,1,1,1,1]]"
7,64,-0.018757131895646914,0.018757131895646914,"[[1,1,0,0,1,0,0,0,1,0],[1,1,1,1,0,0,0,0,0,0]]"
7,65,-0.018546793282630956,0.018546793282630956,"[[1,1,0,0,1,0,0,0,1,0],[1,1,1,1,0,0,0,0,0,1]]"
7,66,-0.02087593179391083,0.02087593179391083,"[[1,1,0,0,1,0,0,0,1,0],[1,1,1,1,0,0,0,0,1,0]]"
7,67,-0.021047114796627398,0.021047114796627398,"[[1,1,0,0,1,0,0,0,1,0],[1,1,1,1,0,0,0,0,1,1]]"
7,68,-0.024775365908262136,0.024775365908262136,"[[1,1,0,0,1,0,0,0,1,0],[1,1,1,1,0,0,0,1,0,0]]"
7,69,-0.024800901276842806,0.024800901276842806,"[[1,1,0,0,1,0,0,0,1,0],[1,1,1,1,0,0,0,1,0,1]]"
7,70,-0.026352281799674346,0.026352281799674346,"[[1,1,0,0,1,0,0,0,1,0],[1,1,1,1,0,0,0,1,1,0]]"
7,71,-0.02623693389735818,0.02623693389735818,"[[1,1,0,0,1,0,0,0,1,0],[1,1,1,1,0,0,0,1,1,1]]"
7,72,-0.029959994949194223,0.029959994949194223,"[[1,1,0,0,1,0,0,0,1,0],[1,1,1,1,0,0,1,0,0,0]]"
7,73,-0.02980520344019614,0.02980520344019614,"[[1,1,0,0,1,0,0,0,1,0],[1,1,1,1,0,0,1,0,0,1]]"
7,74,-0.032040658547917655,0.032040658547917655,"[[1,1,0,0,1,0,0,0,1,0],[1,1,1,1,0,0,1,0,1,0]]"
7,75,-0.031940029118340985,0.031940029118340985,"[[1,1,0,0,1,0,0,0,1,0],[1,1,1,1,0,0,1,0,1,1]]"
7,76,-0.035907889666790364,0.035907889666790364,"[[1,1,0,0,1,0,0,0,1,0],[1,1,1,1,0,0,1,1,0,0]]"
7,77,-0.03583710635113823,0.03583710635113823,"[[1,1,0,0,1,0,0,0,1,0],[1,1,1,1,0,0,1,1,0,1]]"
7,78,-0.036672823632732575,0.036672823632732575,"[[1,1,0,0,1,0,0,0,1,0],[1,1,1,1,0,0,1,1,1,0]]"
7,79,-0.03601234626121265,0.03601234626121265,"[[1,1,0,0,1,0,0,0,1,0],[1,1,1,1,0,0,1,1,1,1]]"
7,80,-0.035702915139208126,0.035702915139208126,"[[1,1,0,0,1,0,0,0,1,0],[1,1,1,1,0,1,0,0,0,0]]"
7,81,-0.035356241497294424,0.035356241497294424,"[[1,1,0,0,1,0,0,0,1,0],[1,1,1,1,0,1,0,0,0,1]]"
7,82,-0.037517564407141275,0.037517564407141275,"[[1,1,0,0,1,0,0,0,1,0],[1,1,1,1,0,1,0,0,1,0]]"
7,83,-0.03741308922360556,0.03741308922360556,"[[1,1,0,0,1,0,0,0,1,0],[1,1,1,1,0,1,0,0,1,1]]"
7,84,-0.04226370641606228,0.04226370641606228,"[[1,1,0,0,1,0,0,0,1,0],[1,1,1,1,0,1,0,1,0,0]]"
7,85,-0.04176495432700301,0.04176495432700301,"[[1,1,0,0,1,0,0,0,1,0],[1,1,1,1,0,1,0,1,0,1]]"
7,86,-0.04234353211079057,0.04234353211079057,"[[1,1,0,0,1,0,0,0,1,0],[1,1,1,1,0,1,0,1,1,0]]"
7,87,-0.041515708614165946,0.041515708614165946,"[[1,1,0,0,1,0,0,0,1,0],[1,1,1,1,0,1,0,1,1,1]]"
7,88,-0.04755672075351183,0.04755672075351183,"[[1,1,0,0,1,0,0,0,1,0],[1,1,1,1,0,1,1,0,0,0]]"
7,89,-0.046779276634055636,0.046779276634055636,"[[1,1,0,0,1,0,0,0,1,0],[1,1,1,1,0,1,1,0,0,1]]"
7,90,-0.04876263980305933,0.04876263980305933,"[[1,1,0,0,1,0,0,0,1,0],[1,1,1,1,0,1,1,0,1,0]]"
7,91,-0.04809605455252438,0.04809605455252438,"[[1,1,0,0,1,0,0,0,1,0],[1,1,1,1,0,1,1,0,1,1]]"
7,92,-0.051146696313249744,0.051146696313249744,"[[1,1,0,0,1,0,0,0,1,0],[1,1,1,1,0,1,1,1,0,0]]"
7,93,-0.05048838979685958,0.05048838979685958,"[[1,1,0,0,1,0,0,0,1,0],[1,1,1,1,0,1,1,1,0,1]]"
7,94,-0.05006020168631161,0.05006020168631161,"[[1,1,0,0,1,0,0,0,1,0],[1,1,1,1,0,1,1,1,1,0]]"
7,95,-0.048491948448832735,0.048491948448832735,"[[1,1,0,0,1,0,0,0,1,0],[1,1,1,1,0,1,1,1,1,1]]"
7,96,-0.01836094308386247,0.01836094308386247,"[[1,1,0,0,1,0,0,0,1,1],[1,1,1,1,0,0,0,0,0,0]]"
7,97,-0.01876297022701219,0.01876297022701219,"[[1,1,0,0,1,0,0,0,1,1],[1,1,1,1,0,0,0,0,0,1]]"
7,98,-0.020829750628122434,0.020829750628122434,"[[1,1,0,0,1,0,0,0,1,1],[1,1,1,1,0,0,0,0,1,0]]"
7,99,-0.021211795762858133,0.021211795762858133,"[[1,1,0,0,1,0,0,0,1,1],[1,1,1,1,0,0,0,0,1,1]]"
7,100,-0.024291621000988292,0.024291621000988292,"[[1,1,0,0,1,0,0,0,1,1],[1,1,1,1,0,0,0,1,0,0]]"
7,101,-0.024865767110253616,0.024865767110253616,"[[1,1,0,0,1,0,0,0,1,1],[1,1,1,1,0,0,0,1,0,1]]"
7,102,-0.02659896296969208,0.02659896296969208,"[[1,1,0,0,1,0,0,0,1,1],[1,1,1,1,0,0,0,1,1,0]]"
7,103,-0.0267293829158055,0.0267293829158055,"[[1,1,0,0,1,0,0,0,1,1],[1,1,1,1,0,0,0,1,1,1]]"
7,104,-0.029534153635980692,0.029534153635980692,"[[1,1,0,0,1,0,0,0,1,1],[1,1,1,1,0,0,1,0,0,0]]"
7,105,-0.030016203793753957,0.030016203793753957,"[[1,1,0,0,1,0,0,0,1,1],[1,1,1,1,0,0,1,0,0,1]]"
7,106,-0.03191915853613844,0.03191915853613844,"[[1,1,0,0,1,0,0,0,1,1],[1,1,1,1,0,0,1,0,1,0]]"
7,107,-0.03232795427400409,0.03232795427400409,"[[1,1,0,0,1,0,0,0,1,1],[1,1,1,1,0,0,1,0,1,1]]"
7,108,-0.035579506712606096,0.035579506712606096,"[[1,1,0,0,1,0,0,0,1,1],[1,1,1,1,0,0,1,1,0,0]]"
7,109,-0.03614847856012814,0.03614847856012814,"[[1,1,0,0,1,0,0,0,1,1],[1,1,1,1,0,0,1,1,0,1]]"
7,110,-0.03742716804867471,0.03742716804867471,"[[1,1,0,0,1,0,0,0,1,1],[1,1,1,1,0,0,1,1,1,0]]"
7,111,-0.03682985421840592,0.03682985421840592,"[[1,1,0,0,1,0,0,0,1,1],[1,1,1,1,0,0,1,1,1,1]]"
7,112,-0.035499216376724284,0.035499216376724284,"[[1,1,0,0,1,0,0,0,1,1],[1,1,1,1,0,1,0,0,0,0]]"
7,113,-0.035872648822823476,0.035872648822823476,"[[1,1,0,0,1,0,0,0,1,1],[1,1,1,1,0,1,0,0,0,1]]"
7,114,-0.037911131834624336,0.037911131834624336,"[[1,1,0,0,1,0,0,0,1,1],[1,1,1,1,0,1,0,0,1,0]]"
7,115,-0.03800520910633865,0.03800520910633865,"[[1,1,0,0,1,0,0,0,1,1],[1,1,1,1,0,1,0,0,1,1]]"
7,116,-0.04211749803315615,0.04211749803315615,"[[1,1,0,0,1,0,0,0,1,1],[1,1,1,1,0,1,0,1,0,0]]"
7,117,-0.042280992837274815,0.042280992837274815,"[[1,1,0,0,1,0,0,0,1,1],[1,1,1,1,0,1,0,1,0,1]]"
7,118,-0.0434738081531734,0.0434738081531734,"[[1,1,0,0,1,0,0,0,1,1],[1,1,1,1,0,1,0,1,1,0]]"
7,119,-0.0425534575436857,0.0425534575436857,"[[1,1,0,0,1,0,0,0,1,1],[1,1,1,1,0,1,0,1,1,1]]"
7,120,-0.04862376150029249,0.04862376150029249,"[[1,1,0,0,1,0,0,0,1,1],[1,1,1,1,0,1,1,0,0,0]]"
7,121,-0.04814975272134903,0.04814975272134903,"[[1,1,0,0,1,0,0,0,1,1],[1,1,1,1,0,1,1,0,0,1]]"
7,122,-0.04994668857041031,0.04994668857041031,"[[1,1,0,0,1,0,0,0,1,1],[1,1,1,1,0,1,1,0,1,0]]"
7,123,-0.04927091256184607,0.04927091256184607,"[[1,1,0,0,1,0,0,0,1,1],[1,1,1,1,0,1,1,0,1,1]]"
7,124,-0.05241212148439961,0.05241212148439961,"[[1,1,0,0,1,0,0,0,1,1],[1,1,1,1,0,1,1,1,0,0]]"
7,125,-0.05223173461969841,0.05223173461969841,"[[1,1,0,0,1,0,0,0,1,1],[1,1,1,1,0,1,1,1,0,1]]"
7,126,-0.05263234625197892,0.05263234625197892,"[[1,1,0,0,1,0,0,0,1,1],[1,1,1,1,0,1,1,1,1,0]]"
7,127,-0.05067982167272973,0.05067982167272973,"[[1,1,0,0,1,0,0,0,1,1],[1,1,1,1,0,1,1,1,1,1]]"
7,128,-0.015553050492075384,0.015553050492075384,"[[1,1,0,0,1,0,0,1,0,0],[1,1,1,1,0,0,0,0,0,0]]"
7,129,-0.015796944933302543,0.015796944933302543,"[[1,1,0,0,1,0,0,1,0,0],[1,1,1,1,0,0,0,0,0,1]]"
7,130,-0.01711154049139429,0.01711154049139429,"[[1,1,0,0,1,0,0,1,0,0],[1,1,1,1,0,0,0,0,1,0]]"
7,131,-0.017466375182539767,0.017466375182539767,"[[1,1,0,0,1,0,0,1,0,0],[1,1,1,1,0,0,0,0,1,1]]"
7,132,-0.02120098676561802,0.02120098676561802,"[[1,1,0,0,1,0,0,1,0,0],[1,1,1,1,0,0,0,1,0,0]]"
7,133,-0.021891496566920566,0.021891496566920566,"[[1,1,0,0,1,0,0,1,0,0],[1,1,1,1,0,0,0,1,0,1]]"
7,134,-0.02322990147924586,0.02322990147924586,"[[1,1,0,0,1,0,0,1,0,0],[1,1,1,1,0,0,0,1,1,0]]"
7,135,-0.023357409037518814,0.023357409037518814,"[[1,1,0,0,1,0,0,1,0,0],[1,1,1,1,0,0,0,1,1,1]]"
7,136,-0.026712068507545678,0.026712068507545678,"[[1,1,0,0,1,0,0,1,0,0],[1,1,1,1,0,0,1,0,0,0]]"
7,137,-0.027353215036501056,0.027353215036501056,"[[1,1,0,0,1,0,0,1,0,0],[1,1,1,1,0,0,1,0,0,1]]"
7,138,-0.028864617974923158,0.028864617974923158,"[[1,1,0,0,1,0,0,1,0,0],[1,1,1,1,0,0,1,0,1,0]]"
7,139,-0.02907101927780996,0.02907101927780996,"[[1,1,0,0,1,0,0,1,0,0],[1,1,1,1,0,0,1,0,1,1]]"
7,140,-0.03373145375664102,0.03373145375664102,"[[1,1,0,0,1,0,0,1,0,0],[1,1,1,1,0,0,1,1,0,0]]"
7,141,-0.03400950246873444,0.03400950246873444,"[[1,1,0,0,1,0,0,1,0,0],[1,1,1,1,0,0,1,1,0,1]]"
7,142,-0.03495251679603884,0.03495251679603884,"[[1,1,0,0,1,0,0,1,0,0],[1,1,1,1,0,0,1,1,1,0]]"
7,143,-0.03392434631764072,0.03392434631764072,"[[1,1,0,0,1,0,0,1,0,0],[1,1,1,1,0,0,1,1,1,1]]"
7,144,-0.031785244738327535,0.031785244738327535,"[[1,1,0,0,1,0,0,1,0,0],[1,1,1,1,0,1,0,0,0,0]]"
7,145,-0.032198191374867194,0.032198191374867194,"[[1,1,0,0,1,0,0,1,0,0],[1,1,1,1,0,1,0,0,0,1]]"
7,146,-0.03396617674722265,0.03396617674722265,"[[1,1,0,0,1,0,0,1,0,0],[1,1,1,1,0,1,0,0,1,0]]"
7,147,-0.03432442614608236,0.03432442614608236,"[[1,1,0,0,1,0,0,1,0,0],[1,1,1,1,0,1,0,0,1,1]]"
7,148,-0.038307586740091125,0.038307586740091125,"[[1,1,0,0,1,0,0,1,0,0],[1,1,1,1,0,1,0,1,0,0]]"
7,149,-0.03890784264888322,0.03890784264888322,"[[1,1,0,0,1,0,0,1,0,0],[1,1,1,1,0,1,0,1,0,1]]"
7,150,-0.04002469768866889,0.04002469768866889,"[[1,1,0,0,1,0,0,1,0,0],[1,1,1,1,0,1,0,1,1,0]]"
7,151,-0.039515240183080065,0.039515240183080065,"[[1,1,0,0,1,0,0,1,0,0],[1,1,1,1,0,1,0,1,1,1]]"
7,152,-0.04521480536498789,0.04521480536498789,"[[1,1,0,0,1,0,0,1,0,0],[1,1,1,1,0,1,1,0,0,0]]"
7,153,-0.04536337164138331,0.04536337164138331,"[[1,1,0,0,1,0,0,1,0,0],[1,1,1,1,0,1,1,0,0,1]]"
7,154,-0.04730641907338713,0.04730641907338713,"[[1,1,0,0,1,0,0,1,0,0],[1,1,1,1,0,1,1,0,1,0]]"
7,155,-0.046416827496772714,0.046416827496772714,"[[1,1,0,0,1,0,0,1,0,0],[1,1,1,1,0,1,1,0,1,1]]"
7,156,-0.05021665360871359,0.05021665360871359,"[[1,1,0,0,1,0,0,1,0,0],[1,1,1,1,0,1,1,1,0,0]]"
7,157,-0.05000682678346522,0.05000682678346522,"[[1,1,0,0,1,0,0,1,0,0],[1,1,1,1,0,1,1,1,0,1]]"
7,158,-0.05110771539336447,0.05110771539336447,"[[1,1,0,0,1,0,0,1,0,0],[1,1,1,1,0,1,1,1,1,0]]"
7,159,-0.04879809318136249,0.04879809318136249,"[[1,1,0,0,1,0,0,1,0,0],[1,1,1,1,0,1,1,1,1,1]]"
7,160,-0.01536234725446383,0.01536234725446383,"[[1,1,0,0,1,0,0,1,0,1],[1,1,1,1,0,0,0,0,0,0]]"
7,161,-0.015825508821846964,0.015825508821846964,"[[1,1,0,0,1,0,0,1,0,1],[1,1,1,1,0,0,0,0,0,1]]"
7,162,-0.017435824414577833,0.017435824414577833,"[[1,1,0,0,1,0,0,1,0,1],[1,1,1,1,0,0,0,0,1,0]]"
7,163,-0.01764777286790076,0.01764777286790076,"[[1,1,0,0,1,0,0,1,0,1],[1,1,1,1,0,0,0,0,1,1]]"
7,164,-0.02131541229889332,0.02131541229889332,"[[1,1,0,0,1,0,0,1,0,1],[1,1,1,1,0,0,0,1,0,0]]"
7,165,-0.021882981399143624,0.021882981399143624,"[[1,1,0,0,1,0,0,1,0,1],[1,1,1,1,0,0,0,1,0,1]]"
7,166,-0.023554193016775412,0.023554193016775412,"[[1,1,0,0,1,0,0,1,0,1],[1,1,1,1,0,0,0,1,1,0]]"
7,167,-0.023645878298810593,0.023645878298810593,"[[1,1,0,0,1,0,0,1,0,1],[1,1,1,1,0,0,0,1,1,1]]"
7,168,-0.026333847920039125,0.026333847920039125,"[[1,1,0,0,1,0,0,1,0,1],[1,1,1,1,0,0,1,0,0,0]]"
7,169,-0.02723216400836126,0.02723216400836126,"[[1,1,0,0,1,0,0,1,0,1],[1,1,1,1,0,0,1,0,0,1]]"
7,170,-0.02924718376843082,0.02924718376843082,"[[1,1,0,0,1,0,0,1,0,1],[1,1,1,1,0,0,1,0,1,0]]"
7,171,-0.029429202502339886,0.029429202502339886,"[[1,1,0,0,1,0,0,1,0,1],[1,1,1,1,0,0,1,0,1,1]]"
7,172,-0.033761317402134304,0.033761317402134304,"[[1,1,0,0,1,0,0,1,0,1],[1,1,1,1,0,0,1,1,0,0]]"
7,173,-0.03429642982763726,0.03429642982763726,"[[1,1,0,0,1,0,0,1,0,1],[1,1,1,1,0,0,1,1,0,1]]"
7,174,-0.03541295087229828,0.03541295087229828,"[[1,1,0,0,1,0,0,1,0,1],[1,1,1,1,0,0,1,1,1,0]]"
7,175,-0.03442264507981671,0.03442264507981671,"[[1,1,0,0,1,0,0,1,0,1],[1,1,1,1,0,0,1,1,1,1]]"
7,176,-0.03157717080788375,0.03157717080788375,"[[1,1,0,0,1,0,0,1,0,1],[1,1,1,1,0,1,0,0,0,0]]"
7,177,-0.03215308336228393,0.03215308336228393,"[[1,1,0,0,1,0,0,1,0,1],[1,1,1,1,0,1,0,0,0,1]]"
7,178,-0.03444431893892717,0.03444431893892717,"[[1,1,0,0,1,0,0,1,0,1],[1,1,1,1,0,1,0,0,1,0]]"
7,179,-0.03454408411505094,0.03454408411505094,"[[1,1,0,0,1,0,0,1,0,1],[1,1,1,1,0,1,0,0,1,1]]"
7,180,-0.03909767180354292,0.03909767180354292,"[[1,1,0,0,1,0,0,1,0,1],[1,1,1,1,0,1,0,1,0,0]]"
7,181,-0.039156092443024905,0.039156092443024905,"[[1,1,0,0,1,0,0,1,0,1],[1,1,1,1,0,1,0,1,0,1]]"
7,182,-0.040574581495023895,0.040574581495023895,"[[1,1,0,0,1,0,0,1,0,1],[1,1,1,1,0,1,0,1,1,0]]"
7,183,-0.03981690209298931,0.03981690209298931,"[[1,1,0,0,1,0,0,1,0,1],[1,1,1,1,0,1,0,1,1,1]]"
7,184,-0.04538635189946365,0.04538635189946365,"[[1,1,0,0,1,0,0,1,0,1],[1,1,1,1,0,1,1,0,0,0]]"
7,185,-0.0458326572136609,0.0458326572136609,"[[1,1,0,0,1,0,0,1,0,1],[1,1,1,1,0,1,1,0,0,1]]"
7,186,-0.04804104494290136,0.04804104494290136,"[[1,1,0,0,1,0,0,1,0,1],[1,1,1,1,0,1,1,0,1,0]]"
7,187,-0.04711814368004777,0.04711814368004777,"[[1,1,0,0,1,0,0,1,0,1],[1,1,1,1,0,1,1,0,1,1]]"
7,188,-0.051646858091107736,0.051646858091107736,"[[1,1,0,0,1,0,0,1,0,1],[1,1,1,1,0,1,1,1,0,0]]"
7,189,-0.05131721436957593,0.05131721436957593,"[[1,1,0,0,1,0,0,1,0,1],[1,1,1,1,0,1,1,1,0,1]]"
7,190,-0.05207593782894177,0.05207593782894177,"[[1,1,0,0,1,0,0,1,0,1],[1,1,1,1,0,1,1,1,1,0]]"
7,191,-0.04992511249567754,0.04992511249567754,"[[1,1,0,0,1,0,0,1,0,1],[1,1,1,1,0,1,1,1,1,1]]"
7,192,-0.012847844885857516,0.012847844885857516,"[[1,1,0,0,1,0,0,1,1,0],[1,1,1,1,0,0,0,0,0,0]]"
7,193,-0.013057727879341457,0.013057727879341457,"[[1,1,0,0,1,0,0,1,1,0],[1,1,1,1,0,0,0,0,0,1]]"
7,194,-0.015167685945851727,0.015167685945851727,"[[1,1,0,0,1,0,0,1,1,0],[1,1,1,1,0,0,0,0,1,0]]"
7,195,-0.015359107660683087,0.015359107660683087,"[[1,1,0,0,1,0,0,1,1,0],[1,1,1,1,0,0,0,0,1,1]]"
7,196,-0.01956962069208365,0.01956962069208365,"[[1,1,0,0,1,0,0,1,1,0],[1,1,1,1,0,0,0,1,0,0]]"
7,197,-0.019547237333683017,0.019547237333683017,"[[1,1,0,0,1,0,0,1,1,0],[1,1,1,1,0,0,0,1,0,1]]"
7,198,-0.021820114356156117,0.021820114356156117,"[[1,1,0,0,1,0,0,1,1,0],[1,1,1,1,0,0,0,1,1,0]]"
7,199,-0.02220127506559458,0.02220127506559458,"[[1,1,0,0,1,0,0,1,1,0],[1,1,1,1,0,0,0,1,1,1]]"
7,200,-0.023939092065735704,0.023939092065735704,"[[1,1,0,0,1,0,0,1,1,0],[1,1,1,1,0,0,1,0,0,0]]"
7,201,-0.02454400210560432,0.02454400210560432,"[[1,1,0,0,1,0,0,1,1,0],[1,1,1,1,0,0,1,0,0,1]]"
7,202,-0.02672859619696573,0.02672859619696573,"[[1,1,0,0,1,0,0,1,1,0],[1,1,1,1,0,0,1,0,1,0]]"
7,203,-0.027187796699049412,0.027187796699049412,"[[1,1,0,0,1,0,0,1,1,0],[1,1,1,1,0,0,1,0,1,1]]"
7,204,-0.03236823190107959,0.03236823190107959,"[[1,1,0,0,1,0,0,1,1,0],[1,1,1,1,0,0,1,1,0,0]]"
7,205,-0.03257573778640839,0.03257573778640839,"[[1,1,0,0,1,0,0,1,1,0],[1,1,1,1,0,0,1,1,0,1]]"
7,206,-0.03497671749127374,0.03497671749127374,"[[1,1,0,0,1,0,0,1,1,0],[1,1,1,1,0,0,1,1,1,0]]"
7,207,-0.03480651166168054,0.03480651166168054,"[[1,1,0,0,1,0,0,1,1,0],[1,1,1,1,0,0,1,1,1,1]]"
7,208,-0.02941122213011252,0.02941122213011252,"[[1,1,0,0,1,0,0,1,1,0],[1,1,1,1,0,1,0,0,0,0]]"
7,209,-0.0296133934618469,0.0296133934618469,"[[1,1,0,0,1,0,0,1,1,0],[1,1,1,1,0,1,0,0,0,1]]"
7,210,-0.03215954464825679,0.03215954464825679,"[[1,1,0,0,1,0,0,1,1,0],[1,1,1,1,0,1,0,0,1,0]]"
7,211,-0.03248400302603931,0.03248400302603931,"[[1,1,0,0,1,0,0,1,1,0],[1,1,1,1,0,1,0,0,1,1]]"
7,212,-0.03723339533034292,0.03723339533034292,"[[1,1,0,0,1,0,0,1,1,0],[1,1,1,1,0,1,0,1,0,0]]"
7,213,-0.037134395832705766,0.037134395832705766,"[[1,1,0,0,1,0,0,1,1,0],[1,1,1,1,0,1,0,1,0,1]]"
7,214,-0.039829246224268824,0.039829246224268824,"[[1,1,0,0,1,0,0,1,1,0],[1,1,1,1,0,1,0,1,1,0]]"
7,215,-0.03983028251101198,0.03983028251101198,"[[1,1,0,0,1,0,0,1,1,0],[1,1,1,1,0,1,0,1,1,1]]"
7,216,-0.0434301602141996,0.0434301602141996,"[[1,1,0,0,1,0,0,1,1,0],[1,1,1,1,0,1,1,0,0,0]]"
7,217,-0.043758916865277185,0.043758916865277185,"[[1,1,0,0,1,0,0,1,1,0],[1,1,1,1,0,1,1,0,0,1]]"
7,218,-0.046368084484205416,0.046368084484205416,"[[1,1,0,0,1,0,0,1,1,0],[1,1,1,1,0,1,1,0,1,0]]"
7,219,-0.04639420635725569,0.04639420635725569,"[[1,1,0,0,1,0,0,1,1,0],[1,1,1,1,0,1,1,0,1,1]]"
7,220,-0.05118177218044469,0.05118177218044469,"[[1,1,0,0,1,0,0,1,1,0],[1,1,1,1,0,1,1,1,0,0]]"
7,221,-0.05075159066467313,0.05075159066467313,"[[1,1,0,0,1,0,0,1,1,0],[1,1,1,1,0,1,1,1,0,1]]"
7,222,-0.05200598709332187,0.05200598709332187,"[[1,1,0,0,1,0,0,1,1,0],[1,1,1,1,0,1,1,1,1,0]]"
7,223,-0.05131985815378324,0.05131985815378324,"[[1,1,0,0,1,0,0,1,1,0],[1,1,1,1,0,1,1,1,1,1]]"
7,224,-0.012278563280351353,0.012278563280351353,"[[1,1,0,0,1,0,0,1,1,1],[1,1,1,1,0,0,0,0,0,0]]"
7,225,-0.012495526432335485,0.012495526432335485,"[[1,1,0,0,1,0,0,1,1,1],[1,1,1,1,0,0,0,0,0,1]]"
7,226,-0.014751582688849307,0.014751582688849307,"[[1,1,0,0,1,0,0,1,1,1],[1,1,1,1,0,0,0,0,1,0]]"
7,227,-0.01532031920921039,0.01532031920921039,"[[1,1,0,0,1,0,0,1,1,1],[1,1,1,1,0,0,0,0,1,1]]"
7,228,-0.019096565340873558,0.019096565340873558,"[[1,1,0,0,1,0,0,1,1,1],[1,1,1,1,0,0,0,1,0,0]]"
7,229,-0.019453196056539137,0.019453196056539137,"[[1,1,0,0,1,0,0,1,1,1],[1,1,1,1,0,0,0,1,0,1]]"
7,230,-0.021791066593434483,0.021791066593434483,"[[1,1,0,0,1,0,0,1,1,1],[1,1,1,1,0,0,0,1,1,0]]"
7,231,-0.022327586476734097,0.022327586476734097,"[[1,1,0,0,1,0,0,1,1,1],[1,1,1,1,0,0,0,1,1,1]]"
7,232,-0.02324965781056225,0.02324965781056225,"[[1,1,0,0,1,0,0,1,1,1],[1,1,1,1,0,0,1,0,0,0]]"
7,233,-0.024005640859831052,0.024005640859831052,"[[1,1,0,0,1,0,0,1,1,1],[1,1,1,1,0,0,1,0,0,1]]"
7,234,-0.026491951792103837,0.026491951792103837,"[[1,1,0,0,1,0,0,1,1,1],[1,1,1,1,0,0,1,0,1,0]]"
7,235,-0.02711727209702657,0.02711727209702657,"[[1,1,0,0,1,0,0,1,1,1],[1,1,1,1,0,0,1,0,1,1]]"
7,236,-0.03151033755392067,0.03151033755392067,"[[1,1,0,0,1,0,0,1,1,1],[1,1,1,1,0,0,1,1,0,0]]"
7,237,-0.03224157078935661,0.03224157078935661,"[[1,1,0,0,1,0,0,1,1,1],[1,1,1,1,0,0,1,1,0,1]]"
7,238,-0.03478432035118762,0.03478432035118762,"[[1,1,0,0,1,0,0,1,1,1],[1,1,1,1,0,0,1,1,1,0]]"
7,239,-0.03515278434374305,0.03515278434374305,"[[1,1,0,0,1,0,0,1,1,1],[1,1,1,1,0,0,1,1,1,1]]"
7,240,-0.028330658505311055,0.028330658505311055,"[[1,1,0,0,1,0,0,1,1,1],[1,1,1,1,0,1,0,0,0,0]]"
7,241,-0.028996235182145558,0.028996235182145558,"[[1,1,0,0,1,0,0,1,1,1],[1,1,1,1,0,1,0,0,0,1]]"
7,242,-0.03159461526876038,0.03159461526876038,"[[1,1,0,0,1,0,0,1,1,1],[1,1,1,1,0,1,0,0,1,0]]"
7,243,-0.03221578849147828,0.03221578849147828,"[[1,1,0,0,1,0,0,1,1,1],[1,1,1,1,0,1,0,0,1,1]]"
7,244,-0.03658732803074301,0.03658732803074301,"[[1,1,0,0,1,0,0,1,1,1],[1,1,1,1,0,1,0,1,0,0]]"
7,245,-0.03714499687319515,0.03714499687319515,"[[1,1,0,0,1,0,0,1,1,1],[1,1,1,1,0,1,0,1,0,1]]"
7,246,-0.03987933890416959,0.03987933890416959,"[[1,1,0,0,1,0,0,1,1,1],[1,1,1,1,0,1,0,1,1,0]]"
7,247,-0.04021559020651468,0.04021559020651468,"[[1,1,0,0,1,0,0,1,1,1],[1,1,1,1,0,1,0,1,1,1]]"
7,248,-0.042671686389337486,0.042671686389337486,"[[1,1,0,0,1,0,0,1,1,1],[1,1,1,1,0,1,1,0,0,0]]"
7,249,-0.043590848638814086,0.043590848638814086,"[[1,1,0,0,1,0,0,1,1,1],[1,1,1,1,0,1,1,0,0,1]]"
7,250,-0.046071385521597244,0.046071385521597244,"[[1,1,0,0,1,0,0,1,1,1],[1,1,1,1,0,1,1,0,1,0]]"
7,251,-0.046264418160162746,0.046264418160162746,"[[1,1,0,0,1,0,0,1,1,1],[1,1,1,1,0,1,1,0,1,1]]"
7,252,-0.05110708422486861,0.05110708422486861,"[[1,1,0,0,1,0,0,1,1,1],[1,1,1,1,0,1,1,1,0,0]]"
7,253,-0.051324203049841095,0.051324203049841095,"[[1,1,0,0,1,0,0,1,1,1],[1,1,1,1,0,1,1,1,0,1]]"
7,254,-0.052753095550484436,0.052753095550484436,"[[1,1,0,0,1,0,0,1,1,1],[1,1,1,1,0,1,1,1,1,0]]"
7,255,-0.052184078153924535,0.052184078153924535,"[[1,1,0,0,1,0,0,1,1,1],[1,1,1,1,0,1,1,1,1,1]]"
7,256,-0.011665511380729044,0.011665511380729044,"[[1,1,0,0,1,0,1,0,0,0],[1,1,1,1,0,0,0,0,0,0]]"
7,257,-0.011564110859586555,0.011564110859586555,"[[1,1,0,0,1,0,1,0,0,0],[1,1,1,1,0,0,0,0,0,1]]"
7,258,-0.013354665320255572,0.013354665320255572,"[[1,1,0,0,1,0,1,0,0,0],[1,1,1,1,0,0,0,0,1,0]]"
7,259,-0.013560940065036301,0.013560940065036301,"[[1,1,0,0,1,0,1,0,0,0],[1,1,1,1,0,0,0,0,1,1]]"
7,260,-0.015865143134274187,0.015865143134274187,"[[1,1,0,0,1,0,1,0,0,0],[1,1,1,1,0,0,0,1,0,0]]"
7,261,-0.016306985953326344,0.016306985953326344,"[[1,1,0,0,1,0,1,0,0,0],[1,1,1,1,0,0,0,1,0,1]]"
7,262,-0.018033915715317487,0.018033915715317487,"[[1,1,0,0,1,0,1,0,0,0],[1,1,1,1,0,0,0,1,1,0]]"
7,263,-0.018085672682923316,0.018085672682923316,"[[1,1,0,0,1,0,1,0,0,0],[1,1,1,1,0,0,0,1,1,1]]"
7,264,-0.02123601739408265,0.02123601739408265,"[[1,1,0,0,1,0,1,0,0,0],[1,1,1,1,0,0,1,0,0,0]]"
7,265,-0.021500155462611005,0.021500155462611005,"[[1,1,0,0,1,0,1,0,0,0],[1,1,1,1,0,0,1,0,0,1]]"
7,266,-0.023120081922555477,0.023120081922555477,"[[1,1,0,0,1,0,1,0,0,0],[1,1,1,1,0,0,1,0,1,0]]"
7,267,-0.023436018990554315,0.023436018990554315,"[[1,1,0,0,1,0,1,0,0,0],[1,1,1,1,0,0,1,0,1,1]]"
7,268,-0.026693854459078726,0.026693854459078726,"[[1,1,0,0,1,0,1,0,0,0],[1,1,1,1,0,0,1,1,0,0]]"
7,269,-0.026844017606556206,0.026844017606556206,"[[1,1,0,0,1,0,1,0,0,0],[1,1,1,1,0,0,1,1,0,1]]"
7,270,-0.027680547194427585,0.027680547194427585,"[[1,1,0,0,1,0,1,0,0,0],[1,1,1,1,0,0,1,1,1,0]]"
7,271,-0.026705009846675606,0.026705009846675606,"[[1,1,0,0,1,0,1,0,0,0],[1,1,1,1,0,0,1,1,1,1]]"
7,272,-0.027485068549244613,0.027485068549244613,"[[1,1,0,0,1,0,1,0,0,0],[1,1,1,1,0,1,0,0,0,0]]"
7,273,-0.02769471538132576,0.02769471538132576,"[[1,1,0,0,1,0,1,0,0,0],[1,1,1,1,0,1,0,0,0,1]]"
7,274,-0.029669867785055967,0.029669867785055967,"[[1,1,0,0,1,0,1,0,0,0],[1,1,1,1,0,1,0,0,1,0]]"
7,275,-0.030181378853513807,0.030181378853513807,"[[1,1,0,0,1,0,1,0,0,0],[1,1,1,1,0,1,0,0,1,1]]"
7,276,-0.03267706317644315,0.03267706317644315,"[[1,1,0,0,1,0,1,0,0,0],[1,1,1,1,0,1,0,1,0,0]]"
7,277,-0.033391887990227645,0.033391887990227645,"[[1,1,0,0,1,0,1,0,0,0],[1,1,1,1,0,1,0,1,0,1]]"
7,278,-0.03436225803717871,0.03436225803717871,"[[1,1,0,0,1,0,1,0,0,0],[1,1,1,1,0,1,0,1,1,0]]"
7,279,-0.03345292358939299,0.03345292358939299,"[[1,1,0,0,1,0,1,0,0,0],[1,1,1,1,0,1,0,1,1,1]]"
7,280,-0.040074790061520586,0.040074790061520586,"[[1,1,0,0,1,0,1,0,0,0],[1,1,1,1,0,1,1,0,0,0]]"
7,281,-0.04032870357090003,0.04032870357090003,"[[1,1,0,0,1,0,1,0,0,0],[1,1,1,1,0,1,1,0,0,1]]"
7,282,-0.04177336570338742,0.04177336570338742,"[[1,1,0,0,1,0,1,0,0,0],[1,1,1,1,0,1,1,0,1,0]]"
7,283,-0.04190682722992132,0.04190682722992132,"[[1,1,0,0,1,0,1,0,0,0],[1,1,1,1,0,1,1,0,1,1]]"
7,284,-0.04416707734724385,0.04416707734724385,"[[1,1,0,0,1,0,1,0,0,0],[1,1,1,1,0,1,1,1,0,0]]"
7,285,-0.04347664929222831,0.04347664929222831,"[[1,1,0,0,1,0,1,0,0,0],[1,1,1,1,0,1,1,1,0,1]]"
7,286,-0.04398143120058226,0.04398143120058226,"[[1,1,0,0,1,0,1,0,0,0],[1,1,1,1,0,1,1,1,1,0]]"
7,287,-0.04117096606534302,0.04117096606534302,"[[1,1,0,0,1,0,1,0,0,0],[1,1,1,1,0,1,1,1,1,1]]"
7,288,-0.011287682821694114,0.011287682821694114,"[[1,1,0,0,1,0,1,0,0,1],[1,1,1,1,0,0,0,0,0,0]]"
7,289,-0.011686239104676682,0.011686239104676682,"[[1,1,0,0,1,0,1,0,0,1],[1,1,1,1,0,0,0,0,0,1]]"
7,290,-0.01325435898000415,0.01325435898000415,"[[1,1,0,0,1,0,1,0,0,1],[1,1,1,1,0,0,0,0,1,0]]"
7,291,-0.013678200289240222,0.013678200289240222,"[[1,1,0,0,1,0,1,0,0,1],[1,1,1,1,0,0,0,0,1,1]]"
7,292,-0.01603352873468394,0.01603352873468394,"[[1,1,0,0,1,0,1,0,0,1],[1,1,1,1,0,0,0,1,0,0]]"
7,293,-0.016389555003614817,0.016389555003614817,"[[1,1,0,0,1,0,1,0,0,1],[1,1,1,1,0,0,0,1,0,1]]"
7,294,-0.018159424731237404,0.018159424731237404,"[[1,1,0,0,1,0,1,0,0,1],[1,1,1,1,0,0,0,1,1,0]]"
7,295,-0.01858261535548187,0.01858261535548187,"[[1,1,0,0,1,0,1,0,0,1],[1,1,1,1,0,0,0,1,1,1]]"
7,296,-0.02110704538954926,0.02110704538954926,"[[1,1,0,0,1,0,1,0,0,1],[1,1,1,1,0,0,1,0,0,0]]"
7,297,-0.021522292489763183,0.021522292489763183,"[[1,1,0,0,1,0,1,0,0,1],[1,1,1,1,0,0,1,0,0,1]]"
7,298,-0.023435197055281104,0.023435197055281104,"[[1,1,0,0,1,0,1,0,0,1],[1,1,1,1,0,0,1,0,1,0]]"
7,299,-0.023768595263644842,0.023768595263644842,"[[1,1,0,0,1,0,1,0,0,1],[1,1,1,1,0,0,1,0,1,1]]"
7,300,-0.02721898171884842,0.02721898171884842,"[[1,1,0,0,1,0,1,0,0,1],[1,1,1,1,0,0,1,1,0,0]]"
7,301,-0.02726410707556952,0.02726410707556952,"[[1,1,0,0,1,0,1,0,0,1],[1,1,1,1,0,0,1,1,0,1]]"
7,302,-0.028149691302425294,0.028149691302425294,"[[1,1,0,0,1,0,1,0,0,1],[1,1,1,1,0,0,1,1,1,0]]"
7,303,-0.02781047972682087,0.02781047972682087,"[[1,1,0,0,1,0,1,0,0,1],[1,1,1,1,0,0,1,1,1,1]]"
7,304,-0.0273978326652829,0.0273978326652829,"[[1,1,0,0,1,0,1,0,0,1],[1,1,1,1,0,1,0,0,0,0]]"
7,305,-0.027781220136617404,0.027781220136617404,"[[1,1,0,0,1,0,1,0,0,1],[1,1,1,1,0,1,0,0,0,1]]"
7,306,-0.029746002640580912,0.029746002640580912,"[[1,1,0,0,1,0,1,0,0,1],[1,1,1,1,0,1,0,0,1,0]]"
7,307,-0.030175686152781135,0.030175686152781135,"[[1,1,0,0,1,0,1,0,0,1],[1,1,1,1,0,1,0,0,1,1]]"
7,308,-0.0332329578519465,0.0332329578519465,"[[1,1,0,0,1,0,1,0,0,1],[1,1,1,1,0,1,0,1,0,0]]"
7,309,-0.03354779701813105,0.03354779701813105,"[[1,1,0,0,1,0,1,0,0,1],[1,1,1,1,0,1,0,1,0,1]]"
7,310,-0.03496090639397908,0.03496090639397908,"[[1,1,0,0,1,0,1,0,0,1],[1,1,1,1,0,1,0,1,1,0]]"
7,311,-0.034927002475776445,0.034927002475776445,"[[1,1,0,0,1,0,1,0,0,1],[1,1,1,1,0,1,0,1,1,1]]"
7,312,-0.040605682531846495,0.040605682531846495,"[[1,1,0,0,1,0,1,0,0,1],[1,1,1,1,0,1,1,0,0,0]]"
7,313,-0.04060417436149855,0.04060417436149855,"[[1,1,0,0,1,0,1,0,0,1],[1,1,1,1,0,1,1,0,0,1]]"
7,314,-0.042538709922216526,0.042538709922216526,"[[1,1,0,0,1,0,1,0,0,1],[1,1,1,1,0,1,1,0,1,0]]"
7,315,-0.04205702683016976,0.04205702683016976,"[[1,1,0,0,1,0,1,0,0,1],[1,1,1,1,0,1,1,0,1,1]]"
7,316,-0.0458701055676535,0.0458701055676535,"[[1,1,0,0,1,0,1,0,0,1],[1,1,1,1,0,1,1,1,0,0]]"
7,317,-0.044857609568301315,0.044857609568301315,"[[1,1,0,0,1,0,1,0,0,1],[1,1,1,1,0,1,1,1,0,1]]"
7,318,-0.0455547503164568,0.0455547503164568,"[[1,1,0,0,1,0,1,0,0,1],[1,1,1,1,0,1,1,1,1,0]]"
7,319,-0.04379711849870473,0.04379711849870473,"[[1,1,0,0,1,0,1,0,0,1],[1,1,1,1,0,1,1,1,1,1]]"
7,320,-0.009408036223217668,0.009408036223217668,"[[1,1,0,0,1,0,1,0,1,0],[1,1,1,1,0,0,0,0,0,0]]"
7,321,-0.009365466502026241,0.009365466502026241,"[[1,1,0,0,1,0,1,0,1,0],[1,1,1,1,0,0,0,0,0,1]]"
7,322,-0.011470356309776157,0.011470356309776157,"[[1,1,0,0,1,0,1,0,1,0],[1,1,1,1,0,0,0,0,1,0]]"
7,323,-0.011568790945399254,0.011568790945399254,"[[1,1,0,0,1,0,1,0,1,0],[1,1,1,1,0,0,0,0,1,1]]"
7,324,-0.014741458251837711,0.014741458251837711,"[[1,1,0,0,1,0,1,0,1,0],[1,1,1,1,0,0,0,1,0,0]]"
7,325,-0.014542774006053291,0.014542774006053291,"[[1,1,0,0,1,0,1,0,1,0],[1,1,1,1,0,0,0,1,0,1]]"
7,326,-0.016841109641701418,0.016841109641701418,"[[1,1,0,0,1,0,1,0,1,0],[1,1,1,1,0,0,0,1,1,0]]"
7,327,-0.017075337659718182,0.017075337659718182,"[[1,1,0,0,1,0,1,0,1,0],[1,1,1,1,0,0,0,1,1,1]]"
7,328,-0.019303375825605276,0.019303375825605276,"[[1,1,0,0,1,0,1,0,1,0],[1,1,1,1,0,0,1,0,0,0]]"
7,329,-0.01920983049454842,0.01920983049454842,"[[1,1,0,0,1,0,1,0,1,0],[1,1,1,1,0,0,1,0,0,1]]"
7,330,-0.02154504726201515,0.02154504726201515,"[[1,1,0,0,1,0,1,0,1,0],[1,1,1,1,0,0,1,0,1,0]]"
7,331,-0.02190895116347085,0.02190895116347085,"[[1,1,0,0,1,0,1,0,1,0],[1,1,1,1,0,0,1,0,1,1]]"
7,332,-0.02641348988074183,0.02641348988074183,"[[1,1,0,0,1,0,1,0,1,0],[1,1,1,1,0,0,1,1,0,0]]"
7,333,-0.02652092718347345,0.02652092718347345,"[[1,1,0,0,1,0,1,0,1,0],[1,1,1,1,0,0,1,1,0,1]]"
7,334,-0.028203643354520396,0.028203643354520396,"[[1,1,0,0,1,0,1,0,1,0],[1,1,1,1,0,0,1,1,1,0]]"
7,335,-0.027925606511199304,0.027925606511199304,"[[1,1,0,0,1,0,1,0,1,0],[1,1,1,1,0,0,1,1,1,1]]"
7,336,-0.025469894119238955,0.025469894119238955,"[[1,1,0,0,1,0,1,0,1,0],[1,1,1,1,0,1,0,0,0,0]]"
7,337,-0.025034928100695,0.025034928100695,"[[1,1,0,0,1,0,1,0,1,0],[1,1,1,1,0,1,0,0,0,1]]"
7,338,-0.027862604133324247,0.027862604133324247,"[[1,1,0,0,1,0,1,0,1,0],[1,1,1,1,0,1,0,0,1,0]]"
7,339,-0.027935932986323776,0.027935932986323776,"[[1,1,0,0,1,0,1,0,1,0],[1,1,1,1,0,1,0,0,1,1]]"
7,340,-0.03247057047709908,0.03247057047709908,"[[1,1,0,0,1,0,1,0,1,0],[1,1,1,1,0,1,0,1,0,0]]"
7,341,-0.03214597454541105,0.03214597454541105,"[[1,1,0,0,1,0,1,0,1,0],[1,1,1,1,0,1,0,1,0,1]]"
7,342,-0.03472188655491891,0.03472188655491891,"[[1,1,0,0,1,0,1,0,1,0],[1,1,1,1,0,1,0,1,1,0]]"
7,343,-0.034369144484622846,0.034369144484622846,"[[1,1,0,0,1,0,1,0,1,0],[1,1,1,1,0,1,0,1,1,1]]"
7,344,-0.039247034227064825,0.039247034227064825,"[[1,1,0,0,1,0,1,0,1,0],[1,1,1,1,0,1,1,0,0,0]]"
7,345,-0.03884531098440053,0.03884531098440053,"[[1,1,0,0,1,0,1,0,1,0],[1,1,1,1,0,1,1,0,0,1]]"
7,346,-0.04158130248472336,0.04158130248472336,"[[1,1,0,0,1,0,1,0,1,0],[1,1,1,1,0,1,1,0,1,0]]"
7,347,-0.041186666495069434,0.041186666495069434,"[[1,1,0,0,1,0,1,0,1,0],[1,1,1,1,0,1,1,0,1,1]]"
7,348,-0.046440531828193604,0.046440531828193604,"[[1,1,0,0,1,0,1,0,1,0],[1,1,1,1,0,1,1,1,0,0]]"
7,349,-0.04557413068751062,0.04557413068751062,"[[1,1,0,0,1,0,1,0,1,0],[1,1,1,1,0,1,1,1,0,1]]"
7,350,-0.045900445745431534,0.045900445745431534,"[[1,1,0,0,1,0,1,0,1,0],[1,1,1,1,0,1,1,1,1,0]]"
7,351,-0.04473660149090227,0.04473660149090227,"[[1,1,0,0,1,0,1,0,1,0],[1,1,1,1,0,1,1,1,1,1]]"
7,352,-0.008760459663249698,0.008760459663249698,"[[1,1,0,0,1,0,1,0,1,1],[1,1,1,1,0,0,0,0,0,0]]"
7,353,-0.009052797819917446,0.009052797819917446,"[[1,1,0,0,1,0,1,0,1,1],[1,1,1,1,0,0,0,0,0,1]]"
7,354,-0.011283278023419763,0.011283278023419763,"[[1,1,0,0,1,0,1,0,1,1],[1,1,1,1,0,0,0,0,1,0]]"
7,355,-0.011630669028403968,0.011630669028403968,"[[1,1,0,0,1,0,1,0,1,1],[1,1,1,1,0,0,0,0,1,1]]"
7,356,-0.014443600979528142,0.014443600979528142,"[[1,1,0,0,1,0,1,0,1,1],[1,1,1,1,0,0,0,1,0,0]]"
7,357,-0.014595602274344175,0.014595602274344175,"[[1,1,0,0,1,0,1,0,1,1],[1,1,1,1,0,0,0,1,0,1]]"
7,358,-0.016883347472943906,0.016883347472943906,"[[1,1,0,0,1,0,1,0,1,1],[1,1,1,1,0,0,0,1,1,0]]"
7,359,-0.017297252618963133,0.017297252618963133,"[[1,1,0,0,1,0,1,0,1,1],[1,1,1,1,0,0,0,1,1,1]]"
7,360,-0.018741930411487064,0.018741930411487064,"[[1,1,0,0,1,0,1,0,1,1],[1,1,1,1,0,0,1,0,0,0]]"
7,361,-0.019270113692385137,0.019270113692385137,"[[1,1,0,0,1,0,1,0,1,1],[1,1,1,1,0,0,1,0,0,1]]"
7,362,-0.02140432499364351,0.02140432499364351,"[[1,1,0,0,1,0,1,0,1,1],[1,1,1,1,0,0,1,0,1,0]]"
7,363,-0.021971791333203726,0.021971791333203726,"[[1,1,0,0,1,0,1,0,1,1],[1,1,1,1,0,0,1,0,1,1]]"
7,364,-0.02599298983102521,0.02599298983102521,"[[1,1,0,0,1,0,1,0,1,1],[1,1,1,1,0,0,1,1,0,0]]"
7,365,-0.026399981516221197,0.026399981516221197,"[[1,1,0,0,1,0,1,0,1,1],[1,1,1,1,0,0,1,1,0,1]]"
7,366,-0.028501572804538883,0.028501572804538883,"[[1,1,0,0,1,0,1,0,1,1],[1,1,1,1,0,0,1,1,1,0]]"
7,367,-0.028565190281346343,0.028565190281346343,"[[1,1,0,0,1,0,1,0,1,1],[1,1,1,1,0,0,1,1,1,1]]"
7,368,-0.025008030398240847,0.025008030398240847,"[[1,1,0,0,1,0,1,0,1,1],[1,1,1,1,0,1,0,0,0,0]]"
7,369,-0.025212609423902455,0.025212609423902455,"[[1,1,0,0,1,0,1,0,1,1],[1,1,1,1,0,1,0,0,0,1]]"
7,370,-0.02771293448819351,0.02771293448819351,"[[1,1,0,0,1,0,1,0,1,1],[1,1,1,1,0,1,0,0,1,0]]"
7,371,-0.028194193900913867,0.028194193900913867,"[[1,1,0,0,1,0,1,0,1,1],[1,1,1,1,0,1,0,0,1,1]]"
7,372,-0.03203385664914812,0.03203385664914812,"[[1,1,0,0,1,0,1,0,1,1],[1,1,1,1,0,1,0,1,0,0]]"
7,373,-0.032222905347545135,0.032222905347545135,"[[1,1,0,0,1,0,1,0,1,1],[1,1,1,1,0,1,0,1,0,1]]"
7,374,-0.03493095323885875,0.03493095323885875,"[[1,1,0,0,1,0,1,0,1,1],[1,1,1,1,0,1,0,1,1,0]]"
7,375,-0.03491749489485651,0.03491749489485651,"[[1,1,0,0,1,0,1,0,1,1],[1,1,1,1,0,1,0,1,1,1]]"
7,376,-0.03889050637212074,0.03889050637212074,"[[1,1,0,0,1,0,1,0,1,1],[1,1,1,1,0,1,1,0,0,0]]"
7,377,-0.0391541879211003,0.0391541879211003,"[[1,1,0,0,1,0,1,0,1,1],[1,1,1,1,0,1,1,0,0,1]]"
7,378,-0.04161641489934656,0.04161641489934656,"[[1,1,0,0,1,0,1,0,1,1],[1,1,1,1,0,1,1,0,1,0]]"
7,379,-0.04171337358703881,0.04171337358703881,"[[1,1,0,0,1,0,1,0,1,1],[1,1,1,1,0,1,1,0,1,1]]"
7,380,-0.0462853190965153,0.0462853190965153,"[[1,1,0,0,1,0,1,0,1,1],[1,1,1,1,0,1,1,1,0,0]]"
7,381,-0.046295937157513206,0.046295937157513206,"[[1,1,0,0,1,0,1,0,1,1],[1,1,1,1,0,1,1,1,0,1]]"
7,382,-0.047683171397763645,0.047683171397763645,"[[1,1,0,0,1,0,1,0,1,1],[1,1,1,1,0,1,1,1,1,0]]"
7,383,-0.04609049883601744,0.04609049883601744,"[[1,1,0,0,1,0,1,0,1,1],[1,1,1,1,0,1,1,1,1,1]]"
7,384,-0.006486222520594933,0.006486222520594933,"[[1,1,0,0,1,0,1,1,0,0],[1,1,1,1,0,0,0,0,0,0]]"
7,385,-0.0066542701148417675,0.0066542701148417675,"[[1,1,0,0,1,0,1,1,0,0],[1,1,1,1,0,0,0,0,0,1]]"
7,386,-0.00798770453192998,0.00798770453192998,"[[1,1,0,0,1,0,1,1,0,0],[1,1,1,1,0,0,0,0,1,0]]"
7,387,-0.008474240396999585,0.008474240396999585,"[[1,1,0,0,1,0,1,1,0,0],[1,1,1,1,0,0,0,0,1,1]]"
7,388,-0.010919362063422526,0.010919362063422526,"[[1,1,0,0,1,0,1,1,0,0],[1,1,1,1,0,0,0,1,0,0]]"
7,389,-0.011297828995822982,0.011297828995822982,"[[1,1,0,0,1,0,1,1,0,0],[1,1,1,1,0,0,0,1,0,1]]"
7,390,-0.013022354193623471,0.013022354193623471,"[[1,1,0,0,1,0,1,1,0,0],[1,1,1,1,0,0,0,1,1,0]]"
7,391,-0.013433696223064782,0.013433696223064782,"[[1,1,0,0,1,0,1,1,0,0],[1,1,1,1,0,0,0,1,1,1]]"
7,392,-0.01586983465604745,0.01586983465604745,"[[1,1,0,0,1,0,1,1,0,0],[1,1,1,1,0,0,1,0,0,0]]"
7,393,-0.0162161950524649,0.0162161950524649,"[[1,1,0,0,1,0,1,1,0,0],[1,1,1,1,0,0,1,0,0,1]]"
7,394,-0.017498007698543018,0.017498007698543018,"[[1,1,0,0,1,0,1,1,0,0],[1,1,1,1,0,0,1,0,1,0]]"
7,395,-0.01791875082666571,0.01791875082666571,"[[1,1,0,0,1,0,1,1,0,0],[1,1,1,1,0,0,1,0,1,1]]"
7,396,-0.022050713813548145,0.022050713813548145,"[[1,1,0,0,1,0,1,1,0,0],[1,1,1,1,0,0,1,1,0,0]]"
7,397,-0.022684649759247586,0.022684649759247586,"[[1,1,0,0,1,0,1,1,0,0],[1,1,1,1,0,0,1,1,0,1]]"
7,398,-0.02426973889004211,0.02426973889004211,"[[1,1,0,0,1,0,1,1,0,0],[1,1,1,1,0,0,1,1,1,0]]"
7,399,-0.024407522400941916,0.024407522400941916,"[[1,1,0,0,1,0,1,1,0,0],[1,1,1,1,0,0,1,1,1,1]]"
7,400,-0.02103152156611419,0.02103152156611419,"[[1,1,0,0,1,0,1,1,0,0],[1,1,1,1,0,1,0,0,0,0]]"
7,401,-0.02137138014105866,0.02137138014105866,"[[1,1,0,0,1,0,1,1,0,0],[1,1,1,1,0,1,0,0,0,1]]"
7,402,-0.023212251130966463,0.023212251130966463,"[[1,1,0,0,1,0,1,1,0,0],[1,1,1,1,0,1,0,0,1,0]]"
7,403,-0.02374972033738061,0.02374972033738061,"[[1,1,0,0,1,0,1,1,0,0],[1,1,1,1,0,1,0,0,1,1]]"
7,404,-0.027250798065063617,0.027250798065063617,"[[1,1,0,0,1,0,1,1,0,0],[1,1,1,1,0,1,0,1,0,0]]"
7,405,-0.02785375675923642,0.02785375675923642,"[[1,1,0,0,1,0,1,1,0,0],[1,1,1,1,0,1,0,1,0,1]]"
7,406,-0.029960383451256175,0.029960383451256175,"[[1,1,0,0,1,0,1,1,0,0],[1,1,1,1,0,1,0,1,1,0]]"
7,407,-0.030408567832039254,0.030408567832039254,"[[1,1,0,0,1,0,1,1,0,0],[1,1,1,1,0,1,0,1,1,1]]"
7,408,-0.03496219241888828,0.03496219241888828,"[[1,1,0,0,1,0,1,1,0,0],[1,1,1,1,0,1,1,0,0,0]]"
7,409,-0.03540425911863132,0.03540425911863132,"[[1,1,0,0,1,0,1,1,0,0],[1,1,1,1,0,1,1,0,0,1]]"
7,410,-0.037453807797727806,0.037453807797727806,"[[1,1,0,0,1,0,1,1,0,0],[1,1,1,1,0,1,1,0,1,0]]"
7,411,-0.03776223649231144,0.03776223649231144,"[[1,1,0,0,1,0,1,1,0,0],[1,1,1,1,0,1,1,0,1,1]]"
7,412,-0.0425690400935205,0.0425690400935205,"[[1,1,0,0,1,0,1,1,0,0],[1,1,1,1,0,1,1,1,0,0]]"
7,413,-0.04300366649139123,0.04300366649139123,"[[1,1,0,0,1,0,1,1,0,0],[1,1,1,1,0,1,1,1,0,1]]"
7,414,-0.04401293373893982,0.04401293373893982,"[[1,1,0,0,1,0,1,1,0,0],[1,1,1,1,0,1,1,1,1,0]]"
7,415,-0.04343346163702825,0.04343346163702825,"[[1,1,0,0,1,0,1,1,0,0],[1,1,1,1,0,1,1,1,1,1]]"
7,416,-0.00598531237441646,0.00598531237441646,"[[1,1,0,0,1,0,1,1,0,1],[1,1,1,1,0,0,0,0,0,0]]"
7,417,-0.006299882301541922,0.006299882301541922,"[[1,1,0,0,1,0,1,1,0,1],[1,1,1,1,0,0,0,0,0,1]]"
7,418,-0.0077682807085168335,0.0077682807085168335,"[[1,1,0,0,1,0,1,1,0,1],[1,1,1,1,0,0,0,0,1,0]]"
7,419,-0.008434162664567736,0.008434162664567736,"[[1,1,0,0,1,0,1,1,0,1],[1,1,1,1,0,0,0,0,1,1]]"
7,420,-0.010755892273834748,0.010755892273834748,"[[1,1,0,0,1,0,1,1,0,1],[1,1,1,1,0,0,0,1,0,0]]"
7,421,-0.011298114069769681,0.011298114069769681,"[[1,1,0,0,1,0,1,1,0,1],[1,1,1,1,0,0,0,1,0,1]]"
7,422,-0.013077687625272207,0.013077687625272207,"[[1,1,0,0,1,0,1,1,0,1],[1,1,1,1,0,0,0,1,1,0]]"
7,423,-0.013540937248194957,0.013540937248194957,"[[1,1,0,0,1,0,1,1,0,1],[1,1,1,1,0,0,0,1,1,1]]"
7,424,-0.015350716302363166,0.015350716302363166,"[[1,1,0,0,1,0,1,1,0,1],[1,1,1,1,0,0,1,0,0,0]]"
7,425,-0.016001881461245013,0.016001881461245013,"[[1,1,0,0,1,0,1,1,0,1],[1,1,1,1,0,0,1,0,0,1]]"
7,426,-0.017625400111460944,0.017625400111460944,"[[1,1,0,0,1,0,1,1,0,1],[1,1,1,1,0,0,1,0,1,0]]"
7,427,-0.017966499861800565,0.017966499861800565,"[[1,1,0,0,1,0,1,1,0,1],[1,1,1,1,0,0,1,0,1,1]]"
7,428,-0.022026015746337727,0.022026015746337727,"[[1,1,0,0,1,0,1,1,0,1],[1,1,1,1,0,0,1,1,0,0]]"
7,429,-0.022532283550238993,0.022532283550238993,"[[1,1,0,0,1,0,1,1,0,1],[1,1,1,1,0,0,1,1,0,1]]"
7,430,-0.024711671655037085,0.024711671655037085,"[[1,1,0,0,1,0,1,1,0,1],[1,1,1,1,0,0,1,1,1,0]]"
7,431,-0.024840061103544836,0.024840061103544836,"[[1,1,0,0,1,0,1,1,0,1],[1,1,1,1,0,0,1,1,1,1]]"
7,432,-0.020470336015847735,0.020470336015847735,"[[1,1,0,0,1,0,1,1,0,1],[1,1,1,1,0,1,0,0,0,0]]"
7,433,-0.021161178777817567,0.021161178777817567,"[[1,1,0,0,1,0,1,1,0,1],[1,1,1,1,0,1,0,0,0,1]]"
7,434,-0.023180265261194623,0.023180265261194623,"[[1,1,0,0,1,0,1,1,0,1],[1,1,1,1,0,1,0,0,1,0]]"
7,435,-0.02369510311172097,0.02369510311172097,"[[1,1,0,0,1,0,1,1,0,1],[1,1,1,1,0,1,0,0,1,1]]"
7,436,-0.02737395172339961,0.02737395172339961,"[[1,1,0,0,1,0,1,1,0,1],[1,1,1,1,0,1,0,1,0,0]]"
7,437,-0.027997101701984682,0.027997101701984682,"[[1,1,0,0,1,0,1,1,0,1],[1,1,1,1,0,1,0,1,0,1]]"
7,438,-0.030100253058412175,0.030100253058412175,"[[1,1,0,0,1,0,1,1,0,1],[1,1,1,1,0,1,0,1,1,0]]"
7,439,-0.030619495757429904,0.030619495757429904,"[[1,1,0,0,1,0,1,1,0,1],[1,1,1,1,0,1,0,1,1,1]]"
7,440,-0.034394383878517926,0.034394383878517926,"[[1,1,0,0,1,0,1,1,0,1],[1,1,1,1,0,1,1,0,0,0]]"
7,441,-0.03509777639324886,0.03509777639324886,"[[1,1,0,0,1,0,1,1,0,1],[1,1,1,1,0,1,1,0,0,1]]"
7,442,-0.03762854771955952,0.03762854771955952,"[[1,1,0,0,1,0,1,1,0,1],[1,1,1,1,0,1,1,0,1,0]]"
7,443,-0.037761023154416214,0.037761023154416214,"[[1,1,0,0,1,0,1,1,0,1],[1,1,1,1,0,1,1,0,1,1]]"
7,444,-0.04308033263251804,0.04308033263251804,"[[1,1,0,0,1,0,1,1,0,1],[1,1,1,1,0,1,1,1,0,0]]"
7,445,-0.04318646516726104,0.04318646516726104,"[[1,1,0,0,1,0,1,1,0,1],[1,1,1,1,0,1,1,1,0,1]]"
7,446,-0.04457898685052762,0.04457898685052762,"[[1,1,0,0,1,0,1,1,0,1],[1,1,1,1,0,1,1,1,1,0]]"
7,447,-0.04389399867945446,0.04389399867945446,"[[1,1,0,0,1,0,1,1,0,1],[1,1,1,1,0,1,1,1,1,1]]"
7,448,-0.004588649206347452,0.004588649206347452,"[[1,1,0,0,1,0,1,1,1,0],[1,1,1,1,0,0,0,0,0,0]]"
7,449,-0.004597775476814774,0.004597775476814774,"[[1,1,0,0,1,0,1,1,1,0],[1,1,1,1,0,0,0,0,0,1]]"
7,450,-0.0057278522848768386,0.0057278522848768386,"[[1,1,0,0,1,0,1,1,1,0],[1,1,1,1,0,0,0,0,1,0]]"
7,451,-0.006057617044287338,0.006057617044287338,"[[1,1,0,0,1,0,1,1,1,0],[1,1,1,1,0,0,0,0,1,1]]"
7,452,-0.008584053863610884,0.008584053863610884,"[[1,1,0,0,1,0,1,1,1,0],[1,1,1,1,0,0,0,1,0,0]]"
7,453,-0.008698142236611667,0.008698142236611667,"[[1,1,0,0,1,0,1,1,1,0],[1,1,1,1,0,0,0,1,0,1]]"
7,454,-0.010933528157880103,0.010933528157880103,"[[1,1,0,0,1,0,1,1,1,0],[1,1,1,1,0,0,0,1,1,0]]"
7,455,-0.011107380948044063,0.011107380948044063,"[[1,1,0,0,1,0,1,1,1,0],[1,1,1,1,0,0,0,1,1,1]]"
7,456,-0.013067159835582544,0.013067159835582544,"[[1,1,0,0,1,0,1,1,1,0],[1,1,1,1,0,0,1,0,0,0]]"
7,457,-0.013324390251057522,0.013324390251057522,"[[1,1,0,0,1,0,1,1,1,0],[1,1,1,1,0,0,1,0,0,1]]"
7,458,-0.01530341801199413,0.01530341801199413,"[[1,1,0,0,1,0,1,1,1,0],[1,1,1,1,0,0,1,0,1,0]]"
7,459,-0.015694308942530117,0.015694308942530117,"[[1,1,0,0,1,0,1,1,1,0],[1,1,1,1,0,0,1,0,1,1]]"
7,460,-0.020285180333926754,0.020285180333926754,"[[1,1,0,0,1,0,1,1,1,0],[1,1,1,1,0,0,1,1,0,0]]"
7,461,-0.02022039952852268,0.02022039952852268,"[[1,1,0,0,1,0,1,1,1,0],[1,1,1,1,0,0,1,1,0,1]]"
7,462,-0.02280656834773828,0.02280656834773828,"[[1,1,0,0,1,0,1,1,1,0],[1,1,1,1,0,0,1,1,1,0]]"
7,463,-0.02327793408509127,0.02327793408509127,"[[1,1,0,0,1,0,1,1,1,0],[1,1,1,1,0,0,1,1,1,1]]"
7,464,-0.01797397724039872,0.01797397724039872,"[[1,1,0,0,1,0,1,1,1,0],[1,1,1,1,0,1,0,0,0,0]]"
7,465,-0.018100277585319284,0.018100277585319284,"[[1,1,0,0,1,0,1,1,1,0],[1,1,1,1,0,1,0,0,0,1]]"
7,466,-0.02041027935859089,0.02041027935859089,"[[1,1,0,0,1,0,1,1,1,0],[1,1,1,1,0,1,0,0,1,0]]"
7,467,-0.020867346705888464,0.020867346705888464,"[[1,1,0,0,1,0,1,1,1,0],[1,1,1,1,0,1,0,0,1,1]]"
7,468,-0.025325344800263515,0.025325344800263515,"[[1,1,0,0,1,0,1,1,1,0],[1,1,1,1,0,1,0,1,0,0]]"
7,469,-0.025216281588796154,0.025216281588796154,"[[1,1,0,0,1,0,1,1,1,0],[1,1,1,1,0,1,0,1,0,1]]"
7,470,-0.028017483994942024,0.028017483994942024,"[[1,1,0,0,1,0,1,1,1,0],[1,1,1,1,0,1,0,1,1,0]]"
7,471,-0.028378254632745067,0.028378254632745067,"[[1,1,0,0,1,0,1,1,1,0],[1,1,1,1,0,1,0,1,1,1]]"
7,472,-0.03205293473754789,0.03205293473754789,"[[1,1,0,0,1,0,1,1,1,0],[1,1,1,1,0,1,1,0,0,0]]"
7,473,-0.032521935028684466,0.032521935028684466,"[[1,1,0,0,1,0,1,1,1,0],[1,1,1,1,0,1,1,0,0,1]]"
7,474,-0.03476965921787194,0.03476965921787194,"[[1,1,0,0,1,0,1,1,1,0],[1,1,1,1,0,1,1,0,1,0]]"
7,475,-0.03532533394616232,0.03532533394616232,"[[1,1,0,0,1,0,1,1,1,0],[1,1,1,1,0,1,1,0,1,1]]"
7,476,-0.04138756190506255,0.04138756190506255,"[[1,1,0,0,1,0,1,1,1,0],[1,1,1,1,0,1,1,1,0,0]]"
7,477,-0.041405948555281444,0.041405948555281444,"[[1,1,0,0,1,0,1,1,1,0],[1,1,1,1,0,1,1,1,0,1]]"
7,478,-0.044058324366566266,0.044058324366566266,"[[1,1,0,0,1,0,1,1,1,0],[1,1,1,1,0,1,1,1,1,0]]"
7,479,-0.043887426003967674,0.043887426003967674,"[[1,1,0,0,1,0,1,1,1,0],[1,1,1,1,0,1,1,1,1,1]]"
7,480,-0.004102459112523914,0.004102459112523914,"[[1,1,0,0,1,0,1,1,1,1],[1,1,1,1,0,0,0,0,0,0]]"
7,481,-0.004223125887456052,0.004223125887456052,"[[1,1,0,0,1,0,1,1,1,1],[1,1,1,1,0,0,0,0,0,1]]"
7,482,-0.005408621093846528,0.005408621093846528,"[[1,1,0,0,1,0,1,1,1,1],[1,1,1,1,0,0,0,0,1,0]]"
7,483,-0.005748443877215562,0.005748443877215562,"[[1,1,0,0,1,0,1,1,1,1],[1,1,1,1,0,0,0,0,1,1]]"
7,484,-0.008004293994552152,0.008004293994552152,"[[1,1,0,0,1,0,1,1,1,1],[1,1,1,1,0,0,0,1,0,0]]"
7,485,-0.008367845825470671,0.008367845825470671,"[[1,1,0,0,1,0,1,1,1,1],[1,1,1,1,0,0,0,1,0,1]]"
7,486,-0.010504036258723362,0.010504036258723362,"[[1,1,0,0,1,0,1,1,1,1],[1,1,1,1,0,0,0,1,1,0]]"
7,487,-0.01118348655825799,0.01118348655825799,"[[1,1,0,0,1,0,1,1,1,1],[1,1,1,1,0,0,0,1,1,1]]"
7,488,-0.012264517371273133,0.012264517371273133,"[[1,1,0,0,1,0,1,1,1,1],[1,1,1,1,0,0,1,0,0,0]]"
7,489,-0.012685228364115059,0.012685228364115059,"[[1,1,0,0,1,0,1,1,1,1],[1,1,1,1,0,0,1,0,0,1]]"
7,490,-0.014942255914998419,0.014942255914998419,"[[1,1,0,0,1,0,1,1,1,1],[1,1,1,1,0,0,1,0,1,0]]"
7,491,-0.015607106738271355,0.015607106738271355,"[[1,1,0,0,1,0,1,1,1,1],[1,1,1,1,0,0,1,0,1,1]]"
7,492,-0.019868505066742224,0.019868505066742224,"[[1,1,0,0,1,0,1,1,1,1],[1,1,1,1,0,0,1,1,0,0]]"
7,493,-0.020252574978176986,0.020252574978176986,"[[1,1,0,0,1,0,1,1,1,1],[1,1,1,1,0,0,1,1,0,1]]"
7,494,-0.022671540513942223,0.022671540513942223,"[[1,1,0,0,1,0,1,1,1,1],[1,1,1,1,0,0,1,1,1,0]]"
7,495,-0.023424741610414385,0.023424741610414385,"[[1,1,0,0,1,0,1,1,1,1],[1,1,1,1,0,0,1,1,1,1]]"
7,496,-0.01711025439403338,0.01711025439403338,"[[1,1,0,0,1,0,1,1,1,1],[1,1,1,1,0,1,0,0,0,0]]"
7,497,-0.0175417492175698,0.0175417492175698,"[[1,1,0,0,1,0,1,1,1,1],[1,1,1,1,0,1,0,0,0,1]]"
7,498,-0.019716706492865697,0.019716706492865697,"[[1,1,0,0,1,0,1,1,1,1],[1,1,1,1,0,1,0,0,1,0]]"
7,499,-0.02056967324343827,0.02056967324343827,"[[1,1,0,0,1,0,1,1,1,1],[1,1,1,1,0,1,0,0,1,1]]"
7,500,-0.024650574945564926,0.024650574945564926,"[[1,1,0,0,1,0,1,1,1,1],[1,1,1,1,0,1,0,1,0,0]]"
7,501,-0.025034184393917323,0.025034184393917323,"[[1,1,0,0,1,0,1,1,1,1],[1,1,1,1,0,1,0,1,0,1]]"
7,502,-0.027746378538788447,0.027746378538788447,"[[1,1,0,0,1,0,1,1,1,1],[1,1,1,1,0,1,0,1,1,0]]"
7,503,-0.028522673911337226,0.028522673911337226,"[[1,1,0,0,1,0,1,1,1,1],[1,1,1,1,0,1,0,1,1,1]]"
7,504,-0.0307966214188384,0.0307966214188384,"[[1,1,0,0,1,0,1,1,1,1],[1,1,1,1,0,1,1,0,0,0]]"
7,505,-0.031771575069551215,0.031771575069551215,"[[1,1,0,0,1,0,1,1,1,1],[1,1,1,1,0,1,1,0,0,1]]"
7,506,-0.03423735087541638,0.03423735087541638,"[[1,1,0,0,1,0,1,1,1,1],[1,1,1,1,0,1,1,0,1,0]]"
7,507,-0.03500398126559465,0.03500398126559465,"[[1,1,0,0,1,0,1,1,1,1],[1,1,1,1,0,1,1,0,1,1]]"
7,508,-0.040673864847479625,0.040673864847479625,"[[1,1,0,0,1,0,1,1,1,1],[1,1,1,1,0,1,1,1,0,0]]"
7,509,-0.041213587123516186,0.041213587123516186,"[[1,1,0,0,1,0,1,1,1,1],[1,1,1,1,0,1,1,1,0,1]]"
7,510,-0.044080148673733346,0.044080148673733346,"[[1,1,0,0,1,0,1,1,1,1],[1,1,1,1,0,1,1,1,1,0]]"
7,511,-0.04434148824909823,0.04434148824909823,"[[1,1,0,0,1,0,1,1,1,1],[1,1,1,1,0,1,1,1,1,1]]"
7,512,-0.008048762511029569,0.008048762511029569,"[[1,1,0,0,1,1,0,0,0,0],[1,1,1,1,0,0,0,0,0,0]]"
7,513,-0.00792325189346373,0.00792325189346373,"[[1,1,0,0,1,1,0,0,0,0],[1,1,1,1,0,0,0,0,0,1]]"
7,514,-0.009123175788120597,0.009123175788120597,"[[1,1,0,0,1,1,0,0,0,0],[1,1,1,1,0,0,0,0,1,0]]"
7,515,-0.009383958851805867,0.009383958851805867,"[[1,1,0,0,1,1,0,0,0,0],[1,1,1,1,0,0,0,0,1,1]]"
7,516,-0.011942842528603052,0.011942842528603052,"[[1,1,0,0,1,1,0,0,0,0],[1,1,1,1,0,0,0,1,0,0]]"
7,517,-0.012287414607135047,0.012287414607135047,"[[1,1,0,0,1,1,0,0,0,0],[1,1,1,1,0,0,0,1,0,1]]"
7,518,-0.013200667692593576,0.013200667692593576,"[[1,1,0,0,1,1,0,0,0,0],[1,1,1,1,0,0,0,1,1,0]]"
7,519,-0.013179696439601324,0.013179696439601324,"[[1,1,0,0,1,1,0,0,0,0],[1,1,1,1,0,0,0,1,1,1]]"
7,520,-0.01535399354654166,0.01535399354654166,"[[1,1,0,0,1,1,0,0,0,0],[1,1,1,1,0,0,1,0,0,0]]"
7,521,-0.015701253416326923,0.015701253416326923,"[[1,1,0,0,1,1,0,0,0,0],[1,1,1,1,0,0,1,0,0,1]]"
7,522,-0.01713910487998323,0.01713910487998323,"[[1,1,0,0,1,1,0,0,0,0],[1,1,1,1,0,0,1,0,1,0]]"
7,523,-0.017292455500063163,0.017292455500063163,"[[1,1,0,0,1,1,0,0,0,0],[1,1,1,1,0,0,1,0,1,1]]"
7,524,-0.02036359808394972,0.02036359808394972,"[[1,1,0,0,1,1,0,0,0,0],[1,1,1,1,0,0,1,1,0,0]]"
7,525,-0.020583289557833232,0.020583289557833232,"[[1,1,0,0,1,1,0,0,0,0],[1,1,1,1,0,0,1,1,0,1]]"
7,526,-0.021320231387962713,0.021320231387962713,"[[1,1,0,0,1,1,0,0,0,0],[1,1,1,1,0,0,1,1,1,0]]"
7,527,-0.020452559768952258,0.020452559768952258,"[[1,1,0,0,1,1,0,0,0,0],[1,1,1,1,0,0,1,1,1,1]]"
7,528,-0.020114836489080218,0.020114836489080218,"[[1,1,0,0,1,1,0,0,0,0],[1,1,1,1,0,1,0,0,0,0]]"
7,529,-0.0202198629654451,0.0202198629654451,"[[1,1,0,0,1,1,0,0,0,0],[1,1,1,1,0,1,0,0,0,1]]"
7,530,-0.021963111097010723,0.021963111097010723,"[[1,1,0,0,1,1,0,0,0,0],[1,1,1,1,0,1,0,0,1,0]]"
7,531,-0.022204867781465226,0.022204867781465226,"[[1,1,0,0,1,1,0,0,0,0],[1,1,1,1,0,1,0,0,1,1]]"
7,532,-0.02525264737138741,0.02525264737138741,"[[1,1,0,0,1,1,0,0,0,0],[1,1,1,1,0,1,0,1,0,0]]"
7,533,-0.025514844897170028,0.025514844897170028,"[[1,1,0,0,1,1,0,0,0,0],[1,1,1,1,0,1,0,1,0,1]]"
7,534,-0.026518073183244856,0.026518073183244856,"[[1,1,0,0,1,1,0,0,0,0],[1,1,1,1,0,1,0,1,1,0]]"
7,535,-0.02598481370511795,0.02598481370511795,"[[1,1,0,0,1,1,0,0,0,0],[1,1,1,1,0,1,0,1,1,1]]"
7,536,-0.031238402585906332,0.031238402585906332,"[[1,1,0,0,1,1,0,0,0,0],[1,1,1,1,0,1,1,0,0,0]]"
7,537,-0.03139143401477304,0.03139143401477304,"[[1,1,0,0,1,1,0,0,0,0],[1,1,1,1,0,1,1,0,0,1]]"
7,538,-0.03298619807453225,0.03298619807453225,"[[1,1,0,0,1,1,0,0,0,0],[1,1,1,1,0,1,1,0,1,0]]"
7,539,-0.032764409073719684,0.032764409073719684,"[[1,1,0,0,1,1,0,0,0,0],[1,1,1,1,0,1,1,0,1,1]]"
7,540,-0.0350017628726446,0.0350017628726446,"[[1,1,0,0,1,1,0,0,0,0],[1,1,1,1,0,1,1,1,0,0]]"
7,541,-0.034375235808868275,0.034375235808868275,"[[1,1,0,0,1,1,0,0,0,0],[1,1,1,1,0,1,1,1,0,1]]"
7,542,-0.034668120043266526,0.034668120043266526,"[[1,1,0,0,1,1,0,0,0,0],[1,1,1,1,0,1,1,1,1,0]]"
7,543,-0.03203813225201585,0.03203813225201585,"[[1,1,0,0,1,1,0,0,0,0],[1,1,1,1,0,1,1,1,1,1]]"
7,544,-0.00782077751713815,0.00782077751713815,"[[1,1,0,0,1,1,0,0,0,1],[1,1,1,1,0,0,0,0,0,0]]"
7,545,-0.00801486534031848,0.00801486534031848,"[[1,1,0,0,1,1,0,0,0,1],[1,1,1,1,0,0,0,0,0,1]]"
7,546,-0.00930168815776706,0.00930168815776706,"[[1,1,0,0,1,1,0,0,0,1],[1,1,1,1,0,0,0,0,1,0]]"
7,547,-0.009562525831141495,0.009562525831141495,"[[1,1,0,0,1,1,0,0,0,1],[1,1,1,1,0,0,0,0,1,1]]"
7,548,-0.011985515588734823,0.011985515588734823,"[[1,1,0,0,1,1,0,0,0,1],[1,1,1,1,0,0,0,1,0,0]]"
7,549,-0.012324330751564782,0.012324330751564782,"[[1,1,0,0,1,1,0,0,0,1],[1,1,1,1,0,0,0,1,0,1]]"
7,550,-0.013610560027011515,0.013610560027011515,"[[1,1,0,0,1,1,0,0,0,1],[1,1,1,1,0,0,0,1,1,0]]"
7,551,-0.013711469583186942,0.013711469583186942,"[[1,1,0,0,1,1,0,0,0,1],[1,1,1,1,0,0,0,1,1,1]]"
7,552,-0.015386920486219091,0.015386920486219091,"[[1,1,0,0,1,1,0,0,0,1],[1,1,1,1,0,0,1,0,0,0]]"
7,553,-0.01587492126381737,0.01587492126381737,"[[1,1,0,0,1,1,0,0,0,1],[1,1,1,1,0,0,1,0,0,1]]"
7,554,-0.017493769676824245,0.017493769676824245,"[[1,1,0,0,1,1,0,0,0,1],[1,1,1,1,0,0,1,0,1,0]]"
7,555,-0.017619080715816453,0.017619080715816453,"[[1,1,0,0,1,1,0,0,0,1],[1,1,1,1,0,0,1,0,1,1]]"
7,556,-0.02093348379468368,0.02093348379468368,"[[1,1,0,0,1,1,0,0,0,1],[1,1,1,1,0,0,1,1,0,0]]"
7,557,-0.02109818978606476,0.02109818978606476,"[[1,1,0,0,1,1,0,0,0,1],[1,1,1,1,0,0,1,1,0,1]]"
7,558,-0.021945227148101442,0.021945227148101442,"[[1,1,0,0,1,1,0,0,0,1],[1,1,1,1,0,0,1,1,1,0]]"
7,559,-0.021488789464364003,0.021488789464364003,"[[1,1,0,0,1,1,0,0,0,1],[1,1,1,1,0,0,1,1,1,1]]"
7,560,-0.020096950498520224,0.020096950498520224,"[[1,1,0,0,1,1,0,0,0,1],[1,1,1,1,0,1,0,0,0,0]]"
7,561,-0.020379014037409174,0.020379014037409174,"[[1,1,0,0,1,1,0,0,0,1],[1,1,1,1,0,1,0,0,0,1]]"
7,562,-0.022018032788241194,0.022018032788241194,"[[1,1,0,0,1,1,0,0,0,1],[1,1,1,1,0,1,0,0,1,0]]"
7,563,-0.022457117927720174,0.022457117927720174,"[[1,1,0,0,1,1,0,0,0,1],[1,1,1,1,0,1,0,0,1,1]]"
7,564,-0.025698517222687296,0.025698517222687296,"[[1,1,0,0,1,1,0,0,0,1],[1,1,1,1,0,1,0,1,0,0]]"
7,565,-0.025914263863300008,0.025914263863300008,"[[1,1,0,0,1,1,0,0,0,1],[1,1,1,1,0,1,0,1,0,1]]"
7,566,-0.026824476814727116,0.026824476814727116,"[[1,1,0,0,1,1,0,0,0,1],[1,1,1,1,0,1,0,1,1,0]]"
7,567,-0.02675989062171026,0.02675989062171026,"[[1,1,0,0,1,1,0,0,0,1],[1,1,1,1,0,1,0,1,1,1]]"
7,568,-0.03145341069954438,0.03145341069954438,"[[1,1,0,0,1,1,0,0,0,1],[1,1,1,1,0,1,1,0,0,0]]"
7,569,-0.031874084553445155,0.031874084553445155,"[[1,1,0,0,1,1,0,0,0,1],[1,1,1,1,0,1,1,0,0,1]]"
7,570,-0.0334981001755788,0.0334981001755788,"[[1,1,0,0,1,1,0,0,0,1],[1,1,1,1,0,1,1,0,1,0]]"
7,571,-0.03325742386956584,0.03325742386956584,"[[1,1,0,0,1,1,0,0,0,1],[1,1,1,1,0,1,1,0,1,1]]"
7,572,-0.03601489685866763,0.03601489685866763,"[[1,1,0,0,1,1,0,0,0,1],[1,1,1,1,0,1,1,1,0,0]]"
7,573,-0.03556167718764723,0.03556167718764723,"[[1,1,0,0,1,1,0,0,0,1],[1,1,1,1,0,1,1,1,0,1]]"
7,574,-0.03568273570188751,0.03568273570188751,"[[1,1,0,0,1,1,0,0,0,1],[1,1,1,1,0,1,1,1,1,0]]"
7,575,-0.03418158633442329,0.03418158633442329,"[[1,1,0,0,1,1,0,0,0,1],[1,1,1,1,0,1,1,1,1,1]]"
7,576,-0.006211707892377611,0.006211707892377611,"[[1,1,0,0,1,1,0,0,1,0],[1,1,1,1,0,0,0,0,0,0]]"
7,577,-0.006249468645117823,0.006249468645117823,"[[1,1,0,0,1,1,0,0,1,0],[1,1,1,1,0,0,0,0,0,1]]"
7,578,-0.007753223165368167,0.007753223165368167,"[[1,1,0,0,1,1,0,0,1,0],[1,1,1,1,0,0,0,0,1,0]]"
7,579,-0.007916391472406014,0.007916391472406014,"[[1,1,0,0,1,1,0,0,1,0],[1,1,1,1,0,0,0,0,1,1]]"
7,580,-0.01068887396811131,0.01068887396811131,"[[1,1,0,0,1,1,0,0,1,0],[1,1,1,1,0,0,0,1,0,0]]"
7,581,-0.010722279544357796,0.010722279544357796,"[[1,1,0,0,1,1,0,0,1,0],[1,1,1,1,0,0,0,1,0,1]]"
7,582,-0.012676765788650426,0.012676765788650426,"[[1,1,0,0,1,1,0,0,1,0],[1,1,1,1,0,0,0,1,1,0]]"
7,583,-0.01282184674733716,0.01282184674733716,"[[1,1,0,0,1,1,0,0,1,0],[1,1,1,1,0,0,0,1,1,1]]"
7,584,-0.01381974836818705,0.01381974836818705,"[[1,1,0,0,1,1,0,0,1,0],[1,1,1,1,0,0,1,0,0,0]]"
7,585,-0.013950343717865455,0.013950343717865455,"[[1,1,0,0,1,1,0,0,1,0],[1,1,1,1,0,0,1,0,0,1]]"
7,586,-0.015825789471810448,0.015825789471810448,"[[1,1,0,0,1,1,0,0,1,0],[1,1,1,1,0,0,1,0,1,0]]"
7,587,-0.016343207254030694,0.016343207254030694,"[[1,1,0,0,1,1,0,0,1,0],[1,1,1,1,0,0,1,0,1,1]]"
7,588,-0.019546096834087007,0.019546096834087007,"[[1,1,0,0,1,1,0,0,1,0],[1,1,1,1,0,0,1,1,0,0]]"
7,589,-0.020072451271983267,0.020072451271983267,"[[1,1,0,0,1,1,0,0,1,0],[1,1,1,1,0,0,1,1,0,1]]"
7,590,-0.021715812273435817,0.021715812273435817,"[[1,1,0,0,1,1,0,0,1,0],[1,1,1,1,0,0,1,1,1,0]]"
7,591,-0.021632236952773946,0.021632236952773946,"[[1,1,0,0,1,1,0,0,1,0],[1,1,1,1,0,0,1,1,1,1]]"
7,592,-0.01814499917221764,0.01814499917221764,"[[1,1,0,0,1,1,0,0,1,0],[1,1,1,1,0,1,0,0,0,0]]"
7,593,-0.017933582668654205,0.017933582668654205,"[[1,1,0,0,1,1,0,0,1,0],[1,1,1,1,0,1,0,0,0,1]]"
7,594,-0.020258784671745703,0.020258784671745703,"[[1,1,0,0,1,1,0,0,1,0],[1,1,1,1,0,1,0,0,1,0]]"
7,595,-0.020722904298629673,0.020722904298629673,"[[1,1,0,0,1,1,0,0,1,0],[1,1,1,1,0,1,0,0,1,1]]"
7,596,-0.024644511098845846,0.024644511098845846,"[[1,1,0,0,1,1,0,0,1,0],[1,1,1,1,0,1,0,1,0,0]]"
7,597,-0.024866560691729843,0.024866560691729843,"[[1,1,0,0,1,1,0,0,1,0],[1,1,1,1,0,1,0,1,0,1]]"
7,598,-0.02643256557217182,0.02643256557217182,"[[1,1,0,0,1,1,0,0,1,0],[1,1,1,1,0,1,0,1,1,0]]"
7,599,-0.02627191452876448,0.02627191452876448,"[[1,1,0,0,1,1,0,0,1,0],[1,1,1,1,0,1,0,1,1,1]]"
7,600,-0.030359106769247992,0.030359106769247992,"[[1,1,0,0,1,1,0,0,1,0],[1,1,1,1,0,1,1,0,0,0]]"
7,601,-0.030237676262938846,0.030237676262938846,"[[1,1,0,0,1,1,0,0,1,0],[1,1,1,1,0,1,1,0,0,1]]"
7,602,-0.03230536051732451,0.03230536051732451,"[[1,1,0,0,1,1,0,0,1,0],[1,1,1,1,0,1,1,0,1,0]]"
7,603,-0.032186057754693215,0.032186057754693215,"[[1,1,0,0,1,1,0,0,1,0],[1,1,1,1,0,1,1,0,1,1]]"
7,604,-0.0360009877373986,0.0360009877373986,"[[1,1,0,0,1,1,0,0,1,0],[1,1,1,1,0,1,1,1,0,0]]"
7,605,-0.03592596861886797,0.03592596861886797,"[[1,1,0,0,1,1,0,0,1,0],[1,1,1,1,0,1,1,1,0,1]]"
7,606,-0.036791375496088345,0.036791375496088345,"[[1,1,0,0,1,1,0,0,1,0],[1,1,1,1,0,1,1,1,1,0]]"
7,607,-0.03598972196367811,0.03598972196367811,"[[1,1,0,0,1,1,0,0,1,0],[1,1,1,1,0,1,1,1,1,1]]"
7,608,-0.005817790876481017,0.005817790876481017,"[[1,1,0,0,1,1,0,0,1,1],[1,1,1,1,0,0,0,0,0,0]]"
7,609,-0.006215918885656868,0.006215918885656868,"[[1,1,0,0,1,1,0,0,1,1],[1,1,1,1,0,0,0,0,0,1]]"
7,610,-0.007696999167676973,0.007696999167676973,"[[1,1,0,0,1,1,0,0,1,1],[1,1,1,1,0,0,0,0,1,0]]"
7,611,-0.008046248537764276,0.008046248537764276,"[[1,1,0,0,1,1,0,0,1,1],[1,1,1,1,0,0,0,0,1,1]]"
7,612,-0.010404027215982698,0.010404027215982698,"[[1,1,0,0,1,1,0,0,1,1],[1,1,1,1,0,0,0,1,0,0]]"
7,613,-0.010857323403790855,0.010857323403790855,"[[1,1,0,0,1,1,0,0,1,1],[1,1,1,1,0,0,0,1,0,1]]"
7,614,-0.012675788169254005,0.012675788169254005,"[[1,1,0,0,1,1,0,0,1,1],[1,1,1,1,0,0,0,1,1,0]]"
7,615,-0.013121446681734032,0.013121446681734032,"[[1,1,0,0,1,1,0,0,1,1],[1,1,1,1,0,0,0,1,1,1]]"
7,616,-0.013540488324817803,0.013540488324817803,"[[1,1,0,0,1,1,0,0,1,1],[1,1,1,1,0,0,1,0,0,0]]"
7,617,-0.014046485422905325,0.014046485422905325,"[[1,1,0,0,1,1,0,0,1,1],[1,1,1,1,0,0,1,0,0,1]]"
7,618,-0.015555326628345632,0.015555326628345632,"[[1,1,0,0,1,1,0,0,1,1],[1,1,1,1,0,0,1,0,1,0]]"
7,619,-0.01628635783465952,0.01628635783465952,"[[1,1,0,0,1,1,0,0,1,1],[1,1,1,1,0,0,1,0,1,1]]"
7,620,-0.01906324958586361,0.01906324958586361,"[[1,1,0,0,1,1,0,0,1,1],[1,1,1,1,0,0,1,1,0,0]]"
7,621,-0.019960026635830835,0.019960026635830835,"[[1,1,0,0,1,1,0,0,1,1],[1,1,1,1,0,0,1,1,0,1]]"
7,622,-0.02192585870876608,0.02192585870876608,"[[1,1,0,0,1,1,0,0,1,1],[1,1,1,1,0,0,1,1,1,0]]"
7,623,-0.022199805296610857,0.022199805296610857,"[[1,1,0,0,1,1,0,0,1,1],[1,1,1,1,0,0,1,1,1,1]]"
7,624,-0.017794562395894987,0.017794562395894987,"[[1,1,0,0,1,1,0,0,1,1],[1,1,1,1,0,1,0,0,0,0]]"
7,625,-0.01819743847821749,0.01819743847821749,"[[1,1,0,0,1,1,0,0,1,1],[1,1,1,1,0,1,0,0,0,1]]"
7,626,-0.020093632297924297,0.020093632297924297,"[[1,1,0,0,1,1,0,0,1,1],[1,1,1,1,0,1,0,0,1,0]]"
7,627,-0.0207197914734276,0.0207197914734276,"[[1,1,0,0,1,1,0,0,1,1],[1,1,1,1,0,1,0,0,1,1]]"
7,628,-0.02414039403406781,0.02414039403406781,"[[1,1,0,0,1,1,0,0,1,1],[1,1,1,1,0,1,0,1,0,0]]"
7,629,-0.024807070651288878,0.024807070651288878,"[[1,1,0,0,1,1,0,0,1,1],[1,1,1,1,0,1,0,1,0,1]]"
7,630,-0.02657349490555542,0.02657349490555542,"[[1,1,0,0,1,1,0,0,1,1],[1,1,1,1,0,1,0,1,1,0]]"
7,631,-0.026821188110486026,0.026821188110486026,"[[1,1,0,0,1,1,0,0,1,1],[1,1,1,1,0,1,0,1,1,1]]"
7,632,-0.029816604323705687,0.029816604323705687,"[[1,1,0,0,1,1,0,0,1,1],[1,1,1,1,0,1,1,0,0,0]]"
7,633,-0.030385658144214078,0.030385658144214078,"[[1,1,0,0,1,1,0,0,1,1],[1,1,1,1,0,1,1,0,0,1]]"
7,634,-0.032255031648367447,0.032255031648367447,"[[1,1,0,0,1,1,0,0,1,1],[1,1,1,1,0,1,1,0,1,0]]"
7,635,-0.032611074954264636,0.032611074954264636,"[[1,1,0,0,1,1,0,0,1,1],[1,1,1,1,0,1,1,0,1,1]]"
7,636,-0.03567713995867722,0.03567713995867722,"[[1,1,0,0,1,1,0,0,1,1],[1,1,1,1,0,1,1,1,0,0]]"
7,637,-0.0362919874278769,0.0362919874278769,"[[1,1,0,0,1,1,0,0,1,1],[1,1,1,1,0,1,1,1,0,1]]"
7,638,-0.03747242152686073,0.03747242152686073,"[[1,1,0,0,1,1,0,0,1,1],[1,1,1,1,0,1,1,1,1,0]]"
7,639,-0.036925792337862584,0.036925792337862584,"[[1,1,0,0,1,1,0,0,1,1],[1,1,1,1,0,1,1,1,1,1]]"
7,640,-0.004124940162306689,0.004124940162306689,"[[1,1,0,0,1,1,0,1,0,0],[1,1,1,1,0,0,0,0,0,0]]"
7,641,-0.004243054471989464,0.004243054471989464,"[[1,1,0,0,1,1,0,1,0,0],[1,1,1,1,0,0,0,0,0,1]]"
7,642,-0.00523125247314436,0.00523125247314436,"[[1,1,0,0,1,1,0,1,0,0],[1,1,1,1,0,0,0,0,1,0]]"
7,643,-0.005495018791283027,0.005495018791283027,"[[1,1,0,0,1,1,0,1,0,0],[1,1,1,1,0,0,0,0,1,1]]"
7,644,-0.00813976648947024,0.00813976648947024,"[[1,1,0,0,1,1,0,1,0,0],[1,1,1,1,0,0,0,1,0,0]]"
7,645,-0.008318000601569547,0.008318000601569547,"[[1,1,0,0,1,1,0,1,0,0],[1,1,1,1,0,0,0,1,0,1]]"
7,646,-0.009362842552797167,0.009362842552797167,"[[1,1,0,0,1,1,0,1,0,0],[1,1,1,1,0,0,0,1,1,0]]"
7,647,-0.009634299949698394,0.009634299949698394,"[[1,1,0,0,1,1,0,1,0,0],[1,1,1,1,0,0,0,1,1,1]]"
7,648,-0.01155093602735527,0.01155093602735527,"[[1,1,0,0,1,1,0,1,0,0],[1,1,1,1,0,0,1,0,0,0]]"
7,649,-0.011725164042146432,0.011725164042146432,"[[1,1,0,0,1,1,0,1,0,0],[1,1,1,1,0,0,1,0,0,1]]"
7,650,-0.012976417436773214,0.012976417436773214,"[[1,1,0,0,1,1,0,1,0,0],[1,1,1,1,0,0,1,0,1,0]]"
7,651,-0.013246270599027549,0.013246270599027549,"[[1,1,0,0,1,1,0,1,0,0],[1,1,1,1,0,0,1,0,1,1]]"
7,652,-0.017105840503248582,0.017105840503248582,"[[1,1,0,0,1,1,0,1,0,0],[1,1,1,1,0,0,1,1,0,0]]"
7,653,-0.017627724197820455,0.017627724197820455,"[[1,1,0,0,1,1,0,1,0,0],[1,1,1,1,0,0,1,1,0,1]]"
7,654,-0.018729647788718953,0.018729647788718953,"[[1,1,0,0,1,1,0,1,0,0],[1,1,1,1,0,0,1,1,1,0]]"
7,655,-0.018692389475468526,0.018692389475468526,"[[1,1,0,0,1,1,0,1,0,0],[1,1,1,1,0,0,1,1,1,1]]"
7,656,-0.015307527018009907,0.015307527018009907,"[[1,1,0,0,1,1,0,1,0,0],[1,1,1,1,0,1,0,0,0,0]]"
7,657,-0.015537484464335337,0.015537484464335337,"[[1,1,0,0,1,1,0,1,0,0],[1,1,1,1,0,1,0,0,0,1]]"
7,658,-0.016964732626293028,0.016964732626293028,"[[1,1,0,0,1,1,0,1,0,0],[1,1,1,1,0,1,0,0,1,0]]"
7,659,-0.0173828235331083,0.0173828235331083,"[[1,1,0,0,1,1,0,1,0,0],[1,1,1,1,0,1,0,0,1,1]]"
7,660,-0.02101888543822127,0.02101888543822127,"[[1,1,0,0,1,1,0,1,0,0],[1,1,1,1,0,1,0,1,0,0]]"
7,661,-0.02156189402921023,0.02156189402921023,"[[1,1,0,0,1,1,0,1,0,0],[1,1,1,1,0,1,0,1,0,1]]"
7,662,-0.023169412709208134,0.023169412709208134,"[[1,1,0,0,1,1,0,1,0,0],[1,1,1,1,0,1,0,1,1,0]]"
7,663,-0.02340986760487835,0.02340986760487835,"[[1,1,0,0,1,1,0,1,0,0],[1,1,1,1,0,1,0,1,1,1]]"
7,664,-0.02728596393933017,0.02728596393933017,"[[1,1,0,0,1,1,0,1,0,0],[1,1,1,1,0,1,1,0,0,0]]"
7,665,-0.027783328920418522,0.027783328920418522,"[[1,1,0,0,1,1,0,1,0,0],[1,1,1,1,0,1,1,0,0,1]]"
7,666,-0.029240023927634945,0.029240023927634945,"[[1,1,0,0,1,1,0,1,0,0],[1,1,1,1,0,1,1,0,1,0]]"
7,667,-0.029608776276312154,0.029608776276312154,"[[1,1,0,0,1,1,0,1,0,0],[1,1,1,1,0,1,1,0,1,1]]"
7,668,-0.0340223281273016,0.0340223281273016,"[[1,1,0,0,1,1,0,1,0,0],[1,1,1,1,0,1,1,1,0,0]]"
7,669,-0.03444004842376446,0.03444004842376446,"[[1,1,0,0,1,1,0,1,0,0],[1,1,1,1,0,1,1,1,0,1]]"
7,670,-0.035406738828579545,0.035406738828579545,"[[1,1,0,0,1,1,0,1,0,0],[1,1,1,1,0,1,1,1,1,0]]"
7,671,-0.03469675516307368,0.03469675516307368,"[[1,1,0,0,1,1,0,1,0,0],[1,1,1,1,0,1,1,1,1,1]]"
7,672,-0.003798363339578987,0.003798363339578987,"[[1,1,0,0,1,1,0,1,0,1],[1,1,1,1,0,0,0,0,0,0]]"
7,673,-0.004109639416489019,0.004109639416489019,"[[1,1,0,0,1,1,0,1,0,1],[1,1,1,1,0,0,0,0,0,1]]"
7,674,-0.00525330073995681,0.00525330073995681,"[[1,1,0,0,1,1,0,1,0,1],[1,1,1,1,0,0,0,0,1,0]]"
7,675,-0.0055685228815173585,0.0055685228815173585,"[[1,1,0,0,1,1,0,1,0,1],[1,1,1,1,0,0,0,0,1,1]]"
7,676,-0.008053296480542286,0.008053296480542286,"[[1,1,0,0,1,1,0,1,0,1],[1,1,1,1,0,0,0,1,0,0]]"
7,677,-0.008387492382859858,0.008387492382859858,"[[1,1,0,0,1,1,0,1,0,1],[1,1,1,1,0,0,0,1,0,1]]"
7,678,-0.009582825561347963,0.009582825561347963,"[[1,1,0,0,1,1,0,1,0,1],[1,1,1,1,0,0,0,1,1,0]]"
7,679,-0.009750960746983226,0.009750960746983226,"[[1,1,0,0,1,1,0,1,0,1],[1,1,1,1,0,0,0,1,1,1]]"
7,680,-0.01125544293441189,0.01125544293441189,"[[1,1,0,0,1,1,0,1,0,1],[1,1,1,1,0,0,1,0,0,0]]"
7,681,-0.01182620002318522,0.01182620002318522,"[[1,1,0,0,1,1,0,1,0,1],[1,1,1,1,0,0,1,0,0,1]]"
7,682,-0.013335770711013675,0.013335770711013675,"[[1,1,0,0,1,1,0,1,0,1],[1,1,1,1,0,0,1,0,1,0]]"
7,683,-0.013455057534730646,0.013455057534730646,"[[1,1,0,0,1,1,0,1,0,1],[1,1,1,1,0,0,1,0,1,1]]"
7,684,-0.01697006545772255,0.01697006545772255,"[[1,1,0,0,1,1,0,1,0,1],[1,1,1,1,0,0,1,1,0,0]]"
7,685,-0.017615189289893658,0.017615189289893658,"[[1,1,0,0,1,1,0,1,0,1],[1,1,1,1,0,0,1,1,0,1]]"
7,686,-0.01917466960184209,0.01917466960184209,"[[1,1,0,0,1,1,0,1,0,1],[1,1,1,1,0,0,1,1,1,0]]"
7,687,-0.01905578973287365,0.01905578973287365,"[[1,1,0,0,1,1,0,1,0,1],[1,1,1,1,0,0,1,1,1,1]]"
7,688,-0.015019061464659011,0.015019061464659011,"[[1,1,0,0,1,1,0,1,0,1],[1,1,1,1,0,1,0,0,0,0]]"
7,689,-0.015602433818173696,0.015602433818173696,"[[1,1,0,0,1,1,0,1,0,1],[1,1,1,1,0,1,0,0,0,1]]"
7,690,-0.017245512971115314,0.017245512971115314,"[[1,1,0,0,1,1,0,1,0,1],[1,1,1,1,0,1,0,0,1,0]]"
7,691,-0.017534480684903004,0.017534480684903004,"[[1,1,0,0,1,1,0,1,0,1],[1,1,1,1,0,1,0,0,1,1]]"
7,692,-0.02122051552290632,0.02122051552290632,"[[1,1,0,0,1,1,0,1,0,1],[1,1,1,1,0,1,0,1,0,0]]"
7,693,-0.021689034237324867,0.021689034237324867,"[[1,1,0,0,1,1,0,1,0,1],[1,1,1,1,0,1,0,1,0,1]]"
7,694,-0.0234844276657655,0.0234844276657655,"[[1,1,0,0,1,1,0,1,0,1],[1,1,1,1,0,1,0,1,1,0]]"
7,695,-0.02363833609702779,0.02363833609702779,"[[1,1,0,0,1,1,0,1,0,1],[1,1,1,1,0,1,0,1,1,1]]"
7,696,-0.026892127899012137,0.026892127899012137,"[[1,1,0,0,1,1,0,1,0,1],[1,1,1,1,0,1,1,0,0,0]]"
7,697,-0.027740342134055483,0.027740342134055483,"[[1,1,0,0,1,1,0,1,0,1],[1,1,1,1,0,1,1,0,0,1]]"
7,698,-0.029634696316073385,0.029634696316073385,"[[1,1,0,0,1,1,0,1,0,1],[1,1,1,1,0,1,1,0,1,0]]"
7,699,-0.02977287351349993,0.02977287351349993,"[[1,1,0,0,1,1,0,1,0,1],[1,1,1,1,0,1,1,0,1,1]]"
7,700,-0.034092117082583626,0.034092117082583626,"[[1,1,0,0,1,1,0,1,0,1],[1,1,1,1,0,1,1,1,0,0]]"
7,701,-0.03470645864133424,0.03470645864133424,"[[1,1,0,0,1,1,0,1,0,1],[1,1,1,1,0,1,1,1,0,1]]"
7,702,-0.03601645310325575,0.03601645310325575,"[[1,1,0,0,1,1,0,1,0,1],[1,1,1,1,0,1,1,1,1,0]]"
7,703,-0.03510425456857699,0.03510425456857699,"[[1,1,0,0,1,1,0,1,0,1],[1,1,1,1,0,1,1,1,1,1]]"
7,704,-0.0025073815820228678,0.0025073815820228678,"[[1,1,0,0,1,1,0,1,1,0],[1,1,1,1,0,0,0,0,0,0]]"
7,705,-0.0025840464539889385,0.0025840464539889385,"[[1,1,0,0,1,1,0,1,1,0],[1,1,1,1,0,0,0,0,0,1]]"
7,706,-0.0036705693434907257,0.0036705693434907257,"[[1,1,0,0,1,1,0,1,1,0],[1,1,1,1,0,0,0,0,1,0]]"
7,707,-0.0039520713032654515,0.0039520713032654515,"[[1,1,0,0,1,1,0,1,1,0],[1,1,1,1,0,0,0,0,1,1]]"
7,708,-0.006312434154120088,0.006312434154120088,"[[1,1,0,0,1,1,0,1,1,0],[1,1,1,1,0,0,0,1,0,0]]"
7,709,-0.006384417626287606,0.006384417626287606,"[[1,1,0,0,1,1,0,1,1,0],[1,1,1,1,0,0,0,1,0,1]]"
7,710,-0.008140691271590273,0.008140691271590273,"[[1,1,0,0,1,1,0,1,1,0],[1,1,1,1,0,0,0,1,1,0]]"
7,711,-0.008332918333758791,0.008332918333758791,"[[1,1,0,0,1,1,0,1,1,0],[1,1,1,1,0,0,0,1,1,1]]"
7,712,-0.009130337137515402,0.009130337137515402,"[[1,1,0,0,1,1,0,1,1,0],[1,1,1,1,0,0,1,0,0,0]]"
7,713,-0.009435224343551617,0.009435224343551617,"[[1,1,0,0,1,1,0,1,1,0],[1,1,1,1,0,0,1,0,0,1]]"
7,714,-0.01114329723029834,0.01114329723029834,"[[1,1,0,0,1,1,0,1,1,0],[1,1,1,1,0,0,1,0,1,0]]"
7,715,-0.011433117729806456,0.011433117729806456,"[[1,1,0,0,1,1,0,1,1,0],[1,1,1,1,0,0,1,0,1,1]]"
7,716,-0.015437860011698048,0.015437860011698048,"[[1,1,0,0,1,1,0,1,1,0],[1,1,1,1,0,0,1,1,0,0]]"
7,717,-0.015577726752963414,0.015577726752963414,"[[1,1,0,0,1,1,0,1,1,0],[1,1,1,1,0,0,1,1,0,1]]"
7,718,-0.017778641749946672,0.017778641749946672,"[[1,1,0,0,1,1,0,1,1,0],[1,1,1,1,0,0,1,1,1,0]]"
7,719,-0.01819454272182588,0.01819454272182588,"[[1,1,0,0,1,1,0,1,1,0],[1,1,1,1,0,0,1,1,1,1]]"
7,720,-0.012784278128541562,0.012784278128541562,"[[1,1,0,0,1,1,0,1,1,0],[1,1,1,1,0,1,0,0,0,0]]"
7,721,-0.012992360240406477,0.012992360240406477,"[[1,1,0,0,1,1,0,1,1,0],[1,1,1,1,0,1,0,0,0,1]]"
7,722,-0.015011742924199996,0.015011742924199996,"[[1,1,0,0,1,1,0,1,1,0],[1,1,1,1,0,1,0,0,1,0]]"
7,723,-0.015203116923825748,0.015203116923825748,"[[1,1,0,0,1,1,0,1,1,0],[1,1,1,1,0,1,0,0,1,1]]"
7,724,-0.01939909091243875,0.01939909091243875,"[[1,1,0,0,1,1,0,1,1,0],[1,1,1,1,0,1,0,1,0,0]]"
7,725,-0.019316778075151367,0.019316778075151367,"[[1,1,0,0,1,1,0,1,1,0],[1,1,1,1,0,1,0,1,0,1]]"
7,726,-0.021586587358892434,0.021586587358892434,"[[1,1,0,0,1,1,0,1,1,0],[1,1,1,1,0,1,0,1,1,0]]"
7,727,-0.02196630468580915,0.02196630468580915,"[[1,1,0,0,1,1,0,1,1,0],[1,1,1,1,0,1,0,1,1,1]]"
7,728,-0.024807429799848017,0.024807429799848017,"[[1,1,0,0,1,1,0,1,1,0],[1,1,1,1,0,1,1,0,0,0]]"
7,729,-0.02527489752307162,0.02527489752307162,"[[1,1,0,0,1,1,0,1,1,0],[1,1,1,1,0,1,1,0,0,1]]"
7,730,-0.02747596373941849,0.02747596373941849,"[[1,1,0,0,1,1,0,1,1,0],[1,1,1,1,0,1,1,0,1,0]]"
7,731,-0.027831676479716537,0.027831676479716537,"[[1,1,0,0,1,1,0,1,1,0],[1,1,1,1,0,1,1,0,1,1]]"
7,732,-0.03311740563341003,0.03311740563341003,"[[1,1,0,0,1,1,0,1,1,0],[1,1,1,1,0,1,1,1,0,0]]"
7,733,-0.033232489368207295,0.033232489368207295,"[[1,1,0,0,1,1,0,1,1,0],[1,1,1,1,0,1,1,1,0,1]]"
7,734,-0.0352911483531853,0.0352911483531853,"[[1,1,0,0,1,1,0,1,1,0],[1,1,1,1,0,1,1,1,1,0]]"
7,735,-0.03523771152765304,0.03523771152765304,"[[1,1,0,0,1,1,0,1,1,0],[1,1,1,1,0,1,1,1,1,1]]"
7,736,-0.0021653547784263342,0.0021653547784263342,"[[1,1,0,0,1,1,0,1,1,1],[1,1,1,1,0,0,0,0,0,0]]"
7,737,-0.0022745587150388674,0.0022745587150388674,"[[1,1,0,0,1,1,0,1,1,1],[1,1,1,1,0,0,0,0,0,1]]"
7,738,-0.0034433385606716317,0.0034433385606716317,"[[1,1,0,0,1,1,0,1,1,1],[1,1,1,1,0,0,0,0,1,0]]"
7,739,-0.003798694509085053,0.003798694509085053,"[[1,1,0,0,1,1,0,1,1,1],[1,1,1,1,0,0,0,0,1,1]]"
7,740,-0.005770230655133621,0.005770230655133621,"[[1,1,0,0,1,1,0,1,1,1],[1,1,1,1,0,0,0,1,0,0]]"
7,741,-0.006133880799760455,0.006133880799760455,"[[1,1,0,0,1,1,0,1,1,1],[1,1,1,1,0,0,0,1,0,1]]"
7,742,-0.008009596635555208,0.008009596635555208,"[[1,1,0,0,1,1,0,1,1,1],[1,1,1,1,0,0,0,1,1,0]]"
7,743,-0.008437815464955974,0.008437815464955974,"[[1,1,0,0,1,1,0,1,1,1],[1,1,1,1,0,0,0,1,1,1]]"
7,744,-0.008504002487612626,0.008504002487612626,"[[1,1,0,0,1,1,0,1,1,1],[1,1,1,1,0,0,1,0,0,0]]"
7,745,-0.008995683443025714,0.008995683443025714,"[[1,1,0,0,1,1,0,1,1,1],[1,1,1,1,0,0,1,0,0,1]]"
7,746,-0.010880993996877402,0.010880993996877402,"[[1,1,0,0,1,1,0,1,1,1],[1,1,1,1,0,0,1,0,1,0]]"
7,747,-0.011519830385090175,0.011519830385090175,"[[1,1,0,0,1,1,0,1,1,1],[1,1,1,1,0,0,1,0,1,1]]"
7,748,-0.014944430694641679,0.014944430694641679,"[[1,1,0,0,1,1,0,1,1,1],[1,1,1,1,0,0,1,1,0,0]]"
7,749,-0.015466336078217261,0.015466336078217261,"[[1,1,0,0,1,1,0,1,1,1],[1,1,1,1,0,0,1,1,0,1]]"
7,750,-0.017549947899387974,0.017549947899387974,"[[1,1,0,0,1,1,0,1,1,1],[1,1,1,1,0,0,1,1,1,0]]"
7,751,-0.0182210300049867,0.0182210300049867,"[[1,1,0,0,1,1,0,1,1,1],[1,1,1,1,0,0,1,1,1,1]]"
7,752,-0.012089435918215456,0.012089435918215456,"[[1,1,0,0,1,1,0,1,1,1],[1,1,1,1,0,1,0,0,0,0]]"
7,753,-0.012404899253865224,0.012404899253865224,"[[1,1,0,0,1,1,0,1,1,1],[1,1,1,1,0,1,0,0,0,1]]"
7,754,-0.014703086424328498,0.014703086424328498,"[[1,1,0,0,1,1,0,1,1,1],[1,1,1,1,0,1,0,0,1,0]]"
7,755,-0.015192570590485281,0.015192570590485281,"[[1,1,0,0,1,1,0,1,1,1],[1,1,1,1,0,1,0,0,1,1]]"
7,756,-0.018873803657172495,0.018873803657172495,"[[1,1,0,0,1,1,0,1,1,1],[1,1,1,1,0,1,0,1,0,0]]"
7,757,-0.019295440529177504,0.019295440529177504,"[[1,1,0,0,1,1,0,1,1,1],[1,1,1,1,0,1,0,1,0,1]]"
7,758,-0.021506472029395502,0.021506472029395502,"[[1,1,0,0,1,1,0,1,1,1],[1,1,1,1,0,1,0,1,1,0]]"
7,759,-0.022080198970690246,0.022080198970690246,"[[1,1,0,0,1,1,0,1,1,1],[1,1,1,1,0,1,0,1,1,1]]"
7,760,-0.023983653142209165,0.023983653142209165,"[[1,1,0,0,1,1,0,1,1,1],[1,1,1,1,0,1,1,0,0,0]]"
7,761,-0.024760895767101908,0.024760895767101908,"[[1,1,0,0,1,1,0,1,1,1],[1,1,1,1,0,1,1,0,0,1]]"
7,762,-0.027154955822744787,0.027154955822744787,"[[1,1,0,0,1,1,0,1,1,1],[1,1,1,1,0,1,1,0,1,0]]"
7,763,-0.027675839795226365,0.027675839795226365,"[[1,1,0,0,1,1,0,1,1,1],[1,1,1,1,0,1,1,0,1,1]]"
7,764,-0.032212611634515186,0.032212611634515186,"[[1,1,0,0,1,1,0,1,1,1],[1,1,1,1,0,1,1,1,0,0]]"
7,765,-0.032896423481576134,0.032896423481576134,"[[1,1,0,0,1,1,0,1,1,1],[1,1,1,1,0,1,1,1,0,1]]"
7,766,-0.03509380071163084,0.03509380071163084,"[[1,1,0,0,1,1,0,1,1,1],[1,1,1,1,0,1,1,1,1,0]]"
7,767,-0.03541800202575153,0.03541800202575153,"[[1,1,0,0,1,1,0,1,1,1],[1,1,1,1,0,1,1,1,1,1]]"
7,768,-0.00219480296106378,0.00219480296106378,"[[1,1,0,0,1,1,1,0,0,0],[1,1,1,1,0,0,0,0,0,0]]"
7,769,-0.0023010740658268485,0.0023010740658268485,"[[1,1,0,0,1,1,1,0,0,0],[1,1,1,1,0,0,0,0,0,1]]"
7,770,-0.0031936269384942313,0.0031936269384942313,"[[1,1,0,0,1,1,1,0,0,0],[1,1,1,1,0,0,0,0,1,0]]"
7,771,-0.0033108938246356194,0.0033108938246356194,"[[1,1,0,0,1,1,1,0,0,0],[1,1,1,1,0,0,0,0,1,1]]"
7,772,-0.004680603173223991,0.004680603173223991,"[[1,1,0,0,1,1,1,0,0,0],[1,1,1,1,0,0,0,1,0,0]]"
7,773,-0.004926173598855724,0.004926173598855724,"[[1,1,0,0,1,1,1,0,0,0],[1,1,1,1,0,0,0,1,0,1]]"
7,774,-0.006063960663124171,0.006063960663124171,"[[1,1,0,0,1,1,1,0,0,0],[1,1,1,1,0,0,0,1,1,0]]"
7,775,-0.006202782859228435,0.006202782859228435,"[[1,1,0,0,1,1,1,0,0,0],[1,1,1,1,0,0,0,1,1,1]]"
7,776,-0.007502110223280234,0.007502110223280234,"[[1,1,0,0,1,1,1,0,0,0],[1,1,1,1,0,0,1,0,0,0]]"
7,777,-0.007565730880258449,0.007565730880258449,"[[1,1,0,0,1,1,1,0,0,0],[1,1,1,1,0,0,1,0,0,1]]"
7,778,-0.008799285696378702,0.008799285696378702,"[[1,1,0,0,1,1,1,0,0,0],[1,1,1,1,0,0,1,0,1,0]]"
7,779,-0.00907617340219814,0.00907617340219814,"[[1,1,0,0,1,1,1,0,0,0],[1,1,1,1,0,0,1,0,1,1]]"
7,780,-0.011623055435210949,0.011623055435210949,"[[1,1,0,0,1,1,1,0,0,0],[1,1,1,1,0,0,1,1,0,0]]"
7,781,-0.011947998136791213,0.011947998136791213,"[[1,1,0,0,1,1,1,0,0,0],[1,1,1,1,0,0,1,1,0,1]]"
7,782,-0.013134946380594412,0.013134946380594412,"[[1,1,0,0,1,1,1,0,0,0],[1,1,1,1,0,0,1,1,1,0]]"
7,783,-0.01314363152548149,0.01314363152548149,"[[1,1,0,0,1,1,1,0,0,0],[1,1,1,1,0,0,1,1,1,1]]"
7,784,-0.01080341945461245,0.01080341945461245,"[[1,1,0,0,1,1,1,0,0,0],[1,1,1,1,0,1,0,0,0,0]]"
7,785,-0.010670534863576567,0.010670534863576567,"[[1,1,0,0,1,1,1,0,0,0],[1,1,1,1,0,1,0,0,0,1]]"
7,786,-0.01233707827927457,0.01233707827927457,"[[1,1,0,0,1,1,1,0,0,0],[1,1,1,1,0,1,0,0,1,0]]"
7,787,-0.012601026707207762,0.012601026707207762,"[[1,1,0,0,1,1,1,0,0,0],[1,1,1,1,0,1,0,0,1,1]]"
7,788,-0.015092673106584058,0.015092673106584058,"[[1,1,0,0,1,1,1,0,0,0],[1,1,1,1,0,1,0,1,0,0]]"
7,789,-0.015549190183687063,0.015549190183687063,"[[1,1,0,0,1,1,1,0,0,0],[1,1,1,1,0,1,0,1,0,1]]"
7,790,-0.017087805013016828,0.017087805013016828,"[[1,1,0,0,1,1,1,0,0,0],[1,1,1,1,0,1,0,1,1,0]]"
7,791,-0.017450960314238803,0.017450960314238803,"[[1,1,0,0,1,1,1,0,0,0],[1,1,1,1,0,1,0,1,1,1]]"
7,792,-0.02065530717914326,0.02065530717914326,"[[1,1,0,0,1,1,1,0,0,0],[1,1,1,1,0,1,1,0,0,0]]"
7,793,-0.020859928091470983,0.020859928091470983,"[[1,1,0,0,1,1,1,0,0,0],[1,1,1,1,0,1,1,0,0,1]]"
7,794,-0.02276813397202883,0.02276813397202883,"[[1,1,0,0,1,1,1,0,0,0],[1,1,1,1,0,1,1,0,1,0]]"
7,795,-0.023098343623188897,0.023098343623188897,"[[1,1,0,0,1,1,1,0,0,0],[1,1,1,1,0,1,1,0,1,1]]"
7,796,-0.02635929495999412,0.02635929495999412,"[[1,1,0,0,1,1,1,0,0,0],[1,1,1,1,0,1,1,1,0,0]]"
7,797,-0.026548823876884987,0.026548823876884987,"[[1,1,0,0,1,1,1,0,0,0],[1,1,1,1,0,1,1,1,0,1]]"
7,798,-0.02782979557259492,0.02782979557259492,"[[1,1,0,0,1,1,1,0,0,0],[1,1,1,1,0,1,1,1,1,0]]"
7,799,-0.027063472709110692,0.027063472709110692,"[[1,1,0,0,1,1,1,0,0,0],[1,1,1,1,0,1,1,1,1,1]]"
7,800,-0.0019107269302106032,0.0019107269302106032,"[[1,1,0,0,1,1,1,0,0,1],[1,1,1,1,0,0,0,0,0,0]]"
7,801,-0.0021594773097766084,0.0021594773097766084,"[[1,1,0,0,1,1,1,0,0,1],[1,1,1,1,0,0,0,0,0,1]]"
7,802,-0.003169367183351075,0.003169367183351075,"[[1,1,0,0,1,1,1,0,0,1],[1,1,1,1,0,0,0,0,1,0]]"
7,803,-0.003498119835268651,0.003498119835268651,"[[1,1,0,0,1,1,1,0,0,1],[1,1,1,1,0,0,0,0,1,1]]"
7,804,-0.004635786990674104,0.004635786990674104,"[[1,1,0,0,1,1,1,0,0,1],[1,1,1,1,0,0,0,1,0,0]]"
7,805,-0.004911227378448255,0.004911227378448255,"[[1,1,0,0,1,1,1,0,0,1],[1,1,1,1,0,0,0,1,0,1]]"
7,806,-0.006080480077420286,0.006080480077420286,"[[1,1,0,0,1,1,1,0,0,1],[1,1,1,1,0,0,0,1,1,0]]"
7,807,-0.006430790157350248,0.006430790157350248,"[[1,1,0,0,1,1,1,0,0,1],[1,1,1,1,0,0,0,1,1,1]]"
7,808,-0.007372997164495799,0.007372997164495799,"[[1,1,0,0,1,1,1,0,0,1],[1,1,1,1,0,0,1,0,0,0]]"
7,809,-0.0077182530649408795,0.0077182530649408795,"[[1,1,0,0,1,1,1,0,0,1],[1,1,1,1,0,0,1,0,0,1]]"
7,810,-0.008978642996299855,0.008978642996299855,"[[1,1,0,0,1,1,1,0,0,1],[1,1,1,1,0,0,1,0,1,0]]"
7,811,-0.009227007890372839,0.009227007890372839,"[[1,1,0,0,1,1,1,0,0,1],[1,1,1,1,0,0,1,0,1,1]]"
7,812,-0.011717530344561718,0.011717530344561718,"[[1,1,0,0,1,1,1,0,0,1],[1,1,1,1,0,0,1,1,0,0]]"
7,813,-0.012002688165065067,0.012002688165065067,"[[1,1,0,0,1,1,1,0,0,1],[1,1,1,1,0,0,1,1,0,1]]"
7,814,-0.013538079319446911,0.013538079319446911,"[[1,1,0,0,1,1,1,0,0,1],[1,1,1,1,0,0,1,1,1,0]]"
7,815,-0.013709696711333326,0.013709696711333326,"[[1,1,0,0,1,1,1,0,0,1],[1,1,1,1,0,0,1,1,1,1]]"
7,816,-0.010507318292803445,0.010507318292803445,"[[1,1,0,0,1,1,1,0,0,1],[1,1,1,1,0,1,0,0,0,0]]"
7,817,-0.01089760535717137,0.01089760535717137,"[[1,1,0,0,1,1,1,0,0,1],[1,1,1,1,0,1,0,0,0,1]]"
7,818,-0.012398353231773176,0.012398353231773176,"[[1,1,0,0,1,1,1,0,0,1],[1,1,1,1,0,1,0,0,1,0]]"
7,819,-0.012805495065852652,0.012805495065852652,"[[1,1,0,0,1,1,1,0,0,1],[1,1,1,1,0,1,0,0,1,1]]"
7,820,-0.015129883719590159,0.015129883719590159,"[[1,1,0,0,1,1,1,0,0,1],[1,1,1,1,0,1,0,1,0,0]]"
7,821,-0.015560944152511545,0.015560944152511545,"[[1,1,0,0,1,1,1,0,0,1],[1,1,1,1,0,1,0,1,0,1]]"
7,822,-0.0171937786532135,0.0171937786532135,"[[1,1,0,0,1,1,1,0,0,1],[1,1,1,1,0,1,0,1,1,0]]"
7,823,-0.017783761246253253,0.017783761246253253,"[[1,1,0,0,1,1,1,0,0,1],[1,1,1,1,0,1,0,1,1,1]]"
7,824,-0.02060547341054658,0.02060547341054658,"[[1,1,0,0,1,1,1,0,0,1],[1,1,1,1,0,1,1,0,0,0]]"
7,825,-0.021033660168015902,0.021033660168015902,"[[1,1,0,0,1,1,1,0,0,1],[1,1,1,1,0,1,1,0,0,1]]"
7,826,-0.02305534209480869,0.02305534209480869,"[[1,1,0,0,1,1,1,0,0,1],[1,1,1,1,0,1,1,0,1,0]]"
7,827,-0.02343093760397101,0.02343093760397101,"[[1,1,0,0,1,1,1,0,0,1],[1,1,1,1,0,1,1,0,1,1]]"
7,828,-0.026855039838508267,0.026855039838508267,"[[1,1,0,0,1,1,1,0,0,1],[1,1,1,1,0,1,1,1,0,0]]"
7,829,-0.027037061224971227,0.027037061224971227,"[[1,1,0,0,1,1,1,0,0,1],[1,1,1,1,0,1,1,1,0,1]]"
7,830,-0.02849811845228004,0.02849811845228004,"[[1,1,0,0,1,1,1,0,0,1],[1,1,1,1,0,1,1,1,1,0]]"
7,831,-0.02817714949672717,0.02817714949672717,"[[1,1,0,0,1,1,1,0,0,1],[1,1,1,1,0,1,1,1,1,1]]"
7,832,-0.0011536972012182174,0.0011536972012182174,"[[1,1,0,0,1,1,1,0,1,0],[1,1,1,1,0,0,0,0,0,0]]"
7,833,-0.0012140945550692358,0.0012140945550692358,"[[1,1,0,0,1,1,1,0,1,0],[1,1,1,1,0,0,0,0,0,1]]"
7,834,-0.0020303236302549764,0.0020303236302549764,"[[1,1,0,0,1,1,1,0,1,0],[1,1,1,1,0,0,0,0,1,0]]"
7,835,-0.002192340905297128,0.002192340905297128,"[[1,1,0,0,1,1,1,0,1,0],[1,1,1,1,0,0,0,0,1,1]]"
7,836,-0.0037241222578709332,0.0037241222578709332,"[[1,1,0,0,1,1,1,0,1,0],[1,1,1,1,0,0,0,1,0,0]]"
7,837,-0.0038096068667619965,0.0038096068667619965,"[[1,1,0,0,1,1,1,0,1,0],[1,1,1,1,0,0,0,1,0,1]]"
7,838,-0.005143401536919221,0.005143401536919221,"[[1,1,0,0,1,1,1,0,1,0],[1,1,1,1,0,0,0,1,1,0]]"
7,839,-0.005298766930011396,0.005298766930011396,"[[1,1,0,0,1,1,1,0,1,0],[1,1,1,1,0,0,0,1,1,1]]"
7,840,-0.005773147399752571,0.005773147399752571,"[[1,1,0,0,1,1,1,0,1,0],[1,1,1,1,0,0,1,0,0,0]]"
7,841,-0.00591399347247884,0.00591399347247884,"[[1,1,0,0,1,1,1,0,1,0],[1,1,1,1,0,0,1,0,0,1]]"
7,842,-0.007599010176274765,0.007599010176274765,"[[1,1,0,0,1,1,1,0,1,0],[1,1,1,1,0,0,1,0,1,0]]"
7,843,-0.00776728389460255,0.00776728389460255,"[[1,1,0,0,1,1,1,0,1,0],[1,1,1,1,0,0,1,0,1,1]]"
7,844,-0.010615001113885076,0.010615001113885076,"[[1,1,0,0,1,1,1,0,1,0],[1,1,1,1,0,0,1,1,0,0]]"
7,845,-0.010623171624531032,0.010623171624531032,"[[1,1,0,0,1,1,1,0,1,0],[1,1,1,1,0,0,1,1,0,1]]"
7,846,-0.01245126507260526,0.01245126507260526,"[[1,1,0,0,1,1,1,0,1,0],[1,1,1,1,0,0,1,1,1,0]]"
7,847,-0.012723949716840564,0.012723949716840564,"[[1,1,0,0,1,1,1,0,1,0],[1,1,1,1,0,0,1,1,1,1]]"
7,848,-0.008792864506933104,0.008792864506933104,"[[1,1,0,0,1,1,1,0,1,0],[1,1,1,1,0,1,0,0,0,0]]"
7,849,-0.008779871160076598,0.008779871160076598,"[[1,1,0,0,1,1,1,0,1,0],[1,1,1,1,0,1,0,0,0,1]]"
7,850,-0.010632937790297153,0.010632937790297153,"[[1,1,0,0,1,1,1,0,1,0],[1,1,1,1,0,1,0,0,1,0]]"
7,851,-0.010687790962636723,0.010687790962636723,"[[1,1,0,0,1,1,1,0,1,0],[1,1,1,1,0,1,0,0,1,1]]"
7,852,-0.01405926516300507,0.01405926516300507,"[[1,1,0,0,1,1,1,0,1,0],[1,1,1,1,0,1,0,1,0,0]]"
7,853,-0.013841628580876373,0.013841628580876373,"[[1,1,0,0,1,1,1,0,1,0],[1,1,1,1,0,1,0,1,0,1]]"
7,854,-0.01603227065456497,0.01603227065456497,"[[1,1,0,0,1,1,1,0,1,0],[1,1,1,1,0,1,0,1,1,0]]"
7,855,-0.016217355537683772,0.016217355537683772,"[[1,1,0,0,1,1,1,0,1,0],[1,1,1,1,0,1,0,1,1,1]]"
7,856,-0.019151211695532622,0.019151211695532622,"[[1,1,0,0,1,1,1,0,1,0],[1,1,1,1,0,1,1,0,0,0]]"
7,857,-0.01888311866096432,0.01888311866096432,"[[1,1,0,0,1,1,1,0,1,0],[1,1,1,1,0,1,1,0,0,1]]"
7,858,-0.02125664505584889,0.02125664505584889,"[[1,1,0,0,1,1,1,0,1,0],[1,1,1,1,0,1,1,0,1,0]]"
7,859,-0.021465538426437936,0.021465538426437936,"[[1,1,0,0,1,1,1,0,1,0],[1,1,1,1,0,1,1,0,1,1]]"
7,860,-0.02596738755725064,0.02596738755725064,"[[1,1,0,0,1,1,1,0,1,0],[1,1,1,1,0,1,1,1,0,0]]"
7,861,-0.02598253694012441,0.02598253694012441,"[[1,1,0,0,1,1,1,0,1,0],[1,1,1,1,0,1,1,1,0,1]]"
7,862,-0.028013794882408197,0.028013794882408197,"[[1,1,0,0,1,1,1,0,1,0],[1,1,1,1,0,1,1,1,1,0]]"
7,863,-0.02785994169175793,0.02785994169175793,"[[1,1,0,0,1,1,1,0,1,0],[1,1,1,1,0,1,1,1,1,1]]"
7,864,-0.0009153311733956014,0.0009153311733956014,"[[1,1,0,0,1,1,1,0,1,1],[1,1,1,1,0,0,0,0,0,0]]"
7,865,-0.0010682837906736344,0.0010682837906736344,"[[1,1,0,0,1,1,1,0,1,1],[1,1,1,1,0,0,0,0,0,1]]"
7,866,-0.0018422617889730785,0.0018422617889730785,"[[1,1,0,0,1,1,1,0,1,1],[1,1,1,1,0,0,0,0,1,0]]"
7,867,-0.0021188874615733506,0.0021188874615733506,"[[1,1,0,0,1,1,1,0,1,1],[1,1,1,1,0,0,0,0,1,1]]"
7,868,-0.0033535610536357986,0.0033535610536357986,"[[1,1,0,0,1,1,1,0,1,1],[1,1,1,1,0,0,0,1,0,0]]"
7,869,-0.003585454369588283,0.003585454369588283,"[[1,1,0,0,1,1,1,0,1,1],[1,1,1,1,0,0,0,1,0,1]]"
7,870,-0.005127840748045993,0.005127840748045993,"[[1,1,0,0,1,1,1,0,1,1],[1,1,1,1,0,0,0,1,1,0]]"
7,871,-0.005373557042206604,0.005373557042206604,"[[1,1,0,0,1,1,1,0,1,1],[1,1,1,1,0,0,0,1,1,1]]"
7,872,-0.005315287710460864,0.005315287710460864,"[[1,1,0,0,1,1,1,0,1,1],[1,1,1,1,0,0,1,0,0,0]]"
7,873,-0.005751822607026696,0.005751822607026696,"[[1,1,0,0,1,1,1,0,1,1],[1,1,1,1,0,0,1,0,0,1]]"
7,874,-0.007512959428595189,0.007512959428595189,"[[1,1,0,0,1,1,1,0,1,1],[1,1,1,1,0,0,1,0,1,0]]"
7,875,-0.007921135138241546,0.007921135138241546,"[[1,1,0,0,1,1,1,0,1,1],[1,1,1,1,0,0,1,0,1,1]]"
7,876,-0.010361716885301386,0.010361716885301386,"[[1,1,0,0,1,1,1,0,1,1],[1,1,1,1,0,0,1,1,0,0]]"
7,877,-0.010718811346806429,0.010718811346806429,"[[1,1,0,0,1,1,1,0,1,1],[1,1,1,1,0,0,1,1,0,1]]"
7,878,-0.012496524558843224,0.012496524558843224,"[[1,1,0,0,1,1,1,0,1,1],[1,1,1,1,0,0,1,1,1,0]]"
7,879,-0.012961775760171159,0.012961775760171159,"[[1,1,0,0,1,1,1,0,1,1],[1,1,1,1,0,0,1,1,1,1]]"
7,880,-0.008216091329081902,0.008216091329081902,"[[1,1,0,0,1,1,1,0,1,1],[1,1,1,1,0,1,0,0,0,0]]"
7,881,-0.008590137663929902,0.008590137663929902,"[[1,1,0,0,1,1,1,0,1,1],[1,1,1,1,0,1,0,0,0,1]]"
7,882,-0.010463853914752857,0.010463853914752857,"[[1,1,0,0,1,1,1,0,1,1],[1,1,1,1,0,1,0,0,1,0]]"
7,883,-0.010888863120525233,0.010888863120525233,"[[1,1,0,0,1,1,1,0,1,1],[1,1,1,1,0,1,0,0,1,1]]"
7,884,-0.01367140109811497,0.01367140109811497,"[[1,1,0,0,1,1,1,0,1,1],[1,1,1,1,0,1,0,1,0,0]]"
7,885,-0.01389766204173813,0.01389766204173813,"[[1,1,0,0,1,1,1,0,1,1],[1,1,1,1,0,1,0,1,0,1]]"
7,886,-0.016021321652565076,0.016021321652565076,"[[1,1,0,0,1,1,1,0,1,1],[1,1,1,1,0,1,0,1,1,0]]"
7,887,-0.016412970320577917,0.016412970320577917,"[[1,1,0,0,1,1,1,0,1,1],[1,1,1,1,0,1,0,1,1,1]]"
7,888,-0.018541930118687537,0.018541930118687537,"[[1,1,0,0,1,1,1,0,1,1],[1,1,1,1,0,1,1,0,0,0]]"
7,889,-0.01897083282619147,0.01897083282619147,"[[1,1,0,0,1,1,1,0,1,1],[1,1,1,1,0,1,1,0,0,1]]"
7,890,-0.021149881622669772,0.021149881622669772,"[[1,1,0,0,1,1,1,0,1,1],[1,1,1,1,0,1,1,0,1,0]]"
7,891,-0.021738474041271404,0.021738474041271404,"[[1,1,0,0,1,1,1,0,1,1],[1,1,1,1,0,1,1,0,1,1]]"
7,892,-0.025445012473092044,0.025445012473092044,"[[1,1,0,0,1,1,1,0,1,1],[1,1,1,1,0,1,1,1,0,0]]"
7,893,-0.025940571884653197,0.025940571884653197,"[[1,1,0,0,1,1,1,0,1,1],[1,1,1,1,0,1,1,1,0,1]]"
7,894,-0.028371874208097905,0.028371874208097905,"[[1,1,0,0,1,1,1,0,1,1],[1,1,1,1,0,1,1,1,1,0]]"
7,895,-0.028419457957147558,0.028419457957147558,"[[1,1,0,0,1,1,1,0,1,1],[1,1,1,1,0,1,1,1,1,1]]"
7,896,-0.00035711672570241465,0.00035711672570241465,"[[1,1,0,0,1,1,1,1,0,0],[1,1,1,1,0,0,0,0,0,0]]"
7,897,-0.00046266419447084167,0.00046266419447084167,"[[1,1,0,0,1,1,1,1,0,0],[1,1,1,1,0,0,0,0,0,1]]"
7,898,-0.0007664412601014344,0.0007664412601014344,"[[1,1,0,0,1,1,1,1,0,0],[1,1,1,1,0,0,0,0,1,0]]"
7,899,-0.0009759200408870716,0.0009759200408870716,"[[1,1,0,0,1,1,1,1,0,0],[1,1,1,1,0,0,0,0,1,1]]"
7,900,-0.0017322084855595006,0.0017322084855595006,"[[1,1,0,0,1,1,1,1,0,0],[1,1,1,1,0,0,0,1,0,0]]"
7,901,-0.002011770412271189,0.002011770412271189,"[[1,1,0,0,1,1,1,1,0,0],[1,1,1,1,0,0,0,1,0,1]]"
7,902,-0.002837882593999959,0.002837882593999959,"[[1,1,0,0,1,1,1,1,0,0],[1,1,1,1,0,0,0,1,1,0]]"
7,903,-0.0031240758957133837,0.0031240758957133837,"[[1,1,0,0,1,1,1,1,0,0],[1,1,1,1,0,0,0,1,1,1]]"
7,904,-0.0034359183926404714,0.0034359183926404714,"[[1,1,0,0,1,1,1,1,0,0],[1,1,1,1,0,0,1,0,0,0]]"
7,905,-0.003597799080911598,0.003597799080911598,"[[1,1,0,0,1,1,1,1,0,0],[1,1,1,1,0,0,1,0,0,1]]"
7,906,-0.004579553674274071,0.004579553674274071,"[[1,1,0,0,1,1,1,1,0,0],[1,1,1,1,0,0,1,0,1,0]]"
7,907,-0.004869370783146931,0.004869370783146931,"[[1,1,0,0,1,1,1,1,0,0],[1,1,1,1,0,0,1,0,1,1]]"
7,908,-0.007387368009551897,0.007387368009551897,"[[1,1,0,0,1,1,1,1,0,0],[1,1,1,1,0,0,1,1,0,0]]"
7,909,-0.007772194642633513,0.007772194642633513,"[[1,1,0,0,1,1,1,1,0,0],[1,1,1,1,0,0,1,1,0,1]]"
7,910,-0.008815585247227588,0.008815585247227588,"[[1,1,0,0,1,1,1,1,0,0],[1,1,1,1,0,0,1,1,1,0]]"
7,911,-0.009174519482778629,0.009174519482778629,"[[1,1,0,0,1,1,1,1,0,0],[1,1,1,1,0,0,1,1,1,1]]"
7,912,-0.005806257995434716,0.005806257995434716,"[[1,1,0,0,1,1,1,1,0,0],[1,1,1,1,0,1,0,0,0,0]]"
7,913,-0.005984089958769795,0.005984089958769795,"[[1,1,0,0,1,1,1,1,0,0],[1,1,1,1,0,1,0,0,0,1]]"
7,914,-0.007263000954004285,0.007263000954004285,"[[1,1,0,0,1,1,1,1,0,0],[1,1,1,1,0,1,0,0,1,0]]"
7,915,-0.007682147092595116,0.007682147092595116,"[[1,1,0,0,1,1,1,1,0,0],[1,1,1,1,0,1,0,0,1,1]]"
7,916,-0.010185188994083176,0.010185188994083176,"[[1,1,0,0,1,1,1,1,0,0],[1,1,1,1,0,1,0,1,0,0]]"
7,917,-0.010541964876864408,0.010541964876864408,"[[1,1,0,0,1,1,1,1,0,0],[1,1,1,1,0,1,0,1,0,1]]"
7,918,-0.01199170626231197,0.01199170626231197,"[[1,1,0,0,1,1,1,1,0,0],[1,1,1,1,0,1,0,1,1,0]]"
7,919,-0.012405643935338653,0.012405643935338653,"[[1,1,0,0,1,1,1,1,0,0],[1,1,1,1,0,1,0,1,1,1]]"
7,920,-0.015596638873501545,0.015596638873501545,"[[1,1,0,0,1,1,1,1,0,0],[1,1,1,1,0,1,1,0,0,0]]"
7,921,-0.015896176781745274,0.015896176781745274,"[[1,1,0,0,1,1,1,1,0,0],[1,1,1,1,0,1,1,0,0,1]]"
7,922,-0.017422901635770774,0.017422901635770774,"[[1,1,0,0,1,1,1,1,0,0],[1,1,1,1,0,1,1,0,1,0]]"
7,923,-0.01776810869053131,0.01776810869053131,"[[1,1,0,0,1,1,1,1,0,0],[1,1,1,1,0,1,1,0,1,1]]"
7,924,-0.021717420297200137,0.021717420297200137,"[[1,1,0,0,1,1,1,1,0,0],[1,1,1,1,0,1,1,1,0,0]]"
7,925,-0.02224769723545774,0.02224769723545774,"[[1,1,0,0,1,1,1,1,0,0],[1,1,1,1,0,1,1,1,0,1]]"
7,926,-0.023771218765327,0.023771218765327,"[[1,1,0,0,1,1,1,1,0,0],[1,1,1,1,0,1,1,1,1,0]]"
7,927,-0.02413837764680298,0.02413837764680298,"[[1,1,0,0,1,1,1,1,0,0],[1,1,1,1,0,1,1,1,1,1]]"
7,928,-0.0002476312539025683,0.0002476312539025683,"[[1,1,0,0,1,1,1,1,0,1],[1,1,1,1,0,0,0,0,0,0]]"
7,929,-0.00035195387410398555,0.00035195387410398555,"[[1,1,0,0,1,1,1,1,0,1],[1,1,1,1,0,0,0,0,0,1]]"
7,930,-0.0007093223156935307,0.0007093223156935307,"[[1,1,0,0,1,1,1,1,0,1],[1,1,1,1,0,0,0,0,1,0]]"
7,931,-0.0009321994932295491,0.0009321994932295491,"[[1,1,0,0,1,1,1,1,0,1],[1,1,1,1,0,0,0,0,1,1]]"
7,932,-0.0015501825723892965,0.0015501825723892965,"[[1,1,0,0,1,1,1,1,0,1],[1,1,1,1,0,0,0,1,0,0]]"
7,933,-0.0018602616107503622,0.0018602616107503622,"[[1,1,0,0,1,1,1,1,0,1],[1,1,1,1,0,0,0,1,0,1]]"
7,934,-0.0027813943657883583,0.0027813943657883583,"[[1,1,0,0,1,1,1,1,0,1],[1,1,1,1,0,0,0,1,1,0]]"
7,935,-0.003155559861185465,0.003155559861185465,"[[1,1,0,0,1,1,1,1,0,1],[1,1,1,1,0,0,0,1,1,1]]"
7,936,-0.003094478603819582,0.003094478603819582,"[[1,1,0,0,1,1,1,1,0,1],[1,1,1,1,0,0,1,0,0,0]]"
7,937,-0.00342319015463479,0.00342319015463479,"[[1,1,0,0,1,1,1,1,0,1],[1,1,1,1,0,0,1,0,0,1]]"
7,938,-0.004673851539594219,0.004673851539594219,"[[1,1,0,0,1,1,1,1,0,1],[1,1,1,1,0,0,1,0,1,0]]"
7,939,-0.00505673955301203,0.00505673955301203,"[[1,1,0,0,1,1,1,1,0,1],[1,1,1,1,0,0,1,0,1,1]]"
7,940,-0.007331058853376674,0.007331058853376674,"[[1,1,0,0,1,1,1,1,0,1],[1,1,1,1,0,0,1,1,0,0]]"
7,941,-0.007751737952741141,0.007751737952741141,"[[1,1,0,0,1,1,1,1,0,1],[1,1,1,1,0,0,1,1,0,1]]"
7,942,-0.009070410046130717,0.009070410046130717,"[[1,1,0,0,1,1,1,1,0,1],[1,1,1,1,0,0,1,1,1,0]]"
7,943,-0.009288472061839586,0.009288472061839586,"[[1,1,0,0,1,1,1,1,0,1],[1,1,1,1,0,0,1,1,1,1]]"
7,944,-0.005417407729407237,0.005417407729407237,"[[1,1,0,0,1,1,1,1,0,1],[1,1,1,1,0,1,0,0,0,0]]"
7,945,-0.005763646505634669,0.005763646505634669,"[[1,1,0,0,1,1,1,1,0,1],[1,1,1,1,0,1,0,0,0,1]]"
7,946,-0.007128290875153101,0.007128290875153101,"[[1,1,0,0,1,1,1,1,0,1],[1,1,1,1,0,1,0,0,1,0]]"
7,947,-0.007706851360693958,0.007706851360693958,"[[1,1,0,0,1,1,1,1,0,1],[1,1,1,1,0,1,0,0,1,1]]"
7,948,-0.010012206336531684,0.010012206336531684,"[[1,1,0,0,1,1,1,1,0,1],[1,1,1,1,0,1,0,1,0,0]]"
7,949,-0.01055327235307401,0.01055327235307401,"[[1,1,0,0,1,1,1,1,0,1],[1,1,1,1,0,1,0,1,0,1]]"
7,950,-0.012071862818866469,0.012071862818866469,"[[1,1,0,0,1,1,1,1,0,1],[1,1,1,1,0,1,0,1,1,0]]"
7,951,-0.01254346441831154,0.01254346441831154,"[[1,1,0,0,1,1,1,1,0,1],[1,1,1,1,0,1,0,1,1,1]]"
7,952,-0.015025593245972491,0.015025593245972491,"[[1,1,0,0,1,1,1,1,0,1],[1,1,1,1,0,1,1,0,0,0]]"
7,953,-0.01567823486771058,0.01567823486771058,"[[1,1,0,0,1,1,1,1,0,1],[1,1,1,1,0,1,1,0,0,1]]"
7,954,-0.01764319590117478,0.01764319590117478,"[[1,1,0,0,1,1,1,1,0,1],[1,1,1,1,0,1,1,0,1,0]]"
7,955,-0.01788741947642794,0.01788741947642794,"[[1,1,0,0,1,1,1,1,0,1],[1,1,1,1,0,1,1,0,1,1]]"
7,956,-0.021694683905723395,0.021694683905723395,"[[1,1,0,0,1,1,1,1,0,1],[1,1,1,1,0,1,1,1,0,0]]"
7,957,-0.022171714942171614,0.022171714942171614,"[[1,1,0,0,1,1,1,1,0,1],[1,1,1,1,0,1,1,1,0,1]]"
7,958,-0.024192569474749136,0.024192569474749136,"[[1,1,0,0,1,1,1,1,0,1],[1,1,1,1,0,1,1,1,1,0]]"
7,959,-0.024375708666314343,0.024375708666314343,"[[1,1,0,0,1,1,1,1,0,1],[1,1,1,1,0,1,1,1,1,1]]"
7,960,-0.00011961061608348394,0.00011961061608348394,"[[1,1,0,0,1,1,1,1,1,0],[1,1,1,1,0,0,0,0,0,0]]"
7,961,-0.00011636296067893222,0.00011636296067893222,"[[1,1,0,0,1,1,1,1,1,0],[1,1,1,1,0,0,0,0,0,1]]"
7,962,-0.00026506874697771946,0.00026506874697771946,"[[1,1,0,0,1,1,1,1,1,0],[1,1,1,1,0,0,0,0,1,0]]"
7,963,-0.00033742297333359486,0.00033742297333359486,"[[1,1,0,0,1,1,1,1,1,0],[1,1,1,1,0,0,0,0,1,1]]"
7,964,-0.0008082722800665466,0.0008082722800665466,"[[1,1,0,0,1,1,1,1,1,0],[1,1,1,1,0,0,0,1,0,0]]"
7,965,-0.0009391835699887935,0.0009391835699887935,"[[1,1,0,0,1,1,1,1,1,0],[1,1,1,1,0,0,0,1,0,1]]"
7,966,-0.001675951245116333,0.001675951245116333,"[[1,1,0,0,1,1,1,1,1,0],[1,1,1,1,0,0,0,1,1,0]]"
7,967,-0.001883528632605362,0.001883528632605362,"[[1,1,0,0,1,1,1,1,1,0],[1,1,1,1,0,0,0,1,1,1]]"
7,968,-0.002013700898235701,0.002013700898235701,"[[1,1,0,0,1,1,1,1,1,0],[1,1,1,1,0,0,1,0,0,0]]"
7,969,-0.002090944353055785,0.002090944353055785,"[[1,1,0,0,1,1,1,1,1,0],[1,1,1,1,0,0,1,0,0,1]]"
7,970,-0.003076103405433309,0.003076103405433309,"[[1,1,0,0,1,1,1,1,1,0],[1,1,1,1,0,0,1,0,1,0]]"
7,971,-0.0032757550223281393,0.0032757550223281393,"[[1,1,0,0,1,1,1,1,1,0],[1,1,1,1,0,0,1,0,1,1]]"
7,972,-0.005661524800226922,0.005661524800226922,"[[1,1,0,0,1,1,1,1,1,0],[1,1,1,1,0,0,1,1,0,0]]"
7,973,-0.005843801284995587,0.005843801284995587,"[[1,1,0,0,1,1,1,1,1,0],[1,1,1,1,0,0,1,1,0,1]]"
7,974,-0.007594296926865451,0.007594296926865451,"[[1,1,0,0,1,1,1,1,1,0],[1,1,1,1,0,0,1,1,1,0]]"
7,975,-0.007799098306356751,0.007799098306356751,"[[1,1,0,0,1,1,1,1,1,0],[1,1,1,1,0,0,1,1,1,1]]"
7,976,-0.0040895386934019055,0.0040895386934019055,"[[1,1,0,0,1,1,1,1,1,0],[1,1,1,1,0,1,0,0,0,0]]"
7,977,-0.004221961421361831,0.004221961421361831,"[[1,1,0,0,1,1,1,1,1,0],[1,1,1,1,0,1,0,0,0,1]]"
7,978,-0.0052983405484785286,0.0052983405484785286,"[[1,1,0,0,1,1,1,1,1,0],[1,1,1,1,0,1,0,0,1,0]]"
7,979,-0.005552829363437945,0.005552829363437945,"[[1,1,0,0,1,1,1,1,1,0],[1,1,1,1,0,1,0,0,1,1]]"
7,980,-0.008173293109187239,0.008173293109187239,"[[1,1,0,0,1,1,1,1,1,0],[1,1,1,1,0,1,0,1,0,0]]"
7,981,-0.0082520664106926,0.0082520664106926,"[[1,1,0,0,1,1,1,1,1,0],[1,1,1,1,0,1,0,1,0,1]]"
7,982,-0.010195526211865945,0.010195526211865945,"[[1,1,0,0,1,1,1,1,1,0],[1,1,1,1,0,1,0,1,1,0]]"
7,983,-0.010416627516654776,0.010416627516654776,"[[1,1,0,0,1,1,1,1,1,0],[1,1,1,1,0,1,0,1,1,1]]"
7,984,-0.012981822719758333,0.012981822719758333,"[[1,1,0,0,1,1,1,1,1,0],[1,1,1,1,0,1,1,0,0,0]]"
7,985,-0.013180085522836959,0.013180085522836959,"[[1,1,0,0,1,1,1,1,1,0],[1,1,1,1,0,1,1,0,0,1]]"
7,986,-0.015218919782556432,0.015218919782556432,"[[1,1,0,0,1,1,1,1,1,0],[1,1,1,1,0,1,1,0,1,0]]"
7,987,-0.015493904590634912,0.015493904590634912,"[[1,1,0,0,1,1,1,1,1,0],[1,1,1,1,0,1,1,0,1,1]]"
7,988,-0.020218011632658607,0.020218011632658607,"[[1,1,0,0,1,1,1,1,1,0],[1,1,1,1,0,1,1,1,0,0]]"
7,989,-0.020052935682369755,0.020052935682369755,"[[1,1,0,0,1,1,1,1,1,0],[1,1,1,1,0,1,1,1,0,1]]"
7,990,-0.022494553707291427,0.022494553707291427,"[[1,1,0,0,1,1,1,1,1,0],[1,1,1,1,0,1,1,1,1,0]]"
7,991,-0.022766927626706613,0.022766927626706613,"[[1,1,0,0,1,1,1,1,1,0],[1,1,1,1,0,1,1,1,1,1]]"
7,992,-0.00014119205711610012,0.00014119205711610012,"[[1,1,0,0,1,1,1,1,1,1],[1,1,1,1,0,0,0,0,0,0]]"
7,993,-0.00012050511010278729,0.00012050511010278729,"[[1,1,0,0,1,1,1,1,1,1],[1,1,1,1,0,0,0,0,0,1]]"
7,994,-0.0002137873554772289,0.0002137873554772289,"[[1,1,0,0,1,1,1,1,1,1],[1,1,1,1,0,0,0,0,1,0]]"
7,995,-0.00028634180044037003,0.00028634180044037003,"[[1,1,0,0,1,1,1,1,1,1],[1,1,1,1,0,0,0,0,1,1]]"
7,996,-0.0006396148409156623,0.0006396148409156623,"[[1,1,0,0,1,1,1,1,1,1],[1,1,1,1,0,0,0,1,0,0]]"
7,997,-0.0007608114031755378,0.0007608114031755378,"[[1,1,0,0,1,1,1,1,1,1],[1,1,1,1,0,0,0,1,0,1]]"
7,998,-0.0014946293952690978,0.0014946293952690978,"[[1,1,0,0,1,1,1,1,1,1],[1,1,1,1,0,0,0,1,1,0]]"
7,999,-0.0017407791337396114,0.0017407791337396114,"[[1,1,0,0,1,1,1,1,1,1],[1,1,1,1,0,0,0,1,1,1]]"
7,1000,-0.0017280728524299463,0.0017280728524299463,"[[1,1,0,0,1,1,1,1,1,1],[1,1,1,1,0,0,1,0,0,0]]"
7,1001,-0.0018408807278006852,0.0018408807278006852,"[[1,1,0,0,1,1,1,1,1,1],[1,1,1,1,0,0,1,0,0,1]]"
7,1002,-0.0029288346337226125,0.0029288346337226125,"[[1,1,0,0,1,1,1,1,1,1],[1,1,1,1,0,0,1,0,1,0]]"
7,1003,-0.0032066442761023673,0.0032066442761023673,"[[1,1,0,0,1,1,1,1,1,1],[1,1,1,1,0,0,1,0,1,1]]"
7,1004,-0.0052688676418069635,0.0052688676418069635,"[[1,1,0,0,1,1,1,1,1,1],[1,1,1,1,0,0,1,1,0,0]]"
7,1005,-0.005594921896023081,0.005594921896023081,"[[1,1,0,0,1,1,1,1,1,1],[1,1,1,1,0,0,1,1,0,1]]"
7,1006,-0.0074640288932932165,0.0074640288932932165,"[[1,1,0,0,1,1,1,1,1,1],[1,1,1,1,0,0,1,1,1,0]]"
7,1007,-0.007909279073627732,0.007909279073627732,"[[1,1,0,0,1,1,1,1,1,1],[1,1,1,1,0,0,1,1,1,1]]"
7,1008,-0.003655712563904634,0.003655712563904634,"[[1,1,0,0,1,1,1,1,1,1],[1,1,1,1,0,1,0,0,0,0]]"
7,1009,-0.0038215322246325785,0.0038215322246325785,"[[1,1,0,0,1,1,1,1,1,1],[1,1,1,1,0,1,0,0,0,1]]"
7,1010,-0.005012629675608568,0.005012629675608568,"[[1,1,0,0,1,1,1,1,1,1],[1,1,1,1,0,1,0,0,1,0]]"
7,1011,-0.005354501189933324,0.005354501189933324,"[[1,1,0,0,1,1,1,1,1,1],[1,1,1,1,0,1,0,0,1,1]]"
7,1012,-0.007573576393989363,0.007573576393989363,"[[1,1,0,0,1,1,1,1,1,1],[1,1,1,1,0,1,0,1,0,0]]"
7,1013,-0.007912252525546984,0.007912252525546984,"[[1,1,0,0,1,1,1,1,1,1],[1,1,1,1,0,1,0,1,0,1]]"
7,1014,-0.009864714360686058,0.009864714360686058,"[[1,1,0,0,1,1,1,1,1,1],[1,1,1,1,0,1,0,1,1,0]]"
7,1015,-0.01041391636812641,0.01041391636812641,"[[1,1,0,0,1,1,1,1,1,1],[1,1,1,1,0,1,0,1,1,1]]"
7,1016,-0.01219915786491818,0.01219915786491818,"[[1,1,0,0,1,1,1,1,1,1],[1,1,1,1,0,1,1,0,0,0]]"
7,1017,-0.012627709811513909,0.012627709811513909,"[[1,1,0,0,1,1,1,1,1,1],[1,1,1,1,0,1,1,0,0,1]]"
7,1018,-0.014794796452832217,0.014794796452832217,"[[1,1,0,0,1,1,1,1,1,1],[1,1,1,1,0,1,1,0,1,0]]"
7,1019,-0.015405425789816735,0.015405425789816735,"[[1,1,0,0,1,1,1,1,1,1],[1,1,1,1,0,1,1,0,1,1]]"
7,1020,-0.019698039499723135,0.019698039499723135,"[[1,1,0,0,1,1,1,1,1,1],[1,1,1,1,0,1,1,1,0,0]]"
7,1021,-0.020005746696029753,0.020005746696029753,"[[1,1,0,0,1,1,1,1,1,1],[1,1,1,1,0,1,1,1,0,1]]"
7,1022,-0.022354455555602327,0.022354455555602327,"[[1,1,0,0,1,1,1,1,1,1],[1,1,1,1,0,1,1,1,1,0]]"
7,1023,-0.023018049152720547,0.023018049152720547,"[[1,1,0,0,1,1,1,1,1,1],[1,1,1,1,0,1,1,1,1,1]]"
8,0,-0.020846216378158474,0.020846216378158474,"[[1,1,0,0,1,0,0,0,0,0],[1,1,1,1,0,0,0,0,0,0]]"
8,1,-0.020937070177240006,0.020937070177240006,"[[1,1,0,0,1,0,0,0,0,0],[1,1,1,1,0,0,0,0,0,1]]"
8,2,-0.02239166139296805,0.02239166139296805,"[[1,1,0,0,1,0,0,0,0,0],[1,1,1,1,0,0,0,0,1,0]]"
8,3,-0.02260864546568193,0.02260864546568193,"[[1,1,0,0,1,0,0,0,0,0],[1,1,1,1,0,0,0,0,1,1]]"
8,4,-0.0252035210284172,0.0252035210284172,"[[1,1,0,0,1,0,0,0,0,0],[1,1,1,1,0,0,0,1,0,0]]"
8,5,-0.025452004553424997,0.025452004553424997,"[[1,1,0,0,1,0,0,0,0,0],[1,1,1,1,0,0,0,1,0,1]]"
8,6,-0.02656389636591894,0.02656389636591894,"[[1,1,0,0,1,0,0,0,0,0],[1,1,1,1,0,0,0,1,1,0]]"
8,7,-0.02582195026614769,0.02582195026614769,"[[1,1,0,0,1,0,0,0,0,0],[1,1,1,1,0,0,0,1,1,1]]"
8,8,-0.03107757803824371,0.03107757803824371,"[[1,1,0,0,1,0,0,0,0,0],[1,1,1,1,0,0,1,0,0,0]]"
8,9,-0.03117845379540965,0.03117845379540965,"[[1,1,0,0,1,0,0,0,0,0],[1,1,1,1,0,0,1,0,0,1]]"
8,10,-0.03249036230633438,0.03249036230633438,"[[1,1,0,0,1,0,0,0,0,0],[1,1,1,1,0,0,1,0,1,0]]"
8,11,-0.032303332771611626,0.032303332771611626,"[[1,1,0,0,1,0,0,0,0,0],[1,1,1,1,0,0,1,0,1,1]]"
8,12,-0.03492195892991929,0.03492195892991929,"[[1,1,0,0,1,0,0,0,0,0],[1,1,1,1,0,0,1,1,0,0]]"
8,13,-0.03439278546206086,0.03439278546206086,"[[1,1,0,0,1,0,0,0,0,0],[1,1,1,1,0,0,1,1,0,1]]"
8,14,-0.03511543902374309,0.03511543902374309,"[[1,1,0,0,1,0,0,0,0,0],[1,1,1,1,0,0,1,1,1,0]]"
8,15,-0.03258257717223505,0.03258257717223505,"[[1,1,0,0,1,0,0,0,0,0],[1,1,1,1,0,0,1,1,1,1]]"
8,16,-0.03633521255742806,0.03633521255742806,"[[1,1,0,0,1,0,0,0,0,0],[1,1,1,1,0,1,0,0,0,0]]"
8,17,-0.03661368123694493,0.03661368123694493,"[[1,1,0,0,1,0,0,0,0,0],[1,1,1,1,0,1,0,0,0,1]]"
8,18,-0.037901404817473734,0.037901404817473734,"[[1,1,0,0,1,0,0,0,0,0],[1,1,1,1,0,1,0,0,1,0]]"
8,19,-0.037925550711192406,0.037925550711192406,"[[1,1,0,0,1,0,0,0,0,0],[1,1,1,1,0,1,0,0,1,1]]"
8,20,-0.04023819159628629,0.04023819159628629,"[[1,1,0,0,1,0,0,0,0,0],[1,1,1,1,0,1,0,1,0,0]]"
8,21,-0.039751639235984154,0.039751639235984154,"[[1,1,0,0,1,0,0,0,0,0],[1,1,1,1,0,1,0,1,0,1]]"
8,22,-0.04071963272834358,0.04071963272834358,"[[1,1,0,0,1,0,0,0,0,0],[1,1,1,1,0,1,0,1,1,0]]"
8,23,-0.038486865837656925,0.038486865837656925,"[[1,1,0,0,1,0,0,0,0,0],[1,1,1,1,0,1,0,1,1,1]]"
8,24,-0.04626711413843733,0.04626711413843733,"[[1,1,0,0,1,0,0,0,0,0],[1,1,1,1,0,1,1,0,0,0]]"
8,25,-0.04627275291849377,0.04627275291849377,"[[1,1,0,0,1,0,0,0,0,0],[1,1,1,1,0,1,1,0,0,1]]"
8,26,-0.04777804227026192,0.04777804227026192,"[[1,1,0,0,1,0,0,0,0,0],[1,1,1,1,0,1,1,0,1,0]]"
8,27,-0.0466059143542967,0.0466059143542967,"[[1,1,0,0,1,0,0,0,0,0],[1,1,1,1,0,1,1,0,1,1]]"
8,28,-0.04853616818730381,0.04853616818730381,"[[1,1,0,0,1,0,0,0,0,0],[1,1,1,1,0,1,1,1,0,0]]"
8,29,-0.04713354197487743,0.04713354197487743,"[[1,1,0,0,1,0,0,0,0,0],[1,1,1,1,0,1,1,1,0,1]]"
8,30,-0.046123517822644546,0.046123517822644546,"[[1,1,0,0,1,0,0,0,0,0],[1,1,1,1,0,1,1,1,1,0]]"
8,31,-0.040670991257316276,0.040670991257316276,"[[1,1,0,0,1,0,0,0,0,0],[1,1,1,1,0,1,1,1,1,1]]"
8,32,-0.02091615878657478,0.02091615878657478,"[[1,1,0,0,1,0,0,0,0,1],[1,1,1,1,0,0,0,0,0,0]]"
8,33,-0.02112811366884742,0.02112811366884742,"[[1,1,0,0,1,0,0,0,0,1],[1,1,1,1,0,0,0,0,0,1]]"
8,34,-0.022648312102232657,0.022648312102232657,"[[1,1,0,0,1,0,0,0,0,1],[1,1,1,1,0,0,0,0,1,0]]"
8,35,-0.022884204909081093,0.022884204909081093,"[[1,1,0,0,1,0,0,0,0,1],[1,1,1,1,0,0,0,0,1,1]]"
8,36,-0.025738644945336616,0.025738644945336616,"[[1,1,0,0,1,0,0,0,0,1],[1,1,1,1,0,0,0,1,0,0]]"
8,37,-0.025934199950152274,0.025934199950152274,"[[1,1,0,0,1,0,0,0,0,1],[1,1,1,1,0,0,0,1,0,1]]"
8,38,-0.02693147998974795,0.02693147998974795,"[[1,1,0,0,1,0,0,0,0,1],[1,1,1,1,0,0,0,1,1,0]]"
8,39,-0.026728586948917686,0.026728586948917686,"[[1,1,0,0,1,0,0,0,0,1],[1,1,1,1,0,0,0,1,1,1]]"
8,40,-0.03143671493400391,0.03143671493400391,"[[1,1,0,0,1,0,0,0,0,1],[1,1,1,1,0,0,1,0,0,0]]"
8,41,-0.03181300979002341,0.03181300979002341,"[[1,1,0,0,1,0,0,0,0,1],[1,1,1,1,0,0,1,0,0,1]]"
8,42,-0.033097142113633446,0.033097142113633446,"[[1,1,0,0,1,0,0,0,0,1],[1,1,1,1,0,0,1,0,1,0]]"
8,43,-0.032715149708647154,0.032715149708647154,"[[1,1,0,0,1,0,0,0,0,1],[1,1,1,1,0,0,1,0,1,1]]"
8,44,-0.03612438605721819,0.03612438605721819,"[[1,1,0,0,1,0,0,0,0,1],[1,1,1,1,0,0,1,1,0,0]]"
8,45,-0.03552920930883944,0.03552920930883944,"[[1,1,0,0,1,0,0,0,0,1],[1,1,1,1,0,0,1,1,0,1]]"
8,46,-0.03614796491476388,0.03614796491476388,"[[1,1,0,0,1,0,0,0,0,1],[1,1,1,1,0,0,1,1,1,0]]"
8,47,-0.03473817339153575,0.03473817339153575,"[[1,1,0,0,1,0,0,0,0,1],[1,1,1,1,0,0,1,1,1,1]]"
8,48,-0.037337859318670376,0.037337859318670376,"[[1,1,0,0,1,0,0,0,0,1],[1,1,1,1,0,1,0,0,0,0]]"
8,49,-0.03730285636900503,0.03730285636900503,"[[1,1,0,0,1,0,0,0,0,1],[1,1,1,1,0,1,0,0,0,1]]"
8,50,-0.038660109568703326,0.038660109568703326,"[[1,1,0,0,1,0,0,0,0,1],[1,1,1,1,0,1,0,0,1,0]]"
8,51,-0.03829514037733221,0.03829514037733221,"[[1,1,0,0,1,0,0,0,0,1],[1,1,1,1,0,1,0,0,1,1]]"
8,52,-0.04196055398549077,0.04196055398549077,"[[1,1,0,0,1,0,0,0,0,1],[1,1,1,1,0,1,0,1,0,0]]"
8,53,-0.04108518755287203,0.04108518755287203,"[[1,1,0,0,1,0,0,0,0,1],[1,1,1,1,0,1,0,1,0,1]]"
8,54,-0.04199545493032247,0.04199545493032247,"[[1,1,0,0,1,0,0,0,0,1],[1,1,1,1,0,1,0,1,1,0]]"
8,55,-0.04038850900826058,0.04038850900826058,"[[1,1,0,0,1,0,0,0,0,1],[1,1,1,1,0,1,0,1,1,1]]"
8,56,-0.04860959727234837,0.04860959727234837,"[[1,1,0,0,1,0,0,0,0,1],[1,1,1,1,0,1,1,0,0,0]]"
8,57,-0.04775166251373603,0.04775166251373603,"[[1,1,0,0,1,0,0,0,0,1],[1,1,1,1,0,1,1,0,0,1]]"
8,58,-0.049457270247968255,0.049457270247968255,"[[1,1,0,0,1,0,0,0,0,1],[1,1,1,1,0,1,1,0,1,0]]"
8,59,-0.04781983762441415,0.04781983762441415,"[[1,1,0,0,1,0,0,0,0,1],[1,1,1,1,0,1,1,0,1,1]]"
8,60,-0.05100555829544136,0.05100555829544136,"[[1,1,0,0,1,0,0,0,0,1],[1,1,1,1,0,1,1,1,0,0]]"
8,61,-0.04964817018279042,0.04964817018279042,"[[1,1,0,0,1,0,0,0,0,1],[1,1,1,1,0,1,1,1,0,1]]"
8,62,-0.04914713975133434,0.04914713975133434,"[[1,1,0,0,1,0,0,0,0,1],[1,1,1,1,0,1,1,1,1,0]]"
8,63,-0.04526409284222333,0.04526409284222333,"[[1,1,0,0,1,0,0,0,0,1],[1,1,1,1,0,1,1,1,1,1]]"
8,64,-0.018757131895646914,0.018757131895646914,"[[1,1,0,0,1,0,0,0,1,0],[1,1,1,1,0,0,0,0,0,0]]"
8,65,-0.018546793282630956,0.018546793282630956,"[[1,1,0,0,1,0,0,0,1,0],[1,1,1,1,0,0,0,0,0,1]]"
8,66,-0.02087593179391083,0.02087593179391083,"[[1,1,0,0,1,0,0,0,1,0],[1,1,1,1,0,0,0,0,1,0]]"
8,67,-0.021047114796627398,0.021047114796627398,"[[1,1,0,0,1,0,0,0,1,0],[1,1,1,1,0,0,0,0,1,1]]"
8,68,-0.024775365908262136,0.024775365908262136,"[[1,1,0,0,1,0,0,0,1,0],[1,1,1,1,0,0,0,1,0,0]]"
8,69,-0.024800901276842806,0.024800901276842806,"[[1,1,0,0,1,0,0,0,1,0],[1,1,1,1,0,0,0,1,0,1]]"
8,70,-0.026352281799674346,0.026352281799674346,"[[1,1,0,0,1,0,0,0,1,0],[1,1,1,1,0,0,0,1,1,0]]"
8,71,-0.02623693389735818,0.02623693389735818,"[[1,1,0,0,1,0,0,0,1,0],[1,1,1,1,0,0,0,1,1,1]]"
8,72,-0.029959994949194223,0.029959994949194223,"[[1,1,0,0,1,0,0,0,1,0],[1,1,1,1,0,0,1,0,0,0]]"
8,73,-0.02980520344019614,0.02980520344019614,"[[1,1,0,0,1,0,0,0,1,0],[1,1,1,1,0,0,1,0,0,1]]"
8,74,-0.032040658547917655,0.032040658547917655,"[[1,1,0,0,1,0,0,0,1,0],[1,1,1,1,0,0,1,0,1,0]]"
8,75,-0.031940029118340985,0.031940029118340985,"[[1,1,0,0,1,0,0,0,1,0],[1,1,1,1,0,0,1,0,1,1]]"
8,76,-0.035907889666790364,0.035907889666790364,"[[1,1,0,0,1,0,0,0,1,0],[1,1,1,1,0,0,1,1,0,0]]"
8,77,-0.03583710635113823,0.03583710635113823,"[[1,1,0,0,1,0,0,0,1,0],[1,1,1,1,0,0,1,1,0,1]]"
8,78,-0.036672823632732575,0.036672823632732575,"[[1,1,0,0,1,0,0,0,1,0],[1,1,1,1,0,0,1,1,1,0]]"
8,79,-0.03601234626121265,0.03601234626121265,"[[1,1,0,0,1,0,0,0,1,0],[1,1,1,1,0,0,1,1,1,1]]"
8,80,-0.035702915139208126,0.035702915139208126,"[[1,1,0,0,1,0,0,0,1,0],[1,1,1,1,0,1,0,0,0,0]]"
8,81,-0.035356241497294424,0.035356241497294424,"[[1,1,0,0,1,0,0,0,1,0],[1,1,1,1,0,1,0,0,0,1]]"
8,82,-0.037517564407141275,0.037517564407141275,"[[1,1,0,0,1,0,0,0,1,0],[1,1,1,1,0,1,0,0,1,0]]"
8,83,-0.03741308922360556,0.03741308922360556,"[[1,1,0,0,1,0,0,0,1,0],[1,1,1,1,0,1,0,0,1,1]]"
8,84,-0.04226370641606228,0.04226370641606228,"[[1,1,0,0,1,0,0,0,1,0],[1,1,1,1,0,1,0,1,0,0]]"
8,85,-0.04176495432700301,0.04176495432700301,"[[1,1,0,0,1,0,0,0,1,0],[1,1,1,1,0,1,0,1,0,1]]"
8,86,-0.04234353211079057,0.04234353211079057,"[[1,1,0,0,1,0,0,0,1,0],[1,1,1,1,0,1,0,1,1,0]]"
8,87,-0.041515708614165946,0.041515708614165946,"[[1,1,0,0,1,0,0,0,1,0],[1,1,1,1,0,1,0,1,1,1]]"
8,88,-0.04755672075351183,0.04755672075351183,"[[1,1,0,0,1,0,0,0,1,0],[1,1,1,1,0,1,1,0,0,0]]"
8,89,-0.046779276634055636,0.046779276634055636,"[[1,1,0,0,1,0,0,0,1,0],[1,1,1,1,0,1,1,0,0,1]]"
8,90,-0.04876263980305933,0.04876263980305933,"[[1,1,0,0,1,0,0,0,1,0],[1,1,1,1,0,1,1,0,1,0]]"
8,91,-0.04809605455252438,0.04809605455252438,"[[1,1,0,0,1,0,0,0,1,0],[1,1,1,1,0,1,1,0,1,1]]"
8,92,-0.051146696313249744,0.051146696313249744,"[[1,1,0,0,1,0,0,0,1,0],[1,1,1,1,0,1,1,1,0,0]]"
8,93,-0.05048838979685958,0.05048838979685958,"[[1,1,0,0,1,0,0,0,1,0],[1,1,1,1,0,1,1,1,0,1]]"
8,94,-0.05006020168631161,0.05006020168631161,"[[1,1,0,0,1,0,0,0,1,0],[1,1,1,1,0,1,1,1,1,0]]"
8,95,-0.048491948448832735,0.048491948448832735,"[[1,1,0,0,1,0,0,0,1,0],[1,1,1,1,0,1,1,1,1,1]]"
8,96,-0.01836094308386247,0.01836094308386247,"[[1,1,0,0,1,0,0,0,1,1],[1,1,1,1,0,0,0,0,0,0]]"
8,97,-0.01876297022701219,0.01876297022701219,"[[1,1,0,0,1,0,0,0,1,1],[1,1,1,1,0,0,0,0,0,1]]"
8,98,-0.020829750628122434,0.020829750628122434,"[[1,1,0,0,1,0,0,0,1,1],[1,1,1,1,0,0,0,0,1,0]]"
8,99,-0.021211795762858133,0.021211795762858133,"[[1,1,0,0,1,0,0,0,1,1],[1,1,1,1,0,0,0,0,1,1]]"
8,100,-0.024291621000988292,0.024291621000988292,"[[1,1,0,0,1,0,0,0,1,1],[1,1,1,1,0,0,0,1,0,0]]"
8,101,-0.024865767110253616,0.024865767110253616,"[[1,1,0,0,1,0,0,0,1,1],[1,1,1,1,0,0,0,1,0,1]]"
8,102,-0.02659896296969208,0.02659896296969208,"[[1,1,0,0,1,0,0,0,1,1],[1,1,1,1,0,0,0,1,1,0]]"
8,103,-0.0267293829158055,0.0267293829158055,"[[1,1,0,0,1,0,0,0,1,1],[1,1,1,1,0,0,0,1,1,1]]"
8,104,-0.029534153635980692,0.029534153635980692,"[[1,1,0,0,1,0,0,0,1,1],[1,1,1,1,0,0,1,0,0,0]]"
8,105,-0.030016203793753957,0.030016203793753957,"[[1,1,0,0,1,0,0,0,1,1],[1,1,1,1,0,0,1,0,0,1]]"
8,106,-0.03191915853613844,0.03191915853613844,"[[1,1,0,0,1,0,0,0,1,1],[1,1,1,1,0,0,1,0,1,0]]"
8,107,-0.03232795427400409,0.03232795427400409,"[[1,1,0,0,1,0,0,0,1,1],[1,1,1,1,0,0,1,0,1,1]]"
8,108,-0.035579506712606096,0.035579506712606096,"[[1,1,0,0,1,0,0,0,1,1],[1,1,1,1,0,0,1,1,0,0]]"
8,109,-0.03614847856012814,0.03614847856012814,"[[1,1,0,0,1,0,0,0,1,1],[1,1,1,1,0,0,1,1,0,1]]"
8,110,-0.03742716804867471,0.03742716804867471,"[[1,1,0,0,1,0,0,0,1,1],[1,1,1,1,0,0,1,1,1,0]]"
8,111,-0.03682985421840592,0.03682985421840592,"[[1,1,0,0,1,0,0,0,1,1],[1,1,1,1,0,0,1,1,1,1]]"
8,112,-0.035499216376724284,0.035499216376724284,"[[1,1,0,0,1,0,0,0,1,1],[1,1,1,1,0,1,0,0,0,0]]"
8,113,-0.035872648822823476,0.035872648822823476,"[[1,1,0,0,1,0,0,0,1,1],[1,1,1,1,0,1,0,0,0,1]]"
8,114,-0.037911131834624336,0.037911131834624336,"[[1,1,0,0,1,0,0,0,1,1],[1,1,1,1,0,1,0,0,1,0]]"
8,115,-0.03800520910633865,0.03800520910633865,"[[1,1,0,0,1,0,0,0,1,1],[1,1,1,1,0,1,0,0,1,1]]"
8,116,-0.04211749803315615,0.04211749803315615,"[[1,1,0,0,1,0,0,0,1,1],[1,1,1,1,0,1,0,1,0,0]]"
8,117,-0.042280992837274815,0.042280992837274815,"[[1,1,0,0,1,0,0,0,1,1],[1,1,1,1,0,1,0,1,0,1]]"
8,118,-0.0434738081531734,0.0434738081531734,"[[1,1,0,0,1,0,0,0,1,1],[1,1,1,1,0,1,0,1,1,0]]"
8,119,-0.0425534575436857,0.0425534575436857,"[[1,1,0,0,1,0,0,0,1,1],[1,1,1,1,0,1,0,1,1,1]]"
8,120,-0.04862376150029249,0.04862376150029249,"[[1,1,0,0,1,0,0,0,1,1],[1,1,1,1,0,1,1,0,0,0]]"
8,121,-0.04814975272134903,0.04814975272134903,"[[1,1,0,0,1,0,0,0,1,1],[1,1,1,1,0,1,1,0,0,1]]"
8,122,-0.04994668857041031,0.04994668857041031,"[[1,1,0,0,1,0,0,0,1,1],[1,1,1,1,0,1,1,0,1,0]]"
8,123,-0.04927091256184607,0.04927091256184607,"[[1,1,0,0,1,0,0,0,1,1],[1,1,1,1,0,1,1,0,1,1]]"
8,124,-0.05241212148439961,0.05241212148439961,"[[1,1,0,0,1,0,0,0,1,1],[1,1,1,1,0,1,1,1,0,0]]"
8,125,-0.05223173461969841,0.05223173461969841,"[[1,1,0,0,1,0,0,0,1,1],[1,1,1,1,0,1,1,1,0,1]]"
8,126,-0.05263234625197892,0.05263234625197892,"[[1,1,0,0,1,0,0,0,1,1],[1,1,1,1,0,1,1,1,1,0]]"
8,127,-0.05067982167272973,0.05067982167272973,"[[1,1,0,0,1,0,0,0,1,1],[1,1,1,1,0,1,1,1,1,1]]"
8,128,-0.015553050492075384,0.015553050492075384,"[[1,1,0,0,1,0,0,1,0,0],[1,1,1,1,0,0,0,0,0,0]]"
8,129,-0.015796944933302543,0.015796944933302543,"[[1,1,0,0,1,0,0,1,0,0],[1,1,1,1,0,0,0,0,0,1]]"
8,130,-0.01711154049139429,0.01711154049139429,"[[1,1,0,0,1,0,0,1,0,0],[1,1,1,1,0,0,0,0,1,0]]"
8,131,-0.017466375182539767,0.017466375182539767,"[[1,1,0,0,1,0,0,1,0,0],[1,1,1,1,0,0,0,0,1,1]]"
8,132,-0.02120098676561802,0.02120098676561802,"[[1,1,0,0,1,0,0,1,0,0],[1,1,1,1,0,0,0,1,0,0]]"
8,133,-0.021891496566920566,0.021891496566920566,"[[1,1,0,0,1,0,0,1,0,0],[1,1,1,1,0,0,0,1,0,1]]"
8,134,-0.02322990147924586,0.02322990147924586,"[[1,1,0,0,1,0,0,1,0,0],[1,1,1,1,0,0,0,1,1,0]]"
8,135,-0.023357409037518814,0.023357409037518814,"[[1,1,0,0,1,0,0,1,0,0],[1,1,1,1,0,0,0,1,1,1]]"
8,136,-0.026712068507545678,0.026712068507545678,"[[1,1,0,0,1,0,0,1,0,0],[1,1,1,1,0,0,1,0,0,0]]"
8,137,-0.027353215036501056,0.027353215036501056,"[[1,1,0,0,1,0,0,1,0,0],[1,1,1,1,0,0,1,0,0,1]]"
8,138,-0.028864617974923158,0.028864617974923158,"[[1,1,0,0,1,0,0,1,0,0],[1,1,1,1,0,0,1,0,1,0]]"
8,139,-0.02907101927780996,0.02907101927780996,"[[1,1,0,0,1,0,0,1,0,0],[1,1,1,1,0,0,1,0,1,1]]"
8,140,-0.03373145375664102,0.03373145375664102,"[[1,1,0,0,1,0,0,1,0,0],[1,1,1,1,0,0,1,1,0,0]]"
8,141,-0.03400950246873444,0.03400950246873444,"[[1,1,0,0,1,0,0,1,0,0],[1,1,1,1,0,0,1,1,0,1]]"
8,142,-0.03495251679603884,0.03495251679603884,"[[1,1,0,0,1,0,0,1,0,0],[1,1,1,1,0,0,1,1,1,0]]"
8,143,-0.03392434631764072,0.03392434631764072,"[[1,1,0,0,1,0,0,1,0,0],[1,1,1,1,0,0,1,1,1,1]]"
8,144,-0.031785244738327535,0.031785244738327535,"[[1,1,0,0,1,0,0,1,0,0],[1,1,1,1,0,1,0,0,0,0]]"
8,145,-0.032198191374867194,0.032198191374867194,"[[1,1,0,0,1,0,0,1,0,0],[1,1,1,1,0,1,0,0,0,1]]"
8,146,-0.03396617674722265,0.03396617674722265,"[[1,1,0,0,1,0,0,1,0,0],[1,1,1,1,0,1,0,0,1,0]]"
8,147,-0.03432442614608236,0.03432442614608236,"[[1,1,0,0,1,0,0,1,0,0],[1,1,1,1,0,1,0,0,1,1]]"
8,148,-0.038307586740091125,0.038307586740091125,"[[1,1,0,0,1,0,0,1,0,0],[1,1,1,1,0,1,0,1,0,0]]"
8,149,-0.03890784264888322,0.03890784264888322,"[[1,1,0,0,1,0,0,1,0,0],[1,1,1,1,0,1,0,1,0,1]]"
8,150,-0.04002469768866889,0.04002469768866889,"[[1,1,0,0,1,0,0,1,0,0],[1,1,1,1,0,1,0,1,1,0]]"
8,151,-0.039515240183080065,0.039515240183080065,"[[1,1,0,0,1,0,0,1,0,0],[1,1,1,1,0,1,0,1,1,1]]"
8,152,-0.04521480536498789,0.04521480536498789,"[[1,1,0,0,1,0,0,1,0,0],[1,1,1,1,0,1,1,0,0,0]]"
8,153,-0.04536337164138331,0.04536337164138331,"[[1,1,0,0,1,0,0,1,0,0],[1,1,1,1,0,1,1,0,0,1]]"
8,154,-0.04730641907338713,0.04730641907338713,"[[1,1,0,0,1,0,0,1,0,0],[1,1,1,1,0,1,1,0,1,0]]"
8,155,-0.046416827496772714,0.046416827496772714,"[[1,1,0,0,1,0,0,1,0,0],[1,1,1,1,0,1,1,0,1,1]]"
8,156,-0.05021665360871359,0.05021665360871359,"[[1,1,0,0,1,0,0,1,0,0],[1,1,1,1,0,1,1,1,0,0]]"
8,157,-0.05000682678346522,0.05000682678346522,"[[1,1,0,0,1,0,0,1,0,0],[1,1,1,1,0,1,1,1,0,1]]"
8,158,-0.05110771539336447,0.05110771539336447,"[[1,1,0,0,1,0,0,1,0,0],[1,1,1,1,0,1,1,1,1,0]]"
8,159,-0.04879809318136249,0.04879809318136249,"[[1,1,0,0,1,0,0,1,0,0],[1,1,1,1,0,1,1,1,1,1]]"
8,160,-0.01536234725446383,0.01536234725446383,"[[1,1,0,0,1,0,0,1,0,1],[1,1,1,1,0,0,0,0,0,0]]"
8,161,-0.015825508821846964,0.015825508821846964,"[[1,1,0,0,1,0,0,1,0,1],[1,1,1,1,0,0,0,0,0,1]]"
8,162,-0.017435824414577833,0.017435824414577833,"[[1,1,0,0,1,0,0,1,0,1],[1,1,1,1,0,0,0,0,1,0]]"
8,163,-0.01764777286790076,0.01764777286790076,"[[1,1,0,0,1,0,0,1,0,1],[1,1,1,1,0,0,0,0,1,1]]"
8,164,-0.02131541229889332,0.02131541229889332,"[[1,1,0,0,1,0,0,1,0,1],[1,1,1,1,0,0,0,1,0,0]]"
8,165,-0.021882981399143624,0.021882981399143624,"[[1,1,0,0,1,0,0,1,0,1],[1,1,1,1,0,0,0,1,0,1]]"
8,166,-0.023554193016775412,0.023554193016775412,"[[1,1,0,0,1,0,0,1,0,1],[1,1,1,1,0,0,0,1,1,0]]"
8,167,-0.023645878298810593,0.023645878298810593,"[[1,1,0,0,1,0,0,1,0,1],[1,1,1,1,0,0,0,1,1,1]]"
8,168,-0.026333847920039125,0.026333847920039125,"[[1,1,0,0,1,0,0,1,0,1],[1,1,1,1,0,0,1,0,0,0]]"
8,169,-0.02723216400836126,0.02723216400836126,"[[1,1,0,0,1,0,0,1,0,1],[1,1,1,1,0,0,1,0,0,1]]"
8,170,-0.02924718376843082,0.02924718376843082,"[[1,1,0,0,1,0,0,1,0,1],[1,1,1,1,0,0,1,0,1,0]]"
8,171,-0.029429202502339886,0.029429202502339886,"[[1,1,0,0,1,0,0,1,0,1],[1,1,1,1,0,0,1,0,1,1]]"
8,172,-0.033761317402134304,0.033761317402134304,"[[1,1,0,0,1,0,0,1,0,1],[1,1,1,1,0,0,1,1,0,0]]"
8,173,-0.03429642982763726,0.03429642982763726,"[[1,1,0,0,1,0,0,1,0,1],[1,1,1,1,0,0,1,1,0,1]]"
8,174,-0.03541295087229828,0.03541295087229828,"[[1,1,0,0,1,0,0,1,0,1],[1,1,1,1,0,0,1,1,1,0]]"
8,175,-0.03442264507981671,0.03442264507981671,"[[1,1,0,0,1,0,0,1,0,1],[1,1,1,1,0,0,1,1,1,1]]"
8,176,-0.03157717080788375,0.03157717080788375,"[[1,1,0,0,1,0,0,1,0,1],[1,1,1,1,0,1,0,0,0,0]]"
8,177,-0.03215308336228393,0.03215308336228393,"[[1,1,0,0,1,0,0,1,0,1],[1,1,1,1,0,1,0,0,0,1]]"
8,178,-0.03444431893892717,0.03444431893892717,"[[1,1,0,0,1,0,0,1,0,1],[1,1,1,1,0,1,0,0,1,0]]"
8,179,-0.03454408411505094,0.03454408411505094,"[[1,1,0,0,1,0,0,1,0,1],[1,1,1,1,0,1,0,0,1,1]]"
8,180,-0.03909767180354292,0.03909767180354292,"[[1,1,0,0,1,0,0,1,0,1],[1,1,1,1,0,1,0,1,0,0]]"
8,181,-0.039156092443024905,0.039156092443024905,"[[1,1,0,0,1,0,0,1,0,1],[1,1,1,1,0,1,0,1,0,1]]"
8,182,-0.040574581495023895,0.040574581495023895,"[[1,1,0,0,1,0,0,1,0,1],[1,1,1,1,0,1,0,1,1,0]]"
8,183,-0.03981690209298931,0.03981690209298931,"[[1,1,0,0,1,0,0,1,0,1],[1,1,1,1,0,1,0,1,1,1]]"
8,184,-0.04538635189946365,0.04538635189946365,"[[1,1,0,0,1,0,0,1,0,1],[1,1,1,1,0,1,1,0,0,0]]"
8,185,-0.0458326572136609,0.0458326572136609,"[[1,1,0,0,1,0,0,1,0,1],[1,1,1,1,0,1,1,0,0,1]]"
8,186,-0.04804104494290136,0.04804104494290136,"[[1,1,0,0,1,0,0,1,0,1],[1,1,1,1,0,1,1,0,1,0]]"
8,187,-0.04711814368004777,0.04711814368004777,"[[1,1,0,0,1,0,0,1,0,1],[1,1,1,1,0,1,1,0,1,1]]"
8,188,-0.051646858091107736,0.051646858091107736,"[[1,1,0,0,1,0,0,1,0,1],[1,1,1,1,0,1,1,1,0,0]]"
8,189,-0.05131721436957593,0.05131721436957593,"[[1,1,0,0,1,0,0,1,0,1],[1,1,1,1,0,1,1,1,0,1]]"
8,190,-0.05207593782894177,0.05207593782894177,"[[1,1,0,0,1,0,0,1,0,1],[1,1,1,1,0,1,1,1,1,0]]"
8,191,-0.04992511249567754,0.04992511249567754,"[[1,1,0,0,1,0,0,1,0,1],[1,1,1,1,0,1,1,1,1,1]]"
8,192,-0.012847844885857516,0.012847844885857516,"[[1,1,0,0,1,0,0,1,1,0],[1,1,1,1,0,0,0,0,0,0]]"
8,193,-0.013057727879341457,0.013057727879341457,"[[1,1,0,0,1,0,0,1,1,0],[1,1,1,1,0,0,0,0,0,1]]"
8,194,-0.015167685945851727,0.015167685945851727,"[[1,1,0,0,1,0,0,1,1,0],[1,1,1,1,0,0,0,0,1,0]]"
8,195,-0.015359107660683087,0.015359107660683087,"[[1,1,0,0,1,0,0,1,1,0],[1,1,1,1,0,0,0,0,1,1]]"
8,196,-0.01956962069208365,0.01956962069208365,"[[1,1,0,0,1,0,0,1,1,0],[1,1,1,1,0,0,0,1,0,0]]"
8,197,-0.019547237333683017,0.019547237333683017,"[[1,1,0,0,1,0,0,1,1,0],[1,1,1,1,0,0,0,1,0,1]]"
8,198,-0.021820114356156117,0.021820114356156117,"[[1,1,0,0,1,0,0,1,1,0],[1,1,1,1,0,0,0,1,1,0]]"
8,199,-0.02220127506559458,0.02220127506559458,"[[1,1,0,0,1,0,0,1,1,0],[1,1,1,1,0,0,0,1,1,1]]"
8,200,-0.023939092065735704,0.023939092065735704,"[[1,1,0,0,1,0,0,1,1,0],[1,1,1,1,0,0,1,0,0,0]]"
8,201,-0.02454400210560432,0.02454400210560432,"[[1,1,0,0,1,0,0,1,1,0],[1,1,1,1,0,0,1,0,0,1]]"
8,202,-0.02672859619696573,0.02672859619696573,"[[1,1,0,0,1,0,0,1,1,0],[1,1,1,1,0,0,1,0,1,0]]"
8,203,-0.027187796699049412,0.027187796699049412,"[[1,1,0,0,1,0,0,1,1,0],[1,1,1,1,0,0,1,0,1,1]]"
8,204,-0.03236823190107959,0.03236823190107959,"[[1,1,0,0,1,0,0,1,1,0],[1,1,1,1,0,0,1,1,0,0]]"
8,205,-0.03257573778640839,0.03257573778640839,"[[1,1,0,0,1,0,0,1,1,0],[1,1,1,1,0,0,1,1,0,1]]"
8,206,-0.03497671749127374,0.03497671749127374,"[[1,1,0,0,1,0,0,1,1,0],[1,1,1,1,0,0,1,1,1,0]]"
8,207,-0.03480651166168054,0.03480651166168054,"[[1,1,0,0,1,0,0,1,1,0],[1,1,1,1,0,0,1,1,1,1]]"
8,208,-0.02941122213011252,0.02941122213011252,"[[1,1,0,0,1,0,0,1,1,0],[1,1,1,1,0,1,0,0,0,0]]"
8,209,-0.0296133934618469,0.0296133934618469,"[[1,1,0,0,1,0,0,1,1,0],[1,1,1,1,0,1,0,0,0,1]]"
8,210,-0.03215954464825679,0.03215954464825679,"[[1,1,0,0,1,0,0,1,1,0],[1,1,1,1,0,1,0,0,1,0]]"
8,211,-0.03248400302603931,0.03248400302603931,"[[1,1,0,0,1,0,0,1,1,0],[1,1,1,1,0,1,0,0,1,1]]"
8,212,-0.03723339533034292,0.03723339533034292,"[[1,1,0,0,1,0,0,1,1,0],[1,1,1,1,0,1,0,1,0,0]]"
8,213,-0.037134395832705766,0.037134395832705766,"[[1,1,0,0,1,0,0,1,1,0],[1,1,1,1,0,1,0,1,0,1]]"
8,214,-0.039829246224268824,0.039829246224268824,"[[1,1,0,0,1,0,0,1,1,0],[1,1,1,1,0,1,0,1,1,0]]"
8,215,-0.03983028251101198,0.03983028251101198,"[[1,1,0,0,1,0,0,1,1,0],[1,1,1,1,0,1,0,1,1,1]]"
8,216,-0.0434301602141996,0.0434301602141996,"[[1,1,0,0,1,0,0,1,1,0],[1,1,1,1,0,1,1,0,0,0]]"
8,217,-0.043758916865277185,0.043758916865277185,"[[1,1,0,0,1,0,0,1,1,0],[1,1,1,1,0,1,1,0,0,1]]"
8,218,-0.046368084484205416,0.046368084484205416,"[[1,1,0,0,1,0,0,1,1,0],[1,1,1,1,0,1,1,0,1,0]]"
8,219,-0.04639420635725569,0.04639420635725569,"[[1,1,0,0,1,0,0,1,1,0],[1,1,1,1,0,1,1,0,1,1]]"
8,220,-0.05118177218044469,0.05118177218044469,"[[1,1,0,0,1,0,0,1,1,0],[1,1,1,1,0,1,1,1,0,0]]"
8,221,-0.05075159066467313,0.05075159066467313,"[[1,1,0,0,1,0,0,1,1,0],[1,1,1,1,0,1,1,1,0,1]]"
8,222,-0.05200598709332187,0.05200598709332187,"[[1,1,0,0,1,0,0,1,1,0],[1,1,1,1,0,1,1,1,1,0]]"
8,223,-0.05131985815378324,0.05131985815378324,"[[1,1,0,0,1,0,0,1,1,0],[1,1,1,1,0,1,1,1,1,1]]"
8,224,-0.012278563280351353,0.012278563280351353,"[[1,1,0,0,1,0,0,1,1,1],[1,1,1,1,0,0,0,0,0,0]]"
8,225,-0.012495526432335485,0.012495526432335485,"[[1,1,0,0,1,0,0,1,1,1],[1,1,1,1,0,0,0,0,0,1]]"
8,226,-0.014751582688849307,0.014751582688849307,"[[1,1,0,0,1,0,0,1,1,1],[1,1,1,1,0,0,0,0,1,0]]"
8,227,-0.01532031920921039,0.01532031920921039,"[[1,1,0,0,1,0,0,1,1,1],[1,1,1,1,0,0,0,0,1,1]]"
8,228,-0.019096565340873558,0.019096565340873558,"[[1,1,0,0,1,0,0,1,1,1],[1,1,1,1,0,0,0,1,0,0]]"
8,229,-0.019453196056539137,0.019453196056539137,"[[1,1,0,0,1,0,0,1,1,1],[1,1,1,1,0,0,0,1,0,1]]"
8,230,-0.021791066593434483,0.021791066593434483,"[[1,1,0,0,1,0,0,1,1,1],[1,1,1,1,0,0,0,1,1,0]]"
8,231,-0.022327586476734097,0.022327586476734097,"[[1,1,0,0,1,0,0,1,1,1],[1,1,1,1,0,0,0,1,1,1]]"
8,232,-0.02324965781056225,0.02324965781056225,"[[1,1,0,0,1,0,0,1,1,1],[1,1,1,1,0,0,1,0,0,0]]"
8,233,-0.024005640859831052,0.024005640859831052,"[[1,1,0,0,1,0,0,1,1,1],[1,1,1,1,0,0,1,0,0,1]]"
8,234,-0.026491951792103837,0.026491951792103837,"[[1,1,0,0,1,0,0,1,1,1],[1,1,1,1,0,0,1,0,1,0]]"
8,235,-0.02711727209702657,0.02711727209702657,"[[1,1,0,0,1,0,0,1,1,1],[1,1,1,1,0,0,1,0,1,1]]"
8,236,-0.03151033755392067,0.03151033755392067,"[[1,1,0,0,1,0,0,1,1,1],[1,1,1,1,0,0,1,1,0,0]]"
8,237,-0.03224157078935661,0.03224157078935661,"[[1,1,0,0,1,0,0,1,1,1],[1,1,1,1,0,0,1,1,0,1]]"
8,238,-0.03478432035118762,0.03478432035118762,"[[1,1,0,0,1,0,0,1,1,1],[1,1,1,1,0,0,1,1,1,0]]"
8,239,-0.03515278434374305,0.03515278434374305,"[[1,1,0,0,1,0,0,1,1,1],[1,1,1,1,0,0,1,1,1,1]]"
8,240,-0.028330658505311055,0.028330658505311055,"[[1,1,0,0,1,0,0,1,1,1],[1,1,1,1,0,1,0,0,0,0]]"
8,241,-0.028996235182145558,0.028996235182145558,"[[1,1,0,0,1,0,0,1,1,1],[1,1,1,1,0,1,0,0,0,1]]"
8,242,-0.03159461526876038,0.03159461526876038,"[[1,1,0,0,1,0,0,1,1,1],[1,1,1,1,0,1,0,0,1,0]]"
8,243,-0.03221578849147828,0.03221578849147828,"[[1,1,0,0,1,0,0,1,1,1],[1,1,1,1,0,1,0,0,1,1]]"
8,244,-0.03658732803074301,0.03658732803074301,"[[1,1,0,0,1,0,0,1,1,1],[1,1,1,1,0,1,0,1,0,0]]"
8,245,-0.03714499687319515,0.03714499687319515,"[[1,1,0,0,1,0,0,1,1,1],[1,1,1,1,0,1,0,1,0,1]]"
8,246,-0.03987933890416959,0.03987933890416959,"[[1,1,0,0,1,0,0,1,1,1],[1,1,1,1,0,1,0,1,1,0]]"
8,247,-0.04021559020651468,0.04021559020651468,"[[1,1,0,0,1,0,0,1,1,1],[1,1,1,1,0,1,0,1,1,1]]"
8,248,-0.042671686389337486,0.042671686389337486,"[[1,1,0,0,1,0,0,1,1,1],[1,1,1,1,0,1,1,0,0,0]]"
8,249,-0.043590848638814086,0.043590848638814086,"[[1,1,0,0,1,0,0,1,1,1],[1,1,1,1,0,1,1,0,0,1]]"
8,250,-0.046071385521597244,0.046071385521597244,"[[1,1,0,0,1,0,0,1,1,1],[1,1,1,1,0,1,1,0,1,0]]"
8,251,-0.046264418160162746,0.046264418160162746,"[[1,1,0,0,1,0,0,1,1,1],[1,1,1,1,0,1,1,0,1,1]]"
8,252,-0.05110708422486861,0.05110708422486861,"[[1,1,0,0,1,0,0,1,1,1],[1,1,1,1,0,1,1,1,0,0]]"
8,253,-0.051324203049841095,0.051324203049841095,"[[1,1,0,0,1,0,0,1,1,1],[1,1,1,1,0,1,1,1,0,1]]"
8,254,-0.052753095550484436,0.052753095550484436,"[[1,1,0,0,1,0,0,1,1,1],[1,1,1,1,0,1,1,1,1,0]]"
8,255,-0.052184078153924535,0.052184078153924535,"[[1,1,0,0,1,0,0,1,1,1],[1,1,1,1,0,1,1,1,1,1]]"
8,256,-0.011665511380729044,0.011665511380729044,"[[1,1,0,0,1,0,1,0,0,0],[1,1,1,1,0,0,0,0,0,0]]"
8,257,-0.011564110859586555,0.011564110859586555,"[[1,1,0,0,1,0,1,0,0,0],[1,1,1,1,0,0,0,0,0,1]]"
8,258,-0.013354665320255572,0.013354665320255572,"[[1,1,0,0,1,0,1,0,0,0],[1,1,1,1,0,0,0,0,1,0]]"
8,259,-0.013560940065036301,0.013560940065036301,"[[1,1,0,0,1,0,1,0,0,0],[1,1,1,1,0,0,0,0,1,1]]"
8,260,-0.015865143134274187,0.015865143134274187,"[[1,1,0,0,1,0,1,0,0,0],[1,1,1,1,0,0,0,1,0,0]]"
8,261,-0.016306985953326344,0.016306985953326344,"[[1,1,0,0,1,0,1,0,0,0],[1,1,1,1,0,0,0,1,0,1]]"
8,262,-0.018033915715317487,0.018033915715317487,"[[1,1,0,0,1,0,1,0,0,0],[1,1,1,1,0,0,0,1,1,0]]"
8,263,-0.018085672682923316,0.018085672682923316,"[[1,1,0,0,1,0,1,0,0,0],[1,1,1,1,0,0,0,1,1,1]]"
8,264,-0.02123601739408265,0.02123601739408265,"[[1,1,0,0,1,0,1,0,0,0],[1,1,1,1,0,0,1,0,0,0]]"
8,265,-0.021500155462611005,0.021500155462611005,"[[1,1,0,0,1,0,1,0,0,0],[1,1,1,1,0,0,1,0,0,1]]"
8,266,-0.023120081922555477,0.023120081922555477,"[[1,1,0,0,1,0,1,0,0,0],[1,1,1,1,0,0,1,0,1,0]]"
8,267,-0.023436018990554315,0.023436018990554315,"[[1,1,0,0,1,0,1,0,0,0],[1,1,1,1,0,0,1,0,1,1]]"
8,268,-0.026693854459078726,0.026693854459078726,"[[1,1,0,0,1,0,1,0,0,0],[1,1,1,1,0,0,1,1,0,0]]"
8,269,-0.026844017606556206,0.026844017606556206,"[[1,1,0,0,1,0,1,0,0,0],[1,1,1,1,0,0,1,1,0,1]]"
8,270,-0.027680547194427585,0.027680547194427585,"[[1,1,0,0,1,0,1,0,0,0],[1,1,1,1,0,0,1,1,1,0]]"
8,271,-0.026705009846675606,0.026705009846675606,"[[1,1,0,0,1,0,1,0,0,0],[1,1,1,1,0,0,1,1,1,1]]"
8,272,-0.027485068549244613,0.027485068549244613,"[[1,1,0,0,1,0,1,0,0,0],[1,1,1,1,0,1,0,0,0,0]]"
8,273,-0.02769471538132576,0.02769471538132576,"[[1,1,0,0,1,0,1,0,0,0],[1,1,1,1,0,1,0,0,0,1]]"
8,274,-0.029669867785055967,0.029669867785055967,"[[1,1,0,0,1,0,1,0,0,0],[1,1,1,1,0,1,0,0,1,0]]"
8,275,-0.030181378853513807,0.030181378853513807,"[[1,1,0,0,1,0,1,0,0,0],[1,1,1,1,0,1,0,0,1,1]]"
8,276,-0.03267706317644315,0.03267706317644315,"[[1,1,0,0,1,0,1,0,0,0],[1,1,1,1,0,1,0,1,0,0]]"
8,277,-0.033391887990227645,0.033391887990227645,"[[1,1,0,0,1,0,1,0,0,0],[1,1,1,1,0,1,0,1,0,1]]"
8,278,-0.03436225803717871,0.03436225803717871,"[[1,1,0,0,1,0,1,0,0,0],[1,1,1,1,0,1,0,1,1,0]]"
8,279,-0.03345292358939299,0.03345292358939299,"[[1,1,0,0,1,0,1,0,0,0],[1,1,1,1,0,1,0,1,1,1]]"
8,280,-0.040074790061520586,0.040074790061520586,"[[1,1,0,0,1,0,1,0,0,0],[1,1,1,1,0,1,1,0,0,0]]"
8,281,-0.04032870357090003,0.04032870357090003,"[[1,1,0,0,1,0,1,0,0,0],[1,1,1,1,0,1,1,0,0,1]]"
8,282,-0.04177336570338742,0.04177336570338742,"[[1,1,0,0,1,0,1,0,0,0],[1,1,1,1,0,1,1,0,1,0]]"
8,283,-0.04190682722992132,0.04190682722992132,"[[1,1,0,0,1,0,1,0,0,0],[1,1,1,1,0,1,1,0,1,1]]"
8,284,-0.04416707734724385,0.04416707734724385,"[[1,1,0,0,1,0,1,0,0,0],[1,1,1,1,0,1,1,1,0,0]]"
8,285,-0.04347664929222831,0.04347664929222831,"[[1,1,0,0,1,0,1,0,0,0],[1,1,1,1,0,1,1,1,0,1]]"
8,286,-0.04398143120058226,0.04398143120058226,"[[1,1,0,0,1,0,1,0,0,0],[1,1,1,1,0,1,1,1,1,0]]"
8,287,-0.04117096606534302,0.04117096606534302,"[[1,1,0,0,1,0,1,0,0,0],[1,1,1,1,0,1,1,1,1,1]]"
8,288,-0.011287682821694114,0.011287682821694114,"[[1,1,0,0,1,0,1,0,0,1],[1,1,1,1,0,0,0,0,0,0]]"
8,289,-0.011686239104676682,0.011686239104676682,"[[1,1,0,0,1,0,1,0,0,1],[1,1,1,1,0,0,0,0,0,1]]"
8,290,-0.01325435898000415,0.01325435898000415,"[[1,1,0,0,1,0,1,0,0,1],[1,1,1,1,0,0,0,0,1,0]]"
8,291,-0.013678200289240222,0.013678200289240222,"[[1,1,0,0,1,0,1,0,0,1],[1,1,1,1,0,0,0,0,1,1]]"
8,292,-0.01603352873468394,0.01603352873468394,"[[1,1,0,0,1,0,1,0,0,1],[1,1,1,1,0,0,0,1,0,0]]"
8,293,-0.016389555003614817,0.016389555003614817,"[[1,1,0,0,1,0,1,0,0,1],[1,1,1,1,0,0,0,1,0,1]]"
8,294,-0.018159424731237404,0.018159424731237404,"[[1,1,0,0,1,0,1,0,0,1],[1,1,1,1,0,0,0,1,1,0]]"
8,295,-0.01858261535548187,0.01858261535548187,"[[1,1,0,0,1,0,1,0,0,1],[1,1,1,1,0,0,0,1,1,1]]"
8,296,-0.02110704538954926,0.02110704538954926,"[[1,1,0,0,1,0,1,0,0,1],[1,1,1,1,0,0,1,0,0,0]]"
8,297,-0.021522292489763183,0.021522292489763183,"[[1,1,0,0,1,0,1,0,0,1],[1,1,1,1,0,0,1,0,0,1]]"
8,298,-0.023435197055281104,0.023435197055281104,"[[1,1,0,0,1,0,1,0,0,1],[1,1,1,1,0,0,1,0,1,0]]"
8,299,-0.023768595263644842,0.023768595263644842,"[[1,1,0,0,1,0,1,0,0,1],[1,1,1,1,0,0,1,0,1,1]]"
8,300,-0.02721898171884842,0.02721898171884842,"[[1,1,0,0,1,0,1,0,0,1],[1,1,1,1,0,0,1,1,0,0]]"
8,301,-0.02726410707556952,0.02726410707556952,"[[1,1,0,0,1,0,1,0,0,1],[1,1,1,1,0,0,1,1,0,1]]"
8,302,-0.028149691302425294,0.028149691302425294,"[[1,1,0,0,1,0,1,0,0,1],[1,1,1,1,0,0,1,1,1,0]]"
8,303,-0.02781047972682087,0.02781047972682087,"[[1,1,0,0,1,0,1,0,0,1],[1,1,1,1,0,0,1,1,1,1]]"
8,304,-0.0273978326652829,0.0273978326652829,"[[1,1,0,0,1,0,1,0,0,1],[1,1,1,1,0,1,0,0,0,0]]"
8,305,-0.027781220136617404,0.027781220136617404,"[[1,1,0,0,1,0,1,0,0,1],[1,1,1,1,0,1,0,0,0,1]]"
8,306,-0.029746002640580912,0.029746002640580912,"[[1,1,0,0,1,0,1,0,0,1],[1,1,1,1,0,1,0,0,1,0]]"
8,307,-0.030175686152781135,0.030175686152781135,"[[1,1,0,0,1,0,1,0,0,1],[1,1,1,1,0,1,0,0,1,1]]"
8,308,-0.0332329578519465,0.0332329578519465,"[[1,1,0,0,1,0,1,0,0,1],[1,1,1,1,0,1,0,1,0,0]]"
8,309,-0.03354779701813105,0.03354779701813105,"[[1,1,0,0,1,0,1,0,0,1],[1,1,1,1,0,1,0,1,0,1]]"
8,310,-0.03496090639397908,0.03496090639397908,"[[1,1,0,0,1,0,1,0,0,1],[1,1,1,1,0,1,0,1,1,0]]"
8,311,-0.034927002475776445,0.034927002475776445,"[[1,1,0,0,1,0,1,0,0,1],[1,1,1,1,0,1,0,1,1,1]]"
8,312,-0.040605682531846495,0.040605682531846495,"[[1,1,0,0,1,0,1,0,0,1],[1,1,1,1,0,1,1,0,0,0]]"
8,313,-0.04060417436149855,0.04060417436149855,"[[1,1,0,0,1,0,1,0,0,1],[1,1,1,1,0,1,1,0,0,1]]"
8,314,-0.042538709922216526,0.042538709922216526,"[[1,1,0,0,1,0,1,0,0,1],[1,1,1,1,0,1,1,0,1,0]]"
8,315,-0.04205702683016976,0.04205702683016976,"[[1,1,0,0,1,0,1,0,0,1],[1,1,1,1,0,1,1,0,1,1]]"
8,316,-0.0458701055676535,0.0458701055676535,"[[1,1,0,0,1,0,1,0,0,1],[1,1,1,1,0,1,1,1,0,0]]"
8,317,-0.044857609568301315,0.044857609568301315,"[[1,1,0,0,1,0,1,0,0,1],[1,1,1,1,0,1,1,1,0,1]]"
8,318,-0.0455547503164568,0.0455547503164568,"[[1,1,0,0,1,0,1,0,0,1],[1,1,1,1,0,1,1,1,1,0]]"
8,319,-0.04379711849870473,0.04379711849870473,"[[1,1,0,0,1,0,1,0,0,1],[1,1,1,1,0,1,1,1,1,1]]"
8,320,-0.009408036223217668,0.009408036223217668,"[[1,1,0,0,1,0,1,0,1,0],[1,1,1,1,0,0,0,0,0,0]]"
8,321,-0.009365466502026241,0.009365466502026241,"[[1,1,0,0,1,0,1,0,1,0],[1,1,1,1,0,0,0,0,0,1]]"
8,322,-0.011470356309776157,0.011470356309776157,"[[1,1,0,0,1,0,1,0,1,0],[1,1,1,1,0,0,0,0,1,0]]"
8,323,-0.011568790945399254,0.011568790945399254,"[[1,1,0,0,1,0,1,0,1,0],[1,1,1,1,0,0,0,0,1,1]]"
8,324,-0.014741458251837711,0.014741458251837711,"[[1,1,0,0,1,0,1,0,1,0],[1,1,1,1,0,0,0,1,0,0]]"
8,325,-0.014542774006053291,0.014542774006053291,"[[1,1,0,0,1,0,1,0,1,0],[1,1,1,1,0,0,0,1,0,1]]"
8,326,-0.016841109641701418,0.016841109641701418,"[[1,1,0,0,1,0,1,0,1,0],[1,1,1,1,0,0,0,1,1,0]]"
8,327,-0.017075337659718182,0.017075337659718182,"[[1,1,0,0,1,0,1,0,1,0],[1,1,1,1,0,0,0,1,1,1]]"
8,328,-0.019303375825605276,0.019303375825605276,"[[1,1,0,0,1,0,1,0,1,0],[1,1,1,1,0,0,1,0,0,0]]"
8,329,-0.01920983049454842,0.01920983049454842,"[[1,1,0,0,1,0,1,0,1,0],[1,1,1,1,0,0,1,0,0,1]]"
8,330,-0.02154504726201515,0.02154504726201515,"[[1,1,0,0,1,0,1,0,1,0],[1,1,1,1,0,0,1,0,1,0]]"
8,331,-0.02190895116347085,0.02190895116347085,"[[1,1,0,0,1,0,1,0,1,0],[1,1,1,1,0,0,1,0,1,1]]"
8,332,-0.02641348988074183,0.02641348988074183,"[[1,1,0,0,1,0,1,0,1,0],[1,1,1,1,0,0,1,1,0,0]]"
8,333,-0.02652092718347345,0.02652092718347345,"[[1,1,0,0,1,0,1,0,1,0],[1,1,1,1,0,0,1,1,0,1]]"
8,334,-0.028203643354520396,0.028203643354520396,"[[1,1,0,0,1,0,1,0,1,0],[1,1,1,1,0,0,1,1,1,0]]"
8,335,-0.027925606511199304,0.027925606511199304,"[[1,1,0,0,1,0,1,0,1,0],[1,1,1,1,0,0,1,1,1,1]]"
8,336,-0.025469894119238955,0.025469894119238955,"[[1,1,0,0,1,0,1,0,1,0],[1,1,1,1,0,1,0,0,0,0]]"
8,337,-0.025034928100695,0.025034928100695,"[[1,1,0,0,1,0,1,0,1,0],[1,1,1,1,0,1,0,0,0,1]]"
8,338,-0.027862604133324247,0.027862604133324247,"[[1,1,0,0,1,0,1,0,1,0],[1,1,1,1,0,1,0,0,1,0]]"
8,339,-0.027935932986323776,0.027935932986323776,"[[1,1,0,0,1,0,1,0,1,0],[1,1,1,1,0,1,0,0,1,1]]"
8,340,-0.03247057047709908,0.03247057047709908,"[[1,1,0,0,1,0,1,0,1,0],[1,1,1,1,0,1,0,1,0,0]]"
8,341,-0.03214597454541105,0.03214597454541105,"[[1,1,0,0,1,0,1,0,1,0],[1,1,1,1,0,1,0,1,0,1]]"
8,342,-0.03472188655491891,0.03472188655491891,"[[1,1,0,0,1,0,1,0,1,0],[1,1,1,1,0,1,0,1,1,0]]"
8,343,-0.034369144484622846,0.034369144484622846,"[[1,1,0,0,1,0,1,0,1,0],[1,1,1,1,0,1,0,1,1,1]]"
8,344,-0.039247034227064825,0.039247034227064825,"[[1,1,0,0,1,0,1,0,1,0],[1,1,1,1,0,1,1,0,0,0]]"
8,345,-0.03884531098440053,0.03884531098440053,"[[1,1,0,0,1,0,1,0,1,0],[1,1,1,1,0,1,1,0,0,1]]"
8,346,-0.04158130248472336,0.04158130248472336,"[[1,1,0,0,1,0,1,0,1,0],[1,1,1,1,0,1,1,0,1,0]]"
8,347,-0.041186666495069434,0.041186666495069434,"[[1,1,0,0,1,0,1,0,1,0],[1,1,1,1,0,1,1,0,1,1]]"
8,348,-0.046440531828193604,0.046440531828193604,"[[1,1,0,0,1,0,1,0,1,0],[1,1,1,1,0,1,1,1,0,0]]"
8,349,-0.04557413068751062,0.04557413068751062,"[[1,1,0,0,1,0,1,0,1,0],[1,1,1,1,0,1,1,1,0,1]]"
8,350,-0.045900445745431534,0.045900445745431534,"[[1,1,0,0,1,0,1,0,1,0],[1,1,1,1,0,1,1,1,1,0]]"
8,351,-0.04473660149090227,0.04473660149090227,"[[1,1,0,0,1,0,1,0,1,0],[1,1,1,1,0,1,1,1,1,1]]"
8,352,-0.008760459663249698,0.008760459663249698,"[[1,1,0,0,1,0,1,0,1,1],[1,1,1,1,0,0,0,0,0,0]]"
8,353,-0.009052797819917446,0.009052797819917446,"[[1,1,0,0,1,0,1,0,1,1],[1,1,1,1,0,0,0,0,0,1]]"
8,354,-0.011283278023419763,0.011283278023419763,"[[1,1,0,0,1,0,1,0,1,1],[1,1,1,1,0,0,0,0,1,0]]"
8,355,-0.011630669028403968,0.011630669028403968,"[[1,1,0,0,1,0,1,0,1,1],[1,1,1,1,0,0,0,0,1,1]]"
8,356,-0.014443600979528142,0.014443600979528142,"[[1,1,0,0,1,0,1,0,1,1],[1,1,1,1,0,0,0,1,0,0]]"
8,357,-0.014595602274344175,0.014595602274344175,"[[1,1,0,0,1,0,1,0,1,1],[1,1,1,1,0,0,0,1,0,1]]"
8,358,-0.016883347472943906,0.016883347472943906,"[[1,1,0,0,1,0,1,0,1,1],[1,1,1,1,0,0,0,1,1,0]]"
8,359,-0.017297252618963133,0.017297252618963133,"[[1,1,0,0,1,0,1,0,1,1],[1,1,1,1,0,0,0,1,1,1]]"
8,360,-0.018741930411487064,0.018741930411487064,"[[1,1,0,0,1,0,1,0,1,1],[1,1,1,1,0,0,1,0,0,0]]"
8,361,-0.019270113692385137,0.019270113692385137,"[[1,1,0,0,1,0,1,0,1,1],[1,1,1,1,0,0,1,0,0,1]]"
8,362,-0.02140432499364351,0.02140432499364351,"[[1,1,0,0,1,0,1,0,1,1],[1,1,1,1,0,0,1,0,1,0]]"
8,363,-0.021971791333203726,0.021971791333203726,"[[1,1,0,0,1,0,1,0,1,1],[1,1,1,1,0,0,1,0,1,1]]"
8,364,-0.02599298983102521,0.02599298983102521,"[[1,1,0,0,1,0,1,0,1,1],[1,1,1,1,0,0,1,1,0,0]]"
8,365,-0.026399981516221197,0.026399981516221197,"[[1,1,0,0,1,0,1,0,1,1],[1,1,1,1,0,0,1,1,0,1]]"
8,366,-0.028501572804538883,0.028501572804538883,"[[1,1,0,0,1,0,1,0,1,1],[1,1,1,1,0,0,1,1,1,0]]"
8,367,-0.028565190281346343,0.028565190281346343,"[[1,1,0,0,1,0,1,0,1,1],[1,1,1,1,0,0,1,1,1,1]]"
8,368,-0.025008030398240847,0.025008030398240847,"[[1,1,0,0,1,0,1,0,1,1],[1,1,1,1,0,1,0,0,0,0]]"
8,369,-0.025212609423902455,0.025212609423902455,"[[1,1,0,0,1,0,1,0,1,1],[1,1,1,1,0,1,0,0,0,1]]"
8,370,-0.02771293448819351,0.02771293448819351,"[[1,1,0,0,1,0,1,0,1,1],[1,1,1,1,0,1,0,0,1,0]]"
8,371,-0.028194193900913867,0.028194193900913867,"[[1,1,0,0,1,0,1,0,1,1],[1,1,1,1,0,1,0,0,1,1]]"
8,372,-0.03203385664914812,0.03203385664914812,"[[1,1,0,0,1,0,1,0,1,1],[1,1,1,1,0,1,0,1,0,0]]"
8,373,-0.032222905347545135,0.032222905347545135,"[[1,1,0,0,1,0,1,0,1,1],[1,1,1,1,0,1,0,1,0,1]]"
8,374,-0.03493095323885875,0.03493095323885875,"[[1,1,0,0,1,0,1,0,1,1],[1,1,1,1,0,1,0,1,1,0]]"
8,375,-0.03491749489485651,0.03491749489485651,"[[1,1,0,0,1,0,1,0,1,1],[1,1,1,1,0,1,0,1,1,1]]"
8,376,-0.03889050637212074,0.03889050637212074,"[[1,1,0,0,1,0,1,0,1,1],[1,1,1,1,0,1,1,0,0,0]]"
8,377,-0.0391541879211003,0.0391541879211003,"[[1,1,0,0,1,0,1,0,1,1],[1,1,1,1,0,1,1,0,0,1]]"
8,378,-0.04161641489934656,0.04161641489934656,"[[1,1,0,0,1,0,1,0,1,1],[1,1,1,1,0,1,1,0,1,0]]"
8,379,-0.04171337358703881,0.04171337358703881,"[[1,1,0,0,1,0,1,0,1,1],[1,1,1,1,0,1,1,0,1,1]]"
8,380,-0.0462853190965153,0.0462853190965153,"[[1,1,0,0,1,0,1,0,1,1],[1,1,1,1,0,1,1,1,0,0]]"
8,381,-0.046295937157513206,0.046295937157513206,"[[1,1,0,0,1,0,1,0,1,1],[1,1,1,1,0,1,1,1,0,1]]"
8,382,-0.047683171397763645,0.047683171397763645,"[[1,1,0,0,1,0,1,0,1,1],[1,1,1,1,0,1,1,1,1,0]]"
8,383,-0.04609049883601744,0.04609049883601744,"[[1,1,0,0,1,0,1,0,1,1],[1,1,1,1,0,1,1,1,1,1]]"
8,384,-0.006486222520594933,0.006486222520594933,"[[1,1,0,0,1,0,1,1,0,0],[1,1,1,1,0,0,0,0,0,0]]"
8,385,-0.0066542701148417675,0.0066542701148417675,"[[1,1,0,0,1,0,1,1,0,0],[1,1,1,1,0,0,0,0,0,1]]"
8,386,-0.00798770453192998,0.00798770453192998,"[[1,1,0,0,1,0,1,1,0,0],[1,1,1,1,0,0,0,0,1,0]]"
8,387,-0.008474240396999585,0.008474240396999585,"[[1,1,0,0,1,0,1,1,0,0],[1,1,1,1,0,0,0,0,1,1]]"
8,388,-0.010919362063422526,0.010919362063422526,"[[1,1,0,0,1,0,1,1,0,0],[1,1,1,1,0,0,0,1,0,0]]"
8,389,-0.011297828995822982,0.011297828995822982,"[[1,1,0,0,1,0,1,1,0,0],[1,1,1,1,0,0,0,1,0,1]]"
8,390,-0.013022354193623471,0.013022354193623471,"[[1,1,0,0,1,0,1,1,0,0],[1,1,1,1,0,0,0,1,1,0]]"
8,391,-0.013433696223064782,0.013433696223064782,"[[1,1,0,0,1,0,1,1,0,0],[1,1,1,1,0,0,0,1,1,1]]"
8,392,-0.01586983465604745,0.01586983465604745,"[[1,1,0,0,1,0,1,1,0,0],[1,1,1,1,0,0,1,0,0,0]]"
8,393,-0.0162161950524649,0.0162161950524649,"[[1,1,0,0,1,0,1,1,0,0],[1,1,1,1,0,0,1,0,0,1]]"
8,394,-0.017498007698543018,0.017498007698543018,"[[1,1,0,0,1,0,1,1,0,0],[1,1,1,1,0,0,1,0,1,0]]"
8,395,-0.01791875082666571,0.01791875082666571,"[[1,1,0,0,1,0,1,1,0,0],[1,1,1,1,0,0,1,0,1,1]]"
8,396,-0.022050713813548145,0.022050713813548145,"[[1,1,0,0,1,0,1,1,0,0],[1,1,1,1,0,0,1,1,0,0]]"
8,397,-0.022684649759247586,0.022684649759247586,"[[1,1,0,0,1,0,1,1,0,0],[1,1,1,1,0,0,1,1,0,1]]"
8,398,-0.02426973889004211,0.02426973889004211,"[[1,1,0,0,1,0,1,1,0,0],[1,1,1,1,0,0,1,1,1,0]]"
8,399,-0.024407522400941916,0.024407522400941916,"[[1,1,0,0,1,0,1,1,0,0],[1,1,1,1,0,0,1,1,1,1]]"
8,400,-0.02103152156611419,0.02103152156611419,"[[1,1,0,0,1,0,1,1,0,0],[1,1,1,1,0,1,0,0,0,0]]"
8,401,-0.02137138014105866,0.02137138014105866,"[[1,1,0,0,1,0,1,1,0,0],[1,1,1,1,0,1,0,0,0,1]]"
8,402,-0.023212251130966463,0.023212251130966463,"[[1,1,0,0,1,0,1,1,0,0],[1,1,1,1,0,1,0,0,1,0]]"
8,403,-0.02374972033738061,0.02374972033738061,"[[1,1,0,0,1,0,1,1,0,0],[1,1,1,1,0,1,0,0,1,1]]"
8,404,-0.027250798065063617,0.027250798065063617,"[[1,1,0,0,1,0,1,1,0,0],[1,1,1,1,0,1,0,1,0,0]]"
8,405,-0.02785375675923642,0.02785375675923642,"[[1,1,0,0,1,0,1,1,0,0],[1,1,1,1,0,1,0,1,0,1]]"
8,406,-0.029960383451256175,0.029960383451256175,"[[1,1,0,0,1,0,1,1,0,0],[1,1,1,1,0,1,0,1,1,0]]"
8,407,-0.030408567832039254,0.030408567832039254,"[[1,1,0,0,1,0,1,1,0,0],[1,1,1,1,0,1,0,1,1,1]]"
8,408,-0.03496219241888828,0.03496219241888828,"[[1,1,0,0,1,0,1,1,0,0],[1,1,1,1,0,1,1,0,0,0]]"
8,409,-0.03540425911863132,0.03540425911863132,"[[1,1,0,0,1,0,1,1,0,0],[1,1,1,1,0,1,1,0,0,1]]"
8,410,-0.037453807797727806,0.037453807797727806,"[[1,1,0,0,1,0,1,1,0,0],[1,1,1,1,0,1,1,0,1,0]]"
8,411,-0.03776223649231144,0.03776223649231144,"[[1,1,0,0,1,0,1,1,0,0],[1,1,1,1,0,1,1,0,1,1]]"
8,412,-0.0425690400935205,0.0425690400935205,"[[1,1,0,0,1,0,1,1,0,0],[1,1,1,1,0,1,1,1,0,0]]"
8,413,-0.04300366649139123,0.04300366649139123,"[[1,1,0,0,1,0,1,1,0,0],[1,1,1,1,0,1,1,1,0,1]]"
8,414,-0.04401293373893982,0.04401293373893982,"[[1,1,0,0,1,0,1,1,0,0],[1,1,1,1,0,1,1,1,1,0]]"
8,415,-0.04343346163702825,0.04343346163702825,"[[1,1,0,0,1,0,1,1,0,0],[1,1,1,1,0,1,1,1,1,1]]"
8,416,-0.00598531237441646,0.00598531237441646,"[[1,1,0,0,1,0,1,1,0,1],[1,1,1,1,0,0,0,0,0,0]]"
8,417,-0.006299882301541922,0.006299882301541922,"[[1,1,0,0,1,0,1,1,0,1],[1,1,1,1,0,0,0,0,0,1]]"
8,418,-0.0077682807085168335,0.0077682807085168335,"[[1,1,0,0,1,0,1,1,0,1],[1,1,1,1,0,0,0,0,1,0]]"
8,419,-0.008434162664567736,0.008434162664567736,"[[1,1,0,0,1,0,1,1,0,1],[1,1,1,1,0,0,0,0,1,1]]"
8,420,-0.010755892273834748,0.010755892273834748,"[[1,1,0,0,1,0,1,1,0,1],[1,1,1,1,0,0,0,1,0,0]]"
8,421,-0.011298114069769681,0.011298114069769681,"[[1,1,0,0,1,0,1,1,0,1],[1,1,1,1,0,0,0,1,0,1]]"
8,422,-0.013077687625272207,0.013077687625272207,"[[1,1,0,0,1,0,1,1,0,1],[1,1,1,1,0,0,0,1,1,0]]"
8,423,-0.013540937248194957,0.013540937248194957,"[[1,1,0,0,1,0,1,1,0,1],[1,1,1,1,0,0,0,1,1,1]]"
8,424,-0.015350716302363166,0.015350716302363166,"[[1,1,0,0,1,0,1,1,0,1],[1,1,1,1,0,0,1,0,0,0]]"
8,425,-0.016001881461245013,0.016001881461245013,"[[1,1,0,0,1,0,1,1,0,1],[1,1,1,1,0,0,1,0,0,1]]"
8,426,-0.017625400111460944,0.017625400111460944,"[[1,1,0,0,1,0,1,1,0,1],[1,1,1,1,0,0,1,0,1,0]]"
8,427,-0.017966499861800565,0.017966499861800565,"[[1,1,0,0,1,0,1,1,0,1],[1,1,1,1,0,0,1,0,1,1]]"
8,428,-0.022026015746337727,0.022026015746337727,"[[1,1,0,0,1,0,1,1,0,1],[1,1,1,1,0,0,1,1,0,0]]"
8,429,-0.022532283550238993,0.022532283550238993,"[[1,1,0,0,1,0,1,1,0,1],[1,1,1,1,0,0,1,1,0,1]]"
8,430,-0.024711671655037085,0.024711671655037085,"[[1,1,0,0,1,0,1,1,0,1],[1,1,1,1,0,0,1,1,1,0]]"
8,431,-0.024840061103544836,0.024840061103544836,"[[1,1,0,0,1,0,1,1,0,1],[1,1,1,1,0,0,1,1,1,1]]"
8,432,-0.020470336015847735,0.020470336015847735,"[[1,1,0,0,1,0,1,1,0,1],[1,1,1,1,0,1,0,0,0,0]]"
8,433,-0.021161178777817567,0.021161178777817567,"[[1,1,0,0,1,0,1,1,0,1],[1,1,1,1,0,1,0,0,0,1]]"
8,434,-0.023180265261194623,0.023180265261194623,"[[1,1,0,0,1,0,1,1,0,1],[1,1,1,1,0,1,0,0,1,0]]"
8,435,-0.02369510311172097,0.02369510311172097,"[[1,1,0,0,1,0,1,1,0,1],[1,1,1,1,0,1,0,0,1,1]]"
8,436,-0.02737395172339961,0.02737395172339961,"[[1,1,0,0,1,0,1,1,0,1],[1,1,1,1,0,1,0,1,0,0]]"
8,437,-0.027997101701984682,0.027997101701984682,"[[1,1,0,0,1,0,1,1,0,1],[1,1,1,1,0,1,0,1,0,1]]"
8,438,-0.030100253058412175,0.030100253058412175,"[[1,1,0,0,1,0,1,1,0,1],[1,1,1,1,0,1,0,1,1,0]]"
8,439,-0.030619495757429904,0.030619495757429904,"[[1,1,0,0,1,0,1,1,0,1],[1,1,1,1,0,1,0,1,1,1]]"
8,440,-0.034394383878517926,0.034394383878517926,"[[1,1,0,0,1,0,1,1,0,1],[1,1,1,1,0,1,1,0,0,0]]"
8,441,-0.03509777639324886,0.03509777639324886,"[[1,1,0,0,1,0,1,1,0,1],[1,1,1,1,0,1,1,0,0,1]]"
8,442,-0.03762854771955952,0.03762854771955952,"[[1,1,0,0,1,0,1,1,0,1],[1,1,1,1,0,1,1,0,1,0]]"
8,443,-0.037761023154416214,0.037761023154416214,"[[1,1,0,0,1,0,1,1,0,1],[1,1,1,1,0,1,1,0,1,1]]"
8,444,-0.04308033263251804,0.04308033263251804,"[[1,1,0,0,1,0,1,1,0,1],[1,1,1,1,0,1,1,1,0,0]]"
8,445,-0.04318646516726104,0.04318646516726104,"[[1,1,0,0,1,0,1,1,0,1],[1,1,1,1,0,1,1,1,0,1]]"
8,446,-0.04457898685052762,0.04457898685052762,"[[1,1,0,0,1,0,1,1,0,1],[1,1,1,1,0,1,1,1,1,0]]"
8,447,-0.04389399867945446,0.04389399867945446,"[[1,1,0,0,1,0,1,1,0,1],[1,1,1,1,0,1,1,1,1,1]]"
8,448,-0.004588649206347452,0.004588649206347452,"[[1,1,0,0,1,0,1,1,1,0],[1,1,1,1,0,0,0,0,0,0]]"
8,449,-0.004597775476814774,0.004597775476814774,"[[1,1,0,0,1,0,1,1,1,0],[1,1,1,1,0,0,0,0,0,1]]"
8,450,-0.0057278522848768386,0.0057278522848768386,"[[1,1,0,0,1,0,1,1,1,0],[1,1,1,1,0,0,0,0,1,0]]"
8,451,-0.006057617044287338,0.006057617044287338,"[[1,1,0,0,1,0,1,1,1,0],[1,1,1,1,0,0,0,0,1,1]]"
8,452,-0.008584053863610884,0.008584053863610884,"[[1,1,0,0,1,0,1,1,1,0],[1,1,1,1,0,0,0,1,0,0]]"
8,453,-0.008698142236611667,0.008698142236611667,"[[1,1,0,0,1,0,1,1,1,0],[1,1,1,1,0,0,0,1,0,1]]"
8,454,-0.010933528157880103,0.010933528157880103,"[[1,1,0,0,1,0,1,1,1,0],[1,1,1,1,0,0,0,1,1,0]]"
8,455,-0.011107380948044063,0.011107380948044063,"[[1,1,0,0,1,0,1,1,1,0],[1,1,1,1,0,0,0,1,1,1]]"
8,456,-0.013067159835582544,0.013067159835582544,"[[1,1,0,0,1,0,1,1,1,0],[1,1,1,1,0,0,1,0,0,0]]"
8,457,-0.013324390251057522,0.013324390251057522,"[[1,1,0,0,1,0,1,1,1,0],[1,1,1,1,0,0,1,0,0,1]]"
8,458,-0.01530341801199413,0.01530341801199413,"[[1,1,0,0,1,0,1,1,1,0],[1,1,1,1,0,0,1,0,1,0]]"
8,459,-0.015694308942530117,0.015694308942530117,"[[1,1,0,0,1,0,1,1,1,0],[1,1,1,1,0,0,1,0,1,1]]"
8,460,-0.020285180333926754,0.020285180333926754,"[[1,1,0,0,1,0,1,1,1,0],[1,1,1,1,0,0,1,1,0,0]]"
8,461,-0.02022039952852268,0.02022039952852268,"[[1,1,0,0,1,0,1,1,1,0],[1,1,1,1,0,0,1,1,0,1]]"
8,462,-0.02280656834773828,0.02280656834773828,"[[1,1,0,0,1,0,1,1,1,0],[1,1,1,1,0,0,1,1,1,0]]"
8,463,-0.02327793408509127,0.02327793408509127,"[[1,1,0,0,1,0,1,1,1,0],[1,1,1,1,0,0,1,1,1,1]]"
8,464,-0.01797397724039872,0.01797397724039872,"[[1,1,0,0,1,0,1,1,1,0],[1,1,1,1,0,1,0,0,0,0]]"
8,465,-0.018100277585319284,0.018100277585319284,"[[1,1,0,0,1,0,1,1,1,0],[1,1,1,1,0,1,0,0,0,1]]"
8,466,-0.02041027935859089,0.02041027935859089,"[[1,1,0,0,1,0,1,1,1,0],[1,1,1,1,0,1,0,0,1,0]]"
8,467,-0.020867346705888464,0.020867346705888464,"[[1,1,0,0,1,0,1,1,1,0],[1,1,1,1,0,1,0,0,1,1]]"
8,468,-0.025325344800263515,0.025325344800263515,"[[1,1,0,0,1,0,1,1,1,0],[1,1,1,1,0,1,0,1,0,0]]"
8,469,-0.025216281588796154,0.025216281588796154,"[[1,1,0,0,1,0,1,1,1,0],[1,1,1,1,0,1,0,1,0,1]]"
8,470,-0.028017483994942024,0.028017483994942024,"[[1,1,0,0,1,0,1,1,1,0],[1,1,1,1,0,1,0,1,1,0]]"
8,471,-0.028378254632745067,0.028378254632745067,"[[1,1,0,0,1,0,1,1,1,0],[1,1,1,1,0,1,0,1,1,1]]"
8,472,-0.03205293473754789,0.03205293473754789,"[[1,1,0,0,1,0,1,1,1,0],[1,1,1,1,0,1,1,0,0,0]]"
8,473,-0.032521935028684466,0.032521935028684466,"[[1,1,0,0,1,0,1,1,1,0],[1,1,1,1,0,1,1,0,0,1]]"
8,474,-0.03476965921787194,0.03476965921787194,"[[1,1,0,0,1,0,1,1,1,0],[1,1,1,1,0,1,1,0,1,0]]"
8,475,-0.03532533394616232,0.03532533394616232,"[[1,1,0,0,1,0,1,1,1,0],[1,1,1,1,0,1,1,0,1,1]]"
8,476,-0.04138756190506255,0.04138756190506255,"[[1,1,0,0,1,0,1,1,1,0],[1,1,1,1,0,1,1,1,0,0]]"
8,477,-0.041405948555281444,0.041405948555281444,"[[1,1,0,0,1,0,1,1,1,0],[1,1,1,1,0,1,1,1,0,1]]"
8,478,-0.044058324366566266,0.044058324366566266,"[[1,1,0,0,1,0,1,1,1,0],[1,1,1,1,0,1,1,1,1,0]]"
8,479,-0.043887426003967674,0.043887426003967674,"[[1,1,0,0,1,0,1,1,1,0],[1,1,1,1,0,1,1,1,1,1]]"
8,480,-0.004102459112523914,0.004102459112523914,"[[1,1,0,0,1,0,1,1,1,1],[1,1,1,1,0,0,0,0,0,0]]"
8,481,-0.004223125887456052,0.004223125887456052,"[[1,1,0,0,1,0,1,1,1,1],[1,1,1,1,0,0,0,0,0,1]]"
8,482,-0.005408621093846528,0.005408621093846528,"[[1,1,0,0,1,0,1,1,1,1],[1,1,1,1,0,0,0,0,1,0]]"
8,483,-0.005748443877215562,0.005748443877215562,"[[1,1,0,0,1,0,1,1,1,1],[1,1,1,1,0,0,0,0,1,1]]"
8,484,-0.008004293994552152,0.008004293994552152,"[[1,1,0,0,1,0,1,1,1,1],[1,1,1,1,0,0,0,1,0,0]]"
8,485,-0.008367845825470671,0.008367845825470671,"[[1,1,0,0,1,0,1,1,1,1],[1,1,1,1,0,0,0,1,0,1]]"
8,486,-0.010504036258723362,0.010504036258723362,"[[1,1,0,0,1,0,1,1,1,1],[1,1,1,1,0,0,0,1,1,0]]"
8,487,-0.01118348655825799,0.01118348655825799,"[[1,1,0,0,1,0,1,1,1,1],[1,1,1,1,0,0,0,1,1,1]]"
8,488,-0.012264517371273133,0.012264517371273133,"[[1,1,0,0,1,0,1,1,1,1],[1,1,1,1,0,0,1,0,0,0]]"
8,489,-0.012685228364115059,0.012685228364115059,"[[1,1,0,0,1,0,1,1,1,1],[1,1,1,1,0,0,1,0,0,1]]"
8,490,-0.014942255914998419,0.014942255914998419,"[[1,1,0,0,1,0,1,1,1,1],[1,1,1,1,0,0,1,0,1,0]]"
8,491,-0.015607106738271355,0.015607106738271355,"[[1,1,0,0,1,0,1,1,1,1],[1,1,1,1,0,0,1,0,1,1]]"
8,492,-0.019868505066742224,0.019868505066742224,"[[1,1,0,0,1,0,1,1,1,1],[1,1,1,1,0,0,1,1,0,0]]"
8,493,-0.020252574978176986,0.020252574978176986,"[[1,1,0,0,1,0,1,1,1,1],[1,1,1,1,0,0,1,1,0,1]]"
8,494,-0.022671540513942223,0.022671540513942223,"[[1,1,0,0,1,0,1,1,1,1],[1,1,1,1,0,0,1,1,1,0]]"
8,495,-0.023424741610414385,0.023424741610414385,"[[1,1,0,0,1,0,1,1,1,1],[1,1,1,1,0,0,1,1,1,1]]"
8,496,-0.01711025439403338,0.01711025439403338,"[[1,1,0,0,1,0,1,1,1,1],[1,1,1,1,0,1,0,0,0,0]]"
8,497,-0.0175417492175698,0.0175417492175698,"[[1,1,0,0,1,0,1,1,1,1],[1,1,1,1,0,1,0,0,0,1]]"
8,498,-0.019716706492865697,0.019716706492865697,"[[1,1,0,0,1,0,1,1,1,1],[1,1,1,1,0,1,0,0,1,0]]"
8,499,-0.02056967324343827,0.02056967324343827,"[[1,1,0,0,1,0,1,1,1,1],[1,1,1,1,0,1,0,0,1,1]]"
8,500,-0.024650574945564926,0.024650574945564926,"[[1,1,0,0,1,0,1,1,1,1],[1,1,1,1,0,1,0,1,0,0]]"
8,501,-0.025034184393917323,0.025034184393917323,"[[1,1,0,0,1,0,1,1,1,1],[1,1,1,1,0,1,0,1,0,1]]"
8,502,-0.027746378538788447,0.027746378538788447,"[[1,1,0,0,1,0,1,1,1,1],[1,1,1,1,0,1,0,1,1,0]]"
8,503,-0.028522673911337226,0.028522673911337226,"[[1,1,0,0,1,0,1,1,1,1],[1,1,1,1,0,1,0,1,1,1]]"
8,504,-0.0307966214188384,0.0307966214188384,"[[1,1,0,0,1,0,1,1,1,1],[1,1,1,1,0,1,1,0,0,0]]"
8,505,-0.031771575069551215,0.031771575069551215,"[[1,1,0,0,1,0,1,1,1,1],[1,1,1,1,0,1,1,0,0,1]]"
8,506,-0.03423735087541638,0.03423735087541638,"[[1,1,0,0,1,0,1,1,1,1],[1,1,1,1,0,1,1,0,1,0]]"
8,507,-0.03500398126559465,0.03500398126559465,"[[1,1,0,0,1,0,1,1,1,1],[1,1,1,1,0,1,1,0,1,1]]"
8,508,-0.040673864847479625,0.040673864847479625,"[[1,1,0,0,1,0,1,1,1,1],[1,1,1,1,0,1,1,1,0,0]]"
8,509,-0.041213587123516186,0.041213587123516186,"[[1,1,0,0,1,0,1,1,1,1],[1,1,1,1,0,1,1,1,0,1]]"
8,510,-0.044080148673733346,0.044080148673733346,"[[1,1,0,0,1,0,1,1,1,1],[1,1,1,1,0,1,1,1,1,0]]"
8,511,-0.04434148824909823,0.04434148824909823,"[[1,1,0,0,1,0,1,1,1,1],[1,1,1,1,0,1,1,1,1,1]]"
8,512,-0.008048762511029569,0.008048762511029569,"[[1,1,0,0,1,1,0,0,0,0],[1,1,1,1,0,0,0,0,0,0]]"
8,513,-0.00792325189346373,0.00792325189346373,"[[1,1,0,0,1,1,0,0,0,0],[1,1,1,1,0,0,0,0,0,1]]"
8,514,-0.009123175788120597,0.009123175788120597,"[[1,1,0,0,1,1,0,0,0,0],[1,1,1,1,0,0,0,0,1,0]]"
8,515,-0.009383958851805867,0.009383958851805867,"[[1,1,0,0,1,1,0,0,0,0],[1,1,1,1,0,0,0,0,1,1]]"
8,516,-0.011942842528603052,0.011942842528603052,"[[1,1,0,0,1,1,0,0,0,0],[1,1,1,1,0,0,0,1,0,0]]"
8,517,-0.012287414607135047,0.012287414607135047,"[[1,1,0,0,1,1,0,0,0,0],[1,1,1,1,0,0,0,1,0,1]]"
8,518,-0.013200667692593576,0.013200667692593576,"[[1,1,0,0,1,1,0,0,0,0],[1,1,1,1,0,0,0,1,1,0]]"
8,519,-0.013179696439601324,0.013179696439601324,"[[1,1,0,0,1,1,0,0,0,0],[1,1,1,1,0,0,0,1,1,1]]"
8,520,-0.01535399354654166,0.01535399354654166,"[[1,1,0,0,1,1,0,0,0,0],[1,1,1,1,0,0,1,0,0,0]]"
8,521,-0.015701253416326923,0.015701253416326923,"[[1,1,0,0,1,1,0,0,0,0],[1,1,1,1,0,0,1,0,0,1]]"
8,522,-0.01713910487998323,0.01713910487998323,"[[1,1,0,0,1,1,0,0,0,0],[1,1,1,1,0,0,1,0,1,0]]"
8,523,-0.017292455500063163,0.017292455500063163,"[[1,1,0,0,1,1,0,0,0,0],[1,1,1,1,0,0,1,0,1,1]]"
8,524,-0.02036359808394972,0.02036359808394972,"[[1,1,0,0,1,1,0,0,0,0],[1,1,1,1,0,0,1,1,0,0]]"
8,525,-0.020583289557833232,0.020583289557833232,"[[1,1,0,0,1,1,0,0,0,0],[1,1,1,1,0,0,1,1,0,1]]"
8,526,-0.021320231387962713,0.021320231387962713,"[[1,1,0,0,1,1,0,0,0,0],[1,1,1,1,0,0,1,1,1,0]]"
8,527,-0.020452559768952258,0.020452559768952258,"[[1,1,0,0,1,1,0,0,0,0],[1,1,1,1,0,0,1,1,1,1]]"
8,528,-0.020114836489080218,0.020114836489080218,"[[1,1,0,0,1,1,0,0,0,0],[1,1,1,1,0,1,0,0,0,0]]"
8,529,-0.0202198629654451,0.0202198629654451,"[[1,1,0,0,1,1,0,0,0,0],[1,1,1,1,0,1,0,0,0,1]]"
8,530,-0.021963111097010723,0.021963111097010723,"[[1,1,0,0,1,1,0,0,0,0],[1,1,1,1,0,1,0,0,1,0]]"
8,531,-0.022204867781465226,0.022204867781465226,"[[1,1,0,0,1,1,0,0,0,0],[1,1,1,1,0,1,0,0,1,1]]"
8,532,-0.02525264737138741,0.02525264737138741,"[[1,1,0,0,1,1,0,0,0,0],[1,1,1,1,0,1,0,1,0,0]]"
8,533,-0.025514844897170028,0.025514844897170028,"[[1,1,0,0,1,1,0,0,0,0],[1,1,1,1,0,1,0,1,0,1]]"
8,534,-0.026518073183244856,0.026518073183244856,"[[1,1,0,0,1,1,0,0,0,0],[1,1,1,1,0,1,0,1,1,0]]"
8,535,-0.02598481370511795,0.02598481370511795,"[[1,1,0,0,1,1,0,0,0,0],[1,1,1,1,0,1,0,1,1,1]]"
8,536,-0.031238402585906332,0.031238402585906332,"[[1,1,0,0,1,1,0,0,0,0],[1,1,1,1,0,1,1,0,0,0]]"
8,537,-0.03139143401477304,0.03139143401477304,"[[1,1,0,0,1,1,0,0,0,0],[1,1,1,1,0,1,1,0,0,1]]"
8,538,-0.03298619807453225,0.03298619807453225,"[[1,1,0,0,1,1,0,0,0,0],[1,1,1,1,0,1,1,0,1,0]]"
8,539,-0.032764409073719684,0.032764409073719684,"[[1,1,0,0,1,1,0,0,0,0],[1,1,1,1,0,1,1,0,1,1]]"
8,540,-0.0350017628726446,0.0350017628726446,"[[1,1,0,0,1,1,0,0,0,0],[1,1,1,1,0,1,1,1,0,0]]"
8,541,-0.034375235808868275,0.034375235808868275,"[[1,1,0,0,1,1,0,0,0,0],[1,1,1,1,0,1,1,1,0,1]]"
8,542,-0.034668120043266526,0.034668120043266526,"[[1,1,0,0,1,1,0,0,0,0],[1,1,1,1,0,1,1,1,1,0]]"
8,543,-0.03203813225201585,0.03203813225201585,"[[1,1,0,0,1,1,0,0,0,0],[1,1,1,1,0,1,1,1,1,1]]"
8,544,-0.00782077751713815,0.00782077751713815,"[[1,1,0,0,1,1,0,0,0,1],[1,1,1,1,0,0,0,0,0,0]]"
8,545,-0.00801486534031848,0.00801486534031848,"[[1,1,0,0,1,1,0,0,0,1],[1,1,1,1,0,0,0,0,0,1]]"
8,546,-0.00930168815776706,0.00930168815776706,"[[1,1,0,0,1,1,0,0,0,1],[1,1,1,1,0,0,0,0,1,0]]"
8,547,-0.009562525831141495,0.009562525831141495,"[[1,1,0,0,1,1,0,0,0,1],[1,1,1,1,0,0,0,0,1,1]]"
8,548,-0.011985515588734823,0.011985515588734823,"[[1,1,0,0,1,1,0,0,0,1],[1,1,1,1,0,0,0,1,0,0]]"
8,549,-0.012324330751564782,0.012324330751564782,"[[1,1,0,0,1,1,0,0,0,1],[1,1,1,1,0,0,0,1,0,1]]"
8,550,-0.013610560027011515,0.013610560027011515,"[[1,1,0,0,1,1,0,0,0,1],[1,1,1,1,0,0,0,1,1,0]]"
8,551,-0.013711469583186942,0.013711469583186942,"[[1,1,0,0,1,1,0,0,0,1],[1,1,1,1,0,0,0,1,1,1]]"
8,552,-0.015386920486219091,0.015386920486219091,"[[1,1,0,0,1,1,0,0,0,1],[1,1,1,1,0,0,1,0,0,0]]"
8,553,-0.01587492126381737,0.01587492126381737,"[[1,1,0,0,1,1,0,0,0,1],[1,1,1,1,0,0,1,0,0,1]]"
8,554,-0.017493769676824245,0.017493769676824245,"[[1,1,0,0,1,1,0,0,0,1],[1,1,1,1,0,0,1,0,1,0]]"
8,555,-0.017619080715816453,0.017619080715816453,"[[1,1,0,0,1,1,0,0,0,1],[1,1,1,1,0,0,1,0,1,1]]"
8,556,-0.02093348379468368,0.02093348379468368,"[[1,1,0,0,1,1,0,0,0,1],[1,1,1,1,0,0,1,1,0,0]]"
8,557,-0.02109818978606476,0.02109818978606476,"[[1,1,0,0,1,1,0,0,0,1],[1,1,1,1,0,0,1,1,0,1]]"
8,558,-0.021945227148101442,0.021945227148101442,"[[1,1,0,0,1,1,0,0,0,1],[1,1,1,1,0,0,1,1,1,0]]"
8,559,-0.021488789464364003,0.021488789464364003,"[[1,1,0,0,1,1,0,0,0,1],[1,1,1,1,0,0,1,1,1,1]]"
8,560,-0.020096950498520224,0.020096950498520224,"[[1,1,0,0,1,1,0,0,0,1],[1,1,1,1,0,1,0,0,0,0]]"
8,561,-0.020379014037409174,0.020379014037409174,"[[1,1,0,0,1,1,0,0,0,1],[1,1,1,1,0,1,0,0,0,1]]"
8,562,-0.022018032788241194,0.022018032788241194,"[[1,1,0,0,1,1,0,0,0,1],[1,1,1,1,0,1,0,0,1,0]]"
8,563,-0.022457117927720174,0.022457117927720174,"[[1,1,0,0,1,1,0,0,0,1],[1,1,1,1,0,1,0,0,1,1]]"
8,564,-0.025698517222687296,0.025698517222687296,"[[1,1,0,0,1,1,0,0,0,1],[1,1,1,1,0,1,0,1,0,0]]"
8,565,-0.025914263863300008,0.025914263863300008,"[[1,1,0,0,1,1,0,0,0,1],[1,1,1,1,0,1,0,1,0,1]]"
8,566,-0.026824476814727116,0.026824476814727116,"[[1,1,0,0,1,1,0,0,0,1],[1,1,1,1,0,1,0,1,1,0]]"
8,567,-0.02675989062171026,0.02675989062171026,"[[1,1,0,0,1,1,0,0,0,1],[1,1,1,1,0,1,0,1,1,1]]"
8,568,-0.03145341069954438,0.03145341069954438,"[[1,1,0,0,1,1,0,0,0,1],[1,1,1,1,0,1,1,0,0,0]]"
8,569,-0.031874084553445155,0.031874084553445155,"[[1,1,0,0,1,1,0,0,0,1],[1,1,1,1,0,1,1,0,0,1]]"
8,570,-0.0334981001755788,0.0334981001755788,"[[1,1,0,0,1,1,0,0,0,1],[1,1,1,1,0,1,1,0,1,0]]"
8,571,-0.03325742386956584,0.03325742386956584,"[[1,1,0,0,1,1,0,0,0,1],[1,1,1,1,0,1,1,0,1,1]]"
8,572,-0.03601489685866763,0.03601489685866763,"[[1,1,0,0,1,1,0,0,0,1],[1,1,1,1,0,1,1,1,0,0]]"
8,573,-0.03556167718764723,0.03556167718764723,"[[1,1,0,0,1,1,0,0,0,1],[1,1,1,1,0,1,1,1,0,1]]"
8,574,-0.03568273570188751,0.03568273570188751,"[[1,1,0,0,1,1,0,0,0,1],[1,1,1,1,0,1,1,1,1,0]]"
8,575,-0.03418158633442329,0.03418158633442329,"[[1,1,0,0,1,1,0,0,0,1],[1,1,1,1,0,1,1,1,1,1]]"
8,576,-0.006211707892377611,0.006211707892377611,"[[1,1,0,0,1,1,0,0,1,0],[1,1,1,1,0,0,0,0,0,0]]"
8,577,-0.006249468645117823,0.006249468645117823,"[[1,1,0,0,1,1,0,0,1,0],[1,1,1,1,0,0,0,0,0,1]]"
8,578,-0.007753223165368167,0.007753223165368167,"[[1,1,0,0,1,1,0,0,1,0],[1,1,1,1,0,0,0,0,1,0]]"
8,579,-0.007916391472406014,0.007916391472406014,"[[1,1,0,0,1,1,0,0,1,0],[1,1,1,1,0,0,0,0,1,1]]"
8,580,-0.01068887396811131,0.01068887396811131,"[[1,1,0,0,1,1,0,0,1,0],[1,1,1,1,0,0,0,1,0,0]]"
8,581,-0.010722279544357796,0.010722279544357796,"[[1,1,0,0,1,1,0,0,1,0],[1,1,1,1,0,0,0,1,0,1]]"
8,582,-0.012676765788650426,0.012676765788650426,"[[1,1,0,0,1,1,0,0,1,0],[1,1,1,1,0,0,0,1,1,0]]"
8,583,-0.01282184674733716,0.01282184674733716,"[[1,1,0,0,1,1,0,0,1,0],[1,1,1,1,0,0,0,1,1,1]]"
8,584,-0.01381974836818705,0.01381974836818705,"[[1,1,0,0,1,1,0,0,1,0],[1,1,1,1,0,0,1,0,0,0]]"
8,585,-0.013950343717865455,0.013950343717865455,"[[1,1,0,0,1,1,0,0,1,0],[1,1,1,1,0,0,1,0,0,1]]"
8,586,-0.015825789471810448,0.015825789471810448,"[[1,1,0,0,1,1,0,0,1,0],[1,1,1,1,0,0,1,0,1,0]]"
8,587,-0.016343207254030694,0.016343207254030694,"[[1,1,0,0,1,1,0,0,1,0],[1,1,1,1,0,0,1,0,1,1]]"
8,588,-0.019546096834087007,0.019546096834087007,"[[1,1,0,0,1,1,0,0,1,0],[1,1,1,1,0,0,1,1,0,0]]"
8,589,-0.020072451271983267,0.020072451271983267,"[[1,1,0,0,1,1,0,0,1,0],[1,1,1,1,0,0,1,1,0,1]]"
8,590,-0.021715812273435817,0.021715812273435817,"[[1,1,0,0,1,1,0,0,1,0],[1,1,1,1,0,0,1,1,1,0]]"
8,591,-0.021632236952773946,0.021632236952773946,"[[1,1,0,0,1,1,0,0,1,0],[1,1,1,1,0,0,1,1,1,1]]"
8,592,-0.01814499917221764,0.01814499917221764,"[[1,1,0,0,1,1,0,0,1,0],[1,1,1,1,0,1,0,0,0,0]]"
8,593,-0.017933582668654205,0.017933582668654205,"[[1,1,0,0,1,1,0,0,1,0],[1,1,1,1,0,1,0,0,0,1]]"
8,594,-0.020258784671745703,0.020258784671745703,"[[1,1,0,0,1,1,0,0,1,0],[1,1,1,1,0,1,0,0,1,0]]"
8,595,-0.020722904298629673,0.020722904298629673,"[[1,1,0,0,1,1,0,0,1,0],[1,1,1,1,0,1,0,0,1,1]]"
8,596,-0.024644511098845846,0.024644511098845846,"[[1,1,0,0,1,1,0,0,1,0],[1,1,1,1,0,1,0,1,0,0]]"
8,597,-0.024866560691729843,0.024866560691729843,"[[1,1,0,0,1,1,0,0,1,0],[1,1,1,1,0,1,0,1,0,1]]"
8,598,-0.02643256557217182,0.02643256557217182,"[[1,1,0,0,1,1,0,0,1,0],[1,1,1,1,0,1,0,1,1,0]]"
8,599,-0.02627191452876448,0.02627191452876448,"[[1,1,0,0,1,1,0,0,1,0],[1,1,1,1,0,1,0,1,1,1]]"
8,600,-0.030359106769247992,0.030359106769247992,"[[1,1,0,0,1,1,0,0,1,0],[1,1,1,1,0,1,1,0,0,0]]"
8,601,-0.030237676262938846,0.030237676262938846,"[[1,1,0,0,1,1,0,0,1,0],[1,1,1,1,0,1,1,0,0,1]]"
8,602,-0.03230536051732451,0.03230536051732451,"[[1,1,0,0,1,1,0,0,1,0],[1,1,1,1,0,1,1,0,1,0]]"
8,603,-0.032186057754693215,0.032186057754693215,"[[1,1,0,0,1,1,0,0,1,0],[1,1,1,1,0,1,1,0,1,1]]"
8,604,-0.0360009877373986,0.0360009877373986,"[[1,1,0,0,1,1,0,0,1,0],[1,1,1,1,0,1,1,1,0,0]]"
8,605,-0.03592596861886797,0.03592596861886797,"[[1,1,0,0,1,1,0,0,1,0],[1,1,1,1,0,1,1,1,0,1]]"
8,606,-0.036791375496088345,0.036791375496088345,"[[1,1,0,0,1,1,0,0,1,0],[1,1,1,1,0,1,1,1,1,0]]"
8,607,-0.03598972196367811,0.03598972196367811,"[[1,1,0,0,1,1,0,0,1,0],[1,1,1,1,0,1,1,1,1,1]]"
8,608,-0.005817790876481017,0.005817790876481017,"[[1,1,0,0,1,1,0,0,1,1],[1,1,1,1,0,0,0,0,0,0]]"
8,609,-0.006215918885656868,0.006215918885656868,"[[1,1,0,0,1,1,0,0,1,1],[1,1,1,1,0,0,0,0,0,1]]"
8,610,-0.007696999167676973,0.007696999167676973,"[[1,1,0,0,1,1,0,0,1,1],[1,1,1,1,0,0,0,0,1,0]]"
8,611,-0.008046248537764276,0.008046248537764276,"[[1,1,0,0,1,1,0,0,1,1],[1,1,1,1,0,0,0,0,1,1]]"
8,612,-0.010404027215982698,0.010404027215982698,"[[1,1,0,0,1,1,0,0,1,1],[1,1,1,1,0,0,0,1,0,0]]"
8,613,-0.010857323403790855,0.010857323403790855,"[[1,1,0,0,1,1,0,0,1,1],[1,1,1,1,0,0,0,1,0,1]]"
8,614,-0.012675788169254005,0.012675788169254005,"[[1,1,0,0,1,1,0,0,1,1],[1,1,1,1,0,0,0,1,1,0]]"
8,615,-0.013121446681734032,0.013121446681734032,"[[1,1,0,0,1,1,0,0,1,1],[1,1,1,1,0,0,0,1,1,1]]"
8,616,-0.013540488324817803,0.013540488324817803,"[[1,1,0,0,1,1,0,0,1,1],[1,1,1,1,0,0,1,0,0,0]]"
8,617,-0.014046485422905325,0.014046485422905325,"[[1,1,0,0,1,1,0,0,1,1],[1,1,1,1,0,0,1,0,0,1]]"
8,618,-0.015555326628345632,0.015555326628345632,"[[1,1,0,0,1,1,0,0,1,1],[1,1,1,1,0,0,1,0,1,0]]"
8,619,-0.01628635783465952,0.01628635783465952,"[[1,1,0,0,1,1,0,0,1,1],[1,1,1,1,0,0,1,0,1,1]]"
8,620,-0.01906324958586361,0.01906324958586361,"[[1,1,0,0,1,1,0,0,1,1],[1,1,1,1,0,0,1,1,0,0]]"
8,621,-0.019960026635830835,0.019960026635830835,"[[1,1,0,0,1,1,0,0,1,1],[1,1,1,1,0,0,1,1,0,1]]"
8,622,-0.02192585870876608,0.02192585870876608,"[[1,1,0,0,1,1,0,0,1,1],[1,1,1,1,0,0,1,1,1,0]]"
8,623,-0.022199805296610857,0.022199805296610857,"[[1,1,0,0,1,1,0,0,1,1],[1,1,1,1,0,0,1,1,1,1]]"
8,624,-0.017794562395894987,0.017794562395894987,"[[1,1,0,0,1,1,0,0,1,1],[1,1,1,1,0,1,0,0,0,0]]"
8,625,-0.01819743847821749,0.01819743847821749,"[[1,1,0,0,1,1,0,0,1,1],[1,1,1,1,0,1,0,0,0,1]]"
8,626,-0.020093632297924297,0.020093632297924297,"[[1,1,0,0,1,1,0,0,1,1],[1,1,1,1,0,1,0,0,1,0]]"
8,627,-0.0207197914734276,0.0207197914734276,"[[1,1,0,0,1,1,0,0,1,1],[1,1,1,1,0,1,0,0,1,1]]"
8,628,-0.02414039403406781,0.02414039403406781,"[[1,1,0,0,1,1,0,0,1,1],[1,1,1,1,0,1,0,1,0,0]]"
8,629,-0.024807070651288878,0.024807070651288878,"[[1,1,0,0,1,1,0,0,1,1],[1,1,1,1,0,1,0,1,0,1]]"
8,630,-0.02657349490555542,0.02657349490555542,"[[1,1,0,0,1,1,0,0,1,1],[1,1,1,1,0,1,0,1,1,0]]"
8,631,-0.026821188110486026,0.026821188110486026,"[[1,1,0,0,1,1,0,0,1,1],[1,1,1,1,0,1,0,1,1,1]]"
8,632,-0.029816604323705687,0.029816604323705687,"[[1,1,0,0,1,1,0,0,1,1],[1,1,1,1,0,1,1,0,0,0]]"
8,633,-0.030385658144214078,0.030385658144214078,"[[1,1,0,0,1,1,0,0,1,1],[1,1,1,1,0,1,1,0,0,1]]"
8,634,-0.032255031648367447,0.032255031648367447,"[[1,1,0,0,1,1,0,0,1,1],[1,1,1,1,0,1,1,0,1,0]]"
8,635,-0.032611074954264636,0.032611074954264636,"[[1,1,0,0,1,1,0,0,1,1],[1,1,1,1,0,1,1,0,1,1]]"
8,636,-0.03567713995867722,0.03567713995867722,"[[1,1,0,0,1,1,0,0,1,1],[1,1,1,1,0,1,1,1,0,0]]"
8,637,-0.0362919874278769,0.0362919874278769,"[[1,1,0,0,1,1,0,0,1,1],[1,1,1,1,0,1,1,1,0,1]]"
8,638,-0.03747242152686073,0.03747242152686073,"[[1,1,0,0,1,1,0,0,1,1],[1,1,1,1,0,1,1,1,1,0]]"
8,639,-0.036925792337862584,0.036925792337862584,"[[1,1,0,0,1,1,0,0,1,1],[1,1,1,1,0,1,1,1,1,1]]"
8,640,-0.004124940162306689,0.004124940162306689,"[[1,1,0,0,1,1,0,1,0,0],[1,1,1,1,0,0,0,0,0,0]]"
8,641,-0.004243054471989464,0.004243054471989464,"[[1,1,0,0,1,1,0,1,0,0],[1,1,1,1,0,0,0,0,0,1]]"
8,642,-0.00523125247314436,0.00523125247314436,"[[1,1,0,0,1,1,0,1,0,0],[1,1,1,1,0,0,0,0,1,0]]"
8,643,-0.005495018791283027,0.005495018791283027,"[[1,1,0,0,1,1,0,1,0,0],[1,1,1,1,0,0,0,0,1,1]]"
8,644,-0.00813976648947024,0.00813976648947024,"[[1,1,0,0,1,1,0,1,0,0],[1,1,1,1,0,0,0,1,0,0]]"
8,645,-0.008318000601569547,0.008318000601569547,"[[1,1,0,0,1,1,0,1,0,0],[1,1,1,1,0,0,0,1,0,1]]"
8,646,-0.009362842552797167,0.009362842552797167,"[[1,1,0,0,1,1,0,1,0,0],[1,1,1,1,0,0,0,1,1,0]]"
8,647,-0.009634299949698394,0.009634299949698394,"[[1,1,0,0,1,1,0,1,0,0],[1,1,1,1,0,0,0,1,1,1]]"
8,648,-0.01155093602735527,0.01155093602735527,"[[1,1,0,0,1,1,0,1,0,0],[1,1,1,1,0,0,1,0,0,0]]"
8,649,-0.011725164042146432,0.011725164042146432,"[[1,1,0,0,1,1,0,1,0,0],[1,1,1,1,0,0,1,0,0,1]]"
8,650,-0.012976417436773214,0.012976417436773214,"[[1,1,0,0,1,1,0,1,0,0],[1,1,1,1,0,0,1,0,1,0]]"
8,651,-0.013246270599027549,0.013246270599027549,"[[1,1,0,0,1,1,0,1,0,0],[1,1,1,1,0,0,1,0,1,1]]"
8,652,-0.017105840503248582,0.017105840503248582,"[[1,1,0,0,1,1,0,1,0,0],[1,1,1,1,0,0,1,1,0,0]]"
8,653,-0.017627724197820455,0.017627724197820455,"[[1,1,0,0,1,1,0,1,0,0],[1,1,1,1,0,0,1,1,0,1]]"
8,654,-0.018729647788718953,0.018729647788718953,"[[1,1,0,0,1,1,0,1,0,0],[1,1,1,1,0,0,1,1,1,0]]"
8,655,-0.018692389475468526,0.018692389475468526,"[[1,1,0,0,1,1,0,1,0,0],[1,1,1,1,0,0,1,1,1,1]]"
8,656,-0.015307527018009907,0.015307527018009907,"[[1,1,0,0,1,1,0,1,0,0],[1,1,1,1,0,1,0,0,0,0]]"
8,657,-0.015537484464335337,0.015537484464335337,"[[1,1,0,0,1,1,0,1,0,0],[1,1,1,1,0,1,0,0,0,1]]"
8,658,-0.016964732626293028,0.016964732626293028,"[[1,1,0,0,1,1,0,1,0,0],[1,1,1,1,0,1,0,0,1,0]]"
8,659,-0.0173828235331083,0.0173828235331083,"[[1,1,0,0,1,1,0,1,0,0],[1,1,1,1,0,1,0,0,1,1]]"
8,660,-0.02101888543822127,0.02101888543822127,"[[1,1,0,0,1,1,0,1,0,0],[1,1,1,1,0,1,0,1,0,0]]"
8,661,-0.02156189402921023,0.02156189402921023,"[[1,1,0,0,1,1,0,1,0,0],[1,1,1,1,0,1,0,1,0,1]]"
8,662,-0.023169412709208134,0.023169412709208134,"[[1,1,0,0,1,1,0,1,0,0],[1,1,1,1,0,1,0,1,1,0]]"
8,663,-0.02340986760487835,0.02340986760487835,"[[1,1,0,0,1,1,0,1,0,0],[1,1,1,1,0,1,0,1,1,1]]"
8,664,-0.02728596393933017,0.02728596393933017,"[[1,1,0,0,1,1,0,1,0,0],[1,1,1,1,0,1,1,0,0,0]]"
8,665,-0.027783328920418522,0.027783328920418522,"[[1,1,0,0,1,1,0,1,0,0],[1,1,1,1,0,1,1,0,0,1]]"
8,666,-0.029240023927634945,0.029240023927634945,"[[1,1,0,0,1,1,0,1,0,0],[1,1,1,1,0,1,1,0,1,0]]"
8,667,-0.029608776276312154,0.029608776276312154,"[[1,1,0,0,1,1,0,1,0,0],[1,1,1,1,0,1,1,0,1,1]]"
8,668,-0.0340223281273016,0.0340223281273016,"[[1,1,0,0,1,1,0,1,0,0],[1,1,1,1,0,1,1,1,0,0]]"
8,669,-0.03444004842376446,0.03444004842376446,"[[1,1,0,0,1,1,0,1,0,0],[1,1,1,1,0,1,1,1,0,1]]"
8,670,-0.035406738828579545,0.035406738828579545,"[[1,1,0,0,1,1,0,1,0,0],[1,1,1,1,0,1,1,1,1,0]]"
8,671,-0.03469675516307368,0.03469675516307368,"[[1,1,0,0,1,1,0,1,0,0],[1,1,1,1,0,1,1,1,1,1]]"
8,672,-0.003798363339578987,0.003798363339578987,"[[1,1,0,0,1,1,0,1,0,1],[1,1,1,1,0,0,0,0,0,0]]"
8,673,-0.004109639416489019,0.004109639416489019,"[[1,1,0,0,1,1,0,1,0,1],[1,1,1,1,0,0,0,0,0,1]]"
8,674,-0.00525330073995681,0.00525330073995681,"[[1,1,0,0,1,1,0,1,0,1],[1,1,1,1,0,0,0,0,1,0]]"
8,675,-0.0055685228815173585,0.0055685228815173585,"[[1,1,0,0,1,1,0,1,0,1],[1,1,1,1,0,0,0,0,1,1]]"
8,676,-0.008053296480542286,0.008053296480542286,"[[1,1,0,0,1,1,0,1,0,1],[1,1,1,1,0,0,0,1,0,0]]"
8,677,-0.008387492382859858,0.008387492382859858,"[[1,1,0,0,1,1,0,1,0,1],[1,1,1,1,0,0,0,1,0,1]]"
8,678,-0.009582825561347963,0.009582825561347963,"[[1,1,0,0,1,1,0,1,0,1],[1,1,1,1,0,0,0,1,1,0]]"
8,679,-0.009750960746983226,0.009750960746983226,"[[1,1,0,0,1,1,0,1,0,1],[1,1,1,1,0,0,0,1,1,1]]"
8,680,-0.01125544293441189,0.01125544293441189,"[[1,1,0,0,1,1,0,1,0,1],[1,1,1,1,0,0,1,0,0,0]]"
8,681,-0.01182620002318522,0.01182620002318522,"[[1,1,0,0,1,1,0,1,0,1],[1,1,1,1,0,0,1,0,0,1]]"
8,682,-0.013335770711013675,0.013335770711013675,"[[1,1,0,0,1,1,0,1,0,1],[1,1,1,1,0,0,1,0,1,0]]"
8,683,-0.013455057534730646,0.013455057534730646,"[[1,1,0,0,1,1,0,1,0,1],[1,1,1,1,0,0,1,0,1,1]]"
8,684,-0.01697006545772255,0.01697006545772255,"[[1,1,0,0,1,1,0,1,0,1],[1,1,1,1,0,0,1,1,0,0]]"
8,685,-0.017615189289893658,0.017615189289893658,"[[1,1,0,0,1,1,0,1,0,1],[1,1,1,1,0,0,1,1,0,1]]"
8,686,-0.01917466960184209,0.01917466960184209,"[[1,1,0,0,1,1,0,1,0,1],[1,1,1,1,0,0,1,1,1,0]]"
8,687,-0.01905578973287365,0.01905578973287365,"[[1,1,0,0,1,1,0,1,0,1],[1,1,1,1,0,0,1,1,1,1]]"
8,688,-0.015019061464659011,0.015019061464659011,"[[1,1,0,0,1,1,0,1,0,1],[1,1,1,1,0,1,0,0,0,0]]"
8,689,-0.015602433818173696,0.015602433818173696,"[[1,1,0,0,1,1,0,1,0,1],[1,1,1,1,0,1,0,0,0,1]]"
8,690,-0.017245512971115314,0.017245512971115314,"[[1,1,0,0,1,1,0,1,0,1],[1,1,1,1,0,1,0,0,1,0]]"
8,691,-0.017534480684903004,0.017534480684903004,"[[1,1,0,0,1,1,0,1,0,1],[1,1,1,1,0,1,0,0,1,1]]"
8,692,-0.02122051552290632,0.02122051552290632,"[[1,1,0,0,1,1,0,1,0,1],[1,1,1,1,0,1,0,1,0,0]]"
8,693,-0.021689034237324867,0.021689034237324867,"[[1,1,0,0,1,1,0,1,0,1],[1,1,1,1,0,1,0,1,0,1]]"
8,694,-0.0234844276657655,0.0234844276657655,"[[1,1,0,0,1,1,0,1,0,1],[1,1,1,1,0,1,0,1,1,0]]"
8,695,-0.02363833609702779,0.02363833609702779,"[[1,1,0,0,1,1,0,1,0,1],[1,1,1,1,0,1,0,1,1,1]]"
8,696,-0.026892127899012137,0.026892127899012137,"[[1,1,0,0,1,1,0,1,0,1],[1,1,1,1,0,1,1,0,0,0]]"
8,697,-0.027740342134055483,0.027740342134055483,"[[1,1,0,0,1,1,0,1,0,1],[1,1,1,1,0,1,1,0,0,1]]"
8,698,-0.029634696316073385,0.029634696316073385,"[[1,1,0,0,1,1,0,1,0,1],[1,1,1,1,0,1,1,0,1,0]]"
8,699,-0.02977287351349993,0.02977287351349993,"[[1,1,0,0,1,1,0,1,0,1],[1,1,1,1,0,1,1,0,1,1]]"
8,700,-0.034092117082583626,0.034092117082583626,"[[1,1,0,0,1,1,0,1,0,1],[1,1,1,1,0,1,1,1,0,0]]"
8,701,-0.03470645864133424,0.03470645864133424,"[[1,1,0,0,1,1,0,1,0,1],[1,1,1,1,0,1,1,1,0,1]]"
8,702,-0.03601645310325575,0.03601645310325575,"[[1,1,0,0,1,1,0,1,0,1],[1,1,1,1,0,1,1,1,1,0]]"
8,703,-0.03510425456857699,0.03510425456857699,"[[1,1,0,0,1,1,0,1,0,1],[1,1,1,1,0,1,1,1,1,1]]"
8,704,-0.0025073815820228678,0.0025073815820228678,"[[1,1,0,0,1,1,0,1,1,0],[1,1,1,1,0,0,0,0,0,0]]"
8,705,-0.0025840464539889385,0.0025840464539889385,"[[1,1,0,0,1,1,0,1,1,0],[1,1,1,1,0,0,0,0,0,1]]"
8,706,-0.0036705693434907257,0.0036705693434907257,"[[1,1,0,0,1,1,0,1,1,0],[1,1,1,1,0,0,0,0,1,0]]"
8,707,-0.0039520713032654515,0.0039520713032654515,"[[1,1,0,0,1,1,0,1,1,0],[1,1,1,1,0,0,0,0,1,1]]"
8,708,-0.006312434154120088,0.006312434154120088,"[[1,1,0,0,1,1,0,1,1,0],[1,1,1,1,0,0,0,1,0,0]]"
8,709,-0.006384417626287606,0.006384417626287606,"[[1,1,0,0,1,1,0,1,1,0],[1,1,1,1,0,0,0,1,0,1]]"
8,710,-0.008140691271590273,0.008140691271590273,"[[1,1,0,0,1,1,0,1,1,0],[1,1,1,1,0,0,0,1,1,0]]"
8,711,-0.008332918333758791,0.008332918333758791,"[[1,1,0,0,1,1,0,1,1,0],[1,1,1,1,0,0,0,1,1,1]]"
8,712,-0.009130337137515402,0.009130337137515402,"[[1,1,0,0,1,1,0,1,1,0],[1,1,1,1,0,0,1,0,0,0]]"
8,713,-0.009435224343551617,0.009435224343551617,"[[1,1,0,0,1,1,0,1,1,0],[1,1,1,1,0,0,1,0,0,1]]"
8,714,-0.01114329723029834,0.01114329723029834,"[[1,1,0,0,1,1,0,1,1,0],[1,1,1,1,0,0,1,0,1,0]]"
8,715,-0.011433117729806456,0.011433117729806456,"[[1,1,0,0,1,1,0,1,1,0],[1,1,1,1,0,0,1,0,1,1]]"
8,716,-0.015437860011698048,0.015437860011698048,"[[1,1,0,0,1,1,0,1,1,0],[1,1,1,1,0,0,1,1,0,0]]"
8,717,-0.015577726752963414,0.015577726752963414,"[[1,1,0,0,1,1,0,1,1,0],[1,1,1,1,0,0,1,1,0,1]]"
8,718,-0.017778641749946672,0.017778641749946672,"[[1,1,0,0,1,1,0,1,1,0],[1,1,1,1,0,0,1,1,1,0]]"
8,719,-0.01819454272182588,0.01819454272182588,"[[1,1,0,0,1,1,0,1,1,0],[1,1,1,1,0,0,1,1,1,1]]"
8,720,-0.012784278128541562,0.012784278128541562,"[[1,1,0,0,1,1,0,1,1,0],[1,1,1,1,0,1,0,0,0,0]]"
8,721,-0.012992360240406477,0.012992360240406477,"[[1,1,0,0,1,1,0,1,1,0],[1,1,1,1,0,1,0,0,0,1]]"
8,722,-0.015011742924199996,0.015011742924199996,"[[1,1,0,0,1,1,0,1,1,0],[1,1,1,1,0,1,0,0,1,0]]"
8,723,-0.015203116923825748,0.015203116923825748,"[[1,1,0,0,1,1,0,1,1,0],[1,1,1,1,0,1,0,0,1,1]]"
8,724,-0.01939909091243875,0.01939909091243875,"[[1,1,0,0,1,1,0,1,1,0],[1,1,1,1,0,1,0,1,0,0]]"
8,725,-0.019316778075151367,0.019316778075151367,"[[1,1,0,0,1,1,0,1,1,0],[1,1,1,1,0,1,0,1,0,1]]"
8,726,-0.021586587358892434,0.021586587358892434,"[[1,1,0,0,1,1,0,1,1,0],[1,1,1,1,0,1,0,1,1,0]]"
8,727,-0.02196630468580915,0.02196630468580915,"[[1,1,0,0,1,1,0,1,1,0],[1,1,1,1,0,1,0,1,1,1]]"
8,728,-0.024807429799848017,0.024807429799848017,"[[1,1,0,0,1,1,0,1,1,0],[1,1,1,1,0,1,1,0,0,0]]"
8,729,-0.02527489752307162,0.02527489752307162,"[[1,1,0,0,1,1,0,1,1,0],[1,1,1,1,0,1,1,0,0,1]]"
8,730,-0.02747596373941849,0.02747596373941849,"[[1,1,0,0,1,1,0,1,1,0],[1,1,1,1,0,1,1,0,1,0]]"
8,731,-0.027831676479716537,0.027831676479716537,"[[1,1,0,0,1,1,0,1,1,0],[1,1,1,1,0,1,1,0,1,1]]"
8,732,-0.03311740563341003,0.03311740563341003,"[[1,1,0,0,1,1,0,1,1,0],[1,1,1,1,0,1,1,1,0,0]]"
8,733,-0.033232489368207295,0.033232489368207295,"[[1,1,0,0,1,1,0,1,1,0],[1,1,1,1,0,1,1,1,0,1]]"
8,734,-0.0352911483531853,0.0352911483531853,"[[1,1,0,0,1,1,0,1,1,0],[1,1,1,1,0,1,1,1,1,0]]"
8,735,-0.03523771152765304,0.03523771152765304,"[[1,1,0,0,1,1,0,1,1,0],[1,1,1,1,0,1,1,1,1,1]]"
8,736,-0.0021653547784263342,0.0021653547784263342,"[[1,1,0,0,1,1,0,1,1,1],[1,1,1,1,0,0,0,0,0,0]]"
8,737,-0.0022745587150388674,0.0022745587150388674,"[[1,1,0,0,1,1,0,1,1,1],[1,1,1,1,0,0,0,0,0,1]]"
8,738,-0.0034433385606716317,0.0034433385606716317,"[[1,1,0,0,1,1,0,1,1,1],[1,1,1,1,0,0,0,0,1,0]]"
8,739,-0.003798694509085053,0.003798694509085053,"[[1,1,0,0,1,1,0,1,1,1],[1,1,1,1,0,0,0,0,1,1]]"
8,740,-0.005770230655133621,0.005770230655133621,"[[1,1,0,0,1,1,0,1,1,1],[1,1,1,1,0,0,0,1,0,0]]"
8,741,-0.006133880799760455,0.006133880799760455,"[[1,1,0,0,1,1,0,1,1,1],[1,1,1,1,0,0,0,1,0,1]]"
8,742,-0.008009596635555208,0.008009596635555208,"[[1,1,0,0,1,1,0,1,1,1],[1,1,1,1,0,0,0,1,1,0]]"
8,743,-0.008437815464955974,0.008437815464955974,"[[1,1,0,0,1,1,0,1,1,1],[1,1,1,1,0,0,0,1,1,1]]"
8,744,-0.008504002487612626,0.008504002487612626,"[[1,1,0,0,1,1,0,1,1,1],[1,1,1,1,0,0,1,0,0,0]]"
8,745,-0.008995683443025714,0.008995683443025714,"[[1,1,0,0,1,1,0,1,1,1],[1,1,1,1,0,0,1,0,0,1]]"
8,746,-0.010880993996877402,0.010880993996877402,"[[1,1,0,0,1,1,0,1,1,1],[1,1,1,1,0,0,1,0,1,0]]"
8,747,-0.011519830385090175,0.011519830385090175,"[[1,1,0,0,1,1,0,1,1,1],[1,1,1,1,0,0,1,0,1,1]]"
8,748,-0.014944430694641679,0.014944430694641679,"[[1,1,0,0,1,1,0,1,1,1],[1,1,1,1,0,0,1,1,0,0]]"
8,749,-0.015466336078217261,0.015466336078217261,"[[1,1,0,0,1,1,0,1,1,1],[1,1,1,1,0,0,1,1,0,1]]"
8,750,-0.017549947899387974,0.017549947899387974,"[[1,1,0,0,1,1,0,1,1,1],[1,1,1,1,0,0,1,1,1,0]]"
8,751,-0.0182210300049867,0.0182210300049867,"[[1,1,0,0,1,1,0,1,1,1],[1,1,1,1,0,0,1,1,1,1]]"
8,752,-0.012089435918215456,0.012089435918215456,"[[1,1,0,0,1,1,0,1,1,1],[1,1,1,1,0,1,0,0,0,0]]"
8,753,-0.012404899253865224,0.012404899253865224,"[[1,1,0,0,1,1,0,1,1,1],[1,1,1,1,0,1,0,0,0,1]]"
8,754,-0.014703086424328498,0.014703086424328498,"[[1,1,0,0,1,1,0,1,1,1],[1,1,1,1,0,1,0,0,1,0]]"
8,755,-0.015192570590485281,0.015192570590485281,"[[1,1,0,0,1,1,0,1,1,1],[1,1,1,1,0,1,0,0,1,1]]"
8,756,-0.018873803657172495,0.018873803657172495,"[[1,1,0,0,1,1,0,1,1,1],[1,1,1,1,0,1,0,1,0,0]]"
8,757,-0.019295440529177504,0.019295440529177504,"[[1,1,0,0,1,1,0,1,1,1],[1,1,1,1,0,1,0,1,0,1]]"
8,758,-0.021506472029395502,0.021506472029395502,"[[1,1,0,0,1,1,0,1,1,1],[1,1,1,1,0,1,0,1,1,0]]"
8,759,-0.022080198970690246,0.022080198970690246,"[[1,1,0,0,1,1,0,1,1,1],[1,1,1,1,0,1,0,1,1,1]]"
8,760,-0.023983653142209165,0.023983653142209165,"[[1,1,0,0,1,1,0,1,1,1],[1,1,1,1,0,1,1,0,0,0]]"
8,761,-0.024760895767101908,0.024760895767101908,"[[1,1,0,0,1,1,0,1,1,1],[1,1,1,1,0,1,1,0,0,1]]"
8,762,-0.027154955822744787,0.027154955822744787,"[[1,1,0,0,1,1,0,1,1,1],[1,1,1,1,0,1,1,0,1,0]]"
8,763,-0.027675839795226365,0.027675839795226365,"[[1,1,0,0,1,1,0,1,1,1],[1,1,1,1,0,1,1,0,1,1]]"
8,764,-0.032212611634515186,0.032212611634515186,"[[1,1,0,0,1,1,0,1,1,1],[1,1,1,1,0,1,1,1,0,0]]"
8,765,-0.032896423481576134,0.032896423481576134,"[[1,1,0,0,1,1,0,1,1,1],[1,1,1,1,0,1,1,1,0,1]]"
8,766,-0.03509380071163084,0.03509380071163084,"[[1,1,0,0,1,1,0,1,1,1],[1,1,1,1,0,1,1,1,1,0]]"
8,767,-0.03541800202575153,0.03541800202575153,"[[1,1,0,0,1,1,0,1,1,1],[1,1,1,1,0,1,1,1,1,1]]"
8,768,-0.00219480296106378,0.00219480296106378,"[[1,1,0,0,1,1,1,0,0,0],[1,1,1,1,0,0,0,0,0,0]]"
8,769,-0.0023010740658268485,0.0023010740658268485,"[[1,1,0,0,1,1,1,0,0,0],[1,1,1,1,0,0,0,0,0,1]]"
8,770,-0.0031936269384942313,0.0031936269384942313,"[[1,1,0,0,1,1,1,0,0,0],[1,1,1,1,0,0,0,0,1,0]]"
8,771,-0.0033108938246356194,0.0033108938246356194,"[[1,1,0,0,1,1,1,0,0,0],[1,1,1,1,0,0,0,0,1,1]]"
8,772,-0.004680603173223991,0.004680603173223991,"[[1,1,0,0,1,1,1,0,0,0],[1,1,1,1,0,0,0,1,0,0]]"
8,773,-0.004926173598855724,0.004926173598855724,"[[1,1,0,0,1,1,1,0,0,0],[1,1,1,1,0,0,0,1,0,1]]"
8,774,-0.006063960663124171,0.006063960663124171,"[[1,1,0,0,1,1,1,0,0,0],[1,1,1,1,0,0,0,1,1,0]]"
8,775,-0.006202782859228435,0.006202782859228435,"[[1,1,0,0,1,1,1,0,0,0],[1,1,1,1,0,0,0,1,1,1]]"
8,776,-0.007502110223280234,0.007502110223280234,"[[1,1,0,0,1,1,1,0,0,0],[1,1,1,1,0,0,1,0,0,0]]"
8,777,-0.007565730880258449,0.007565730880258449,"[[1,1,0,0,1,1,1,0,0,0],[1,1,1,1,0,0,1,0,0,1]]"
8,778,-0.008799285696378702,0.008799285696378702,"[[1,1,0,0,1,1,1,0,0,0],[1,1,1,1,0,0,1,0,1,0]]"
8,779,-0.00907617340219814,0.00907617340219814,"[[1,1,0,0,1,1,1,0,0,0],[1,1,1,1,0,0,1,0,1,1]]"
8,780,-0.011623055435210949,0.011623055435210949,"[[1,1,0,0,1,1,1,0,0,0],[1,1,1,1,0,0,1,1,0,0]]"
8,781,-0.011947998136791213,0.011947998136791213,"[[1,1,0,0,1,1,1,0,0,0],[1,1,1,1,0,0,1,1,0,1]]"
8,782,-0.013134946380594412,0.013134946380594412,"[[1,1,0,0,1,1,1,0,0,0],[1,1,1,1,0,0,1,1,1,0]]"
8,783,-0.01314363152548149,0.01314363152548149,"[[1,1,0,0,1,1,1,0,0,0],[1,1,1,1,0,0,1,1,1,1]]"
8,784,-0.01080341945461245,0.01080341945461245,"[[1,1,0,0,1,1,1,0,0,0],[1,1,1,1,0,1,0,0,0,0]]"
8,785,-0.010670534863576567,0.010670534863576567,"[[1,1,0,0,1,1,1,0,0,0],[1,1,1,1,0,1,0,0,0,1]]"
8,786,-0.01233707827927457,0.01233707827927457,"[[1,1,0,0,1,1,1,0,0,0],[1,1,1,1,0,1,0,0,1,0]]"
8,787,-0.012601026707207762,0.012601026707207762,"[[1,1,0,0,1,1,1,0,0,0],[1,1,1,1,0,1,0,0,1,1]]"
8,788,-0.015092673106584058,0.015092673106584058,"[[1,1,0,0,1,1,1,0,0,0],[1,1,1,1,0,1,0,1,0,0]]"
8,789,-0.015549190183687063,0.015549190183687063,"[[1,1,0,0,1,1,1,0,0,0],[1,1,1,1,0,1,0,1,0,1]]"
8,790,-0.017087805013016828,0.017087805013016828,"[[1,1,0,0,1,1,1,0,0,0],[1,1,1,1,0,1,0,1,1,0]]"
8,791,-0.017450960314238803,0.017450960314238803,"[[1,1,0,0,1,1,1,0,0,0],[1,1,1,1,0,1,0,1,1,1]]"
8,792,-0.02065530717914326,0.02065530717914326,"[[1,1,0,0,1,1,1,0,0,0],[1,1,1,1,0,1,1,0,0,0]]"
8,793,-0.020859928091470983,0.020859928091470983,"[[1,1,0,0,1,1,1,0,0,0],[1,1,1,1,0,1,1,0,0,1]]"
8,794,-0.02276813397202883,0.02276813397202883,"[[1,1,0,0,1,1,1,0,0,0],[1,1,1,1,0,1,1,0,1,0]]"
8,795,-0.023098343623188897,0.023098343623188897,"[[1,1,0,0,1,1,1,0,0,0],[1,1,1,1,0,1,1,0,1,1]]"
8,796,-0.02635929495999412,0.02635929495999412,"[[1,1,0,0,1,1,1,0,0,0],[1,1,1,1,0,1,1,1,0,0]]"
8,797,-0.026548823876884987,0.026548823876884987,"[[1,1,0,0,1,1,1,0,0,0],[1,1,1,1,0,1,1,1,0,1]]"
8,798,-0.02782979557259492,0.02782979557259492,"[[1,1,0,0,1,1,1,0,0,0],[1,1,1,1,0,1,1,1,1,0]]"
8,799,-0.027063472709110692,0.027063472709110692,"[[1,1,0,0,1,1,1,0,0,0],[1,1,1,1,0,1,1,1,1,1]]"
8,800,-0.0019107269302106032,0.0019107269302106032,"[[1,1,0,0,1,1,1,0,0,1],[1,1,1,1,0,0,0,0,0,0]]"
8,801,-0.0021594773097766084,0.0021594773097766084,"[[1,1,0,0,1,1,1,0,0,1],[1,1,1,1,0,0,0,0,0,1]]"
8,802,-0.003169367183351075,0.003169367183351075,"[[1,1,0,0,1,1,1,0,0,1],[1,1,1,1,0,0,0,0,1,0]]"
8,803,-0.003498119835268651,0.003498119835268651,"[[1,1,0,0,1,1,1,0,0,1],[1,1,1,1,0,0,0,0,1,1]]"
8,804,-0.004635786990674104,0.004635786990674104,"[[1,1,0,0,1,1,1,0,0,1],[1,1,1,1,0,0,0,1,0,0]]"
8,805,-0.004911227378448255,0.004911227378448255,"[[1,1,0,0,1,1,1,0,0,1],[1,1,1,1,0,0,0,1,0,1]]"
8,806,-0.006080480077420286,0.006080480077420286,"[[1,1,0,0,1,1,1,0,0,1],[1,1,1,1,0,0,0,1,1,0]]"
8,807,-0.006430790157350248,0.006430790157350248,"[[1,1,0,0,1,1,1,0,0,1],[1,1,1,1,0,0,0,1,1,1]]"
8,808,-0.007372997164495799,0.007372997164495799,"[[1,1,0,0,1,1,1,0,0,1],[1,1,1,1,0,0,1,0,0,0]]"
8,809,-0.0077182530649408795,0.0077182530649408795,"[[1,1,0,0,1,1,1,0,0,1],[1,1,1,1,0,0,1,0,0,1]]"
8,810,-0.008978642996299855,0.008978642996299855,"[[1,1,0,0,1,1,1,0,0,1],[1,1,1,1,0,0,1,0,1,0]]"
8,811,-0.009227007890372839,0.009227007890372839,"[[1,1,0,0,1,1,1,0,0,1],[1,1,1,1,0,0,1,0,1,1]]"
8,812,-0.011717530344561718,0.011717530344561718,"[[1,1,0,0,1,1,1,0,0,1],[1,1,1,1,0,0,1,1,0,0]]"
8,813,-0.012002688165065067,0.012002688165065067,"[[1,1,0,0,1,1,1,0,0,1],[1,1,1,1,0,0,1,1,0,1]]"
8,814,-0.013538079319446911,0.013538079319446911,"[[1,1,0,0,1,1,1,0,0,1],[1,1,1,1,0,0,1,1,1,0]]"
8,815,-0.013709696711333326,0.013709696711333326,"[[1,1,0,0,1,1,1,0,0,1],[1,1,1,1,0,0,1,1,1,1]]"
8,816,-0.010507318292803445,0.010507318292803445,"[[1,1,0,0,1,1,1,0,0,1],[1,1,1,1,0,1,0,0,0,0]]"
8,817,-0.01089760535717137,0.01089760535717137,"[[1,1,0,0,1,1,1,0,0,1],[1,1,1,1,0,1,0,0,0,1]]"
8,818,-0.012398353231773176,0.012398353231773176,"[[1,1,0,0,1,1,1,0,0,1],[1,1,1,1,0,1,0,0,1,0]]"
8,819,-0.012805495065852652,0.012805495065852652,"[[1,1,0,0,1,1,1,0,0,1],[1,1,1,1,0,1,0,0,1,1]]"
8,820,-0.015129883719590159,0.015129883719590159,"[[1,1,0,0,1,1,1,0,0,1],[1,1,1,1,0,1,0,1,0,0]]"
8,821,-0.015560944152511545,0.015560944152511545,"[[1,1,0,0,1,1,1,0,0,1],[1,1,1,1,0,1,0,1,0,1]]"
8,822,-0.0171937786532135,0.0171937786532135,"[[1,1,0,0,1,1,1,0,0,1],[1,1,1,1,0,1,0,1,1,0]]"
8,823,-0.017783761246253253,0.017783761246253253,"[[1,1,0,0,1,1,1,0,0,1],[1,1,1,1,0,1,0,1,1,1]]"
8,824,-0.02060547341054658,0.02060547341054658,"[[1,1,0,0,1,1,1,0,0,1],[1,1,1,1,0,1,1,0,0,0]]"
8,825,-0.021033660168015902,0.021033660168015902,"[[1,1,0,0,1,1,1,0,0,1],[1,1,1,1,0,1,1,0,0,1]]"
8,826,-0.02305534209480869,0.02305534209480869,"[[1,1,0,0,1,1,1,0,0,1],[1,1,1,1,0,1,1,0,1,0]]"
8,827,-0.02343093760397101,0.02343093760397101,"[[1,1,0,0,1,1,1,0,0,1],[1,1,1,1,0,1,1,0,1,1]]"
8,828,-0.026855039838508267,0.026855039838508267,"[[1,1,0,0,1,1,1,0,0,1],[1,1,1,1,0,1,1,1,0,0]]"
8,829,-0.027037061224971227,0.027037061224971227,"[[1,1,0,0,1,1,1,0,0,1],[1,1,1,1,0,1,1,1,0,1]]"
8,830,-0.02849811845228004,0.02849811845228004,"[[1,1,0,0,1,1,1,0,0,1],[1,1,1,1,0,1,1,1,1,0]]"
8,831,-0.02817714949672717,0.02817714949672717,"[[1,1,0,0,1,1,1,0,0,1],[1,1,1,1,0,1,1,1,1,1]]"
8,832,-0.0011536972012182174,0.0011536972012182174,"[[1,1,0,0,1,1,1,0,1,0],[1,1,1,1,0,0,0,0,0,0]]"
8,833,-0.0012140945550692358,0.0012140945550692358,"[[1,1,0,0,1,1,1,0,1,0],[1,1,1,1,0,0,0,0,0,1]]"
8,834,-0.0020303236302549764,0.0020303236302549764,"[[1,1,0,0,1,1,1,0,1,0],[1,1,1,1,0,0,0,0,1,0]]"
8,835,-0.002192340905297128,0.002192340905297128,"[[1,1,0,0,1,1,1,0,1,0],[1,1,1,1,0,0,0,0,1,1]]"
8,836,-0.0037241222578709332,0.0037241222578709332,"[[1,1,0,0,1,1,1,0,1,0],[1,1,1,1,0,0,0,1,0,0]]"
8,837,-0.0038096068667619965,0.0038096068667619965,"[[1,1,0,0,1,1,1,0,1,0],[1,1,1,1,0,0,0,1,0,1]]"
8,838,-0.005143401536919221,0.005143401536919221,"[[1,1,0,0,1,1,1,0,1,0],[1,1,1,1,0,0,0,1,1,0]]"
8,839,-0.005298766930011396,0.005298766930011396,"[[1,1,0,0,1,1,1,0,1,0],[1,1,1,1,0,0,0,1,1,1]]"
8,840,-0.005773147399752571,0.005773147399752571,"[[1,1,0,0,1,1,1,0,1,0],[1,1,1,1,0,0,1,0,0,0]]"
8,841,-0.00591399347247884,0.00591399347247884,"[[1,1,0,0,1,1,1,0,1,0],[1,1,1,1,0,0,1,0,0,1]]"
8,842,-0.007599010176274765,0.007599010176274765,"[[1,1,0,0,1,1,1,0,1,0],[1,1,1,1,0,0,1,0,1,0]]"
8,843,-0.00776728389460255,0.00776728389460255,"[[1,1,0,0,1,1,1,0,1,0],[1,1,1,1,0,0,1,0,1,1]]"
8,844,-0.010615001113885076,0.010615001113885076,"[[1,1,0,0,1,1,1,0,1,0],[1,1,1,1,0,0,1,1,0,0]]"
8,845,-0.010623171624531032,0.010623171624531032,"[[1,1,0,0,1,1,1,0,1,0],[1,1,1,1,0,0,1,1,0,1]]"
8,846,-0.01245126507260526,0.01245126507260526,"[[1,1,0,0,1,1,1,0,1,0],[1,1,1,1,0,0,1,1,1,0]]"
8,847,-0.012723949716840564,0.012723949716840564,"[[1,1,0,0,1,1,1,0,1,0],[1,1,1,1,0,0,1,1,1,1]]"
8,848,-0.008792864506933104,0.008792864506933104,"[[1,1,0,0,1,1,1,0,1,0],[1,1,1,1,0,1,0,0,0,0]]"
8,849,-0.008779871160076598,0.008779871160076598,"[[1,1,0,0,1,1,1,0,1,0],[1,1,1,1,0,1,0,0,0,1]]"
8,850,-0.010632937790297153,0.010632937790297153,"[[1,1,0,0,1,1,1,0,1,0],[1,1,1,1,0,1,0,0,1,0]]"
8,851,-0.010687790962636723,0.010687790962636723,"[[1,1,0,0,1,1,1,0,1,0],[1,1,1,1,0,1,0,0,1,1]]"
8,852,-0.01405926516300507,0.01405926516300507,"[[1,1,0,0,1,1,1,0,1,0],[1,1,1,1,0,1,0,1,0,0]]"
8,853,-0.013841628580876373,0.013841628580876373,"[[1,1,0,0,1,1,1,0,1,0],[1,1,1,1,0,1,0,1,0,1]]"
8,854,-0.01603227065456497,0.01603227065456497,"[[1,1,0,0,1,1,1,0,1,0],[1,1,1,1,0,1,0,1,1,0]]"
8,855,-0.016217355537683772,0.016217355537683772,"[[1,1,0,0,1,1,1,0,1,0],[1,1,1,1,0,1,0,1,1,1]]"
8,856,-0.019151211695532622,0.019151211695532622,"[[1,1,0,0,1,1,1,0,1,0],[1,1,1,1,0,1,1,0,0,0]]"
8,857,-0.01888311866096432,0.01888311866096432,"[[1,1,0,0,1,1,1,0,1,0],[1,1,1,1,0,1,1,0,0,1]]"
8,858,-0.02125664505584889,0.02125664505584889,"[[1,1,0,0,1,1,1,0,1,0],[1,1,1,1,0,1,1,0,1,0]]"
8,859,-0.021465538426437936,0.021465538426437936,"[[1,1,0,0,1,1,1,0,1,0],[1,1,1,1,0,1,1,0,1,1]]"
8,860,-0.02596738755725064,0.02596738755725064,"[[1,1,0,0,1,1,1,0,1,0],[1,1,1,1,0,1,1,1,0,0]]"
8,861,-0.02598253694012441,0.02598253694012441,"[[1,1,0,0,1,1,1,0,1,0],[1,1,1,1,0,1,1,1,0,1]]"
8,862,-0.028013794882408197,0.028013794882408197,"[[1,1,0,0,1,1,1,0,1,0],[1,1,1,1,0,1,1,1,1,0]]"
8,863,-0.02785994169175793,0.02785994169175793,"[[1,1,0,0,1,1,1,0,1,0],[1,1,1,1,0,1,1,1,1,1]]"
8,864,-0.0009153311733956014,0.0009153311733956014,"[[1,1,0,0,1,1,1,0,1,1],[1,1,1,1,0,0,0,0,0,0]]"
8,865,-0.0010682837906736344,0.0010682837906736344,"[[1,1,0,0,1,1,1,0,1,1],[1,1,1,1,0,0,0,0,0,1]]"
8,866,-0.0018422617889730785,0.0018422617889730785,"[[1,1,0,0,1,1,1,0,1,1],[1,1,1,1,0,0,0,0,1,0]]"
8,867,-0.0021188874615733506,0.0021188874615733506,"[[1,1,0,0,1,1,1,0,1,1],[1,1,1,1,0,0,0,0,1,1]]"
8,868,-0.0033535610536357986,0.0033535610536357986,"[[1,1,0,0,1,1,1,0,1,1],[1,1,1,1,0,0,0,1,0,0]]"
8,869,-0.003585454369588283,0.003585454369588283,"[[1,1,0,0,1,1,1,0,1,1],[1,1,1,1,0,0,0,1,0,1]]"
8,870,-0.005127840748045993,0.005127840748045993,"[[1,1,0,0,1,1,1,0,1,1],[1,1,1,1,0,0,0,1,1,0]]"
8,871,-0.005373557042206604,0.005373557042206604,"[[1,1,0,0,1,1,1,0,1,1],[1,1,1,1,0,0,0,1,1,1]]"
8,872,-0.005315287710460864,0.005315287710460864,"[[1,1,0,0,1,1,1,0,1,1],[1,1,1,1,0,0,1,0,0,0]]"
8,873,-0.005751822607026696,0.005751822607026696,"[[1,1,0,0,1,1,1,0,1,1],[1,1,1,1,0,0,1,0,0,1]]"
8,874,-0.007512959428595189,0.007512959428595189,"[[1,1,0,0,1,1,1,0,1,1],[1,1,1,1,0,0,1,0,1,0]]"
8,875,-0.007921135138241546,0.007921135138241546,"[[1,1,0,0,1,1,1,0,1,1],[1,1,1,1,0,0,1,0,1,1]]"
8,876,-0.010361716885301386,0.010361716885301386,"[[1,1,0,0,1,1,1,0,1,1],[1,1,1,1,0,0,1,1,0,0]]"
8,877,-0.010718811346806429,0.010718811346806429,"[[1,1,0,0,1,1,1,0,1,1],[1,1,1,1,0,0,1,1,0,1]]"
8,878,-0.012496524558843224,0.012496524558843224,"[[1,1,0,0,1,1,1,0,1,1],[1,1,1,1,0,0,1,1,1,0]]"
8,879,-0.012961775760171159,0.012961775760171159,"[[1,1,0,0,1,1,1,0,1,1],[1,1,1,1,0,0,1,1,1,1]]"
8,880,-0.008216091329081902,0.008216091329081902,"[[1,1,0,0,1,1,1,0,1,1],[1,1,1,1,0,1,0,0,0,0]]"
8,881,-0.008590137663929902,0.008590137663929902,"[[1,1,0,0,1,1,1,0,1,1],[1,1,1,1,0,1,0,0,0,1]]"
8,882,-0.010463853914752857,0.010463853914752857,"[[1,1,0,0,1,1,1,0,1,1],[1,1,1,1,0,1,0,0,1,0]]"
8,883,-0.010888863120525233,0.010888863120525233,"[[1,1,0,0,1,1,1,0,1,1],[1,1,1,1,0,1,0,0,1,1]]"
8,884,-0.01367140109811497,0.01367140109811497,"[[1,1,0,0,1,1,1,0,1,1],[1,1,1,1,0,1,0,1,0,0]]"
8,885,-0.01389766204173813,0.01389766204173813,"[[1,1,0,0,1,1,1,0,1,1],[1,1,1,1,0,1,0,1,0,1]]"
8,886,-0.016021321652565076,0.016021321652565076,"[[1,1,0,0,1,1,1,0,1,1],[1,1,1,1,0,1,0,1,1,0]]"
8,887,-0.016412970320577917,0.016412970320577917,"[[1,1,0,0,1,1,1,0,1,1],[1,1,1,1,0,1,0,1,1,1]]"
8,888,-0.018541930118687537,0.018541930118687537,"[[1,1,0,0,1,1,1,0,1,1],[1,1,1,1,0,1,1,0,0,0]]"
8,889,-0.01897083282619147,0.01897083282619147,"[[1,1,0,0,1,1,1,0,1,1],[1,1,1,1,0,1,1,0,0,1]]"
8,890,-0.021149881622669772,0.021149881622669772,"[[1,1,0,0,1,1,1,0,1,1],[1,1,1,1,0,1,1,0,1,0]]"
8,891,-0.021738474041271404,0.021738474041271404,"[[1,1,0,0,1,1,1,0,1,1],[1,1,1,1,0,1,1,0,1,1]]"
8,892,-0.025445012473092044,0.025445012473092044,"[[1,1,0,0,1,1,1,0,1,1],[1,1,1,1,0,1,1,1,0,0]]"
8,893,-0.025940571884653197,0.025940571884653197,"[[1,1,0,0,1,1,1,0,1,1],[1,1,1,1,0,1,1,1,0,1]]"
8,894,-0.028371874208097905,0.028371874208097905,"[[1,1,0,0,1,1,1,0,1,1],[1,1,1,1,0,1,1,1,1,0]]"
8,895,-0.028419457957147558,0.028419457957147558,"[[1,1,0,0,1,1,1,0,1,1],[1,1,1,1,0,1,1,1,1,1]]"
8,896,-0.00035711672570241465,0.00035711672570241465,"[[1,1,0,0,1,1,1,1,0,0],[1,1,1,1,0,0,0,0,0,0]]"
8,897,-0.00046266419447084167,0.00046266419447084167,"[[1,1,0,0,1,1,1,1,0,0],[1,1,1,1,0,0,0,0,0,1]]"
8,898,-0.0007664412601014344,0.0007664412601014344,"[[1,1,0,0,1,1,1,1,0,0],[1,1,1,1,0,0,0,0,1,0]]"
8,899,-0.0009759200408870716,0.0009759200408870716,"[[1,1,0,0,1,1,1,1,0,0],[1,1,1,1,0,0,0,0,1,1]]"
8,900,-0.0017322084855595006,0.0017322084855595006,"[[1,1,0,0,1,1,1,1,0,0],[1,1,1,1,0,0,0,1,0,0]]"
8,901,-0.002011770412271189,0.002011770412271189,"[[1,1,0,0,1,1,1,1,0,0],[1,1,1,1,0,0,0,1,0,1]]"
8,902,-0.002837882593999959,0.002837882593999959,"[[1,1,0,0,1,1,1,1,0,0],[1,1,1,1,0,0,0,1,1,0]]"
8,903,-0.0031240758957133837,0.0031240758957133837,"[[1,1,0,0,1,1,1,1,0,0],[1,1,1,1,0,0,0,1,1,1]]"
8,904,-0.0034359183926404714,0.0034359183926404714,"[[1,1,0,0,1,1,1,1,0,0],[1,1,1,1,0,0,1,0,0,0]]"
8,905,-0.003597799080911598,0.003597799080911598,"[[1,1,0,0,1,1,1,1,0,0],[1,1,1,1,0,0,1,0,0,1]]"
8,906,-0.004579553674274071,0.004579553674274071,"[[1,1,0,0,1,1,1,1,0,0],[1,1,1,1,0,0,1,0,1,0]]"
8,907,-0.004869370783146931,0.004869370783146931,"[[1,1,0,0,1,1,1,1,0,0],[1,1,1,1,0,0,1,0,1,1]]"
8,908,-0.007387368009551897,0.007387368009551897,"[[1,1,0,0,1,1,1,1,0,0],[1,1,1,1,0,0,1,1,0,0]]"
8,909,-0.007772194642633513,0.007772194642633513,"[[1,1,0,0,1,1,1,1,0,0],[1,1,1,1,0,0,1,1,0,1]]"
8,910,-0.008815585247227588,0.008815585247227588,"[[1,1,0,0,1,1,1,1,0,0],[1,1,1,1,0,0,1,1,1,0]]"
8,911,-0.009174519482778629,0.009174519482778629,"[[1,1,0,0,1,1,1,1,0,0],[1,1,1,1,0,0,1,1,1,1]]"
8,912,-0.005806257995434716,0.005806257995434716,"[[1,1,0,0,1,1,1,1,0,0],[1,1,1,1,0,1,0,0,0,0]]"
8,913,-0.005984089958769795,0.005984089958769795,"[[1,1,0,0,1,1,1,1,0,0],[1,1,1,1,0,1,0,0,0,1]]"
8,914,-0.007263000954004285,0.007263000954004285,"[[1,1,0,0,1,1,1,1,0,0],[1,1,1,1,0,1,0,0,1,0]]"
8,915,-0.007682147092595116,0.007682147092595116,"[[1,1,0,0,1,1,1,1,0,0],[1,1,1,1,0,1,0,0,1,1]]"
8,916,-0.010185188994083176,0.010185188994083176,"[[1,1,0,0,1,1,1,1,0,0],[1,1,1,1,0,1,0,1,0,0]]"
8,917,-0.010541964876864408,0.010541964876864408,"[[1,1,0,0,1,1,1,1,0,0],[1,1,1,1,0,1,0,1,0,1]]"
8,918,-0.01199170626231197,0.01199170626231197,"[[1,1,0,0,1,1,1,1,0,0],[1,1,1,1,0,1,0,1,1,0]]"
8,919,-0.012405643935338653,0.012405643935338653,"[[1,1,0,0,1,1,1,1,0,0],[1,1,1,1,0,1,0,1,1,1]]"
8,920,-0.015596638873501545,0.015596638873501545,"[[1,1,0,0,1,1,1,1,0,0],[1,1,1,1,0,1,1,0,0,0]]"
8,921,-0.015896176781745274,0.015896176781745274,"[[1,1,0,0,1,1,1,1,0,0],[1,1,1,1,0,1,1,0,0,1]]"
8,922,-0.017422901635770774,0.017422901635770774,"[[1,1,0,0,1,1,1,1,0,0],[1,1,1,1,0,1,1,0,1,0]]"
8,923,-0.01776810869053131,0.01776810869053131,"[[1,1,0,0,1,1,1,1,0,0],[1,1,1,1,0,1,1,0,1,1]]"
8,924,-0.021717420297200137,0.021717420297200137,"[[1,1,0,0,1,1,1,1,0,0],[1,1,1,1,0,1,1,1,0,0]]"
8,925,-0.02224769723545774,0.02224769723545774,"[[1,1,0,0,1,1,1,1,0,0],[1,1,1,1,0,1,1,1,0,1]]"
8,926,-0.023771218765327,0.023771218765327,"[[1,1,0,0,1,1,1,1,0,0],[1,1,1,1,0,1,1,1,1,0]]"
8,927,-0.02413837764680298,0.02413837764680298,"[[1,1,0,0,1,1,1,1,0,0],[1,1,1,1,0,1,1,1,1,1]]"
8,928,-0.0002476312539025683,0.0002476312539025683,"[[1,1,0,0,1,1,1,1,0,1],[1,1,1,1,0,0,0,0,0,0]]"
8,929,-0.00035195387410398555,0.00035195387410398555,"[[1,1,0,0,1,1,1,1,0,1],[1,1,1,1,0,0,0,0,0,1]]"
8,930,-0.0007093223156935307,0.0007093223156935307,"[[1,1,0,0,1,1,1,1,0,1],[1,1,1,1,0,0,0,0,1,0]]"
8,931,-0.0009321994932295491,0.0009321994932295491,"[[1,1,0,0,1,1,1,1,0,1],[1,1,1,1,0,0,0,0,1,1]]"
8,932,-0.0015501825723892965,0.0015501825723892965,"[[1,1,0,0,1,1,1,1,0,1],[1,1,1,1,0,0,0,1,0,0]]"
8,933,-0.0018602616107503622,0.0018602616107503622,"[[1,1,0,0,1,1,1,1,0,1],[1,1,1,1,0,0,0,1,0,1]]"
8,934,-0.0027813943657883583,0.0027813943657883583,"[[1,1,0,0,1,1,1,1,0,1],[1,1,1,1,0,0,0,1,1,0]]"
8,935,-0.003155559861185465,0.003155559861185465,"[[1,1,0,0,1,1,1,1,0,1],[1,1,1,1,0,0,0,1,1,1]]"
8,936,-0.003094478603819582,0.003094478603819582,"[[1,1,0,0,1,1,1,1,0,1],[1,1,1,1,0,0,1,0,0,0]]"
8,937,-0.00342319015463479,0.00342319015463479,"[[1,1,0,0,1,1,1,1,0,1],[1,1,1,1,0,0,1,0,0,1]]"
8,938,-0.004673851539594219,0.004673851539594219,"[[1,1,0,0,1,1,1,1,0,1],[1,1,1,1,0,0,1,0,1,0]]"
8,939,-0.00505673955301203,0.00505673955301203,"[[1,1,0,0,1,1,1,1,0,1],[1,1,1,1,0,0,1,0,1,1]]"
8,940,-0.007331058853376674,0.007331058853376674,"[[1,1,0,0,1,1,1,1,0,1],[1,1,1,1,0,0,1,1,0,0]]"
8,941,-0.007751737952741141,0.007751737952741141,"[[1,1,0,0,1,1,1,1,0,1],[1,1,1,1,0,0,1,1,0,1]]"
8,942,-0.009070410046130717,0.009070410046130717,"[[1,1,0,0,1,1,1,1,0,1],[1,1,1,1,0,0,1,1,1,0]]"
8,943,-0.009288472061839586,0.009288472061839586,"[[1,1,0,0,1,1,1,1,0,1],[1,1,1,1,0,0,1,1,1,1]]"
8,944,-0.005417407729407237,0.005417407729407237,"[[1,1,0,0,1,1,1,1,0,1],[1,1,1,1,0,1,0,0,0,0]]"
8,945,-0.005763646505634669,0.005763646505634669,"[[1,1,0,0,1,1,1,1,0,1],[1,1,1,1,0,1,0,0,0,1]]"
8,946,-0.007128290875153101,0.007128290875153101,"[[1,1,0,0,1,1,1,1,0,1],[1,1,1,1,0,1,0,0,1,0]]"
8,947,-0.007706851360693958,0.007706851360693958,"[[1,1,0,0,1,1,1,1,0,1],[1,1,1,1,0,1,0,0,1,1]]"
8,948,-0.010012206336531684,0.010012206336531684,"[[1,1,0,0,1,1,1,1,0,1],[1,1,1,1,0,1,0,1,0,0]]"
8,949,-0.01055327235307401,0.01055327235307401,"[[1,1,0,0,1,1,1,1,0,1],[1,1,1,1,0,1,0,1,0,1]]"
8,950,-0.012071862818866469,0.012071862818866469,"[[1,1,0,0,1,1,1,1,0,1],[1,1,1,1,0,1,0,1,1,0]]"
8,951,-0.01254346441831154,0.01254346441831154,"[[1,1,0,0,1,1,1,1,0,1],[1,1,1,1,0,1,0,1,1,1]]"
8,952,-0.015025593245972491,0.015025593245972491,"[[1,1,0,0,1,1,1,1,0,1],[1,1,1,1,0,1,1,0,0,0]]"
8,953,-0.01567823486771058,0.01567823486771058,"[[1,1,0,0,1,1,1,1,0,1],[1,1,1,1,0,1,1,0,0,1]]"
8,954,-0.01764319590117478,0.01764319590117478,"[[1,1,0,0,1,1,1,1,0,1],[1,1,1,1,0,1,1,0,1,0]]"
8,955,-0.01788741947642794,0.01788741947642794,"[[1,1,0,0,1,1,1,1,0,1],[1,1,1,1,0,1,1,0,1,1]]"
8,956,-0.021694683905723395,0.021694683905723395,"[[1,1,0,0,1,1,1,1,0,1],[1,1,1,1,0,1,1,1,0,0]]"
8,957,-0.022171714942171614,0.022171714942171614,"[[1,1,0,0,1,1,1,1,0,1],[1,1,1,1,0,1,1,1,0,1]]"
8,958,-0.024192569474749136,0.024192569474749136,"[[1,1,0,0,1,1,1,1,0,1],[1,1,1,1,0,1,1,1,1,0]]"
8,959,-0.024375708666314343,0.024375708666314343,"[[1,1,0,0,1,1,1,1,0,1],[1,1,1,1,0,1,1,1,1,1]]"
8,960,-0.00011961061608348394,0.00011961061608348394,"[[1,1,0,0,1,1,1,1,1,0],[1,1,1,1,0,0,0,0,0,0]]"
8,961,-0.00011636296067893222,0.00011636296067893222,"[[1,1,0,0,1,1,1,1,1,0],[1,1,1,1,0,0,0,0,0,1]]"
8,962,-0.00026506874697771946,0.00026506874697771946,"[[1,1,0,0,1,1,1,1,1,0],[1,1,1,1,0,0,0,0,1,0]]"
8,963,-0.00033742297333359486,0.00033742297333359486,"[[1,1,0,0,1,1,1,1,1,0],[1,1,1,1,0,0,0,0,1,1]]"
8,964,-0.0008082722800665466,0.0008082722800665466,"[[1,1,0,0,1,1,1,1,1,0],[1,1,1,1,0,0,0,1,0,0]]"
8,965,-0.0009391835699887935,0.0009391835699887935,"[[1,1,0,0,1,1,1,1,1,0],[1,1,1,1,0,0,0,1,0,1]]"
8,966,-0.001675951245116333,0.001675951245116333,"[[1,1,0,0,1,1,1,1,1,0],[1,1,1,1,0,0,0,1,1,0]]"
8,967,-0.001883528632605362,0.001883528632605362,"[[1,1,0,0,1,1,1,1,1,0],[1,1,1,1,0,0,0,1,1,1]]"
8,968,-0.002013700898235701,0.002013700898235701,"[[1,1,0,0,1,1,1,1,1,0],[1,1,1,1,0,0,1,0,0,0]]"
8,969,-0.002090944353055785,0.002090944353055785,"[[1,1,0,0,1,1,1,1,1,0],[1,1,1,1,0,0,1,0,0,1]]"
8,970,-0.003076103405433309,0.003076103405433309,"[[1,1,0,0,1,1,1,1,1,0],[1,1,1,1,0,0,1,0,1,0]]"
8,971,-0.0032757550223281393,0.0032757550223281393,"[[1,1,0,0,1,1,1,1,1,0],[1,1,1,1,0,0,1,0,1,1]]"
8,972,-0.005661524800226922,0.005661524800226922,"[[1,1,0,0,1,1,1,1,1,0],[1,1,1,1,0,0,1,1,0,0]]"
8,973,-0.005843801284995587,0.005843801284995587,"[[1,1,0,0,1,1,1,1,1,0],[1,1,1,1,0,0,1,1,0,1]]"
8,974,-0.007594296926865451,0.007594296926865451,"[[1,1,0,0,1,1,1,1,1,0],[1,1,1,1,0,0,1,1,1,0]]"
8,975,-0.007799098306356751,0.007799098306356751,"[[1,1,0,0,1,1,1,1,1,0],[1,1,1,1,0,0,1,1,1,1]]"
8,976,-0.0040895386934019055,0.0040895386934019055,"[[1,1,0,0,1,1,1,1,1,0],[1,1,1,1,0,1,0,0,0,0]]"
8,977,-0.004221961421361831,0.004221961421361831,"[[1,1,0,0,1,1,1,1,1,0],[1,1,1,1,0,1,0,0,0,1]]"
8,978,-0.0052983405484785286,0.0052983405484785286,"[[1,1,0,0,1,1,1,1,1,0],[1,1,1,1,0,1,0,0,1,0]]"
8,979,-0.005552829363437945,0.005552829363437945,"[[1,1,0,0,1,1,1,1,1,0],[1,1,1,1,0,1,0,0,1,1]]"
8,980,-0.008173293109187239,0.008173293109187239,"[[1,1,0,0,1,1,1,1,1,0],[1,1,1,1,0,1,0,1,0,0]]"
8,981,-0.0082520664106926,0.0082520664106926,"[[1,1,0,0,1,1,1,1,1,0],[1,1,1,1,0,1,0,1,0,1]]"
8,982,-0.010195526211865945,0.010195526211865945,"[[1,1,0,0,1,1,1,1,1,0],[1,1,1,1,0,1,0,1,1,0]]"
8,983,-0.010416627516654776,0.010416627516654776,"[[1,1,0,0,1,1,1,1,1,0],[1,1,1,1,0,1,0,1,1,1]]"
8,984,-0.012981822719758333,0.012981822719758333,"[[1,1,0,0,1,1,1,1,1,0],[1,1,1,1,0,1,1,0,0,0]]"
8,985,-0.013180085522836959,0.013180085522836959,"[[1,1,0,0,1,1,1,1,1,0],[1,1,1,1,0,1,1,0,0,1]]"
8,986,-0.015218919782556432,0.015218919782556432,"[[1,1,0,0,1,1,1,1,1,0],[1,1,1,1,0,1,1,0,1,0]]"
8,987,-0.015493904590634912,0.015493904590634912,"[[1,1,0,0,1,1,1,1,1,0],[1,1,1,1,0,1,1,0,1,1]]"
8,988,-0.020218011632658607,0.020218011632658607,"[[1,1,0,0,1,1,1,1,1,0],[1,1,1,1,0,1,1,1,0,0]]"
8,989,-0.020052935682369755,0.020052935682369755,"[[1,1,0,0,1,1,1,1,1,0],[1,1,1,1,0,1,1,1,0,1]]"
8,990,-0.022494553707291427,0.022494553707291427,"[[1,1,0,0,1,1,1,1,1,0],[1,1,1,1,0,1,1,1,1,0]]"
8,991,-0.022766927626706613,0.022766927626706613,"[[1,1,0,0,1,1,1,1,1,0],[1,1,1,1,0,1,1,1,1,1]]"
8,992,-0.00014119205711610012,0.00014119205711610012,"[[1,1,0,0,1,1,1,1,1,1],[1,1,1,1,0,0,0,0,0,0]]"
8,993,-0.00012050511010278729,0.00012050511010278729,"[[1,1,0,0,1,1,1,1,1,1],[1,1,1,1,0,0,0,0,0,1]]"
8,994,-0.0002137873554772289,0.0002137873554772289,"[[1,1,0,0,1,1,1,1,1,1],[1,1,1,1,0,0,0,0,1,0]]"
8,995,-0.00028634180044037003,0.00028634180044037003,"[[1,1,0,0,1,1,1,1,1,1],[1,1,1,1,0,0,0,0,1,1]]"
8,996,-0.0006396148409156623,0.0006396148409156623,"[[1,1,0,0,1,1,1,1,1,1],[1,1,1,1,0,0,0,1,0,0]]"
8,997,-0.0007608114031755378,0.0007608114031755378,"[[1,1,0,0,1,1,1,1,1,1],[1,1,1,1,0,0,0,1,0,1]]"
8,998,-0.0014946293952690978,0.0014946293952690978,"[[1,1,0,0,1,1,1,1,1,1],[1,1,1,1,0,0,0,1,1,0]]"
8,999,-0.0017407791337396114,0.0017407791337396114,"[[1,1,0,0,1,1,1,1,1,1],[1,1,1,1,0,0,0,1,1,1]]"
8,1000,-0.0017280728524299463,0.0017280728524299463,"[[1,1,0,0,1,1,1,1,1,1],[1,1,1,1,0,0,1,0,0,0]]"
8,1001,-0.0018408807278006852,0.0018408807278006852,"[[1,1,0,0,1,1,1,1,1,1],[1,1,1,1,0,0,1,0,0,1]]"
8,1002,-0.0029288346337226125,0.0029288346337226125,"[[1,1,0,0,1,1,1,1,1,1],[1,1,1,1,0,0,1,0,1,0]]"
8,1003,-0.0032066442761023673,0.0032066442761023673,"[[1,1,0,0,1,1,1,1,1,1],[1,1,1,1,0,0,1,0,1,1]]"
8,1004,-0.0052688676418069635,0.0052688676418069635,"[[1,1,0,0,1,1,1,1,1,1],[1,1,1,1,0,0,1,1,0,0]]"
8,1005,-0.005594921896023081,0.005594921896023081,"[[1,1,0,0,1,1,1,1,1,1],[1,1,1,1,0,0,1,1,0,1]]"
8,1006,-0.0074640288932932165,0.0074640288932932165,"[[1,1,0,0,1,1,1,1,1,1],[1,1,1,1,0,0,1,1,1,0]]"
8,1007,-0.007909279073627732,0.007909279073627732,"[[1,1,0,0,1,1,1,1,1,1],[1,1,1,1,0,0,1,1,1,1]]"
8,1008,-0.003655712563904634,0.003655712563904634,"[[1,1,0,0,1,1,1,1,1,1],[1,1,1,1,0,1,0,0,0,0]]"
8,1009,-0.0038215322246325785,0.0038215322246325785,"[[1,1,0,0,1,1,1,1,1,1],[1,1,1,1,0,1,0,0,0,1]]"
8,1010,-0.005012629675608568,0.005012629675608568,"[[1,1,0,0,1,1,1,1,1,1],[1,1,1,1,0,1,0,0,1,0]]"
8,1011,-0.005354501189933324,0.005354501189933324,"[[1,1,0,0,1,1,1,1,1,1],[1,1,1,1,0,1,0,0,1,1]]"
8,1012,-0.007573576393989363,0.007573576393989363,"[[1,1,0,0,1,1,1,1,1,1],[1,1,1,1,0,1,0,1,0,0]]"
8,1013,-0.007912252525546984,0.007912252525546984,"[[1,1,0,0,1,1,1,1,1,1],[1,1,1,1,0,1,0,1,0,1]]"
8,1014,-0.009864714360686058,0.009864714360686058,"[[1,1,0,0,1,1,1,1,1,1],[1,1,1,1,0,1,0,1,1,0]]"
8,1015,-0.01041391636812641,0.01041391636812641,"[[1,1,0,0,1,1,1,1,1,1],[1,1,1,1,0,1,0,1,1,1]]"
8,1016,-0.01219915786491818,0.01219915786491818,"[[1,1,0,0,1,1,1,1,1,1],[1,1,1,1,0,1,1,0,0,0]]"
8,1017,-0.012627709811513909,0.012627709811513909,"[[1,1,0,0,1,1,1,1,1,1],[1,1,1,1,0,1,1,0,0,1]]"
8,1018,-0.014794796452832217,0.014794796452832217,"[[1,1,0,0,1,1,1,1,1,1],[1,1,1,1,0,1,1,0,1,0]]"
8,1019,-0.015405425789816735,0.015405425789816735,"[[1,1,0,0,1,1,1,1,1,1],[1,1,1,1,0,1,1,0,1,1]]"
8,1020,-0.019698039499723135,0.019698039499723135,"[[1,1,0,0,1,1,1,1,1,1],[1,1,1,1,0,1,1,1,0,0]]"
8,1021,-0.020005746696029753,0.020005746696029753,"[[1,1,0,0,1,1,1,1,1,1],[1,1,1,1,0,1,1,1,0,1]]"
8,1022,-0.022354455555602327,0.022354455555602327,"[[1,1,0,0,1,1,1,1,1,1],[1,1,1,1,0,1,1,1,1,0]]"
8,1023,-0.023018049152720547,0.023018049152720547,"[[1,1,0,0,1,1,1,1,1,1],[1,1,1,1,0,1,1,1,1,1]]"
9,0,-0.020846216378158474,0.020846216378158474,"[[1,1,0,0,1,0,0,0,0,0],[1,1,1,1,0,0,0,0,0,0]]"
9,1,-0.020937070177240006,0.020937070177240006,"[[1,1,0,0,1,0,0,0,0,0],[1,1,1,1,0,0,0,0,0,1]]"
9,2,-0.02239166139296805,0.02239166139296805,"[[1,1,0,0,1,0,0,0,0,0],[1,1,1,1,0,0,0,0,1,0]]"
9,3,-0.02260864546568193,0.02260864546568193,"[[1,1,0,0,1,0,0,0,0,0],[1,1,1,1,0,0,0,0,1,1]]"
9,4,-0.0252035210284172,0.0252035210284172,"[[1,1,0,0,1,0,0,0,0,0],[1,1,1,1,0,0,0,1,0,0]]"
9,5,-0.025452004553424997,0.025452004553424997,"[[1,1,0,0,1,0,0,0,0,0],[1,1,1,1,0,0,0,1,0,1]]"
9,6,-0.02656389636591894,0.02656389636591894,"[[1,1,0,0,1,0,0,0,0,0],[1,1,1,1,0,0,0,1,1,0]]"
9,7,-0.02582195026614769,0.02582195026614769,"[[1,1,0,0,1,0,0,0,0,0],[1,1,1,1,0,0,0,1,1,1]]"
9,8,-0.03107757803824371,0.03107757803824371,"[[1,1,0,0,1,0,0,0,0,0],[1,1,1,1,0,0,1,0,0,0]]"
9,9,-0.03117845379540965,0.03117845379540965,"[[1,1,0,0,1,0,0,0,0,0],[1,1,1,1,0,0,1,0,0,1]]"
9,10,-0.03249036230633438,0.03249036230633438,"[[1,1,0,0,1,0,0,0,0,0],[1,1,1,1,0,0,1,0,1,0]]"
9,11,-0.032303332771611626,0.032303332771611626,"[[1,1,0,0,1,0,0,0,0,0],[1,1,1,1,0,0,1,0,1,1]]"
9,12,-0.03492195892991929,0.03492195892991929,"[[1,1,0,0,1,0,0,0,0,0],[1,1,1,1,0,0,1,1,0,0]]"
9,13,-0.03439278546206086,0.03439278546206086,"[[1,1,0,0,1,0,0,0,0,0],[1,1,1,1,0,0,1,1,0,1]]"
9,14,-0.03511543902374309,0.03511543902374309,"[[1,1,0,0,1,0,0,0,0,0],[1,1,1,1,0,0,1,1,1,0]]"
9,15,-0.03258257717223505,0.03258257717223505,"[[1,1,0,0,1,0,0,0,0,0],[1,1,1,1,0,0,1,1,1,1]]"
9,16,-0.03633521255742806,0.03633521255742806,"[[1,1,0,0,1,0,0,0,0,0],[1,1,1,1,0,1,0,0,0,0]]"
9,17,-0.03661368123694493,0.03661368123694493,"[[1,1,0,0,1,0,0,0,0,0],[1,1,1,1,0,1,0,0,0,1]]"
9,18,-0.037901404817473734,0.037901404817473734,"[[1,1,0,0,1,0,0,0,0,0],[1,1,1,1,0,1,0,0,1,0]]"
9,19,-0.037925550711192406,0.037925550711192406,"[[1,1,0,0,1,0,0,0,0,0],[1,1,1,1,0,1,0,0,1,1]]"
9,20,-0.04023819159628629,0.04023819159628629,"[[1,1,0,0,1,0,0,0,0,0],[1,1,1,1,0,1,0,1,0,0]]"
9,21,-0.039751639235984154,0.039751639235984154,"[[1,1,0,0,1,0,0,0,0,0],[1,1,1,1,0,1,0,1,0,1]]"
9,22,-0.04071963272834358,0.04071963272834358,"[[1,1,0,0,1,0,0,0,0,0],[1,1,1,1,0,1,0,1,1,0]]"
9,23,-0.038486865837656925,0.038486865837656925,"[[1,1,0,0,1,0,0,0,0,0],[1,1,1,1,0,1,0,1,1,1]]"
9,24,-0.04626711413843733,0.04626711413843733,"[[1,1,0,0,1,0,0,0,0,0],[1,1,1,1,0,1,1,0,0,0]]"
9,25,-0.04627275291849377,0.04627275291849377,"[[1,1,0,0,1,0,0,0,0,0],[1,1,1,1,0,1,1,0,0,1]]"
9,26,-0.04777804227026192,0.04777804227026192,"[[1,1,0,0,1,0,0,0,0,0],[1,1,1,1,0,1,1,0,1,0]]"
9,27,-0.0466059143542967,0.0466059143542967,"[[1,1,0,0,1,0,0,0,0,0],[1,1,1,1,0,1,1,0,1,1]]"
9,28,-0.04853616818730381,0.04853616818730381,"[[1,1,0,0,1,0,0,0,0,0],[1,1,1,1,0,1,1,1,0,0]]"
9,29,-0.04713354197487743,0.04713354197487743,"[[1,1,0,0,1,0,0,0,0,0],[1,1,1,1,0,1,1,1,0,1]]"
9,30,-0.046123517822644546,0.046123517822644546,"[[1,1,0,0,1,0,0,0,0,0],[1,1,1,1,0,1,1,1,1,0]]"
9,31,-0.040670991257316276,0.040670991257316276,"[[1,1,0,0,1,0,0,0,0,0],[1,1,1,1,0,1,1,1,1,1]]"
9,32,-0.02091615878657478,0.02091615878657478,"[[1,1,0,0,1,0,0,0,0,1],[1,1,1,1,0,0,0,0,0,0]]"
9,33,-0.02112811366884742,0.02112811366884742,"[[1,1,0,0,1,0,0,0,0,1],[1,1,1,1,0,0,0,0,0,1]]"
9,34,-0.022648312102232657,0.022648312102232657,"[[1,1,0,0,1,0,0,0,0,1],[1,1,1,1,0,0,0,0,1,0]]"
9,35,-0.022884204909081093,0.022884204909081093,"[[1,1,0,0,1,0,0,0,0,1],[1,1,1,1,0,0,0,0,1,1]]"
9,36,-0.025738644945336616,0.025738644945336616,"[[1,1,0,0,1,0,0,0,0,1],[1,1,1,1,0,0,0,1,0,0]]"
9,37,-0.025934199950152274,0.025934199950152274,"[[1,1,0,0,1,0,0,0,0,1],[1,1,1,1,0,0,0,1,0,1]]"
9,38,-0.02693147998974795,0.02693147998974795,"[[1,1,0,0,1,0,0,0,0,1],[1,1,1,1,0,0,0,1,1,0]]"
9,39,-0.026728586948917686,0.026728586948917686,"[[1,1,0,0,1,0,0,0,0,1],[1,1,1,1,0,0,0,1,1,1]]"
9,40,-0.03143671493400391,0.03143671493400391,"[[1,1,0,0,1,0,0,0,0,1],[1,1,1,1,0,0,1,0,0,0]]"
9,41,-0.03181300979002341,0.03181300979002341,"[[1,1,0,0,1,0,0,0,0,1],[1,1,1,1,0,0,1,0,0,1]]"
9,42,-0.033097142113633446,0.033097142113633446,"[[1,1,0,0,1,0,0,0,0,1],[1,1,1,1,0,0,1,0,1,0]]"
9,43,-0.032715149708647154,0.032715149708647154,"[[1,1,0,0,1,0,0,0,0,1],[1,1,1,1,0,0,1,0,1,1]]"
9,44,-0.03612438605721819,0.03612438605721819,"[[1,1,0,0,1,0,0,0,0,1],[1,1,1,1,0,0,1,1,0,0]]"
9,45,-0.03552920930883944,0.03552920930883944,"[[1,1,0,0,1,0,0,0,0,1],[1,1,1,1,0,0,1,1,0,1]]"
9,46,-0.03614796491476388,0.03614796491476388,"[[1,1,0,0,1,0,0,0,0,1],[1,1,1,1,0,0,1,1,1,0]]"
9,47,-0.03473817339153575,0.03473817339153575,"[[1,1,0,0,1,0,0,0,0,1],[1,1,1,1,0,0,1,1,1,1]]"
9,48,-0.037337859318670376,0.037337859318670376,"[[1,1,0,0,1,0,0,0,0,1],[1,1,1,1,0,1,0,0,0,0]]"
9,49,-0.03730285636900503,0.03730285636900503,"[[1,1,0,0,1,0,0,0,0,1],[1,1,1,1,0,1,0,0,0,1]]"
9,50,-0.038660109568703326,0.038660109568703326,"[[1,1,0,0,1,0,0,0,0,1],[1,1,1,1,0,1,0,0,1,0]]"
9,51,-0.03829514037733221,0.03829514037733221,"[[1,1,0,0,1,0,0,0,0,1],[1,1,1,1,0,1,0,0,1,1]]"
9,52,-0.04196055398549077,0.04196055398549077,"[[1,1,0,0,1,0,0,0,0,1],[1,1,1,1,0,1,0,1,0,0]]"
9,53,-0.04108518755287203,0.04108518755287203,"[[1,1,0,0,1,0,0,0,0,1],[1,1,1,1,0,1,0,1,0,1]]"
9,54,-0.04199545493032247,0.04199545493032247,"[[1,1,0,0,1,0,0,0,0,1],[1,1,1,1,0,1,0,1,1,0]]"
9,55,-0.04038850900826058,0.04038850900826058,"[[1,1,0,0,1,0,0,0,0,1],[1,1,1,1,0,1,0,1,1,1]]"
9,56,-0.04860959727234837,0.04860959727234837,"[[1,1,0,0,1,0,0,0,0,1],[1,1,1,1,0,1,1,0,0,0]]"
9,57,-0.04775166251373603,0.04775166251373603,"[[1,1,0,0,1,0,0,0,0,1],[1,1,1,1,0,1,1,0,0,1]]"
9,58,-0.049457270247968255,0.049457270247968255,"[[1,1,0,0,1,0,0,0,0,1],[1,1,1,1,0,1,1,0,1,0]]"
9,59,-0.04781983762441415,0.04781983762441415,"[[1,1,0,0,1,0,0,0,0,1],[1,1,1,1,0,1,1,0,1,1]]"
9,60,-0.05100555829544136,0.05100555829544136,"[[1,1,0,0,1,0,0,0,0,1],[1,1,1,1,0,1,1,1,0,0]]"
9,61,-0.04964817018279042,0.04964817018279042,"[[1,1,0,0,1,0,0,0,0,1],[1,1,1,1,0,1,1,1,0,1]]"
9,62,-0.04914713975133434,0.04914713975133434,"[[1,1,0,0,1,0,0,0,0,1],[1,1,1,1,0,1,1,1,1,0]]"
9,63,-0.04526409284222333,0.04526409284222333,"[[1,1,0,0,1,0,0,0,0,1],[1,1,1,1,0,1,1,1,1,1]]"
9,64,-0.018757131895646914,0.018757131895646914,"[[1,1,0,0,1,0,0,0,1,0],[1,1,1,1,0,0,0,0,0,0]]"
9,65,-0.018546793282630956,0.018546793282630956,"[[1,1,0,0,1,0,0,0,1,0],[1,1,1,1,0,0,0,0,0,1]]"
9,66,-0.02087593179391083,0.02087593179391083,"[[1,1,0,0,1,0,0,0,1,0],[1,1,1,1,0,0,0,0,1,0]]"
9,67,-0.021047114796627398,0.021047114796627398,"[[1,1,0,0,1,0,0,0,1,0],[1,1,1,1,0,0,0,0,1,1]]"
9,68,-0.024775365908262136,0.024775365908262136,"[[1,1,0,0,1,0,0,0,1,0],[1,1,1,1,0,0,0,1,0,0]]"
9,69,-0.024800901276842806,0.024800901276842806,"[[1,1,0,0,1,0,0,0,1,0],[1,1,1,1,0,0,0,1,0,1]]"
9,70,-0.026352281799674346,0.026352281799674346,"[[1,1,0,0,1,0,0,0,1,0],[1,1,1,1,0,0,0,1,1,0]]"
9,71,-0.02623693389735818,0.02623693389735818,"[[1,1,0,0,1,0,0,0,1,0],[1,1,1,1,0,0,0,1,1,1]]"
9,72,-0.029959994949194223,0.029959994949194223,"[[1,1,0,0,1,0,0,0,1,0],[1,1,1,1,0,0,1,0,0,0]]"
9,73,-0.02980520344019614,0.02980520344019614,"[[1,1,0,0,1,0,0,0,1,0],[1,1,1,1,0,0,1,0,0,1]]"
9,74,-0.032040658547917655,0.032040658547917655,"[[1,1,0,0,1,0,0,0,1,0],[1,1,1,1,0,0,1,0,1,0]]"
9,75,-0.031940029118340985,0.031940029118340985,"[[1,1,0,0,1,0,0,0,1,0],[1,1,1,1,0,0,1,0,1,1]]"
9,76,-0.035907889666790364,0.035907889666790364,"[[1,1,0,0,1,0,0,0,1,0],[1,1,1,1,0,0,1,1,0,0]]"
9,77,-0.03583710635113823,0.03583710635113823,"[[1,1,0,0,1,0,0,0,1,0],[1,1,1,1,0,0,1,1,0,1]]"
9,78,-0.036672823632732575,0.036672823632732575,"[[1,1,0,0,1,0,0,0,1,0],[1,1,1,1,0,0,1,1,1,0]]"
9,79,-0.03601234626121265,0.03601234626121265,"[[1,1,0,0,1,0,0,0,1,0],[1,1,1,1,0,0,1,1,1,1]]"
9,80,-0.035702915139208126,0.035702915139208126,"[[1,1,0,0,1,0,0,0,1,0],[1,1,1,1,0,1,0,0,0,0]]"
9,81,-0.035356241497294424,0.035356241497294424,"[[1,1,0,0,1,0,0,0,1,0],[1,1,1,1,0,1,0,0,0,1]]"
9,82,-0.037517564407141275,0.037517564407141275,"[[1,1,0,0,1,0,0,0,1,0],[1,1,1,1,0,1,0,0,1,0]]"
9,83,-0.03741308922360556,0.03741308922360556,"[[1,1,0,0,1,0,0,0,1,0],[1,1,1,1,0,1,0,0,1,1]]"
9,84,-0.04226370641606228,0.04226370641606228,"[[1,1,0,0,1,0,0,0,1,0],[1,1,1,1,0,1,0,1,0,0]]"
9,85,-0.04176495432700301,0.04176495432700301,"[[1,1,0,0,1,0,0,0,1,0],[1,1,1,1,0,1,0,1,0,1]]"
9,86,-0.04234353211079057,0.04234353211079057,"[[1,1,0,0,1,0,0,0,1,0],[1,1,1,1,0,1,0,1,1,0]]"
9,87,-0.041515708614165946,0.041515708614165946,"[[1,1,0,0,1,0,0,0,1,0],[1,1,1,1,0,1,0,1,1,1]]"
9,88,-0.04755672075351183,0.04755672075351183,"[[1,1,0,0,1,0,0,0,1,0],[1,1,1,1,0,1,1,0,0,0]]"
9,89,-0.046779276634055636,0.046779276634055636,"[[1,1,0,0,1,0,0,0,1,0],[1,1,1,1,0,1,1,0,0,1]]"
9,90,-0.04876263980305933,0.04876263980305933,"[[1,1,0,0,1,0,0,0,1,0],[1,1,1,1,0,1,1,0,1,0]]"
9,91,-0.04809605455252438,0.04809605455252438,"[[1,1,0,0,1,0,0,0,1,0],[1,1,1,1,0,1,1,0,1,1]]"
9,92,-0.051146696313249744,0.051146696313249744,"[[1,1,0,0,1,0,0,0,1,0],[1,1,1,1,0,1,1,1,0,0]]"
9,93,-0.05048838979685958,0.05048838979685958,"[[1,1,0,0,1,0,0,0,1,0],[1,1,1,1,0,1,1,1,0,1]]"
9,94,-0.05006020168631161,0.05006020168631161,"[[1,1,0,0,1,0,0,0,1,0],[1,1,1,1,0,1,1,1,1,0]]"
9,95,-0.048491948448832735,0.048491948448832735,"[[1,1,0,0,1,0,0,0,1,0],[1,1,1,1,0,1,1,1,1,1]]"
9,96,-0.01836094308386247,0.01836094308386247,"[[1,1,0,0,1,0,0,0,1,1],[1,1,1,1,0,0,0,0,0,0]]"
9,97,-0.01876297022701219,0.01876297022701219,"[[1,1,0,0,1,0,0,0,1,1],[1,1,1,1,0,0,0,0,0,1]]"
9,98,-0.020829750628122434,0.020829750628122434,"[[1,1,0,0,1,0,0,0,1,1],[1,1,1,1,0,0,0,0,1,0]]"
9,99,-0.021211795762858133,0.021211795762858133,"[[1,1,0,0,1,0,0,0,1,1],[1,1,1,1,0,0,0,0,1,1]]"
9,100,-0.024291621000988292,0.024291621000988292,"[[1,1,0,0,1,0,0,0,1,1],[1,1,1,1,0,0,0,1,0,0]]"
9,101,-0.024865767110253616,0.024865767110253616,"[[1,1,0,0,1,0,0,0,1,1],[1,1,1,1,0,0,0,1,0,1]]"
9,102,-0.02659896296969208,0.02659896296969208,"[[1,1,0,0,1,0,0,0,1,1],[1,1,1,1,0,0,0,1,1,0]]"
9,103,-0.0267293829158055,0.0267293829158055,"[[1,1,0,0,1,0,0,0,1,1],[1,1,1,1,0,0,0,1,1,1]]"
9,104,-0.029534153635980692,0.029534153635980692,"[[1,1,0,0,1,0,0,0,1,1],[1,1,1,1,0,0,1,0,0,0]]"
9,105,-0.030016203793753957,0.030016203793753957,"[[1,1,0,0,1,0,0,0,1,1],[1,1,1,1,0,0,1,0,0,1]]"
9,106,-0.03191915853613844,0.03191915853613844,"[[1,1,0,0,1,0,0,0,1,1],[1,1,1,1,0,0,1,0,1,0]]"
9,107,-0.03232795427400409,0.03232795427400409,"[[1,1,0,0,1,0,0,0,1,1],[1,1,1,1,0,0,1,0,1,1]]"
9,108,-0.035579506712606096,0.035579506712606096,"[[1,1,0,0,1,0,0,0,1,1],[1,1,1,1,0,0,1,1,0,0]]"
9,109,-0.03614847856012814,0.03614847856012814,"[[1,1,0,0,1,0,0,0,1,1],[1,1,1,1,0,0,1,1,0,1]]"
9,110,-0.03742716804867471,0.03742716804867471,"[[1,1,0,0,1,0,0,0,1,1],[1,1,1,1,0,0,1,1,1,0]]"
9,111,-0.03682985421840592,0.03682985421840592,"[[1,1,0,0,1,0,0,0,1,1],[1,1,1,1,0,0,1,1,1,1]]"
9,112,-0.035499216376724284,0.035499216376724284,"[[1,1,0,0,1,0,0,0,1,1],[1,1,1,1,0,1,0,0,0,0]]"
9,113,-0.035872648822823476,0.035872648822823476,"[[1,1,0,0,1,0,0,0,1,1],[1,1,1,1,0,1,0,0,0,1]]"
9,114,-0.037911131834624336,0.037911131834624336,"[[1,1,0,0,1,0,0,0,1,1],[1,1,1,1,0,1,0,0,1,0]]"
9,115,-0.03800520910633865,0.03800520910633865,"[[1,1,0,0,1,0,0,0,1,1],[1,1,1,1,0,1,0,0,1,1]]"
9,116,-0.04211749803315615,0.04211749803315615,"[[1,1,0,0,1,0,0,0,1,1],[1,1,1,1,0,1,0,1,0,0]]"
9,117,-0.042280992837274815,0.042280992837274815,"[[1,1,0,0,1,0,0,0,1,1],[1,1,1,1,0,1,0,1,0,1]]"
9,118,-0.0434738081531734,0.0434738081531734,"[[1,1,0,0,1,0,0,0,1,1],[1,1,1,1,0,1,0,1,1,0]]"
9,119,-0.0425534575436857,0.0425534575436857,"[[1,1,0,0,1,0,0,0,1,1],[1,1,1,1,0,1,0,1,1,1]]"
9,120,-0.04862376150029249,0.04862376150029249,"[[1,1,0,0,1,0,0,0,1,1],[1,1,1,1,0,1,1,0,0,0]]"
9,121,-0.04814975272134903,0.04814975272134903,"[[1,1,0,0,1,0,0,0,1,1],[1,1,1,1,0,1,1,0,0,1]]"
9,122,-0.04994668857041031,0.04994668857041031,"[[1,1,0,0,1,0,0,0,1,1],[1,1,1,1,0,1,1,0,1,0]]"
9,123,-0.04927091256184607,0.04927091256184607,"[[1,1,0,0,1,0,0,0,1,1],[1,1,1,1,0,1,1,0,1,1]]"
9,124,-0.05241212148439961,0.05241212148439961,"[[1,1,0,0,1,0,0,0,1,1],[1,1,1,1,0,1,1,1,0,0]]"
9,125,-0.05223173461969841,0.05223173461969841,"[[1,1,0,0,1,0,0,0,1,1],[1,1,1,1,0,1,1,1,0,1]]"
9,126,-0.05263234625197892,0.05263234625197892,"[[1,1,0,0,1,0,0,0,1,1],[1,1,1,1,0,1,1,1,1,0]]"
9,127,-0.05067982167272973,0.05067982167272973,"[[1,1,0,0,1,0,0,0,1,1],[1,1,1,1,0,1,1,1,1,1]]"
9,128,-0.015553050492075384,0.015553050492075384,"[[1,1,0,0,1,0,0,1,0,0],[1,1,1,1,0,0,0,0,0,0]]"
9,129,-0.015796944933302543,0.015796944933302543,"[[1,1,0,0,1,0,0,1,0,0],[1,1,1,1,0,0,0,0,0,1]]"
9,130,-0.01711154049139429,0.01711154049139429,"[[1,1,0,0,1,0,0,1,0,0],[1,1,1,1,0,0,0,0,1,0]]"
9,131,-0.017466375182539767,0.017466375182539767,"[[1,1,0,0,1,0,0,1,0,0],[1,1,1,1,0,0,0,0,1,1]]"
9,132,-0.02120098676561802,0.02120098676561802,"[[1,1,0,0,1,0,0,1,0,0],[1,1,1,1,0,0,0,1,0,0]]"
9,133,-0.021891496566920566,0.021891496566920566,"[[1,1,0,0,1,0,0,1,0,0],[1,1,1,1,0,0,0,1,0,1]]"
9,134,-0.02322990147924586,0.02322990147924586,"[[1,1,0,0,1,0,0,1,0,0],[1,1,1,1,0,0,0,1,1,0]]"
9,135,-0.023357409037518814,0.023357409037518814,"[[1,1,0,0,1,0,0,1,0,0],[1,1,1,1,0,0,0,1,1,1]]"
9,136,-0.026712068507545678,0.026712068507545678,"[[1,1,0,0,1,0,0,1,0,0],[1,1,1,1,0,0,1,0,0,0]]"
9,137,-0.027353215036501056,0.027353215036501056,"[[1,1,0,0,1,0,0,1,0,0],[1,1,1,1,0,0,1,0,0,1]]"
9,138,-0.028864617974923158,0.028864617974923158,"[[1,1,0,0,1,0,0,1,0,0],[1,1,1,1,0,0,1,0,1,0]]"
9,139,-0.02907101927780996,0.02907101927780996,"[[1,1,0,0,1,0,0,1,0,0],[1,1,1,1,0,0,1,0,1,1]]"
9,140,-0.03373145375664102,0.03373145375664102,"[[1,1,0,0,1,0,0,1,0,0],[1,1,1,1,0,0,1,1,0,0]]"
9,141,-0.03400950246873444,0.03400950246873444,"[[1,1,0,0,1,0,0,1,0,0],[1,1,1,1,0,0,1,1,0,1]]"
9,142,-0.03495251679603884,0.03495251679603884,"[[1,1,0,0,1,0,0,1,0,0],[1,1,1,1,0,0,1,1,1,0]]"
9,143,-0.03392434631764072,0.03392434631764072,"[[1,1,0,0,1,0,0,1,0,0],[1,1,1,1,0,0,1,1,1,1]]"
9,144,-0.031785244738327535,0.031785244738327535,"[[1,1,0,0,1,0,0,1,0,0],[1,1,1,1,0,1,0,0,0,0]]"
9,145,-0.032198191374867194,0.032198191374867194,"[[1,1,0,0,1,0,0,1,0,0],[1,1,1,1,0,1,0,0,0,1]]"
9,146,-0.03396617674722265,0.03396617674722265,"[[1,1,0,0,1,0,0,1,0,0],[1,1,1,1,0,1,0,0,1,0]]"
9,147,-0.03432442614608236,0.03432442614608236,"[[1,1,0,0,1,0,0,1,0,0],[1,1,1,1,0,1,0,0,1,1]]"
9,148,-0.038307586740091125,0.038307586740091125,"[[1,1,0,0,1,0,0,1,0,0],[1,1,1,1,0,1,0,1,0,0]]"
9,149,-0.03890784264888322,0.03890784264888322,"[[1,1,0,0,1,0,0,1,0,0],[1,1,1,1,0,1,0,1,0,1]]"
9,150,-0.04002469768866889,0.04002469768866889,"[[1,1,0,0,1,0,0,1,0,0],[1,1,1,1,0,1,0,1,1,0]]"
9,151,-0.039515240183080065,0.039515240183080065,"[[1,1,0,0,1,0,0,1,0,0],[1,1,1,1,0,1,0,1,1,1]]"
9,152,-0.04521480536498789,0.04521480536498789,"[[1,1,0,0,1,0,0,1,0,0],[1,1,1,1,0,1,1,0,0,0]]"
9,153,-0.04536337164138331,0.04536337164138331,"[[1,1,0,0,1,0,0,1,0,0],[1,1,1,1,0,1,1,0,0,1]]"
9,154,-0.04730641907338713,0.04730641907338713,"[[1,1,0,0,1,0,0,1,0,0],[1,1,1,1,0,1,1,0,1,0]]"
9,155,-0.046416827496772714,0.046416827496772714,"[[1,1,0,0,1,0,0,1,0,0],[1,1,1,1,0,1,1,0,1,1]]"
9,156,-0.05021665360871359,0.05021665360871359,"[[1,1,0,0,1,0,0,1,0,0],[1,1,1,1,0,1,1,1,0,0]]"
9,157,-0.05000682678346522,0.05000682678346522,"[[1,1,0,0,1,0,0,1,0,0],[1,1,1,1,0,1,1,1,0,1]]"
9,158,-0.05110771539336447,0.05110771539336447,"[[1,1,0,0,1,0,0,1,0,0],[1,1,1,1,0,1,1,1,1,0]]"
9,159,-0.04879809318136249,0.04879809318136249,"[[1,1,0,0,1,0,0,1,0,0],[1,1,1,1,0,1,1,1,1,1]]"
9,160,-0.01536234725446383,0.01536234725446383,"[[1,1,0,0,1,0,0,1,0,1],[1,1,1,1,0,0,0,0,0,0]]"
9,161,-0.015825508821846964,0.015825508821846964,"[[1,1,0,0,1,0,0,1,0,1],[1,1,1,1,0,0,0,0,0,1]]"
9,162,-0.017435824414577833,0.017435824414577833,"[[1,1,0,0,1,0,0,1,0,1],[1,1,1,1,0,0,0,0,1,0]]"
9,163,-0.01764777286790076,0.01764777286790076,"[[1,1,0,0,1,0,0,1,0,1],[1,1,1,1,0,0,0,0,1,1]]"
9,164,-0.02131541229889332,0.02131541229889332,"[[1,1,0,0,1,0,0,1,0,1],[1,1,1,1,0,0,0,1,0,0]]"
9,165,-0.021882981399143624,0.021882981399143624,"[[1,1,0,0,1,0,0,1,0,1],[1,1,1,1,0,0,0,1,0,1]]"
9,166,-0.023554193016775412,0.023554193016775412,"[[1,1,0,0,1,0,0,1,0,1],[1,1,1,1,0,0,0,1,1,0]]"
9,167,-0.023645878298810593,0.023645878298810593,"[[1,1,0,0,1,0,0,1,0,1],[1,1,1,1,0,0,0,1,1,1]]"
9,168,-0.026333847920039125,0.026333847920039125,"[[1,1,0,0,1,0,0,1,0,1],[1,1,1,1,0,0,1,0,0,0]]"
9,169,-0.02723216400836126,0.02723216400836126,"[[1,1,0,0,1,0,0,1,0,1],[1,1,1,1,0,0,1,0,0,1]]"
9,170,-0.02924718376843082,0.02924718376843082,"[[1,1,0,0,1,0,0,1,0,1],[1,1,1,1,0,0,1,0,1,0]]"
9,171,-0.029429202502339886,0.029429202502339886,"[[1,1,0,0,1,0,0,1,0,1],[1,1,1,1,0,0,1,0,1,1]]"
9,172,-0.033761317402134304,0.033761317402134304,"[[1,1,0,0,1,0,0,1,0,1],[1,1,1,1,0,0,1,1,0,0]]"
9,173,-0.03429642982763726,0.03429642982763726,"[[1,1,0,0,1,0,0,1,0,1],[1,1,1,1,0,0,1,1,0,1]]"
9,174,-0.03541295087229828,0.03541295087229828,"[[1,1,0,0,1,0,0,1,0,1],[1,1,1,1,0,0,1,1,1,0]]"
9,175,-0.03442264507981671,0.03442264507981671,"[[1,1,0,0,1,0,0,1,0,1],[1,1,1,1,0,0,1,1,1,1]]"
9,176,-0.03157717080788375,0.03157717080788375,"[[1,1,0,0,1,0,0,1,0,1],[1,1,1,1,0,1,0,0,0,0]]"
9,177,-0.03215308336228393,0.03215308336228393,"[[1,1,0,0,1,0,0,1,0,1],[1,1,1,1,0,1,0,0,0,1]]"
9,178,-0.03444431893892717,0.03444431893892717,"[[1,1,0,0,1,0,0,1,0,1],[1,1,1,1,0,1,0,0,1,0]]"
9,179,-0.03454408411505094,0.03454408411505094,"[[1,1,0,0,1,0,0,1,0,1],[1,1,1,1,0,1,0,0,1,1]]"
9,180,-0.03909767180354292,0.03909767180354292,"[[1,1,0,0,1,0,0,1,0,1],[1,1,1,1,0,1,0,1,0,0]]"
9,181,-0.039156092443024905,0.039156092443024905,"[[1,1,0,0,1,0,0,1,0,1],[1,1,1,1,0,1,0,1,0,1]]"
9,182,-0.040574581495023895,0.040574581495023895,"[[1,1,0,0,1,0,0,1,0,1],[1,1,1,1,0,1,0,1,1,0]]"
9,183,-0.03981690209298931,0.03981690209298931,"[[1,1,0,0,1,0,0,1,0,1],[1,1,1,1,0,1,0,1,1,1]]"
9,184,-0.04538635189946365,0.04538635189946365,"[[1,1,0,0,1,0,0,1,0,1],[1,1,1,1,0,1,1,0,0,0]]"
9,185,-0.0458326572136609,0.0458326572136609,"[[1,1,0,0,1,0,0,1,0,1],[1,1,1,1,0,1,1,0,0,1]]"
9,186,-0.04804104494290136,0.04804104494290136,"[[1,1,0,0,1,0,0,1,0,1],[1,1,1,1,0,1,1,0,1,0]]"
9,187,-0.04711814368004777,0.04711814368004777,"[[1,1,0,0,1,0,0,1,0,1],[1,1,1,1,0,1,1,0,1,1]]"
9,188,-0.051646858091107736,0.051646858091107736,"[[1,1,0,0,1,0,0,1,0,1],[1,1,1,1,0,1,1,1,0,0]]"
9,189,-0.05131721436957593,0.05131721436957593,"[[1,1,0,0,1,0,0,1,0,1],[1,1,1,1,0,1,1,1,0,1]]"
9,190,-0.05207593782894177,0.05207593782894177,"[[1,1,0,0,1,0,0,1,0,1],[1,1,1,1,0,1,1,1,1,0]]"
9,191,-0.04992511249567754,0.04992511249567754,"[[1,1,0,0,1,0,0,1,0,1],[1,1,1,1,0,1,1,1,1,1]]"
9,192,-0.012847844885857516,0.012847844885857516,"[[1,1,0,0,1,0,0,1,1,0],[1,1,1,1,0,0,0,0,0,0]]"
9,193,-0.013057727879341457,0.013057727879341457,"[[1,1,0,0,1,0,0,1,1,0],[1,1,1,1,0,0,0,0,0,1]]"
9,194,-0.015167685945851727,0.015167685945851727,"[[1,1,0,0,1,0,0,1,1,0],[1,1,1,1,0,0,0,0,1,0]]"
9,195,-0.015359107660683087,0.015359107660683087,"[[1,1,0,0,1,0,0,1,1,0],[1,1,1,1,0,0,0,0,1,1]]"
9,196,-0.01956962069208365,0.01956962069208365,"[[1,1,0,0,1,0,0,1,1,0],[1,1,1,1,0,0,0,1,0,0]]"
9,197,-0.019547237333683017,0.019547237333683017,"[[1,1,0,0,1,0,0,1,1,0],[1,1,1,1,0,0,0,1,0,1]]"
9,198,-0.021820114356156117,0.021820114356156117,"[[1,1,0,0,1,0,0,1,1,0],[1,1,1,1,0,0,0,1,1,0]]"
9,199,-0.02220127506559458,0.02220127506559458,"[[1,1,0,0,1,0,0,1,1,0],[1,1,1,1,0,0,0,1,1,1]]"
9,200,-0.023939092065735704,0.023939092065735704,"[[1,1,0,0,1,0,0,1,1,0],[1,1,1,1,0,0,1,0,0,0]]"
9,201,-0.02454400210560432,0.02454400210560432,"[[1,1,0,0,1,0,0,1,1,0],[1,1,1,1,0,0,1,0,0,1]]"
9,202,-0.02672859619696573,0.02672859619696573,"[[1,1,0,0,1,0,0,1,1,0],[1,1,1,1,0,0,1,0,1,0]]"
9,203,-0.027187796699049412,0.027187796699049412,"[[1,1,0,0,1,0,0,1,1,0],[1,1,1,1,0,0,1,0,1,1]]"
9,204,-0.03236823190107959,0.03236823190107959,"[[1,1,0,0,1,0,0,1,1,0],[1,1,1,1,0,0,1,1,0,0]]"
9,205,-0.03257573778640839,0.03257573778640839,"[[1,1,0,0,1,0,0,1,1,0],[1,1,1,1,0,0,1,1,0,1]]"
9,206,-0.03497671749127374,0.03497671749127374,"[[1,1,0,0,1,0,0,1,1,0],[1,1,1,1,0,0,1,1,1,0]]"
9,207,-0.03480651166168054,0.03480651166168054,"[[1,1,0,0,1,0,0,1,1,0],[1,1,1,1,0,0,1,1,1,1]]"
9,208,-0.02941122213011252,0.02941122213011252,"[[1,1,0,0,1,0,0,1,1,0],[1,1,1,1,0,1,0,0,0,0]]"
9,209,-0.0296133934618469,0.0296133934618469,"[[1,1,0,0,1,0,0,1,1,0],[1,1,1,1,0,1,0,0,0,1]]"
9,210,-0.03215954464825679,0.03215954464825679,"[[1,1,0,0,1,0,0,1,1,0],[1,1,1,1,0,1,0,0,1,0]]"
9,211,-0.03248400302603931,0.03248400302603931,"[[1,1,0,0,1,0,0,1,1,0],[1,1,1,1,0,1,0,0,1,1]]"
9,212,-0.03723339533034292,0.03723339533034292,"[[1,1,0,0,1,0,0,1,1,0],[1,1,1,1,0,1,0,1,0,0]]"
9,213,-0.037134395832705766,0.037134395832705766,"[[1,1,0,0,1,0,0,1,1,0],[1,1,1,1,0,1,0,1,0,1]]"
9,214,-0.039829246224268824,0.039829246224268824,"[[1,1,0,0,1,0,0,1,1,0],[1,1,1,1,0,1,0,1,1,0]]"
9,215,-0.03983028251101198,0.03983028251101198,"[[1,1,0,0,1,0,0,1,1,0],[1,1,1,1,0,1,0,1,1,1]]"
9,216,-0.0434301602141996,0.0434301602141996,"[[1,1,0,0,1,0,0,1,1,0],[1,1,1,1,0,1,1,0,0,0]]"
9,217,-0.043758916865277185,0.043758916865277185,"[[1,1,0,0,1,0,0,1,1,0],[1,1,1,1,0,1,1,0,0,1]]"
9,218,-0.046368084484205416,0.046368084484205416,"[[1,1,0,0,1,0,0,1,1,0],[1,1,1,1,0,1,1,0,1,0]]"
9,219,-0.04639420635725569,0.04639420635725569,"[[1,1,0,0,1,0,0,1,1,0],[1,1,1,1,0,1,1,0,1,1]]"
9,220,-0.05118177218044469,0.05118177218044469,"[[1,1,0,0,1,0,0,1,1,0],[1,1,1,1,0,1,1,1,0,0]]"
9,221,-0.05075159066467313,0.05075159066467313,"[[1,1,0,0,1,0,0,1,1,0],[1,1,1,1,0,1,1,1,0,1]]"
9,222,-0.05200598709332187,0.05200598709332187,"[[1,1,0,0,1,0,0,1,1,0],[1,1,1,1,0,1,1,1,1,0]]"
9,223,-0.05131985815378324,0.05131985815378324,"[[1,1,0,0,1,0,0,1,1,0],[1,1,1,1,0,1,1,1,1,1]]"
9,224,-0.012278563280351353,0.012278563280351353,"[[1,1,0,0,1,0,0,1,1,1],[1,1,1,1,0,0,0,0,0,0]]"
9,225,-0.012495526432335485,0.012495526432335485,"[[1,1,0,0,1,0,0,1,1,1],[1,1,1,1,0,0,0,0,0,1]]"
9,226,-0.014751582688849307,0.014751582688849307,"[[1,1,0,0,1,0,0,1,1,1],[1,1,1,1,0,0,0,0,1,0]]"
9,227,-0.01532031920921039,0.01532031920921039,"[[1,1,0,0,1,0,0,1,1,1],[1,1,1,1,0,0,0,0,1,1]]"
9,228,-0.019096565340873558,0.019096565340873558,"[[1,1,0,0,1,0,0,1,1,1],[1,1,1,1,0,0,0,1,0,0]]"
9,229,-0.019453196056539137,0.019453196056539137,"[[1,1,0,0,1,0,0,1,1,1],[1,1,1,1,0,0,0,1,0,1]]"
9,230,-0.021791066593434483,0.021791066593434483,"[[1,1,0,0,1,0,0,1,1,1],[1,1,1,1,0,0,0,1,1,0]]"
9,231,-0.022327586476734097,0.022327586476734097,"[[1,1,0,0,1,0,0,1,1,1],[1,1,1,1,0,0,0,1,1,1]]"
9,232,-0.02324965781056225,0.02324965781056225,"[[1,1,0,0,1,0,0,1,1,1],[1,1,1,1,0,0,1,0,0,0]]"
9,233,-0.024005640859831052,0.024005640859831052,"[[1,1,0,0,1,0,0,1,1,1],[1,1,1,1,0,0,1,0,0,1]]"
9,234,-0.026491951792103837,0.026491951792103837,"[[1,1,0,0,1,0,0,1,1,1],[1,1,1,1,0,0,1,0,1,0]]"
9,235,-0.02711727209702657,0.02711727209702657,"[[1,1,0,0,1,0,0,1,1,1],[1,1,1,1,0,0,1,0,1,1]]"
9,236,-0.03151033755392067,0.03151033755392067,"[[1,1,0,0,1,0,0,1,1,1],[1,1,1,1,0,0,1,1,0,0]]"
9,237,-0.03224157078935661,0.03224157078935661,"[[1,1,0,0,1,0,0,1,1,1],[1,1,1,1,0,0,1,1,0,1]]"
9,238,-0.03478432035118762,0.03478432035118762,"[[1,1,0,0,1,0,0,1,1,1],[1,1,1,1,0,0,1,1,1,0]]"
9,239,-0.03515278434374305,0.03515278434374305,"[[1,1,0,0,1,0,0,1,1,1],[1,1,1,1,0,0,1,1,1,1]]"
9,240,-0.028330658505311055,0.028330658505311055,"[[1,1,0,0,1,0,0,1,1,1],[1,1,1,1,0,1,0,0,0,0]]"
9,241,-0.028996235182145558,0.028996235182145558,"[[1,1,0,0,1,0,0,1,1,1],[1,1,1,1,0,1,0,0,0,1]]"
9,242,-0.03159461526876038,0.03159461526876038,"[[1,1,0,0,1,0,0,1,1,1],[1,1,1,1,0,1,0,0,1,0]]"
9,243,-0.03221578849147828,0.03221578849147828,"[[1,1,0,0,1,0,0,1,1,1],[1,1,1,1,0,1,0,0,1,1]]"
9,244,-0.03658732803074301,0.03658732803074301,"[[1,1,0,0,1,0,0,1,1,1],[1,1,1,1,0,1,0,1,0,0]]"
9,245,-0.03714499687319515,0.03714499687319515,"[[1,1,0,0,1,0,0,1,1,1],[1,1,1,1,0,1,0,1,0,1]]"
9,246,-0.03987933890416959,0.03987933890416959,"[[1,1,0,0,1,0,0,1,1,1],[1,1,1,1,0,1,0,1,1,0]]"
9,247,-0.04021559020651468,0.04021559020651468,"[[1,1,0,0,1,0,0,1,1,1],[1,1,1,1,0,1,0,1,1,1]]"
9,248,-0.042671686389337486,0.042671686389337486,"[[1,1,0,0,1,0,0,1,1,1],[1,1,1,1,0,1,1,0,0,0]]"
9,249,-0.043590848638814086,0.043590848638814086,"[[1,1,0,0,1,0,0,1,1,1],[1,1,1,1,0,1,1,0,0,1]]"
9,250,-0.046071385521597244,0.046071385521597244,"[[1,1,0,0,1,0,0,1,1,1],[1,1,1,1,0,1,1,0,1,0]]"
9,251,-0.046264418160162746,0.046264418160162746,"[[1,1,0,0,1,0,0,1,1,1],[1,1,1,1,0,1,1,0,1,1]]"
9,252,-0.05110708422486861,0.05110708422486861,"[[1,1,0,0,1,0,0,1,1,1],[1,1,1,1,0,1,1,1,0,0]]"
9,253,-0.051324203049841095,0.051324203049841095,"[[1,1,0,0,1,0,0,1,1,1],[1,1,1,1,0,1,1,1,0,1]]"
9,254,-0.052753095550484436,0.052753095550484436,"[[1,1,0,0,1,0,0,1,1,1],[1,1,1,1,0,1,1,1,1,0]]"
9,255,-0.052184078153924535,0.052184078153924535,"[[1,1,0,0,1,0,0,1,1,1],[1,1,1,1,0,1,1,1,1,1]]"
9,256,-0.011665511380729044,0.011665511380729044,"[[1,1,0,0,1,0,1,0,0,0],[1,1,1,1,0,0,0,0,0,0]]"
9,257,-0.011564110859586555,0.011564110859586555,"[[1,1,0,0,1,0,1,0,0,0],[1,1,1,1,0,0,0,0,0,1]]"
9,258,-0.013354665320255572,0.013354665320255572,"[[1,1,0,0,1,0,1,0,0,0],[1,1,1,1,0,0,0,0,1,0]]"
9,259,-0.013560940065036301,0.013560940065036301,"[[1,1,0,0,1,0,1,0,0,0],[1,1,1,1,0,0,0,0,1,1]]"
9,260,-0.015865143134274187,0.015865143134274187,"[[1,1,0,0,1,0,1,0,0,0],[1,1,1,1,0,0,0,1,0,0]]"
9,261,-0.016306985953326344,0.016306985953326344,"[[1,1,0,0,1,0,1,0,0,0],[1,1,1,1,0,0,0,1,0,1]]"
9,262,-0.018033915715317487,0.018033915715317487,"[[1,1,0,0,1,0,1,0,0,0],[1,1,1,1,0,0,0,1,1,0]]"
9,263,-0.018085672682923316,0.018085672682923316,"[[1,1,0,0,1,0,1,0,0,0],[1,1,1,1,0,0,0,1,1,1]]"
9,264,-0.02123601739408265,0.02123601739408265,"[[1,1,0,0,1,0,1,0,0,0],[1,1,1,1,0,0,1,0,0,0]]"
9,265,-0.021500155462611005,0.021500155462611005,"[[1,1,0,0,1,0,1,0,0,0],[1,1,1,1,0,0,1,0,0,1]]"
9,266,-0.023120081922555477,0.023120081922555477,"[[1,1,0,0,1,0,1,0,0,0],[1,1,1,1,0,0,1,0,1,0]]"
9,267,-0.023436018990554315,0.023436018990554315,"[[1,1,0,0,1,0,1,0,0,0],[1,1,1,1,0,0,1,0,1,1]]"
9,268,-0.026693854459078726,0.026693854459078726,"[[1,1,0,0,1,0,1,0,0,0],[1,1,1,1,0,0,1,1,0,0]]"
9,269,-0.026844017606556206,0.026844017606556206,"[[1,1,0,0,1,0,1,0,0,0],[1,1,1,1,0,0,1,1,0,1]]"
9,270,-0.027680547194427585,0.027680547194427585,"[[1,1,0,0,1,0,1,0,0,0],[1,1,1,1,0,0,1,1,1,0]]"
9,271,-0.026705009846675606,0.026705009846675606,"[[1,1,0,0,1,0,1,0,0,0],[1,1,1,1,0,0,1,1,1,1]]"
9,272,-0.027485068549244613,0.027485068549244613,"[[1,1,0,0,1,0,1,0,0,0],[1,1,1,1,0,1,0,0,0,0]]"
9,273,-0.02769471538132576,0.02769471538132576,"[[1,1,0,0,1,0,1,0,0,0],[1,1,1,1,0,1,0,0,0,1]]"
9,274,-0.029669867785055967,0.029669867785055967,"[[1,1,0,0,1,0,1,0,0,0],[1,1,1,1,0,1,0,0,1,0]]"
9,275,-0.030181378853513807,0.030181378853513807,"[[1,1,0,0,1,0,1,0,0,0],[1,1,1,1,0,1,0,0,1,1]]"
9,276,-0.03267706317644315,0.03267706317644315,"[[1,1,0,0,1,0,1,0,0,0],[1,1,1,1,0,1,0,1,0,0]]"
9,277,-0.033391887990227645,0.033391887990227645,"[[1,1,0,0,1,0,1,0,0,0],[1,1,1,1,0,1,0,1,0,1]]"
9,278,-0.03436225803717871,0.03436225803717871,"[[1,1,0,0,1,0,1,0,0,0],[1,1,1,1,0,1,0,1,1,0]]"
9,279,-0.03345292358939299,0.03345292358939299,"[[1,1,0,0,1,0,1,0,0,0],[1,1,1,1,0,1,0,1,1,1]]"
9,280,-0.040074790061520586,0.040074790061520586,"[[1,1,0,0,1,0,1,0,0,0],[1,1,1,1,0,1,1,0,0,0]]"
9,281,-0.04032870357090003,0.04032870357090003,"[[1,1,0,0,1,0,1,0,0,0],[1,1,1,1,0,1,1,0,0,1]]"
9,282,-0.04177336570338742,0.04177336570338742,"[[1,1,0,0,1,0,1,0,0,0],[1,1,1,1,0,1,1,0,1,0]]"
9,283,-0.04190682722992132,0.04190682722992132,"[[1,1,0,0,1,0,1,0,0,0],[1,1,1,1,0,1,1,0,1,1]]"
9,284,-0.04416707734724385,0.04416707734724385,"[[1,1,0,0,1,0,1,0,0,0],[1,1,1,1,0,1,1,1,0,0]]"
9,285,-0.04347664929222831,0.04347664929222831,"[[1,1,0,0,1,0,1,0,0,0],[1,1,1,1,0,1,1,1,0,1]]"
9,286,-0.04398143120058226,0.04398143120058226,"[[1,1,0,0,1,0,1,0,0,0],[1,1,1,1,0,1,1,1,1,0]]"
9,287,-0.04117096606534302,0.04117096606534302,"[[1,1,0,0,1,0,1,0,0,0],[1,1,1,1,0,1,1,1,1,1]]"
9,288,-0.011287682821694114,0.011287682821694114,"[[1,1,0,0,1,0,1,0,0,1],[1,1,1,1,0,0,0,0,0,0]]"
9,289,-0.011686239104676682,0.011686239104676682,"[[1,1,0,0,1,0,1,0,0,1],[1,1,1,1,0,0,0,0,0,1]]"
9,290,-0.01325435898000415,0.01325435898000415,"[[1,1,0,0,1,0,1,0,0,1],[1,1,1,1,0,0,0,0,1,0]]"
9,291,-0.013678200289240222,0.013678200289240222,"[[1,1,0,0,1,0,1,0,0,1],[1,1,1,1,0,0,0,0,1,1]]"
9,292,-0.01603352873468394,0.01603352873468394,"[[1,1,0,0,1,0,1,0,0,1],[1,1,1,1,0,0,0,1,0,0]]"
9,293,-0.016389555003614817,0.016389555003614817,"[[1,1,0,0,1,0,1,0,0,1],[1,1,1,1,0,0,0,1,0,1]]"
9,294,-0.018159424731237404,0.018159424731237404,"[[1,1,0,0,1,0,1,0,0,1],[1,1,1,1,0,0,0,1,1,0]]"
9,295,-0.01858261535548187,0.01858261535548187,"[[1,1,0,0,1,0,1,0,0,1],[1,1,1,1,0,0,0,1,1,1]]"
9,296,-0.02110704538954926,0.02110704538954926,"[[1,1,0,0,1,0,1,0,0,1],[1,1,1,1,0,0,1,0,0,0]]"
9,297,-0.021522292489763183,0.021522292489763183,"[[1,1,0,0,1,0,1,0,0,1],[1,1,1,1,0,0,1,0,0,1]]"
9,298,-0.023435197055281104,0.023435197055281104,"[[1,1,0,0,1,0,1,0,0,1],[1,1,1,1,0,0,1,0,1,0]]"
9,299,-0.023768595263644842,0.023768595263644842,"[[1,1,0,0,1,0,1,0,0,1],[1,1,1,1,0,0,1,0,1,1]]"
9,300,-0.02721898171884842,0.02721898171884842,"[[1,1,0,0,1,0,1,0,0,1],[1,1,1,1,0,0,1,1,0,0]]"
9,301,-0.02726410707556952,0.02726410707556952,"[[1,1,0,0,1,0,1,0,0,1],[1,1,1,1,0,0,1,1,0,1]]"
9,302,-0.028149691302425294,0.028149691302425294,"[[1,1,0,0,1,0,1,0,0,1],[1,1,1,1,0,0,1,1,1,0]]"
9,303,-0.02781047972682087,0.02781047972682087,"[[1,1,0,0,1,0,1,0,0,1],[1,1,1,1,0,0,1,1,1,1]]"
9,304,-0.0273978326652829,0.0273978326652829,"[[1,1,0,0,1,0,1,0,0,1],[1,1,1,1,0,1,0,0,0,0]]"
9,305,-0.027781220136617404,0.027781220136617404,"[[1,1,0,0,1,0,1,0,0,1],[1,1,1,1,0,1,0,0,0,1]]"
9,306,-0.029746002640580912,0.029746002640580912,"[[1,1,0,0,1,0,1,0,0,1],[1,1,1,1,0,1,0,0,1,0]]"
9,307,-0.030175686152781135,0.030175686152781135,"[[1,1,0,0,1,0,1,0,0,1],[1,1,1,1,0,1,0,0,1,1]]"
9,308,-0.0332329578519465,0.0332329578519465,"[[1,1,0,0,1,0,1,0,0,1],[1,1,1,1,0,1,0,1,0,0]]"
9,309,-0.03354779701813105,0.03354779701813105,"[[1,1,0,0,1,0,1,0,0,1],[1,1,1,1,0,1,0,1,0,1]]"
9,310,-0.03496090639397908,0.03496090639397908,"[[1,1,0,0,1,0,1,0,0,1],[1,1,1,1,0,1,0,1,1,0]]"
9,311,-0.034927002475776445,0.034927002475776445,"[[1,1,0,0,1,0,1,0,0,1],[1,1,1,1,0,1,0,1,1,1]]"
9,312,-0.040605682531846495,0.040605682531846495,"[[1,1,0,0,1,0,1,0,0,1],[1,1,1,1,0,1,1,0,0,0]]"
9,313,-0.04060417436149855,0.04060417436149855,"[[1,1,0,0,1,0,1,0,0,1],[1,1,1,1,0,1,1,0,0,1]]"
9,314,-0.042538709922216526,0.042538709922216526,"[[1,1,0,0,1,0,1,0,0,1],[1,1,1,1,0,1,1,0,1,0]]"
9,315,-0.04205702683016976,0.04205702683016976,"[[1,1,0,0,1,0,1,0,0,1],[1,1,1,1,0,1,1,0,1,1]]"
9,316,-0.0458701055676535,0.0458701055676535,"[[1,1,0,0,1,0,1,0,0,1],[1,1,1,1,0,1,1,1,0,0]]"
9,317,-0.044857609568301315,0.044857609568301315,"[[1,1,0,0,1,0,1,0,0,1],[1,1,1,1,0,1,1,1,0,1]]"
9,318,-0.0455547503164568,0.0455547503164568,"[[1,1,0,0,1,0,1,0,0,1],[1,1,1,1,0,1,1,1,1,0]]"
9,319,-0.04379711849870473,0.04379711849870473,"[[1,1,0,0,1,0,1,0,0,1],[1,1,1,1,0,1,1,1,1,1]]"
9,320,-0.009408036223217668,0.009408036223217668,"[[1,1,0,0,1,0,1,0,1,0],[1,1,1,1,0,0,0,0,0,0]]"
9,321,-0.009365466502026241,0.009365466502026241,"[[1,1,0,0,1,0,1,0,1,0],[1,1,1,1,0,0,0,0,0,1]]"
9,322,-0.011470356309776157,0.011470356309776157,"[[1,1,0,0,1,0,1,0,1,0],[1,1,1,1,0,0,0,0,1,0]]"
9,323,-0.011568790945399254,0.011568790945399254,"[[1,1,0,0,1,0,1,0,1,0],[1,1,1,1,0,0,0,0,1,1]]"
9,324,-0.014741458251837711,0.014741458251837711,"[[1,1,0,0,1,0,1,0,1,0],[1,1,1,1,0,0,0,1,0,0]]"
9,325,-0.014542774006053291,0.014542774006053291,"[[1,1,0,0,1,0,1,0,1,0],[1,1,1,1,0,0,0,1,0,1]]"
9,326,-0.016841109641701418,0.016841109641701418,"[[1,1,0,0,1,0,1,0,1,0],[1,1,1,1,0,0,0,1,1,0]]"
9,327,-0.017075337659718182,0.017075337659718182,"[[1,1,0,0,1,0,1,0,1,0],[1,1,1,1,0,0,0,1,1,1]]"
9,328,-0.019303375825605276,0.019303375825605276,"[[1,1,0,0,1,0,1,0,1,0],[1,1,1,1,0,0,1,0,0,0]]"
9,329,-0.01920983049454842,0.01920983049454842,"[[1,1,0,0,1,0,1,0,1,0],[1,1,1,1,0,0,1,0,0,1]]"
9,330,-0.02154504726201515,0.02154504726201515,"[[1,1,0,0,1,0,1,0,1,0],[1,1,1,1,0,0,1,0,1,0]]"
9,331,-0.02190895116347085,0.02190895116347085,"[[1,1,0,0,1,0,1,0,1,0],[1,1,1,1,0,0,1,0,1,1]]"
9,332,-0.02641348988074183,0.02641348988074183,"[[1,1,0,0,1,0,1,0,1,0],[1,1,1,1,0,0,1,1,0,0]]"
9,333,-0.02652092718347345,0.02652092718347345,"[[1,1,0,0,1,0,1,0,1,0],[1,1,1,1,0,0,1,1,0,1]]"
9,334,-0.028203643354520396,0.028203643354520396,"[[1,1,0,0,1,0,1,0,1,0],[1,1,1,1,0,0,1,1,1,0]]"
9,335,-0.027925606511199304,0.027925606511199304,"[[1,1,0,0,1,0,1,0,1,0],[1,1,1,1,0,0,1,1,1,1]]"
9,336,-0.025469894119238955,0.025469894119238955,"[[1,1,0,0,1,0,1,0,1,0],[1,1,1,1,0,1,0,0,0,0]]"
9,337,-0.025034928100695,0.025034928100695,"[[1,1,0,0,1,0,1,0,1,0],[1,1,1,1,0,1,0,0,0,1]]"
9,338,-0.027862604133324247,0.027862604133324247,"[[1,1,0,0,1,0,1,0,1,0],[1,1,1,1,0,1,0,0,1,0]]"
9,339,-0.027935932986323776,0.027935932986323776,"[[1,1,0,0,1,0,1,0,1,0],[1,1,1,1,0,1,0,0,1,1]]"
9,340,-0.03247057047709908,0.03247057047709908,"[[1,1,0,0,1,0,1,0,1,0],[1,1,1,1,0,1,0,1,0,0]]"
9,341,-0.03214597454541105,0.03214597454541105,"[[1,1,0,0,1,0,1,0,1,0],[1,1,1,1,0,1,0,1,0,1]]"
9,342,-0.03472188655491891,0.03472188655491891,"[[1,1,0,0,1,0,1,0,1,0],[1,1,1,1,0,1,0,1,1,0]]"
9,343,-0.034369144484622846,0.034369144484622846,"[[1,1,0,0,1,0,1,0,1,0],[1,1,1,1,0,1,0,1,1,1]]"
9,344,-0.039247034227064825,0.039247034227064825,"[[1,1,0,0,1,0,1,0,1,0],[1,1,1,1,0,1,1,0,0,0]]"
9,345,-0.03884531098440053,0.03884531098440053,"[[1,1,0,0,1,0,1,0,1,0],[1,1,1,1,0,1,1,0,0,1]]"
9,346,-0.04158130248472336,0.04158130248472336,"[[1,1,0,0,1,0,1,0,1,0],[1,1,1,1,0,1,1,0,1,0]]"
9,347,-0.041186666495069434,0.041186666495069434,"[[1,1,0,0,1,0,1,0,1,0],[1,1,1,1,0,1,1,0,1,1]]"
9,348,-0.046440531828193604,0.046440531828193604,"[[1,1,0,0,1,0,1,0,1,0],[1,1,1,1,0,1,1,1,0,0]]"
9,349,-0.04557413068751062,0.04557413068751062,"[[1,1,0,0,1,0,1,0,1,0],[1,1,1,1,0,1,1,1,0,1]]"
9,350,-0.045900445745431534,0.045900445745431534,"[[1,1,0,0,1,0,1,0,1,0],[1,1,1,1,0,1,1,1,1,0]]"
9,351,-0.04473660149090227,0.04473660149090227,"[[1,1,0,0,1,0,1,0,1,0],[1,1,1,1,0,1,1,1,1,1]]"
9,352,-0.008760459663249698,0.008760459663249698,"[[1,1,0,0,1,0,1,0,1,1],[1,1,1,1,0,0,0,0,0,0]]"
9,353,-0.009052797819917446,0.009052797819917446,"[[1,1,0,0,1,0,1,0,1,1],[1,1,1,1,0,0,0,0,0,1]]"
9,354,-0.011283278023419763,0.011283278023419763,"[[1,1,0,0,1,0,1,0,1,1],[1,1,1,1,0,0,0,0,1,0]]"
9,355,-0.011630669028403968,0.011630669028403968,"[[1,1,0,0,1,0,1,0,1,1],[1,1,1,1,0,0,0,0,1,1]]"
9,356,-0.014443600979528142,0.014443600979528142,"[[1,1,0,0,1,0,1,0,1,1],[1,1,1,1,0,0,0,1,0,0]]"
9,357,-0.014595602274344175,0.014595602274344175,"[[1,1,0,0,1,0,1,0,1,1],[1,1,1,1,0,0,0,1,0,1]]"
9,358,-0.016883347472943906,0.016883347472943906,"[[1,1,0,0,1,0,1,0,1,1],[1,1,1,1,0,0,0,1,1,0]]"
9,359,-0.017297252618963133,0.017297252618963133,"[[1,1,0,0,1,0,1,0,1,1],[1,1,1,1,0,0,0,1,1,1]]"
9,360,-0.018741930411487064,0.018741930411487064,"[[1,1,0,0,1,0,1,0,1,1],[1,1,1,1,0,0,1,0,0,0]]"
9,361,-0.019270113692385137,0.019270113692385137,"[[1,1,0,0,1,0,1,0,1,1],[1,1,1,1,0,0,1,0,0,1]]"
9,362,-0.02140432499364351,0.02140432499364351,"[[1,1,0,0,1,0,1,0,1,1],[1,1,1,1,0,0,1,0,1,0]]"
9,363,-0.021971791333203726,0.021971791333203726,"[[1,1,0,0,1,0,1,0,1,1],[1,1,1,1,0,0,1,0,1,1]]"
9,364,-0.02599298983102521,0.02599298983102521,"[[1,1,0,0,1,0,1,0,1,1],[1,1,1,1,0,0,1,1,0,0]]"
9,365,-0.026399981516221197,0.026399981516221197,"[[1,1,0,0,1,0,1,0,1,1],[1,1,1,1,0,0,1,1,0,1]]"
9,366,-0.028501572804538883,0.028501572804538883,"[[1,1,0,0,1,0,1,0,1,1],[1,1,1,1,0,0,1,1,1,0]]"
9,367,-0.028565190281346343,0.028565190281346343,"[[1,1,0,0,1,0,1,0,1,1],[1,1,1,1,0,0,1,1,1,1]]"
9,368,-0.025008030398240847,0.025008030398240847,"[[1,1,0,0,1,0,1,0,1,1],[1,1,1,1,0,1,0,0,0,0]]"
9,369,-0.025212609423902455,0.025212609423902455,"[[1,1,0,0,1,0,1,0,1,1],[1,1,1,1,0,1,0,0,0,1]]"
9,370,-0.02771293448819351,0.02771293448819351,"[[1,1,0,0,1,0,1,0,1,1],[1,1,1,1,0,1,0,0,1,0]]"
9,371,-0.028194193900913867,0.028194193900913867,"[[1,1,0,0,1,0,1,0,1,1],[1,1,1,1,0,1,0,0,1,1]]"
9,372,-0.03203385664914812,0.03203385664914812,"[[1,1,0,0,1,0,1,0,1,1],[1,1,1,1,0,1,0,1,0,0]]"
9,373,-0.032222905347545135,0.032222905347545135,"[[1,1,0,0,1,0,1,0,1,1],[1,1,1,1,0,1,0,1,0,1]]"
9,374,-0.03493095323885875,0.03493095323885875,"[[1,1,0,0,1,0,1,0,1,1],[1,1,1,1,0,1,0,1,1,0]]"
9,375,-0.03491749489485651,0.03491749489485651,"[[1,1,0,0,1,0,1,0,1,1],[1,1,1,1,0,1,0,1,1,1]]"
9,376,-0.03889050637212074,0.03889050637212074,"[[1,1,0,0,1,0,1,0,1,1],[1,1,1,1,0,1,1,0,0,0]]"
9,377,-0.0391541879211003,0.0391541879211003,"[[1,1,0,0,1,0,1,0,1,1],[1,1,1,1,0,1,1,0,0,1]]"
9,378,-0.04161641489934656,0.04161641489934656,"[[1,1,0,0,1,0,1,0,1,1],[1,1,1,1,0,1,1,0,1,0]]"
9,379,-0.04171337358703881,0.04171337358703881,"[[1,1,0,0,1,0,1,0,1,1],[1,1,1,1,0,1,1,0,1,1]]"
9,380,-0.0462853190965153,0.0462853190965153,"[[1,1,0,0,1,0,1,0,1,1],[1,1,1,1,0,1,1,1,0,0]]"
9,381,-0.046295937157513206,0.046295937157513206,"[[1,1,0,0,1,0,1,0,1,1],[1,1,1,1,0,1,1,1,0,1]]"
9,382,-0.047683171397763645,0.047683171397763645,"[[1,1,0,0,1,0,1,0,1,1],[1,1,1,1,0,1,1,1,1,0]]"
9,383,-0.04609049883601744,0.04609049883601744,"[[1,1,0,0,1,0,1,0,1,1],[1,1,1,1,0,1,1,1,1,1]]"
9,384,-0.006486222520594933,0.006486222520594933,"[[1,1,0,0,1,0,1,1,0,0],[1,1,1,1,0,0,0,0,0,0]]"
9,385,-0.0066542701148417675,0.0066542701148417675,"[[1,1,0,0,1,0,1,1,0,0],[1,1,1,1,0,0,0,0,0,1]]"
9,386,-0.00798770453192998,0.00798770453192998,"[[1,1,0,0,1,0,1,1,0,0],[1,1,1,1,0,0,0,0,1,0]]"
9,387,-0.008474240396999585,0.008474240396999585,"[[1,1,0,0,1,0,1,1,0,0],[1,1,1,1,0,0,0,0,1,1]]"
9,388,-0.010919362063422526,0.010919362063422526,"[[1,1,0,0,1,0,1,1,0,0],[1,1,1,1,0,0,0,1,0,0]]"
9,389,-0.011297828995822982,0.011297828995822982,"[[1,1,0,0,1,0,1,1,0,0],[1,1,1,1,0,0,0,1,0,1]]"
9,390,-0.013022354193623471,0.013022354193623471,"[[1,1,0,0,1,0,1,1,0,0],[1,1,1,1,0,0,0,1,1,0]]"
9,391,-0.013433696223064782,0.013433696223064782,"[[1,1,0,0,1,0,1,1,0,0],[1,1,1,1,0,0,0,1,1,1]]"
9,392,-0.01586983465604745,0.01586983465604745,"[[1,1,0,0,1,0,1,1,0,0],[1,1,1,1,0,0,1,0,0,0]]"
9,393,-0.0162161950524649,0.0162161950524649,"[[1,1,0,0,1,0,1,1,0,0],[1,1,1,1,0,0,1,0,0,1]]"
9,394,-0.017498007698543018,0.017498007698543018,"[[1,1,0,0,1,0,1,1,0,0],[1,1,1,1,0,0,1,0,1,0]]"
9,395,-0.01791875082666571,0.01791875082666571,"[[1,1,0,0,1,0,1,1,0,0],[1,1,1,1,0,0,1,0,1,1]]"
9,396,-0.022050713813548145,0.022050713813548145,"[[1,1,0,0,1,0,1,1,0,0],[1,1,1,1,0,0,1,1,0,0]]"
9,397,-0.022684649759247586,0.022684649759247586,"[[1,1,0,0,1,0,1,1,0,0],[1,1,1,1,0,0,1,1,0,1]]"
9,398,-0.02426973889004211,0.02426973889004211,"[[1,1,0,0,1,0,1,1,0,0],[1,1,1,1,0,0,1,1,1,0]]"
9,399,-0.024407522400941916,0.024407522400941916,"[[1,1,0,0,1,0,1,1,0,0],[1,1,1,1,0,0,1,1,1,1]]"
9,400,-0.02103152156611419,0.02103152156611419,"[[1,1,0,0,1,0,1,1,0,0],[1,1,1,1,0,1,0,0,0,0]]"
9,401,-0.02137138014105866,0.02137138014105866,"[[1,1,0,0,1,0,1,1,0,0],[1,1,1,1,0,1,0,0,0,1]]"
9,402,-0.023212251130966463,0.023212251130966463,"[[1,1,0,0,1,0,1,1,0,0],[1,1,1,1,0,1,0,0,1,0]]"
9,403,-0.02374972033738061,0.02374972033738061,"[[1,1,0,0,1,0,1,1,0,0],[1,1,1,1,0,1,0,0,1,1]]"
9,404,-0.027250798065063617,0.027250798065063617,"[[1,1,0,0,1,0,1,1,0,0],[1,1,1,1,0,1,0,1,0,0]]"
9,405,-0.02785375675923642,0.02785375675923642,"[[1,1,0,0,1,0,1,1,0,0],[1,1,1,1,0,1,0,1,0,1]]"
9,406,-0.029960383451256175,0.029960383451256175,"[[1,1,0,0,1,0,1,1,0,0],[1,1,1,1,0,1,0,1,1,0]]"
9,407,-0.030408567832039254,0.030408567832039254,"[[1,1,0,0,1,0,1,1,0,0],[1,1,1,1,0,1,0,1,1,1]]"
9,408,-0.03496219241888828,0.03496219241888828,"[[1,1,0,0,1,0,1,1,0,0],[1,1,1,1,0,1,1,0,0,0]]"
9,409,-0.03540425911863132,0.03540425911863132,"[[1,1,0,0,1,0,1,1,0,0],[1,1,1,1,0,1,1,0,0,1]]"
9,410,-0.037453807797727806,0.037453807797727806,"[[1,1,0,0,1,0,1,1,0,0],[1,1,1,1,0,1,1,0,1,0]]"
9,411,-0.03776223649231144,0.03776223649231144,"[[1,1,0,0,1,0,1,1,0,0],[1,1,1,1,0,1,1,0,1,1]]"
9,412,-0.0425690400935205,0.0425690400935205,"[[1,1,0,0,1,0,1,1,0,0],[1,1,1,1,0,1,1,1,0,0]]"
9,413,-0.04300366649139123,0.04300366649139123,"[[1,1,0,0,1,0,1,1,0,0],[1,1,1,1,0,1,1,1,0,1]]"
9,414,-0.04401293373893982,0.04401293373893982,"[[1,1,0,0,1,0,1,1,0,0],[1,1,1,1,0,1,1,1,1,0]]"
9,415,-0.04343346163702825,0.04343346163702825,"[[1,1,0,0,1,0,1,1,0,0],[1,1,1,1,0,1,1,1,1,1]]"
9,416,-0.00598531237441646,0.00598531237441646,"[[1,1,0,0,1,0,1,1,0,1],[1,1,1,1,0,0,0,0,0,0]]"
9,417,-0.006299882301541922,0.006299882301541922,"[[1,1,0,0,1,0,1,1,0,1],[1,1,1,1,0,0,0,0,0,1]]"
9,418,-0.0077682807085168335,0.0077682807085168335,"[[1,1,0,0,1,0,1,1,0,1],[1,1,1,1,0,0,0,0,1,0]]"
9,419,-0.008434162664567736,0.008434162664567736,"[[1,1,0,0,1,0,1,1,0,1],[1,1,1,1,0,0,0,0,1,1]]"
9,420,-0.010755892273834748,0.010755892273834748,"[[1,1,0,0,1,0,1,1,0,1],[1,1,1,1,0,0,0,1,0,0]]"
9,421,-0.011298114069769681,0.011298114069769681,"[[1,1,0,0,1,0,1,1,0,1],[1,1,1,1,0,0,0,1,0,1]]"
9,422,-0.013077687625272207,0.013077687625272207,"[[1,1,0,0,1,0,1,1,0,1],[1,1,1,1,0,0,0,1,1,0]]"
9,423,-0.013540937248194957,0.013540937248194957,"[[1,1,0,0,1,0,1,1,0,1],[1,1,1,1,0,0,0,1,1,1]]"
9,424,-0.015350716302363166,0.015350716302363166,"[[1,1,0,0,1,0,1,1,0,1],[1,1,1,1,0,0,1,0,0,0]]"
9,425,-0.016001881461245013,0.016001881461245013,"[[1,1,0,0,1,0,1,1,0,1],[1,1,1,1,0,0,1,0,0,1]]"
9,426,-0.017625400111460944,0.017625400111460944,"[[1,1,0,0,1,0,1,1,0,1],[1,1,1,1,0,0,1,0,1,0]]"
9,427,-0.017966499861800565,0.017966499861800565,"[[1,1,0,0,1,0,1,1,0,1],[1,1,1,1,0,0,1,0,1,1]]"
9,428,-0.022026015746337727,0.022026015746337727,"[[1,1,0,0,1,0,1,1,0,1],[1,1,1,1,0,0,1,1,0,0]]"
9,429,-0.022532283550238993,0.022532283550238993,"[[1,1,0,0,1,0,1,1,0,1],[1,1,1,1,0,0,1,1,0,1]]"
9,430,-0.024711671655037085,0.024711671655037085,"[[1,1,0,0,1,0,1,1,0,1],[1,1,1,1,0,0,1,1,1,0]]"
9,431,-0.024840061103544836,0.024840061103544836,"[[1,1,0,0,1,0,1,1,0,1],[1,1,1,1,0,0,1,1,1,1]]"
9,432,-0.020470336015847735,0.020470336015847735,"[[1,1,0,0,1,0,1,1,0,1],[1,1,1,1,0,1,0,0,0,0]]"
9,433,-0.021161178777817567,0.021161178777817567,"[[1,1,0,0,1,0,1,1,0,1],[1,1,1,1,0,1,0,0,0,1]]"
9,434,-0.023180265261194623,0.023180265261194623,"[[1,1,0,0,1,0,1,1,0,1],[1,1,1,1,0,1,0,0,1,0]]"
9,435,-0.02369510311172097,0.02369510311172097,"[[1,1,0,0,1,0,1,1,0,1],[1,1,1,1,0,1,0,0,1,1]]"
9,436,-0.02737395172339961,0.02737395172339961,"[[1,1,0,0,1,0,1,1,0,1],[1,1,1,1,0,1,0,1,0,0]]"
9,437,-0.027997101701984682,0.027997101701984682,"[[1,1,0,0,1,0,1,1,0,1],[1,1,1,1,0,1,0,1,0,1]]"
9,438,-0.030100253058412175,0.030100253058412175,"[[1,1,0,0,1,0,1,1,0,1],[1,1,1,1,0,1,0,1,1,0]]"
9,439,-0.030619495757429904,0.030619495757429904,"[[1,1,0,0,1,0,1,1,0,1],[1,1,1,1,0,1,0,1,1,1]]"
9,440,-0.034394383878517926,0.034394383878517926,"[[1,1,0,0,1,0,1,1,0,1],[1,1,1,1,0,1,1,0,0,0]]"
9,441,-0.03509777639324886,0.03509777639324886,"[[1,1,0,0,1,0,1,1,0,1],[1,1,1,1,0,1,1,0,0,1]]"
9,442,-0.03762854771955952,0.03762854771955952,"[[1,1,0,0,1,0,1,1,0,1],[1,1,1,1,0,1,1,0,1,0]]"
9,443,-0.037761023154416214,0.037761023154416214,"[[1,1,0,0,1,0,1,1,0,1],[1,1,1,1,0,1,1,0,1,1]]"
9,444,-0.04308033263251804,0.04308033263251804,"[[1,1,0,0,1,0,1,1,0,1],[1,1,1,1,0,1,1,1,0,0]]"
9,445,-0.04318646516726104,0.04318646516726104,"[[1,1,0,0,1,0,1,1,0,1],[1,1,1,1,0,1,1,1,0,1]]"
9,446,-0.04457898685052762,0.04457898685052762,"[[1,1,0,0,1,0,1,1,0,1],[1,1,1,1,0,1,1,1,1,0]]"
9,447,-0.04389399867945446,0.04389399867945446,"[[1,1,0,0,1,0,1,1,0,1],[1,1,1,1,0,1,1,1,1,1]]"
9,448,-0.004588649206347452,0.004588649206347452,"[[1,1,0,0,1,0,1,1,1,0],[1,1,1,1,0,0,0,0,0,0]]"
9,449,-0.004597775476814774,0.004597775476814774,"[[1,1,0,0,1,0,1,1,1,0],[1,1,1,1,0,0,0,0,0,1]]"
9,450,-0.0057278522848768386,0.0057278522848768386,"[[1,1,0,0,1,0,1,1,1,0],[1,1,1,1,0,0,0,0,1,0]]"
9,451,-0.006057617044287338,0.006057617044287338,"[[1,1,0,0,1,0,1,1,1,0],[1,1,1,1,0,0,0,0,1,1]]"
9,452,-0.008584053863610884,0.008584053863610884,"[[1,1,0,0,1,0,1,1,1,0],[1,1,1,1,0,0,0,1,0,0]]"
9,453,-0.008698142236611667,0.008698142236611667,"[[1,1,0,0,1,0,1,1,1,0],[1,1,1,1,0,0,0,1,0,1]]"
9,454,-0.010933528157880103,0.010933528157880103,"[[1,1,0,0,1,0,1,1,1,0],[1,1,1,1,0,0,0,1,1,0]]"
9,455,-0.011107380948044063,0.011107380948044063,"[[1,1,0,0,1,0,1,1,1,0],[1,1,1,1,0,0,0,1,1,1]]"
9,456,-0.013067159835582544,0.013067159835582544,"[[1,1,0,0,1,0,1,1,1,0],[1,1,1,1,0,0,1,0,0,0]]"
9,457,-0.013324390251057522,0.013324390251057522,"[[1,1,0,0,1,0,1,1,1,0],[1,1,1,1,0,0,1,0,0,1]]"
9,458,-0.01530341801199413,0.01530341801199413,"[[1,1,0,0,1,0,1,1,1,0],[1,1,1,1,0,0,1,0,1,0]]"
9,459,-0.015694308942530117,0.015694308942530117,"[[1,1,0,0,1,0,1,1,1,0],[1,1,1,1,0,0,1,0,1,1]]"
9,460,-0.020285180333926754,0.020285180333926754,"[[1,1,0,0,1,0,1,1,1,0],[1,1,1,1,0,0,1,1,0,0]]"
9,461,-0.02022039952852268,0.02022039952852268,"[[1,1,0,0,1,0,1,1,1,0],[1,1,1,1,0,0,1,1,0,1]]"
9,462,-0.02280656834773828,0.02280656834773828,"[[1,1,0,0,1,0,1,1,1,0],[1,1,1,1,0,0,1,1,1,0]]"
9,463,-0.02327793408509127,0.02327793408509127,"[[1,1,0,0,1,0,1,1,1,0],[1,1,1,1,0,0,1,1,1,1]]"
9,464,-0.01797397724039872,0.01797397724039872,"[[1,1,0,0,1,0,1,1,1,0],[1,1,1,1,0,1,0,0,0,0]]"
9,465,-0.018100277585319284,0.018100277585319284,"[[1,1,0,0,1,0,1,1,1,0],[1,1,1,1,0,1,0,0,0,1]]"
9,466,-0.02041027935859089,0.02041027935859089,"[[1,1,0,0,1,0,1,1,1,0],[1,1,1,1,0,1,0,0,1,0]]"
9,467,-0.020867346705888464,0.020867346705888464,"[[1,1,0,0,1,0,1,1,1,0],[1,1,1,1,0,1,0,0,1,1]]"
9,468,-0.025325344800263515,0.025325344800263515,"[[1,1,0,0,1,0,1,1,1,0],[1,1,1,1,0,1,0,1,0,0]]"
9,469,-0.025216281588796154,0.025216281588796154,"[[1,1,0,0,1,0,1,1,1,0],[1,1,1,1,0,1,0,1,0,1]]"
9,470,-0.028017483994942024,0.028017483994942024,"[[1,1,0,0,1,0,1,1,1,0],[1,1,1,1,0,1,0,1,1,0]]"
9,471,-0.028378254632745067,0.028378254632745067,"[[1,1,0,0,1,0,1,1,1,0],[1,1,1,1,0,1,0,1,1,1]]"
9,472,-0.03205293473754789,0.03205293473754789,"[[1,1,0,0,1,0,1,1,1,0],[1,1,1,1,0,1,1,0,0,0]]"
9,473,-0.032521935028684466,0.032521935028684466,"[[1,1,0,0,1,0,1,1,1,0],[1,1,1,1,0,1,1,0,0,1]]"
9,474,-0.03476965921787194,0.03476965921787194,"[[1,1,0,0,1,0,1,1,1,0],[1,1,1,1,0,1,1,0,1,0]]"
9,475,-0.03532533394616232,0.03532533394616232,"[[1,1,0,0,1,0,1,1,1,0],[1,1,1,1,0,1,1,0,1,1]]"
9,476,-0.04138756190506255,0.04138756190506255,"[[1,1,0,0,1,0,1,1,1,0],[1,1,1,1,0,1,1,1,0,0]]"
9,477,-0.041405948555281444,0.041405948555281444,"[[1,1,0,0,1,0,1,1,1,0],[1,1,1,1,0,1,1,1,0,1]]"
9,478,-0.044058324366566266,0.044058324366566266,"[[1,1,0,0,1,0,1,1,1,0],[1,1,1,1,0,1,1,1,1,0]]"
9,479,-0.043887426003967674,0.043887426003967674,"[[1,1,0,0,1,0,1,1,1,0],[1,1,1,1,0,1,1,1,1,1]]"
9,480,-0.004102459112523914,0.004102459112523914,"[[1,1,0,0,1,0,1,1,1,1],[1,1,1,1,0,0,0,0,0,0]]"
9,481,-0.004223125887456052,0.004223125887456052,"[[1,1,0,0,1,0,1,1,1,1],[1,1,1,1,0,0,0,0,0,1]]"
9,482,-0.005408621093846528,0.005408621093846528,"[[1,1,0,0,1,0,1,1,1,1],[1,1,1,1,0,0,0,0,1,0]]"
9,483,-0.005748443877215562,0.005748443877215562,"[[1,1,0,0,1,0,1,1,1,1],[1,1,1,1,0,0,0,0,1,1]]"
9,484,-0.008004293994552152,0.008004293994552152,"[[1,1,0,0,1,0,1,1,1,1],[1,1,1,1,0,0,0,1,0,0]]"
9,485,-0.008367845825470671,0.008367845825470671,"[[1,1,0,0,1,0,1,1,1,1],[1,1,1,1,0,0,0,1,0,1]]"
9,486,-0.010504036258723362,0.010504036258723362,"[[1,1,0,0,1,0,1,1,1,1],[1,1,1,1,0,0,0,1,1,0]]"
9,487,-0.01118348655825799,0.01118348655825799,"[[1,1,0,0,1,0,1,1,1,1],[1,1,1,1,0,0,0,1,1,1]]"
9,488,-0.012264517371273133,0.012264517371273133,"[[1,1,0,0,1,0,1,1,1,1],[1,1,1,1,0,0,1,0,0,0]]"
9,489,-0.012685228364115059,0.012685228364115059,"[[1,1,0,0,1,0,1,1,1,1],[1,1,1,1,0,0,1,0,0,1]]"
9,490,-0.014942255914998419,0.014942255914998419,"[[1,1,0,0,1,0,1,1,1,1],[1,1,1,1,0,0,1,0,1,0]]"
9,491,-0.015607106738271355,0.015607106738271355,"[[1,1,0,0,1,0,1,1,1,1],[1,1,1,1,0,0,1,0,1,1]]"
9,492,-0.019868505066742224,0.019868505066742224,"[[1,1,0,0,1,0,1,1,1,1],[1,1,1,1,0,0,1,1,0,0]]"
9,493,-0.020252574978176986,0.020252574978176986,"[[1,1,0,0,1,0,1,1,1,1],[1,1,1,1,0,0,1,1,0,1]]"
9,494,-0.022671540513942223,0.022671540513942223,"[[1,1,0,0,1,0,1,1,1,1],[1,1,1,1,0,0,1,1,1,0]]"
9,495,-0.023424741610414385,0.023424741610414385,"[[1,1,0,0,1,0,1,1,1,1],[1,1,1,1,0,0,1,1,1,1]]"
9,496,-0.01711025439403338,0.01711025439403338,"[[1,1,0,0,1,0,1,1,1,1],[1,1,1,1,0,1,0,0,0,0]]"
9,497,-0.0175417492175698,0.0175417492175698,"[[1,1,0,0,1,0,1,1,1,1],[1,1,1,1,0,1,0,0,0,1]]"
9,498,-0.019716706492865697,0.019716706492865697,"[[1,1,0,0,1,0,1,1,1,1],[1,1,1,1,0,1,0,0,1,0]]"
9,499,-0.02056967324343827,0.02056967324343827,"[[1,1,0,0,1,0,1,1,1,1],[1,1,1,1,0,1,0,0,1,1]]"
9,500,-0.024650574945564926,0.024650574945564926,"[[1,1,0,0,1,0,1,1,1,1],[1,1,1,1,0,1,0,1,0,0]]"
9,501,-0.025034184393917323,0.025034184393917323,"[[1,1,0,0,1,0,1,1,1,1],[1,1,1,1,0,1,0,1,0,1]]"
9,502,-0.027746378538788447,0.027746378538788447,"[[1,1,0,0,1,0,1,1,1,1],[1,1,1,1,0,1,0,1,1,0]]"
9,503,-0.028522673911337226,0.028522673911337226,"[[1,1,0,0,1,0,1,1,1,1],[1,1,1,1,0,1,0,1,1,1]]"
9,504,-0.0307966214188384,0.0307966214188384,"[[1,1,0,0,1,0,1,1,1,1],[1,1,1,1,0,1,1,0,0,0]]"
9,505,-0.031771575069551215,0.031771575069551215,"[[1,1,0,0,1,0,1,1,1,1],[1,1,1,1,0,1,1,0,0,1]]"
9,506,-0.03423735087541638,0.03423735087541638,"[[1,1,0,0,1,0,1,1,1,1],[1,1,1,1,0,1,1,0,1,0]]"
9,507,-0.03500398126559465,0.03500398126559465,"[[1,1,0,0,1,0,1,1,1,1],[1,1,1,1,0,1,1,0,1,1]]"
9,508,-0.040673864847479625,0.040673864847479625,"[[1,1,0,0,1,0,1,1,1,1],[1,1,1,1,0,1,1,1,0,0]]"
9,509,-0.041213587123516186,0.041213587123516186,"[[1,1,0,0,1,0,1,1,1,1],[1,1,1,1,0,1,1,1,0,1]]"
9,510,-0.044080148673733346,0.044080148673733346,"[[1,1,0,0,1,0,1,1,1,1],[1,1,1,1,0,1,1,1,1,0]]"
9,511,-0.04434148824909823,0.04434148824909823,"[[1,1,0,0,1,0,1,1,1,1],[1,1,1,1,0,1,1,1,1,1]]"
9,512,-0.008048762511029569,0.008048762511029569,"[[1,1,0,0,1,1,0,0,0,0],[1,1,1,1,0,0,0,0,0,0]]"
9,513,-0.00792325189346373,0.00792325189346373,"[[1,1,0,0,1,1,0,0,0,0],[1,1,1,1,0,0,0,0,0,1]]"
9,514,-0.009123175788120597,0.009123175788120597,"[[1,1,0,0,1,1,0,0,0,0],[1,1,1,1,0,0,0,0,1,0]]"
9,515,-0.009383958851805867,0.009383958851805867,"[[1,1,0,0,1,1,0,0,0,0],[1,1,1,1,0,0,0,0,1,1]]"
9,516,-0.011942842528603052,0.011942842528603052,"[[1,1,0,0,1,1,0,0,0,0],[1,1,1,1,0,0,0,1,0,0]]"
9,517,-0.012287414607135047,0.012287414607135047,"[[1,1,0,0,1,1,0,0,0,0],[1,1,1,1,0,0,0,1,0,1]]"
9,518,-0.013200667692593576,0.013200667692593576,"[[1,1,0,0,1,1,0,0,0,0],[1,1,1,1,0,0,0,1,1,0]]"
9,519,-0.013179696439601324,0.013179696439601324,"[[1,1,0,0,1,1,0,0,0,0],[1,1,1,1,0,0,0,1,1,1]]"
9,520,-0.01535399354654166,0.01535399354654166,"[[1,1,0,0,1,1,0,0,0,0],[1,1,1,1,0,0,1,0,0,0]]"
9,521,-0.015701253416326923,0.015701253416326923,"[[1,1,0,0,1,1,0,0,0,0],[1,1,1,1,0,0,1,0,0,1]]"
9,522,-0.01713910487998323,0.01713910487998323,"[[1,1,0,0,1,1,0,0,0,0],[1,1,1,1,0,0,1,0,1,0]]"
9,523,-0.017292455500063163,0.017292455500063163,"[[1,1,0,0,1,1,0,0,0,0],[1,1,1,1,0,0,1,0,1,1]]"
9,524,-0.02036359808394972,0.02036359808394972,"[[1,1,0,0,1,1,0,0,0,0],[1,1,1,1,0,0,1,1,0,0]]"
9,525,-0.020583289557833232,0.020583289557833232,"[[1,1,0,0,1,1,0,0,0,0],[1,1,1,1,0,0,1,1,0,1]]"
9,526,-0.021320231387962713,0.021320231387962713,"[[1,1,0,0,1,1,0,0,0,0],[1,1,1,1,0,0,1,1,1,0]]"
9,527,-0.020452559768952258,0.020452559768952258,"[[1,1,0,0,1,1,0,0,0,0],[1,1,1,1,0,0,1,1,1,1]]"
9,528,-0.020114836489080218,0.020114836489080218,"[[1,1,0,0,1,1,0,0,0,0],[1,1,1,1,0,1,0,0,0,0]]"
9,529,-0.0202198629654451,0.0202198629654451,"[[1,1,0,0,1,1,0,0,0,0],[1,1,1,1,0,1,0,0,0,1]]"
9,530,-0.021963111097010723,0.021963111097010723,"[[1,1,0,0,1,1,0,0,0,0],[1,1,1,1,0,1,0,0,1,0]]"
9,531,-0.022204867781465226,0.022204867781465226,"[[1,1,0,0,1,1,0,0,0,0],[1,1,1,1,0,1,0,0,1,1]]"
9,532,-0.02525264737138741,0.02525264737138741,"[[1,1,0,0,1,1,0,0,0,0],[1,1,1,1,0,1,0,1,0,0]]"
9,533,-0.025514844897170028,0.025514844897170028,"[[1,1,0,0,1,1,0,0,0,0],[1,1,1,1,0,1,0,1,0,1]]"
9,534,-0.026518073183244856,0.026518073183244856,"[[1,1,0,0,1,1,0,0,0,0],[1,1,1,1,0,1,0,1,1,0]]"
9,535,-0.02598481370511795,0.02598481370511795,"[[1,1,0,0,1,1,0,0,0,0],[1,1,1,1,0,1,0,1,1,1]]"
9,536,-0.031238402585906332,0.031238402585906332,"[[1,1,0,0,1,1,0,0,0,0],[1,1,1,1,0,1,1,0,0,0]]"
9,537,-0.03139143401477304,0.03139143401477304,"[[1,1,0,0,1,1,0,0,0,0],[1,1,1,1,0,1,1,0,0,1]]"
9,538,-0.03298619807453225,0.03298619807453225,"[[1,1,0,0,1,1,0,0,0,0],[1,1,1,1,0,1,1,0,1,0]]"
9,539,-0.032764409073719684,0.032764409073719684,"[[1,1,0,0,1,1,0,0,0,0],[1,1,1,1,0,1,1,0,1,1]]"
9,540,-0.0350017628726446,0.0350017628726446,"[[1,1,0,0,1,1,0,0,0,0],[1,1,1,1,0,1,1,1,0,0]]"
9,541,-0.034375235808868275,0.034375235808868275,"[[1,1,0,0,1,1,0,0,0,0],[1,1,1,1,0,1,1,1,0,1]]"
9,542,-0.034668120043266526,0.034668120043266526,"[[1,1,0,0,1,1,0,0,0,0],[1,1,1,1,0,1,1,1,1,0]]"
9,543,-0.03203813225201585,0.03203813225201585,"[[1,1,0,0,1,1,0,0,0,0],[1,1,1,1,0,1,1,1,1,1]]"
9,544,-0.00782077751713815,0.00782077751713815,"[[1,1,0,0,1,1,0,0,0,1],[1,1,1,1,0,0,0,0,0,0]]"
9,545,-0.00801486534031848,0.00801486534031848,"[[1,1,0,0,1,1,0,0,0,1],[1,1,1,1,0,0,0,0,0,1]]"
9,546,-0.00930168815776706,0.00930168815776706,"[[1,1,0,0,1,1,0,0,0,1],[1,1,1,1,0,0,0,0,1,0]]"
9,547,-0.009562525831141495,0.009562525831141495,"[[1,1,0,0,1,1,0,0,0,1],[1,1,1,1,0,0,0,0,1,1]]"
9,548,-0.011985515588734823,0.011985515588734823,"[[1,1,0,0,1,1,0,0,0,1],[1,1,1,1,0,0,0,1,0,0]]"
9,549,-0.012324330751564782,0.012324330751564782,"[[1,1,0,0,1,1,0,0,0,1],[1,1,1,1,0,0,0,1,0,1]]"
9,550,-0.013610560027011515,0.013610560027011515,"[[1,1,0,0,1,1,0,0,0,1],[1,1,1,1,0,0,0,1,1,0]]"
9,551,-0.013711469583186942,0.013711469583186942,"[[1,1,0,0,1,1,0,0,0,1],[1,1,1,1,0,0,0,1,1,1]]"
9,552,-0.015386920486219091,0.015386920486219091,"[[1,1,0,0,1,1,0,0,0,1],[1,1,1,1,0,0,1,0,0,0]]"
9,553,-0.01587492126381737,0.01587492126381737,"[[1,1,0,0,1,1,0,0,0,1],[1,1,1,1,0,0,1,0,0,1]]"
9,554,-0.017493769676824245,0.017493769676824245,"[[1,1,0,0,1,1,0,0,0,1],[1,1,1,1,0,0,1,0,1,0]]"
9,555,-0.017619080715816453,0.017619080715816453,"[[1,1,0,0,1,1,0,0,0,1],[1,1,1,1,0,0,1,0,1,1]]"
9,556,-0.02093348379468368,0.02093348379468368,"[[1,1,0,0,1,1,0,0,0,1],[1,1,1,1,0,0,1,1,0,0]]"
9,557,-0.02109818978606476,0.02109818978606476,"[[1,1,0,0,1,1,0,0,0,1],[1,1,1,1,0,0,1,1,0,1]]"
9,558,-0.021945227148101442,0.021945227148101442,"[[1,1,0,0,1,1,0,0,0,1],[1,1,1,1,0,0,1,1,1,0]]"
9,559,-0.021488789464364003,0.021488789464364003,"[[1,1,0,0,1,1,0,0,0,1],[1,1,1,1,0,0,1,1,1,1]]"
9,560,-0.020096950498520224,0.020096950498520224,"[[1,1,0,0,1,1,0,0,0,1],[1,1,1,1,0,1,0,0,0,0]]"
9,561,-0.020379014037409174,0.020379014037409174,"[[1,1,0,0,1,1,0,0,0,1],[1,1,1,1,0,1,0,0,0,1]]"
9,562,-0.022018032788241194,0.022018032788241194,"[[1,1,0,0,1,1,0,0,0,1],[1,1,1,1,0,1,0,0,1,0]]"
9,563,-0.022457117927720174,0.022457117927720174,"[[1,1,0,0,1,1,0,0,0,1],[1,1,1,1,0,1,0,0,1,1]]"
9,564,-0.025698517222687296,0.025698517222687296,"[[1,1,0,0,1,1,0,0,0,1],[1,1,1,1,0,1,0,1,0,0]]"
9,565,-0.025914263863300008,0.025914263863300008,"[[1,1,0,0,1,1,0,0,0,1],[1,1,1,1,0,1,0,1,0,1]]"
9,566,-0.026824476814727116,0.026824476814727116,"[[1,1,0,0,1,1,0,0,0,1],[1,1,1,1,0,1,0,1,1,0]]"
9,567,-0.02675989062171026,0.02675989062171026,"[[1,1,0,0,1,1,0,0,0,1],[1,1,1,1,0,1,0,1,1,1]]"
9,568,-0.03145341069954438,0.03145341069954438,"[[1,1,0,0,1,1,0,0,0,1],[1,1,1,1,0,1,1,0,0,0]]"
9,569,-0.031874084553445155,0.031874084553445155,"[[1,1,0,0,1,1,0,0,0,1],[1,1,1,1,0,1,1,0,0,1]]"
9,570,-0.0334981001755788,0.0334981001755788,"[[1,1,0,0,1,1,0,0,0,1],[1,1,1,1,0,1,1,0,1,0]]"
9,571,-0.03325742386956584,0.03325742386956584,"[[1,1,0,0,1,1,0,0,0,1],[1,1,1,1,0,1,1,0,1,1]]"
9,572,-0.03601489685866763,0.03601489685866763,"[[1,1,0,0,1,1,0,0,0,1],[1,1,1,1,0,1,1,1,0,0]]"
9,573,-0.03556167718764723,0.03556167718764723,"[[1,1,0,0,1,1,0,0,0,1],[1,1,1,1,0,1,1,1,0,1]]"
9,574,-0.03568273570188751,0.03568273570188751,"[[1,1,0,0,1,1,0,0,0,1],[1,1,1,1,0,1,1,1,1,0]]"
9,575,-0.03418158633442329,0.03418158633442329,"[[1,1,0,0,1,1,0,0,0,1],[1,1,1,1,0,1,1,1,1,1]]"
9,576,-0.006211707892377611,0.006211707892377611,"[[1,1,0,0,1,1,0,0,1,0],[1,1,1,1,0,0,0,0,0,0]]"
9,577,-0.006249468645117823,0.006249468645117823,"[[1,1,0,0,1,1,0,0,1,0],[1,1,1,1,0,0,0,0,0,1]]"
9,578,-0.007753223165368167,0.007753223165368167,"[[1,1,0,0,1,1,0,0,1,0],[1,1,1,1,0,0,0,0,1,0]]"
9,579,-0.007916391472406014,0.007916391472406014,"[[1,1,0,0,1,1,0,0,1,0],[1,1,1,1,0,0,0,0,1,1]]"
9,580,-0.01068887396811131,0.01068887396811131,"[[1,1,0,0,1,1,0,0,1,0],[1,1,1,1,0,0,0,1,0,0]]"
9,581,-0.010722279544357796,0.010722279544357796,"[[1,1,0,0,1,1,0,0,1,0],[1,1,1,1,0,0,0,1,0,1]]"
9,582,-0.012676765788650426,0.012676765788650426,"[[1,1,0,0,1,1,0,0,1,0],[1,1,1,1,0,0,0,1,1,0]]"
9,583,-0.01282184674733716,0.01282184674733716,"[[1,1,0,0,1,1,0,0,1,0],[1,1,1,1,0,0,0,1,1,1]]"
9,584,-0.01381974836818705,0.01381974836818705,"[[1,1,0,0,1,1,0,0,1,0],[1,1,1,1,0,0,1,0,0,0]]"
9,585,-0.013950343717865455,0.013950343717865455,"[[1,1,0,0,1,1,0,0,1,0],[1,1,1,1,0,0,1,0,0,1]]"
9,586,-0.015825789471810448,0.015825789471810448,"[[1,1,0,0,1,1,0,0,1,0],[1,1,1,1,0,0,1,0,1,0]]"
9,587,-0.016343207254030694,0.016343207254030694,"[[1,1,0,0,1,1,0,0,1,0],[1,1,1,1,0,0,1,0,1,1]]"
9,588,-0.019546096834087007,0.019546096834087007,"[[1,1,0,0,1,1,0,0,1,0],[1,1,1,1,0,0,1,1,0,0]]"
9,589,-0.020072451271983267,0.020072451271983267,"[[1,1,0,0,1,1,0,0,1,0],[1,1,1,1,0,0,1,1,0,1]]"
9,590,-0.021715812273435817,0.021715812273435817,"[[1,1,0,0,1,1,0,0,1,0],[1,1,1,1,0,0,1,1,1,0]]"
9,591,-0.021632236952773946,0.021632236952773946,"[[1,1,0,0,1,1,0,0,1,0],[1,1,1,1,0,0,1,1,1,1]]"
9,592,-0.01814499917221764,0.01814499917221764,"[[1,1,0,0,1,1,0,0,1,0],[1,1,1,1,0,1,0,0,0,0]]"
9,593,-0.017933582668654205,0.017933582668654205,"[[1,1,0,0,1,1,0,0,1,0],[1,1,1,1,0,1,0,0,0,1]]"
9,594,-0.020258784671745703,0.020258784671745703,"[[1,1,0,0,1,1,0,0,1,0],[1,1,1,1,0,1,0,0,1,0]]"
9,595,-0.020722904298629673,0.020722904298629673,"[[1,1,0,0,1,1,0,0,1,0],[1,1,1,1,0,1,0,0,1,1]]"
9,596,-0.024644511098845846,0.024644511098845846,"[[1,1,0,0,1,1,0,0,1,0],[1,1,1,1,0,1,0,1,0,0]]"
9,597,-0.024866560691729843,0.024866560691729843,"[[1,1,0,0,1,1,0,0,1,0],[1,1,1,1,0,1,0,1,0,1]]"
9,598,-0.02643256557217182,0.02643256557217182,"[[1,1,0,0,1,1,0,0,1,0],[1,1,1,1,0,1,0,1,1,0]]"
9,599,-0.02627191452876448,0.02627191452876448,"[[1,1,0,0,1,1,0,0,1,0],[1,1,1,1,0,1,0,1,1,1]]"
9,600,-0.030359106769247992,0.030359106769247992,"[[1,1,0,0,1,1,0,0,1,0],[1,1,1,1,0,1,1,0,0,0]]"
9,601,-0.030237676262938846,0.030237676262938846,"[[1,1,0,0,1,1,0,0,1,0],[1,1,1,1,0,1,1,0,0,1]]"
9,602,-0.03230536051732451,0.03230536051732451,"[[1,1,0,0,1,1,0,0,1,0],[1,1,1,1,0,1,1,0,1,0]]"
9,603,-0.032186057754693215,0.032186057754693215,"[[1,1,0,0,1,1,0,0,1,0],[1,1,1,1,0,1,1,0,1,1]]"
9,604,-0.0360009877373986,0.0360009877373986,"[[1,1,0,0,1,1,0,0,1,0],[1,1,1,1,0,1,1,1,0,0]]"
9,605,-0.03592596861886797,0.03592596861886797,"[[1,1,0,0,1,1,0,0,1,0],[1,1,1,1,0,1,1,1,0,1]]"
9,606,-0.036791375496088345,0.036791375496088345,"[[1,1,0,0,1,1,0,0,1,0],[1,1,1,1,0,1,1,1,1,0]]"
9,607,-0.03598972196367811,0.03598972196367811,"[[1,1,0,0,1,1,0,0,1,0],[1,1,1,1,0,1,1,1,1,1]]"
9,608,-0.005817790876481017,0.005817790876481017,"[[1,1,0,0,1,1,0,0,1,1],[1,1,1,1,0,0,0,0,0,0]]"
9,609,-0.006215918885656868,0.006215918885656868,"[[1,1,0,0,1,1,0,0,1,1],[1,1,1,1,0,0,0,0,0,1]]"
9,610,-0.007696999167676973,0.007696999167676973,"[[1,1,0,0,1,1,0,0,1,1],[1,1,1,1,0,0,0,0,1,0]]"
9,611,-0.008046248537764276,0.008046248537764276,"[[1,1,0,0,1,1,0,0,1,1],[1,1,1,1,0,0,0,0,1,1]]"
9,612,-0.010404027215982698,0.010404027215982698,"[[1,1,0,0,1,1,0,0,1,1],[1,1,1,1,0,0,0,1,0,0]]"
9,613,-0.010857323403790855,0.010857323403790855,"[[1,1,0,0,1,1,0,0,1,1],[1,1,1,1,0,0,0,1,0,1]]"
9,614,-0.012675788169254005,0.012675788169254005,"[[1,1,0,0,1,1,0,0,1,1],[1,1,1,1,0,0,0,1,1,0]]"
9,615,-0.013121446681734032,0.013121446681734032,"[[1,1,0,0,1,1,0,0,1,1],[1,1,1,1,0,0,0,1,1,1]]"
9,616,-0.013540488324817803,0.013540488324817803,"[[1,1,0,0,1,1,0,0,1,1],[1,1,1,1,0,0,1,0,0,0]]"
9,617,-0.014046485422905325,0.014046485422905325,"[[1,1,0,0,1,1,0,0,1,1],[1,1,1,1,0,0,1,0,0,1]]"
9,618,-0.015555326628345632,0.015555326628345632,"[[1,1,0,0,1,1,0,0,1,1],[1,1,1,1,0,0,1,0,1,0]]"
9,619,-0.01628635783465952,0.01628635783465952,"[[1,1,0,0,1,1,0,0,1,1],[1,1,1,1,0,0,1,0,1,1]]"
9,620,-0.01906324958586361,0.01906324958586361,"[[1,1,0,0,1,1,0,0,1,1],[1,1,1,1,0,0,1,1,0,0]]"
9,621,-0.019960026635830835,0.019960026635830835,"[[1,1,0,0,1,1,0,0,1,1],[1,1,1,1,0,0,1,1,0,1]]"
9,622,-0.02192585870876608,0.02192585870876608,"[[1,1,0,0,1,1,0,0,1,1],[1,1,1,1,0,0,1,1,1,0]]"
9,623,-0.022199805296610857,0.022199805296610857,"[[1,1,0,0,1,1,0,0,1,1],[1,1,1,1,0,0,1,1,1,1]]"
9,624,-0.017794562395894987,0.017794562395894987,"[[1,1,0,0,1,1,0,0,1,1],[1,1,1,1,0,1,0,0,0,0]]"
9,625,-0.01819743847821749,0.01819743847821749,"[[1,1,0,0,1,1,0,0,1,1],[1,1,1,1,0,1,0,0,0,1]]"
9,626,-0.020093632297924297,0.020093632297924297,"[[1,1,0,0,1,1,0,0,1,1],[1,1,1,1,0,1,0,0,1,0]]"
9,627,-0.0207197914734276,0.0207197914734276,"[[1,1,0,0,1,1,0,0,1,1],[1,1,1,1,0,1,0,0,1,1]]"
9,628,-0.02414039403406781,0.02414039403406781,"[[1,1,0,0,1,1,0,0,1,1],[1,1,1,1,0,1,0,1,0,0]]"
9,629,-0.024807070651288878,0.024807070651288878,"[[1,1,0,0,1,1,0,0,1,1],[1,1,1,1,0,1,0,1,0,1]]"
9,630,-0.02657349490555542,0.02657349490555542,"[[1,1,0,0,1,1,0,0,1,1],[1,1,1,1,0,1,0,1,1,0]]"
9,631,-0.026821188110486026,0.026821188110486026,"[[1,1,0,0,1,1,0,0,1,1],[1,1,1,1,0,1,0,1,1,1]]"
9,632,-0.029816604323705687,0.029816604323705687,"[[1,1,0,0,1,1,0,0,1,1],[1,1,1,1,0,1,1,0,0,0]]"
9,633,-0.030385658144214078,0.030385658144214078,"[[1,1,0,0,1,1,0,0,1,1],[1,1,1,1,0,1,1,0,0,1]]"
9,634,-0.032255031648367447,0.032255031648367447,"[[1,1,0,0,1,1,0,0,1,1],[1,1,1,1,0,1,1,0,1,0]]"
9,635,-0.032611074954264636,0.032611074954264636,"[[1,1,0,0,1,1,0,0,1,1],[1,1,1,1,0,1,1,0,1,1]]"
9,636,-0.03567713995867722,0.03567713995867722,"[[1,1,0,0,1,1,0,0,1,1],[1,1,1,1,0,1,1,1,0,0]]"
9,637,-0.0362919874278769,0.0362919874278769,"[[1,1,0,0,1,1,0,0,1,1],[1,1,1,1,0,1,1,1,0,1]]"
9,638,-0.03747242152686073,0.03747242152686073,"[[1,1,0,0,1,1,0,0,1,1],[1,1,1,1,0,1,1,1,1,0]]"
9,639,-0.036925792337862584,0.036925792337862584,"[[1,1,0,0,1,1,0,0,1,1],[1,1,1,1,0,1,1,1,1,1]]"
9,640,-0.004124940162306689,0.004124940162306689,"[[1,1,0,0,1,1,0,1,0,0],[1,1,1,1,0,0,0,0,0,0]]"
9,641,-0.004243054471989464,0.004243054471989464,"[[1,1,0,0,1,1,0,1,0,0],[1,1,1,1,0,0,0,0,0,1]]"
9,642,-0.00523125247314436,0.00523125247314436,"[[1,1,0,0,1,1,0,1,0,0],[1,1,1,1,0,0,0,0,1,0]]"
9,643,-0.005495018791283027,0.005495018791283027,"[[1,1,0,0,1,1,0,1,0,0],[1,1,1,1,0,0,0,0,1,1]]"
9,644,-0.00813976648947024,0.00813976648947024,"[[1,1,0,0,1,1,0,1,0,0],[1,1,1,1,0,0,0,1,0,0]]"
9,645,-0.008318000601569547,0.008318000601569547,"[[1,1,0,0,1,1,0,1,0,0],[1,1,1,1,0,0,0,1,0,1]]"
9,646,-0.009362842552797167,0.009362842552797167,"[[1,1,0,0,1,1,0,1,0,0],[1,1,1,1,0,0,0,1,1,0]]"
9,647,-0.009634299949698394,0.009634299949698394,"[[1,1,0,0,1,1,0,1,0,0],[1,1,1,1,0,0,0,1,1,1]]"
9,648,-0.01155093602735527,0.01155093602735527,"[[1,1,0,0,1,1,0,1,0,0],[1,1,1,1,0,0,1,0,0,0]]"
9,649,-0.011725164042146432,0.011725164042146432,"[[1,1,0,0,1,1,0,1,0,0],[1,1,1,1,0,0,1,0,0,1]]"
9,650,-0.012976417436773214,0.012976417436773214,"[[1,1,0,0,1,1,0,1,0,0],[1,1,1,1,0,0,1,0,1,0]]"
9,651,-0.013246270599027549,0.013246270599027549,"[[1,1,0,0,1,1,0,1,0,0],[1,1,1,1,0,0,1,0,1,1]]"
9,652,-0.017105840503248582,0.017105840503248582,"[[1,1,0,0,1,1,0,1,0,0],[1,1,1,1,0,0,1,1,0,0]]"
9,653,-0.017627724197820455,0.017627724197820455,"[[1,1,0,0,1,1,0,1,0,0],[1,1,1,1,0,0,1,1,0,1]]"
9,654,-0.018729647788718953,0.018729647788718953,"[[1,1,0,0,1,1,0,1,0,0],[1,1,1,1,0,0,1,1,1,0]]"
9,655,-0.018692389475468526,0.018692389475468526,"[[1,1,0,0,1,1,0,1,0,0],[1,1,1,1,0,0,1,1,1,1]]"
9,656,-0.015307527018009907,0.015307527018009907,"[[1,1,0,0,1,1,0,1,0,0],[1,1,1,1,0,1,0,0,0,0]]"
9,657,-0.015537484464335337,0.015537484464335337,"[[1,1,0,0,1,1,0,1,0,0],[1,1,1,1,0,1,0,0,0,1]]"
9,658,-0.016964732626293028,0.016964732626293028,"[[1,1,0,0,1,1,0,1,0,0],[1,1,1,1,0,1,0,0,1,0]]"
9,659,-0.0173828235331083,0.0173828235331083,"[[1,1,0,0,1,1,0,1,0,0],[1,1,1,1,0,1,0,0,1,1]]"
9,660,-0.02101888543822127,0.02101888543822127,"[[1,1,0,0,1,1,0,1,0,0],[1,1,1,1,0,1,0,1,0,0]]"
9,661,-0.02156189402921023,0.02156189402921023,"[[1,1,0,0,1,1,0,1,0,0],[1,1,1,1,0,1,0,1,0,1]]"
9,662,-0.023169412709208134,0.023169412709208134,"[[1,1,0,0,1,1,0,1,0,0],[1,1,1,1,0,1,0,1,1,0]]"
9,663,-0.02340986760487835,0.02340986760487835,"[[1,1,0,0,1,1,0,1,0,0],[1,1,1,1,0,1,0,1,1,1]]"
9,664,-0.02728596393933017,0.02728596393933017,"[[1,1,0,0,1,1,0,1,0,0],[1,1,1,1,0,1,1,0,0,0]]"
9,665,-0.027783328920418522,0.027783328920418522,"[[1,1,0,0,1,1,0,1,0,0],[1,1,1,1,0,1,1,0,0,1]]"
9,666,-0.029240023927634945,0.029240023927634945,"[[1,1,0,0,1,1,0,1,0,0],[1,1,1,1,0,1,1,0,1,0]]"
9,667,-0.029608776276312154,0.029608776276312154,"[[1,1,0,0,1,1,0,1,0,0],[1,1,1,1,0,1,1,0,1,1]]"
9,668,-0.0340223281273016,0.0340223281273016,"[[1,1,0,0,1,1,0,1,0,0],[1,1,1,1,0,1,1,1,0,0]]"
9,669,-0.03444004842376446,0.03444004842376446,"[[1,1,0,0,1,1,0,1,0,0],[1,1,1,1,0,1,1,1,0,1]]"
9,670,-0.035406738828579545,0.035406738828579545,"[[1,1,0,0,1,1,0,1,0,0],[1,1,1,1,0,1,1,1,1,0]]"
9,671,-0.03469675516307368,0.03469675516307368,"[[1,1,0,0,1,1,0,1,0,0],[1,1,1,1,0,1,1,1,1,1]]"
9,672,-0.003798363339578987,0.003798363339578987,"[[1,1,0,0,1,1,0,1,0,1],[1,1,1,1,0,0,0,0,0,0]]"
9,673,-0.004109639416489019,0.004109639416489019,"[[1,1,0,0,1,1,0,1,0,1],[1,1,1,1,0,0,0,0,0,1]]"
9,674,-0.00525330073995681,0.00525330073995681,"[[1,1,0,0,1,1,0,1,0,1],[1,1,1,1,0,0,0,0,1,0]]"
9,675,-0.0055685228815173585,0.0055685228815173585,"[[1,1,0,0,1,1,0,1,0,1],[1,1,1,1,0,0,0,0,1,1]]"
9,676,-0.008053296480542286,0.008053296480542286,"[[1,1,0,0,1,1,0,1,0,1],[1,1,1,1,0,0,0,1,0,0]]"
9,677,-0.008387492382859858,0.008387492382859858,"[[1,1,0,0,1,1,0,1,0,1],[1,1,1,1,0,0,0,1,0,1]]"
9,678,-0.009582825561347963,0.009582825561347963,"[[1,1,0,0,1,1,0,1,0,1],[1,1,1,1,0,0,0,1,1,0]]"
9,679,-0.009750960746983226,0.009750960746983226,"[[1,1,0,0,1,1,0,1,0,1],[1,1,1,1,0,0,0,1,1,1]]"
9,680,-0.01125544293441189,0.01125544293441189,"[[1,1,0,0,1,1,0,1,0,1],[1,1,1,1,0,0,1,0,0,0]]"
9,681,-0.01182620002318522,0.01182620002318522,"[[1,1,0,0,1,1,0,1,0,1],[1,1,1,1,0,0,1,0,0,1]]"
9,682,-0.013335770711013675,0.013335770711013675,"[[1,1,0,0,1,1,0,1,0,1],[1,1,1,1,0,0,1,0,1,0]]"
9,683,-0.013455057534730646,0.013455057534730646,"[[1,1,0,0,1,1,0,1,0,1],[1,1,1,1,0,0,1,0,1,1]]"
9,684,-0.01697006545772255,0.01697006545772255,"[[1,1,0,0,1,1,0,1,0,1],[1,1,1,1,0,0,1,1,0,0]]"
9,685,-0.017615189289893658,0.017615189289893658,"[[1,1,0,0,1,1,0,1,0,1],[1,1,1,1,0,0,1,1,0,1]]"
9,686,-0.01917466960184209,0.01917466960184209,"[[1,1,0,0,1,1,0,1,0,1],[1,1,1,1,0,0,1,1,1,0]]"
9,687,-0.01905578973287365,0.01905578973287365,"[[1,1,0,0,1,1,0,1,0,1],[1,1,1,1,0,0,1,1,1,1]]"
9,688,-0.015019061464659011,0.015019061464659011,"[[1,1,0,0,1,1,0,1,0,1],[1,1,1,1,0,1,0,0,0,0]]"
9,689,-0.015602433818173696,0.015602433818173696,"[[1,1,0,0,1,1,0,1,0,1],[1,1,1,1,0,1,0,0,0,1]]"
9,690,-0.017245512971115314,0.017245512971115314,"[[1,1,0,0,1,1,0,1,0,1],[1,1,1,1,0,1,0,0,1,0]]"
9,691,-0.017534480684903004,0.017534480684903004,"[[1,1,0,0,1,1,0,1,0,1],[1,1,1,1,0,1,0,0,1,1]]"
9,692,-0.02122051552290632,0.02122051552290632,"[[1,1,0,0,1,1,0,1,0,1],[1,1,1,1,0,1,0,1,0,0]]"
9,693,-0.021689034237324867,0.021689034237324867,"[[1,1,0,0,1,1,0,1,0,1],[1,1,1,1,0,1,0,1,0,1]]"
9,694,-0.0234844276657655,0.0234844276657655,"[[1,1,0,0,1,1,0,1,0,1],[1,1,1,1,0,1,0,1,1,0]]"
9,695,-0.02363833609702779,0.02363833609702779,"[[1,1,0,0,1,1,0,1,0,1],[1,1,1,1,0,1,0,1,1,1]]"
9,696,-0.026892127899012137,0.026892127899012137,"[[1,1,0,0,1,1,0,1,0,1],[1,1,1,1,0,1,1,0,0,0]]"
9,697,-0.027740342134055483,0.027740342134055483,"[[1,1,0,0,1,1,0,1,0,1],[1,1,1,1,0,1,1,0,0,1]]"
9,698,-0.029634696316073385,0.029634696316073385,"[[1,1,0,0,1,1,0,1,0,1],[1,1,1,1,0,1,1,0,1,0]]"
9,699,-0.02977287351349993,0.02977287351349993,"[[1,1,0,0,1,1,0,1,0,1],[1,1,1,1,0,1,1,0,1,1]]"
9,700,-0.034092117082583626,0.034092117082583626,"[[1,1,0,0,1,1,0,1,0,1],[1,1,1,1,0,1,1,1,0,0]]"
9,701,-0.03470645864133424,0.03470645864133424,"[[1,1,0,0,1,1,0,1,0,1],[1,1,1,1,0,1,1,1,0,1]]"
9,702,-0.03601645310325575,0.03601645310325575,"[[1,1,0,0,1,1,0,1,0,1],[1,1,1,1,0,1,1,1,1,0]]"
9,703,-0.03510425456857699,0.03510425456857699,"[[1,1,0,0,1,1,0,1,0,1],[1,1,1,1,0,1,1,1,1,1]]"
9,704,-0.0025073815820228678,0.0025073815820228678,"[[1,1,0,0,1,1,0,1,1,0],[1,1,1,1,0,0,0,0,0,0]]"
9,705,-0.0025840464539889385,0.0025840464539889385,"[[1,1,0,0,1,1,0,1,1,0],[1,1,1,1,0,0,0,0,0,1]]"
9,706,-0.0036705693434907257,0.0036705693434907257,"[[1,1,0,0,1,1,0,1,1,0],[1,1,1,1,0,0,0,0,1,0]]"
9,707,-0.0039520713032654515,0.0039520713032654515,"[[1,1,0,0,1,1,0,1,1,0],[1,1,1,1,0,0,0,0,1,1]]"
9,708,-0.006312434154120088,0.006312434154120088,"[[1,1,0,0,1,1,0,1,1,0],[1,1,1,1,0,0,0,1,0,0]]"
9,709,-0.006384417626287606,0.006384417626287606,"[[1,1,0,0,1,1,0,1,1,0],[1,1,1,1,0,0,0,1,0,1]]"
9,710,-0.008140691271590273,0.008140691271590273,"[[1,1,0,0,1,1,0,1,1,0],[1,1,1,1,0,0,0,1,1,0]]"
9,711,-0.008332918333758791,0.008332918333758791,"[[1,1,0,0,1,1,0,1,1,0],[1,1,1,1,0,0,0,1,1,1]]"
9,712,-0.009130337137515402,0.009130337137515402,"[[1,1,0,0,1,1,0,1,1,0],[1,1,1,1,0,0,1,0,0,0]]"
9,713,-0.009435224343551617,0.009435224343551617,"[[1,1,0,0,1,1,0,1,1,0],[1,1,1,1,0,0,1,0,0,1]]"
9,714,-0.01114329723029834,0.01114329723029834,"[[1,1,0,0,1,1,0,1,1,0],[1,1,1,1,0,0,1,0,1,0]]"
9,715,-0.011433117729806456,0.011433117729806456,"[[1,1,0,0,1,1,0,1,1,0],[1,1,1,1,0,0,1,0,1,1]]"
9,716,-0.015437860011698048,0.015437860011698048,"[[1,1,0,0,1,1,0,1,1,0],[1,1,1,1,0,0,1,1,0,0]]"
9,717,-0.015577726752963414,0.015577726752963414,"[[1,1,0,0,1,1,0,1,1,0],[1,1,1,1,0,0,1,1,0,1]]"
9,718,-0.017778641749946672,0.017778641749946672,"[[1,1,0,0,1,1,0,1,1,0],[1,1,1,1,0,0,1,1,1,0]]"
9,719,-0.01819454272182588,0.01819454272182588,"[[1,1,0,0,1,1,0,1,1,0],[1,1,1,1,0,0,1,1,1,1]]"
9,720,-0.012784278128541562,0.012784278128541562,"[[1,1,0,0,1,1,0,1,1,0],[1,1,1,1,0,1,0,0,0,0]]"
9,721,-0.012992360240406477,0.012992360240406477,"[[1,1,0,0,1,1,0,1,1,0],[1,1,1,1,0,1,0,0,0,1]]"
9,722,-0.015011742924199996,0.015011742924199996,"[[1,1,0,0,1,1,0,1,1,0],[1,1,1,1,0,1,0,0,1,0]]"
9,723,-0.015203116923825748,0.015203116923825748,"[[1,1,0,0,1,1,0,1,1,0],[1,1,1,1,0,1,0,0,1,1]]"
9,724,-0.01939909091243875,0.01939909091243875,"[[1,1,0,0,1,1,0,1,1,0],[1,1,1,1,0,1,0,1,0,0]]"
9,725,-0.019316778075151367,0.019316778075151367,"[[1,1,0,0,1,1,0,1,1,0],[1,1,1,1,0,1,0,1,0,1]]"
9,726,-0.021586587358892434,0.021586587358892434,"[[1,1,0,0,1,1,0,1,1,0],[1,1,1,1,0,1,0,1,1,0]]"
9,727,-0.02196630468580915,0.02196630468580915,"[[1,1,0,0,1,1,0,1,1,0],[1,1,1,1,0,1,0,1,1,1]]"
9,728,-0.024807429799848017,0.024807429799848017,"[[1,1,0,0,1,1,0,1,1,0],[1,1,1,1,0,1,1,0,0,0]]"
9,729,-0.02527489752307162,0.02527489752307162,"[[1,1,0,0,1,1,0,1,1,0],[1,1,1,1,0,1,1,0,0,1]]"
9,730,-0.02747596373941849,0.02747596373941849,"[[1,1,0,0,1,1,0,1,1,0],[1,1,1,1,0,1,1,0,1,0]]"
9,731,-0.027831676479716537,0.027831676479716537,"[[1,1,0,0,1,1,0,1,1,0],[1,1,1,1,0,1,1,0,1,1]]"
9,732,-0.03311740563341003,0.03311740563341003,"[[1,1,0,0,1,1,0,1,1,0],[1,1,1,1,0,1,1,1,0,0]]"
9,733,-0.033232489368207295,0.033232489368207295,"[[1,1,0,0,1,1,0,1,1,0],[1,1,1,1,0,1,1,1,0,1]]"
9,734,-0.0352911483531853,0.0352911483531853,"[[1,1,0,0,1,1,0,1,1,0],[1,1,1,1,0,1,1,1,1,0]]"
9,735,-0.03523771152765304,0.03523771152765304,"[[1,1,0,0,1,1,0,1,1,0],[1,1,1,1,0,1,1,1,1,1]]"
9,736,-0.0021653547784263342,0.0021653547784263342,"[[1,1,0,0,1,1,0,1,1,1],[1,1,1,1,0,0,0,0,0,0]]"
9,737,-0.0022745587150388674,0.0022745587150388674,"[[1,1,0,0,1,1,0,1,1,1],[1,1,1,1,0,0,0,0,0,1]]"
9,738,-0.0034433385606716317,0.0034433385606716317,"[[1,1,0,0,1,1,0,1,1,1],[1,1,1,1,0,0,0,0,1,0]]"
9,739,-0.003798694509085053,0.003798694509085053,"[[1,1,0,0,1,1,0,1,1,1],[1,1,1,1,0,0,0,0,1,1]]"
9,740,-0.005770230655133621,0.005770230655133621,"[[1,1,0,0,1,1,0,1,1,1],[1,1,1,1,0,0,0,1,0,0]]"
9,741,-0.006133880799760455,0.006133880799760455,"[[1,1,0,0,1,1,0,1,1,1],[1,1,1,1,0,0,0,1,0,1]]"
9,742,-0.008009596635555208,0.008009596635555208,"[[1,1,0,0,1,1,0,1,1,1],[1,1,1,1,0,0,0,1,1,0]]"
9,743,-0.008437815464955974,0.008437815464955974,"[[1,1,0,0,1,1,0,1,1,1],[1,1,1,1,0,0,0,1,1,1]]"
9,744,-0.008504002487612626,0.008504002487612626,"[[1,1,0,0,1,1,0,1,1,1],[1,1,1,1,0,0,1,0,0,0]]"
9,745,-0.008995683443025714,0.008995683443025714,"[[1,1,0,0,1,1,0,1,1,1],[1,1,1,1,0,0,1,0,0,1]]"
9,746,-0.010880993996877402,0.010880993996877402,"[[1,1,0,0,1,1,0,1,1,1],[1,1,1,1,0,0,1,0,1,0]]"
9,747,-0.011519830385090175,0.011519830385090175,"[[1,1,0,0,1,1,0,1,1,1],[1,1,1,1,0,0,1,0,1,1]]"
9,748,-0.014944430694641679,0.014944430694641679,"[[1,1,0,0,1,1,0,1,1,1],[1,1,1,1,0,0,1,1,0,0]]"
9,749,-0.015466336078217261,0.015466336078217261,"[[1,1,0,0,1,1,0,1,1,1],[1,1,1,1,0,0,1,1,0,1]]"
9,750,-0.017549947899387974,0.017549947899387974,"[[1,1,0,0,1,1,0,1,1,1],[1,1,1,1,0,0,1,1,1,0]]"
9,751,-0.0182210300049867,0.0182210300049867,"[[1,1,0,0,1,1,0,1,1,1],[1,1,1,1,0,0,1,1,1,1]]"
9,752,-0.012089435918215456,0.012089435918215456,"[[1,1,0,0,1,1,0,1,1,1],[1,1,1,1,0,1,0,0,0,0]]"
9,753,-0.012404899253865224,0.012404899253865224,"[[1,1,0,0,1,1,0,1,1,1],[1,1,1,1,0,1,0,0,0,1]]"
9,754,-0.014703086424328498,0.014703086424328498,"[[1,1,0,0,1,1,0,1,1,1],[1,1,1,1,0,1,0,0,1,0]]"
9,755,-0.015192570590485281,0.015192570590485281,"[[1,1,0,0,1,1,0,1,1,1],[1,1,1,1,0,1,0,0,1,1]]"
9,756,-0.018873803657172495,0.018873803657172495,"[[1,1,0,0,1,1,0,1,1,1],[1,1,1,1,0,1,0,1,0,0]]"
9,757,-0.019295440529177504,0.019295440529177504,"[[1,1,0,0,1,1,0,1,1,1],[1,1,1,1,0,1,0,1,0,1]]"
9,758,-0.021506472029395502,0.021506472029395502,"[[1,1,0,0,1,1,0,1,1,1],[1,1,1,1,0,1,0,1,1,0]]"
9,759,-0.022080198970690246,0.022080198970690246,"[[1,1,0,0,1,1,0,1,1,1],[1,1,1,1,0,1,0,1,1,1]]"
9,760,-0.023983653142209165,0.023983653142209165,"[[1,1,0,0,1,1,0,1,1,1],[1,1,1,1,0,1,1,0,0,0]]"
9,761,-0.024760895767101908,0.024760895767101908,"[[1,1,0,0,1,1,0,1,1,1],[1,1,1,1,0,1,1,0,0,1]]"
9,762,-0.027154955822744787,0.027154955822744787,"[[1,1,0,0,1,1,0,1,1,1],[1,1,1,1,0,1,1,0,1,0]]"
9,763,-0.027675839795226365,0.027675839795226365,"[[1,1,0,0,1,1,0,1,1,1],[1,1,1,1,0,1,1,0,1,1]]"
9,764,-0.032212611634515186,0.032212611634515186,"[[1,1,0,0,1,1,0,1,1,1],[1,1,1,1,0,1,1,1,0,0]]"
9,765,-0.032896423481576134,0.032896423481576134,"[[1,1,0,0,1,1,0,1,1,1],[1,1,1,1,0,1,1,1,0,1]]"
9,766,-0.03509380071163084,0.03509380071163084,"[[1,1,0,0,1,1,0,1,1,1],[1,1,1,1,0,1,1,1,1,0]]"
9,767,-0.03541800202575153,0.03541800202575153,"[[1,1,0,0,1,1,0,1,1,1],[1,1,1,1,0,1,1,1,1,1]]"
9,768,-0.00219480296106378,0.00219480296106378,"[[1,1,0,0,1,1,1,0,0,0],[1,1,1,1,0,0,0,0,0,0]]"
9,769,-0.0023010740658268485,0.0023010740658268485,"[[1,1,0,0,1,1,1,0,0,0],[1,1,1,1,0,0,0,0,0,1]]"
9,770,-0.0031936269384942313,0.0031936269384942313,"[[1,1,0,0,1,1,1,0,0,0],[1,1,1,1,0,0,0,0,1,0]]"
9,771,-0.0033108938246356194,0.0033108938246356194,"[[1,1,0,0,1,1,1,0,0,0],[1,1,1,1,0,0,0,0,1,1]]"
9,772,-0.004680603173223991,0.004680603173223991,"[[1,1,0,0,1,1,1,0,0,0],[1,1,1,1,0,0,0,1,0,0]]"
9,773,-0.004926173598855724,0.004926173598855724,"[[1,1,0,0,1,1,1,0,0,0],[1,1,1,1,0,0,0,1,0,1]]"
9,774,-0.006063960663124171,0.006063960663124171,"[[1,1,0,0,1,1,1,0,0,0],[1,1,1,1,0,0,0,1,1,0]]"
9,775,-0.006202782859228435,0.006202782859228435,"[[1,1,0,0,1,1,1,0,0,0],[1,1,1,1,0,0,0,1,1,1]]"
9,776,-0.007502110223280234,0.007502110223280234,"[[1,1,0,0,1,1,1,0,0,0],[1,1,1,1,0,0,1,0,0,0]]"
9,777,-0.007565730880258449,0.007565730880258449,"[[1,1,0,0,1,1,1,0,0,0],[1,1,1,1,0,0,1,0,0,1]]"
9,778,-0.008799285696378702,0.008799285696378702,"[[1,1,0,0,1,1,1,0,0,0],[1,1,1,1,0,0,1,0,1,0]]"
9,779,-0.00907617340219814,0.00907617340219814,"[[1,1,0,0,1,1,1,0,0,0],[1,1,1,1,0,0,1,0,1,1]]"
9,780,-0.011623055435210949,0.011623055435210949,"[[1,1,0,0,1,1,1,0,0,0],[1,1,1,1,0,0,1,1,0,0]]"
9,781,-0.011947998136791213,0.011947998136791213,"[[1,1,0,0,1,1,1,0,0,0],[1,1,1,1,0,0,1,1,0,1]]"
9,782,-0.013134946380594412,0.013134946380594412,"[[1,1,0,0,1,1,1,0,0,0],[1,1,1,1,0,0,1,1,1,0]]"
9,783,-0.01314363152548149,0.01314363152548149,"[[1,1,0,0,1,1,1,0,0,0],[1,1,1,1,0,0,1,1,1,1]]"
9,784,-0.01080341945461245,0.01080341945461245,"[[1,1,0,0,1,1,1,0,0,0],[1,1,1,1,0,1,0,0,0,0]]"
9,785,-0.010670534863576567,0.010670534863576567,"[[1,1,0,0,1,1,1,0,0,0],[1,1,1,1,0,1,0,0,0,1]]"
9,786,-0.01233707827927457,0.01233707827927457,"[[1,1,0,0,1,1,1,0,0,0],[1,1,1,1,0,1,0,0,1,0]]"
9,787,-0.012601026707207762,0.012601026707207762,"[[1,1,0,0,1,1,1,0,0,0],[1,1,1,1,0,1,0,0,1,1]]"
9,788,-0.015092673106584058,0.015092673106584058,"[[1,1,0,0,1,1,1,0,0,0],[1,1,1,1,0,1,0,1,0,0]]"
9,789,-0.015549190183687063,0.015549190183687063,"[[1,1,0,0,1,1,1,0,0,0],[1,1,1,1,0,1,0,1,0,1]]"
9,790,-0.017087805013016828,0.017087805013016828,"[[1,1,0,0,1,1,1,0,0,0],[1,1,1,1,0,1,0,1,1,0]]"
9,791,-0.017450960314238803,0.017450960314238803,"[[1,1,0,0,1,1,1,0,0,0],[1,1,1,1,0,1,0,1,1,1]]"
9,792,-0.02065530717914326,0.02065530717914326,"[[1,1,0,0,1,1,1,0,0,0],[1,1,1,1,0,1,1,0,0,0]]"
9,793,-0.020859928091470983,0.020859928091470983,"[[1,1,0,0,1,1,1,0,0,0],[1,1,1,1,0,1,1,0,0,1]]"
9,794,-0.02276813397202883,0.02276813397202883,"[[1,1,0,0,1,1,1,0,0,0],[1,1,1,1,0,1,1,0,1,0]]"
9,795,-0.023098343623188897,0.023098343623188897,"[[1,1,0,0,1,1,1,0,0,0],[1,1,1,1,0,1,1,0,1,1]]"
9,796,-0.02635929495999412,0.02635929495999412,"[[1,1,0,0,1,1,1,0,0,0],[1,1,1,1,0,1,1,1,0,0]]"
9,797,-0.026548823876884987,0.026548823876884987,"[[1,1,0,0,1,1,1,0,0,0],[1,1,1,1,0,1,1,1,0,1]]"
9,798,-0.02782979557259492,0.02782979557259492,"[[1,1,0,0,1,1,1,0,0,0],[1,1,1,1,0,1,1,1,1,0]]"
9,799,-0.027063472709110692,0.027063472709110692,"[[1,1,0,0,1,1,1,0,0,0],[1,1,1,1,0,1,1,1,1,1]]"
9,800,-0.0019107269302106032,0.0019107269302106032,"[[1,1,0,0,1,1,1,0,0,1],[1,1,1,1,0,0,0,0,0,0]]"
9,801,-0.0021594773097766084,0.0021594773097766084,"[[1,1,0,0,1,1,1,0,0,1],[1,1,1,1,0,0,0,0,0,1]]"
9,802,-0.003169367183351075,0.003169367183351075,"[[1,1,0,0,1,1,1,0,0,1],[1,1,1,1,0,0,0,0,1,0]]"
9,803,-0.003498119835268651,0.003498119835268651,"[[1,1,0,0,1,1,1,0,0,1],[1,1,1,1,0,0,0,0,1,1]]"
9,804,-0.004635786990674104,0.004635786990674104,"[[1,1,0,0,1,1,1,0,0,1],[1,1,1,1,0,0,0,1,0,0]]"
9,805,-0.004911227378448255,0.004911227378448255,"[[1,1,0,0,1,1,1,0,0,1],[1,1,1,1,0,0,0,1,0,1]]"
9,806,-0.006080480077420286,0.006080480077420286,"[[1,1,0,0,1,1,1,0,0,1],[1,1,1,1,0,0,0,1,1,0]]"
9,807,-0.006430790157350248,0.006430790157350248,"[[1,1,0,0,1,1,1,0,0,1],[1,1,1,1,0,0,0,1,1,1]]"
9,808,-0.007372997164495799,0.007372997164495799,"[[1,1,0,0,1,1,1,0,0,1],[1,1,1,1,0,0,1,0,0,0]]"
9,809,-0.0077182530649408795,0.0077182530649408795,"[[1,1,0,0,1,1,1,0,0,1],[1,1,1,1,0,0,1,0,0,1]]"
9,810,-0.008978642996299855,0.008978642996299855,"[[1,1,0,0,1,1,1,0,0,1],[1,1,1,1,0,0,1,0,1,0]]"
9,811,-0.009227007890372839,0.009227007890372839,"[[1,1,0,0,1,1,1,0,0,1],[1,1,1,1,0,0,1,0,1,1]]"
9,812,-0.011717530344561718,0.011717530344561718,"[[1,1,0,0,1,1,1,0,0,1],[1,1,1,1,0,0,1,1,0,0]]"
9,813,-0.012002688165065067,0.012002688165065067,"[[1,1,0,0,1,1,1,0,0,1],[1,1,1,1,0,0,1,1,0,1]]"
9,814,-0.013538079319446911,0.013538079319446911,"[[1,1,0,0,1,1,1,0,0,1],[1,1,1,1,0,0,1,1,1,0]]"
9,815,-0.013709696711333326,0.013709696711333326,"[[1,1,0,0,1,1,1,0,0,1],[1,1,1,1,0,0,1,1,1,1]]"
9,816,-0.010507318292803445,0.010507318292803445,"[[1,1,0,0,1,1,1,0,0,1],[1,1,1,1,0,1,0,0,0,0]]"
9,817,-0.01089760535717137,0.01089760535717137,"[[1,1,0,0,1,1,1,0,0,1],[1,1,1,1,0,1,0,0,0,1]]"
9,818,-0.012398353231773176,0.012398353231773176,"[[1,1,0,0,1,1,1,0,0,1],[1,1,1,1,0,1,0,0,1,0]]"
9,819,-0.012805495065852652,0.012805495065852652,"[[1,1,0,0,1,1,1,0,0,1],[1,1,1,1,0,1,0,0,1,1]]"
9,820,-0.015129883719590159,0.015129883719590159,"[[1,1,0,0,1,1,1,0,0,1],[1,1,1,1,0,1,0,1,0,0]]"
9,821,-0.015560944152511545,0.015560944152511545,"[[1,1,0,0,1,1,1,0,0,1],[1,1,1,1,0,1,0,1,0,1]]"
9,822,-0.0171937786532135,0.0171937786532135,"[[1,1,0,0,1,1,1,0,0,1],[1,1,1,1,0,1,0,1,1,0]]"
9,823,-0.017783761246253253,0.017783761246253253,"[[1,1,0,0,1,1,1,0,0,1],[1,1,1,1,0,1,0,1,1,1]]"
9,824,-0.02060547341054658,0.02060547341054658,"[[1,1,0,0,1,1,1,0,0,1],[1,1,1,1,0,1,1,0,0,0]]"
9,825,-0.021033660168015902,0.021033660168015902,"[[1,1,0,0,1,1,1,0,0,1],[1,1,1,1,0,1,1,0,0,1]]"
9,826,-0.02305534209480869,0.02305534209480869,"[[1,1,0,0,1,1,1,0,0,1],[1,1,1,1,0,1,1,0,1,0]]"
9,827,-0.02343093760397101,0.02343093760397101,"[[1,1,0,0,1,1,1,0,0,1],[1,1,1,1,0,1,1,0,1,1]]"
9,828,-0.026855039838508267,0.026855039838508267,"[[1,1,0,0,1,1,1,0,0,1],[1,1,1,1,0,1,1,1,0,0]]"
9,829,-0.027037061224971227,0.027037061224971227,"[[1,1,0,0,1,1,1,0,0,1],[1,1,1,1,0,1,1,1,0,1]]"
9,830,-0.02849811845228004,0.02849811845228004,"[[1,1,0,0,1,1,1,0,0,1],[1,1,1,1,0,1,1,1,1,0]]"
9,831,-0.02817714949672717,0.02817714949672717,"[[1,1,0,0,1,1,1,0,0,1],[1,1,1,1,0,1,1,1,1,1]]"
9,832,-0.0011536972012182174,0.0011536972012182174,"[[1,1,0,0,1,1,1,0,1,0],[1,1,1,1,0,0,0,0,0,0]]"
9,833,-0.0012140945550692358,0.0012140945550692358,"[[1,1,0,0,1,1,1,0,1,0],[1,1,1,1,0,0,0,0,0,1]]"
9,834,-0.0020303236302549764,0.0020303236302549764,"[[1,1,0,0,1,1,1,0,1,0],[1,1,1,1,0,0,0,0,1,0]]"
9,835,-0.002192340905297128,0.002192340905297128,"[[1,1,0,0,1,1,1,0,1,0],[1,1,1,1,0,0,0,0,1,1]]"
9,836,-0.0037241222578709332,0.0037241222578709332,"[[1,1,0,0,1,1,1,0,1,0],[1,1,1,1,0,0,0,1,0,0]]"
9,837,-0.0038096068667619965,0.0038096068667619965,"[[1,1,0,0,1,1,1,0,1,0],[1,1,1,1,0,0,0,1,0,1]]"
9,838,-0.005143401536919221,0.005143401536919221,"[[1,1,0,0,1,1,1,0,1,0],[1,1,1,1,0,0,0,1,1,0]]"
9,839,-0.005298766930011396,0.005298766930011396,"[[1,1,0,0,1,1,1,0,1,0],[1,1,1,1,0,0,0,1,1,1]]"
9,840,-0.005773147399752571,0.005773147399752571,"[[1,1,0,0,1,1,1,0,1,0],[1,1,1,1,0,0,1,0,0,0]]"
9,841,-0.00591399347247884,0.00591399347247884,"[[1,1,0,0,1,1,1,0,1,0],[1,1,1,1,0,0,1,0,0,1]]"
9,842,-0.007599010176274765,0.007599010176274765,"[[1,1,0,0,1,1,1,0,1,0],[1,1,1,1,0,0,1,0,1,0]]"
9,843,-0.00776728389460255,0.00776728389460255,"[[1,1,0,0,1,1,1,0,1,0],[1,1,1,1,0,0,1,0,1,1]]"
9,844,-0.010615001113885076,0.010615001113885076,"[[1,1,0,0,1,1,1,0,1,0],[1,1,1,1,0,0,1,1,0,0]]"
9,845,-0.010623171624531032,0.010623171624531032,"[[1,1,0,0,1,1,1,0,1,0],[1,1,1,1,0,0,1,1,0,1]]"
9,846,-0.01245126507260526,0.01245126507260526,"[[1,1,0,0,1,1,1,0,1,0],[1,1,1,1,0,0,1,1,1,0]]"
9,847,-0.012723949716840564,0.012723949716840564,"[[1,1,0,0,1,1,1,0,1,0],[1,1,1,1,0,0,1,1,1,1]]"
9,848,-0.008792864506933104,0.008792864506933104,"[[1,1,0,0,1,1,1,0,1,0],[1,1,1,1,0,1,0,0,0,0]]"
9,849,-0.008779871160076598,0.008779871160076598,"[[1,1,0,0,1,1,1,0,1,0],[1,1,1,1,0,1,0,0,0,1]]"
9,850,-0.010632937790297153,0.010632937790297153,"[[1,1,0,0,1,1,1,0,1,0],[1,1,1,1,0,1,0,0,1,0]]"
9,851,-0.010687790962636723,0.010687790962636723,"[[1,1,0,0,1,1,1,0,1,0],[1,1,1,1,0,1,0,0,1,1]]"
9,852,-0.01405926516300507,0.01405926516300507,"[[1,1,0,0,1,1,1,0,1,0],[1,1,1,1,0,1,0,1,0,0]]"
9,853,-0.013841628580876373,0.013841628580876373,"[[1,1,0,0,1,1,1,0,1,0],[1,1,1,1,0,1,0,1,0,1]]"
9,854,-0.01603227065456497,0.01603227065456497,"[[1,1,0,0,1,1,1,0,1,0],[1,1,1,1,0,1,0,1,1,0]]"
9,855,-0.016217355537683772,0.016217355537683772,"[[1,1,0,0,1,1,1,0,1,0],[1,1,1,1,0,1,0,1,1,1]]"
9,856,-0.019151211695532622,0.019151211695532622,"[[1,1,0,0,1,1,1,0,1,0],[1,1,1,1,0,1,1,0,0,0]]"
9,857,-0.01888311866096432,0.01888311866096432,"[[1,1,0,0,1,1,1,0,1,0],[1,1,1,1,0,1,1,0,0,1]]"
9,858,-0.02125664505584889,0.02125664505584889,"[[1,1,0,0,1,1,1,0,1,0],[1,1,1,1,0,1,1,0,1,0]]"
9,859,-0.021465538426437936,0.021465538426437936,"[[1,1,0,0,1,1,1,0,1,0],[1,1,1,1,0,1,1,0,1,1]]"
9,860,-0.02596738755725064,0.02596738755725064,"[[1,1,0,0,1,1,1,0,1,0],[1,1,1,1,0,1,1,1,0,0]]"
9,861,-0.02598253694012441,0.02598253694012441,"[[1,1,0,0,1,1,1,0,1,0],[1,1,1,1,0,1,1,1,0,1]]"
9,862,-0.028013794882408197,0.028013794882408197,"[[1,1,0,0,1,1,1,0,1,0],[1,1,1,1,0,1,1,1,1,0]]"
9,863,-0.02785994169175793,0.02785994169175793,"[[1,1,0,0,1,1,1,0,1,0],[1,1,1,1,0,1,1,1,1,1]]"
9,864,-0.0009153311733956014,0.0009153311733956014,"[[1,1,0,0,1,1,1,0,1,1],[1,1,1,1,0,0,0,0,0,0]]"
9,865,-0.0010682837906736344,0.0010682837906736344,"[[1,1,0,0,1,1,1,0,1,1],[1,1,1,1,0,0,0,0,0,1]]"
9,866,-0.0018422617889730785,0.0018422617889730785,"[[1,1,0,0,1,1,1,0,1,1],[1,1,1,1,0,0,0,0,1,0]]"
9,867,-0.0021188874615733506,0.0021188874615733506,"[[1,1,0,0,1,1,1,0,1,1],[1,1,1,1,0,0,0,0,1,1]]"
9,868,-0.0033535610536357986,0.0033535610536357986,"[[1,1,0,0,1,1,1,0,1,1],[1,1,1,1,0,0,0,1,0,0]]"
9,869,-0.003585454369588283,0.003585454369588283,"[[1,1,0,0,1,1,1,0,1,1],[1,1,1,1,0,0,0,1,0,1]]"
9,870,-0.005127840748045993,0.005127840748045993,"[[1,1,0,0,1,1,1,0,1,1],[1,1,1,1,0,0,0,1,1,0]]"
9,871,-0.005373557042206604,0.005373557042206604,"[[1,1,0,0,1,1,1,0,1,1],[1,1,1,1,0,0,0,1,1,1]]"
9,872,-0.005315287710460864,0.005315287710460864,"[[1,1,0,0,1,1,1,0,1,1],[1,1,1,1,0,0,1,0,0,0]]"
9,873,-0.005751822607026696,0.005751822607026696,"[[1,1,0,0,1,1,1,0,1,1],[1,1,1,1,0,0,1,0,0,1]]"
9,874,-0.007512959428595189,0.007512959428595189,"[[1,1,0,0,1,1,1,0,1,1],[1,1,1,1,0,0,1,0,1,0]]"
9,875,-0.007921135138241546,0.007921135138241546,"[[1,1,0,0,1,1,1,0,1,1],[1,1,1,1,0,0,1,0,1,1]]"
9,876,-0.010361716885301386,0.010361716885301386,"[[1,1,0,0,1,1,1,0,1,1],[1,1,1,1,0,0,1,1,0,0]]"
9,877,-0.010718811346806429,0.010718811346806429,"[[1,1,0,0,1,1,1,0,1,1],[1,1,1,1,0,0,1,1,0,1]]"
9,878,-0.012496524558843224,0.012496524558843224,"[[1,1,0,0,1,1,1,0,1,1],[1,1,1,1,0,0,1,1,1,0]]"
9,879,-0.012961775760171159,0.012961775760171159,"[[1,1,0,0,1,1,1,0,1,1],[1,1,1,1,0,0,1,1,1,1]]"
9,880,-0.008216091329081902,0.008216091329081902,"[[1,1,0,0,1,1,1,0,1,1],[1,1,1,1,0,1,0,0,0,0]]"
9,881,-0.008590137663929902,0.008590137663929902,"[[1,1,0,0,1,1,1,0,1,1],[1,1,1,1,0,1,0,0,0,1]]"
9,882,-0.010463853914752857,0.010463853914752857,"[[1,1,0,0,1,1,1,0,1,1],[1,1,1,1,0,1,0,0,1,0]]"
9,883,-0.010888863120525233,0.010888863120525233,"[[1,1,0,0,1,1,1,0,1,1],[1,1,1,1,0,1,0,0,1,1]]"
9,884,-0.01367140109811497,0.01367140109811497,"[[1,1,0,0,1,1,1,0,1,1],[1,1,1,1,0,1,0,1,0,0]]"
9,885,-0.01389766204173813,0.01389766204173813,"[[1,1,0,0,1,1,1,0,1,1],[1,1,1,1,0,1,0,1,0,1]]"
9,886,-0.016021321652565076,0.016021321652565076,"[[1,1,0,0,1,1,1,0,1,1],[1,1,1,1,0,1,0,1,1,0]]"
9,887,-0.016412970320577917,0.016412970320577917,"[[1,1,0,0,1,1,1,0,1,1],[1,1,1,1,0,1,0,1,1,1]]"
9,888,-0.018541930118687537,0.018541930118687537,"[[1,1,0,0,1,1,1,0,1,1],[1,1,1,1,0,1,1,0,0,0]]"
9,889,-0.01897083282619147,0.01897083282619147,"[[1,1,0,0,1,1,1,0,1,1],[1,1,1,1,0,1,1,0,0,1]]"
9,890,-0.021149881622669772,0.021149881622669772,"[[1,1,0,0,1,1,1,0,1,1],[1,1,1,1,0,1,1,0,1,0]]"
9,891,-0.021738474041271404,0.021738474041271404,"[[1,1,0,0,1,1,1,0,1,1],[1,1,1,1,0,1,1,0,1,1]]"
9,892,-0.025445012473092044,0.025445012473092044,"[[1,1,0,0,1,1,1,0,1,1],[1,1,1,1,0,1,1,1,0,0]]"
9,893,-0.025940571884653197,0.025940571884653197,"[[1,1,0,0,1,1,1,0,1,1],[1,1,1,1,0,1,1,1,0,1]]"
9,894,-0.028371874208097905,0.028371874208097905,"[[1,1,0,0,1,1,1,0,1,1],[1,1,1,1,0,1,1,1,1,0]]"
9,895,-0.028419457957147558,0.028419457957147558,"[[1,1,0,0,1,1,1,0,1,1],[1,1,1,1,0,1,1,1,1,1]]"
9,896,-0.00035711672570241465,0.00035711672570241465,"[[1,1,0,0,1,1,1,1,0,0],[1,1,1,1,0,0,0,0,0,0]]"
9,897,-0.00046266419447084167,0.00046266419447084167,"[[1,1,0,0,1,1,1,1,0,0],[1,1,1,1,0,0,0,0,0,1]]"
9,898,-0.0007664412601014344,0.0007664412601014344,"[[1,1,0,0,1,1,1,1,0,0],[1,1,1,1,0,0,0,0,1,0]]"
9,899,-0.0009759200408870716,0.0009759200408870716,"[[1,1,0,0,1,1,1,1,0,0],[1,1,1,1,0,0,0,0,1,1]]"
9,900,-0.0017322084855595006,0.0017322084855595006,"[[1,1,0,0,1,1,1,1,0,0],[1,1,1,1,0,0,0,1,0,0]]"
9,901,-0.002011770412271189,0.002011770412271189,"[[1,1,0,0,1,1,1,1,0,0],[1,1,1,1,0,0,0,1,0,1]]"
9,902,-0.002837882593999959,0.002837882593999959,"[[1,1,0,0,1,1,1,1,0,0],[1,1,1,1,0,0,0,1,1,0]]"
9,903,-0.0031240758957133837,0.0031240758957133837,"[[1,1,0,0,1,1,1,1,0,0],[1,1,1,1,0,0,0,1,1,1]]"
9,904,-0.0034359183926404714,0.0034359183926404714,"[[1,1,0,0,1,1,1,1,0,0],[1,1,1,1,0,0,1,0,0,0]]"
9,905,-0.003597799080911598,0.003597799080911598,"[[1,1,0,0,1,1,1,1,0,0],[1,1,1,1,0,0,1,0,0,1]]"
9,906,-0.004579553674274071,0.004579553674274071,"[[1,1,0,0,1,1,1,1,0,0],[1,1,1,1,0,0,1,0,1,0]]"
9,907,-0.004869370783146931,0.004869370783146931,"[[1,1,0,0,1,1,1,1,0,0],[1,1,1,1,0,0,1,0,1,1]]"
9,908,-0.007387368009551897,0.007387368009551897,"[[1,1,0,0,1,1,1,1,0,0],[1,1,1,1,0,0,1,1,0,0]]"
9,909,-0.007772194642633513,0.007772194642633513,"[[1,1,0,0,1,1,1,1,0,0],[1,1,1,1,0,0,1,1,0,1]]"
9,910,-0.008815585247227588,0.008815585247227588,"[[1,1,0,0,1,1,1,1,0,0],[1,1,1,1,0,0,1,1,1,0]]"
9,911,-0.009174519482778629,0.009174519482778629,"[[1,1,0,0,1,1,1,1,0,0],[1,1,1,1,0,0,1,1,1,1]]"
9,912,-0.005806257995434716,0.005806257995434716,"[[1,1,0,0,1,1,1,1,0,0],[1,1,1,1,0,1,0,0,0,0]]"
9,913,-0.005984089958769795,0.005984089958769795,"[[1,1,0,0,1,1,1,1,0,0],[1,1,1,1,0,1,0,0,0,1]]"
9,914,-0.007263000954004285,0.007263000954004285,"[[1,1,0,0,1,1,1,1,0,0],[1,1,1,1,0,1,0,0,1,0]]"
9,915,-0.007682147092595116,0.007682147092595116,"[[1,1,0,0,1,1,1,1,0,0],[1,1,1,1,0,1,0,0,1,1]]"
9,916,-0.010185188994083176,0.010185188994083176,"[[1,1,0,0,1,1,1,1,0,0],[1,1,1,1,0,1,0,1,0,0]]"
9,917,-0.010541964876864408,0.010541964876864408,"[[1,1,0,0,1,1,1,1,0,0],[1,1,1,1,0,1,0,1,0,1]]"
9,918,-0.01199170626231197,0.01199170626231197,"[[1,1,0,0,1,1,1,1,0,0],[1,1,1,1,0,1,0,1,1,0]]"
9,919,-0.012405643935338653,0.012405643935338653,"[[1,1,0,0,1,1,1,1,0,0],[1,1,1,1,0,1,0,1,1,1]]"
9,920,-0.015596638873501545,0.015596638873501545,"[[1,1,0,0,1,1,1,1,0,0],[1,1,1,1,0,1,1,0,0,0]]"
9,921,-0.015896176781745274,0.015896176781745274,"[[1,1,0,0,1,1,1,1,0,0],[1,1,1,1,0,1,1,0,0,1]]"
9,922,-0.017422901635770774,0.017422901635770774,"[[1,1,0,0,1,1,1,1,0,0],[1,1,1,1,0,1,1,0,1,0]]"
9,923,-0.01776810869053131,0.01776810869053131,"[[1,1,0,0,1,1,1,1,0,0],[1,1,1,1,0,1,1,0,1,1]]"
9,924,-0.021717420297200137,0.021717420297200137,"[[1,1,0,0,1,1,1,1,0,0],[1,1,1,1,0,1,1,1,0,0]]"
9,925,-0.02224769723545774,0.02224769723545774,"[[1,1,0,0,1,1,1,1,0,0],[1,1,1,1,0,1,1,1,0,1]]"
9,926,-0.023771218765327,0.023771218765327,"[[1,1,0,0,1,1,1,1,0,0],[1,1,1,1,0,1,1,1,1,0]]"
9,927,-0.02413837764680298,0.02413837764680298,"[[1,1,0,0,1,1,1,1,0,0],[1,1,1,1,0,1,1,1,1,1]]"
9,928,-0.0002476312539025683,0.0002476312539025683,"[[1,1,0,0,1,1,1,1,0,1],[1,1,1,1,0,0,0,0,0,0]]"
9,929,-0.00035195387410398555,0.00035195387410398555,"[[1,1,0,0,1,1,1,1,0,1],[1,1,1,1,0,0,0,0,0,1]]"
9,930,-0.0007093223156935307,0.0007093223156935307,"[[1,1,0,0,1,1,1,1,0,1],[1,1,1,1,0,0,0,0,1,0]]"
9,931,-0.0009321994932295491,0.0009321994932295491,"[[1,1,0,0,1,1,1,1,0,1],[1,1,1,1,0,0,0,0,1,1]]"
9,932,-0.0015501825723892965,0.0015501825723892965,"[[1,1,0,0,1,1,1,1,0,1],[1,1,1,1,0,0,0,1,0,0]]"
9,933,-0.0018602616107503622,0.0018602616107503622,"[[1,1,0,0,1,1,1,1,0,1],[1,1,1,1,0,0,0,1,0,1]]"
9,934,-0.0027813943657883583,0.0027813943657883583,"[[1,1,0,0,1,1,1,1,0,1],[1,1,1,1,0,0,0,1,1,0]]"
9,935,-0.003155559861185465,0.003155559861185465,"[[1,1,0,0,1,1,1,1,0,1],[1,1,1,1,0,0,0,1,1,1]]"
9,936,-0.003094478603819582,0.003094478603819582,"[[1,1,0,0,1,1,1,1,0,1],[1,1,1,1,0,0,1,0,0,0]]"
9,937,-0.00342319015463479,0.00342319015463479,"[[1,1,0,0,1,1,1,1,0,1],[1,1,1,1,0,0,1,0,0,1]]"
9,938,-0.004673851539594219,0.004673851539594219,"[[1,1,0,0,1,1,1,1,0,1],[1,1,1,1,0,0,1,0,1,0]]"
9,939,-0.00505673955301203,0.00505673955301203,"[[1,1,0,0,1,1,1,1,0,1],[1,1,1,1,0,0,1,0,1,1]]"
9,940,-0.007331058853376674,0.007331058853376674,"[[1,1,0,0,1,1,1,1,0,1],[1,1,1,1,0,0,1,1,0,0]]"
9,941,-0.007751737952741141,0.007751737952741141,"[[1,1,0,0,1,1,1,1,0,1],[1,1,1,1,0,0,1,1,0,1]]"
9,942,-0.009070410046130717,0.009070410046130717,"[[1,1,0,0,1,1,1,1,0,1],[1,1,1,1,0,0,1,1,1,0]]"
9,943,-0.009288472061839586,0.009288472061839586,"[[1,1,0,0,1,1,1,1,0,1],[1,1,1,1,0,0,1,1,1,1]]"
9,944,-0.005417407729407237,0.005417407729407237,"[[1,1,0,0,1,1,1,1,0,1],[1,1,1,1,0,1,0,0,0,0]]"
9,945,-0.005763646505634669,0.005763646505634669,"[[1,1,0,0,1,1,1,1,0,1],[1,1,1,1,0,1,0,0,0,1]]"
9,946,-0.007128290875153101,0.007128290875153101,"[[1,1,0,0,1,1,1,1,0,1],[1,1,1,1,0,1,0,0,1,0]]"
9,947,-0.007706851360693958,0.007706851360693958,"[[1,1,0,0,1,1,1,1,0,1],[1,1,1,1,0,1,0,0,1,1]]"
9,948,-0.010012206336531684,0.010012206336531684,"[[1,1,0,0,1,1,1,1,0,1],[1,1,1,1,0,1,0,1,0,0]]"
9,949,-0.01055327235307401,0.01055327235307401,"[[1,1,0,0,1,1,1,1,0,1],[1,1,1,1,0,1,0,1,0,1]]"
9,950,-0.012071862818866469,0.012071862818866469,"[[1,1,0,0,1,1,1,1,0,1],[1,1,1,1,0,1,0,1,1,0]]"
9,951,-0.01254346441831154,0.01254346441831154,"[[1,1,0,0,1,1,1,1,0,1],[1,1,1,1,0,1,0,1,1,1]]"
9,952,-0.015025593245972491,0.015025593245972491,"[[1,1,0,0,1,1,1,1,0,1],[1,1,1,1,0,1,1,0,0,0]]"
9,953,-0.01567823486771058,0.01567823486771058,"[[1,1,0,0,1,1,1,1,0,1],[1,1,1,1,0,1,1,0,0,1]]"
9,954,-0.01764319590117478,0.01764319590117478,"[[1,1,0,0,1,1,1,1,0,1],[1,1,1,1,0,1,1,0,1,0]]"
9,955,-0.01788741947642794,0.01788741947642794,"[[1,1,0,0,1,1,1,1,0,1],[1,1,1,1,0,1,1,0,1,1]]"
9,956,-0.021694683905723395,0.021694683905723395,"[[1,1,0,0,1,1,1,1,0,1],[1,1,1,1,0,1,1,1,0,0]]"
9,957,-0.022171714942171614,0.022171714942171614,"[[1,1,0,0,1,1,1,1,0,1],[1,1,1,1,0,1,1,1,0,1]]"
9,958,-0.024192569474749136,0.024192569474749136,"[[1,1,0,0,1,1,1,1,0,1],[1,1,1,1,0,1,1,1,1,0]]"
9,959,-0.024375708666314343,0.024375708666314343,"[[1,1,0,0,1,1,1,1,0,1],[1,1,1,1,0,1,1,1,1,1]]"
9,960,-0.00011961061608348394,0.00011961061608348394,"[[1,1,0,0,1,1,1,1,1,0],[1,1,1,1,0,0,0,0,0,0]]"
9,961,-0.00011636296067893222,0.00011636296067893222,"[[1,1,0,0,1,1,1,1,1,0],[1,1,1,1,0,0,0,0,0,1]]"
9,962,-0.00026506874697771946,0.00026506874697771946,"[[1,1,0,0,1,1,1,1,1,0],[1,1,1,1,0,0,0,0,1,0]]"
9,963,-0.00033742297333359486,0.00033742297333359486,"[[1,1,0,0,1,1,1,1,1,0],[1,1,1,1,0,0,0,0,1,1]]"
9,964,-0.0008082722800665466,0.0008082722800665466,"[[1,1,0,0,1,1,1,1,1,0],[1,1,1,1,0,0,0,1,0,0]]"
9,965,-0.0009391835699887935,0.0009391835699887935,"[[1,1,0,0,1,1,1,1,1,0],[1,1,1,1,0,0,0,1,0,1]]"
9,966,-0.001675951245116333,0.001675951245116333,"[[1,1,0,0,1,1,1,1,1,0],[1,1,1,1,0,0,0,1,1,0]]"
9,967,-0.001883528632605362,0.001883528632605362,"[[1,1,0,0,1,1,1,1,1,0],[1,1,1,1,0,0,0,1,1,1]]"
9,968,-0.002013700898235701,0.002013700898235701,"[[1,1,0,0,1,1,1,1,1,0],[1,1,1,1,0,0,1,0,0,0]]"
9,969,-0.002090944353055785,0.002090944353055785,"[[1,1,0,0,1,1,1,1,1,0],[1,1,1,1,0,0,1,0,0,1]]"
9,970,-0.003076103405433309,0.003076103405433309,"[[1,1,0,0,1,1,1,1,1,0],[1,1,1,1,0,0,1,0,1,0]]"
9,971,-0.0032757550223281393,0.0032757550223281393,"[[1,1,0,0,1,1,1,1,1,0],[1,1,1,1,0,0,1,0,1,1]]"
9,972,-0.005661524800226922,0.005661524800226922,"[[1,1,0,0,1,1,1,1,1,0],[1,1,1,1,0,0,1,1,0,0]]"
9,973,-0.005843801284995587,0.005843801284995587,"[[1,1,0,0,1,1,1,1,1,0],[1,1,1,1,0,0,1,1,0,1]]"
9,974,-0.007594296926865451,0.007594296926865451,"[[1,1,0,0,1,1,1,1,1,0],[1,1,1,1,0,0,1,1,1,0]]"
9,975,-0.007799098306356751,0.007799098306356751,"[[1,1,0,0,1,1,1,1,1,0],[1,1,1,1,0,0,1,1,1,1]]"
9,976,-0.0040895386934019055,0.0040895386934019055,"[[1,1,0,0,1,1,1,1,1,0],[1,1,1,1,0,1,0,0,0,0]]"
9,977,-0.004221961421361831,0.004221961421361831,"[[1,1,0,0,1,1,1,1,1,0],[1,1,1,1,0,1,0,0,0,1]]"
9,978,-0.0052983405484785286,0.0052983405484785286,"[[1,1,0,0,1,1,1,1,1,0],[1,1,1,1,0,1,0,0,1,0]]"
9,979,-0.005552829363437945,0.005552829363437945,"[[1,1,0,0,1,1,1,1,1,0],[1,1,1,1,0,1,0,0,1,1]]"
9,980,-0.008173293109187239,0.008173293109187239,"[[1,1,0,0,1,1,1,1,1,0],[1,1,1,1,0,1,0,1,0,0]]"
9,981,-0.0082520664106926,0.0082520664106926,"[[1,1,0,0,1,1,1,1,1,0],[1,1,1,1,0,1,0,1,0,1]]"
9,982,-0.010195526211865945,0.010195526211865945,"[[1,1,0,0,1,1,1,1,1,0],[1,1,1,1,0,1,0,1,1,0]]"
9,983,-0.010416627516654776,0.010416627516654776,"[[1,1,0,0,1,1,1,1,1,0],[1,1,1,1,0,1,0,1,1,1]]"
9,984,-0.012981822719758333,0.012981822719758333,"[[1,1,0,0,1,1,1,1,1,0],[1,1,1,1,0,1,1,0,0,0]]"
9,985,-0.013180085522836959,0.013180085522836959,"[[1,1,0,0,1,1,1,1,1,0],[1,1,1,1,0,1,1,0,0,1]]"
9,986,-0.015218919782556432,0.015218919782556432,"[[1,1,0,0,1,1,1,1,1,0],[1,1,1,1,0,1,1,0,1,0]]"
9,987,-0.015493904590634912,0.015493904590634912,"[[1,1,0,0,1,1,1,1,1,0],[1,1,1,1,0,1,1,0,1,1]]"
9,988,-0.020218011632658607,0.020218011632658607,"[[1,1,0,0,1,1,1,1,1,0],[1,1,1,1,0,1,1,1,0,0]]"
9,989,-0.020052935682369755,0.020052935682369755,"[[1,1,0,0,1,1,1,1,1,0],[1,1,1,1,0,1,1,1,0,1]]"
9,990,-0.022494553707291427,0.022494553707291427,"[[1,1,0,0,1,1,1,1,1,0],[1,1,1,1,0,1,1,1,1,0]]"
9,991,-0.022766927626706613,0.022766927626706613,"[[1,1,0,0,1,1,1,1,1,0],[1,1,1,1,0,1,1,1,1,1]]"
9,992,-0.00014119205711610012,0.00014119205711610012,"[[1,1,0,0,1,1,1,1,1,1],[1,1,1,1,0,0,0,0,0,0]]"
9,993,-0.00012050511010278729,0.00012050511010278729,"[[1,1,0,0,1,1,1,1,1,1],[1,1,1,1,0,0,0,0,0,1]]"
9,994,-0.0002137873554772289,0.0002137873554772289,"[[1,1,0,0,1,1,1,1,1,1],[1,1,1,1,0,0,0,0,1,0]]"
9,995,-0.00028634180044037003,0.00028634180044037003,"[[1,1,0,0,1,1,1,1,1,1],[1,1,1,1,0,0,0,0,1,1]]"
9,996,-0.0006396148409156623,0.0006396148409156623,"[[1,1,0,0,1,1,1,1,1,1],[1,1,1,1,0,0,0,1,0,0]]"
9,997,-0.0007608114031755378,0.0007608114031755378,"[[1,1,0,0,1,1,1,1,1,1],[1,1,1,1,0,0,0,1,0,1]]"
9,998,-0.0014946293952690978,0.0014946293952690978,"[[1,1,0,0,1,1,1,1,1,1],[1,1,1,1,0,0,0,1,1,0]]"
9,999,-0.0017407791337396114,0.0017407791337396114,"[[1,1,0,0,1,1,1,1,1,1],[1,1,1,1,0,0,0,1,1,1]]"
9,1000,-0.0017280728524299463,0.0017280728524299463,"[[1,1,0,0,1,1,1,1,1,1],[1,1,1,1,0,0,1,0,0,0]]"
9,1001,-0.0018408807278006852,0.0018408807278006852,"[[1,1,0,0,1,1,1,1,1,1],[1,1,1,1,0,0,1,0,0,1]]"
9,1002,-0.0029288346337226125,0.0029288346337226125,"[[1,1,0,0,1,1,1,1,1,1],[1,1,1,1,0,0,1,0,1,0]]"
9,1003,-0.0032066442761023673,0.0032066442761023673,"[[1,1,0,0,1,1,1,1,1,1],[1,1,1,1,0,0,1,0,1,1]]"
9,1004,-0.0052688676418069635,0.0052688676418069635,"[[1,1,0,0,1,1,1,1,1,1],[1,1,1,1,0,0,1,1,0,0]]"
9,1005,-0.005594921896023081,0.005594921896023081,"[[1,1,0,0,1,1,1,1,1,1],[1,1,1,1,0,0,1,1,0,1]]"
9,1006,-0.0074640288932932165,0.0074640288932932165,"[[1,1,0,0,1,1,1,1,1,1],[1,1,1,1,0,0,1,1,1,0]]"
9,1007,-0.007909279073627732,0.007909279073627732,"[[1,1,0,0,1,1,1,1,1,1],[1,1,1,1,0,0,1,1,1,1]]"
9,1008,-0.003655712563904634,0.003655712563904634,"[[1,1,0,0,1,1,1,1,1,1],[1,1,1,1,0,1,0,0,0,0]]"
9,1009,-0.0038215322246325785,0.0038215322246325785,"[[1,1,0,0,1,1,1,1,1,1],[1,1,1,1,0,1,0,0,0,1]]"
9,1010,-0.005012629675608568,0.005012629675608568,"[[1,1,0,0,1,1,1,1,1,1],[1,1,1,1,0,1,0,0,1,0]]"
9,1011,-0.005354501189933324,0.005354501189933324,"[[1,1,0,0,1,1,1,1,1,1],[1,1,1,1,0,1,0,0,1,1]]"
9,1012,-0.007573576393989363,0.007573576393989363,"[[1,1,0,0,1,1,1,1,1,1],[1,1,1,1,0,1,0,1,0,0]]"
9,1013,-0.007912252525546984,0.007912252525546984,"[[1,1,0,0,1,1,1,1,1,1],[1,1,1,1,0,1,0,1,0,1]]"
9,1014,-0.009864714360686058,0.009864714360686058,"[[1,1,0,0,1,1,1,1,1,1],[1,1,1,1,0,1,0,1,1,0]]"
9,1015,-0.01041391636812641,0.01041391636812641,"[[1,1,0,0,1,1,1,1,1,1],[1,1,1,1,0,1,0,1,1,1]]"
9,1016,-0.01219915786491818,0.01219915786491818,"[[1,1,0,0,1,1,1,1,1,1],[1,1,1,1,0,1,1,0,0,0]]"
9,1017,-0.012627709811513909,0.012627709811513909,"[[1,1,0,0,1,1,1,1,1,1],[1,1,1,1,0,1,1,0,0,1]]"
9,1018,-0.014794796452832217,0.014794796452832217,"[[1,1,0,0,1,1,1,1,1,1],[1,1,1,1,0,1,1,0,1,0]]"
9,1019,-0.015405425789816735,0.015405425789816735,"[[1,1,0,0,1,1,1,1,1,1],[1,1,1,1,0,1,1,0,1,1]]"
9,1020,-0.019698039499723135,0.019698039499723135,"[[1,1,0,0,1,1,1,1,1,1],[1,1,1,1,0,1,1,1,0,0]]"
9,1021,-0.020005746696029753,0.020005746696029753,"[[1,1,0,0,1,1,1,1,1,1],[1,1,1,1,0,1,1,1,0,1]]"
9,1022,-0.022354455555602327,0.022354455555602327,"[[1,1,0,0,1,1,1,1,1,1],[1,1,1,1,0,1,1,1,1,0]]"
9,1023,-0.023018049152720547,0.023018049152720547,"[[1,1,0,0,1,1,1,1,1,1],[1,1,1,1,0,1,1,1,1,1]]"
10,0,-0.020846216378158474,0.020846216378158474,"[[1,1,0,0,1,0,0,0,0,0],[1,1,1,1,0,0,0,0,0,0]]"
10,1,-0.020937070177240006,0.020937070177240006,"[[1,1,0,0,1,0,0,0,0,0],[1,1,1,1,0,0,0,0,0,1]]"
10,2,-0.02239166139296805,0.02239166139296805,"[[1,1,0,0,1,0,0,0,0,0],[1,1,1,1,0,0,0,0,1,0]]"
10,3,-0.02260864546568193,0.02260864546568193,"[[1,1,0,0,1,0,0,0,0,0],[1,1,1,1,0,0,0,0,1,1]]"
10,4,-0.0252035210284172,0.0252035210284172,"[[1,1,0,0,1,0,0,0,0,0],[1,1,1,1,0,0,0,1,0,0]]"
10,5,-0.025452004553424997,0.025452004553424997,"[[1,1,0,0,1,0,0,0,0,0],[1,1,1,1,0,0,0,1,0,1]]"
10,6,-0.02656389636591894,0.02656389636591894,"[[1,1,0,0,1,0,0,0,0,0],[1,1,1,1,0,0,0,1,1,0]]"
10,7,-0.02582195026614769,0.02582195026614769,"[[1,1,0,0,1,0,0,0,0,0],[1,1,1,1,0,0,0,1,1,1]]"
10,8,-0.03107757803824371,0.03107757803824371,"[[1,1,0,0,1,0,0,0,0,0],[1,1,1,1,0,0,1,0,0,0]]"
10,9,-0.03117845379540965,0.03117845379540965,"[[1,1,0,0,1,0,0,0,0,0],[1,1,1,1,0,0,1,0,0,1]]"
10,10,-0.03249036230633438,0.03249036230633438,"[[1,1,0,0,1,0,0,0,0,0],[1,1,1,1,0,0,1,0,1,0]]"
10,11,-0.032303332771611626,0.032303332771611626,"[[1,1,0,0,1,0,0,0,0,0],[1,1,1,1,0,0,1,0,1,1]]"
10,12,-0.03492195892991929,0.03492195892991929,"[[1,1,0,0,1,0,0,0,0,0],[1,1,1,1,0,0,1,1,0,0]]"
10,13,-0.03439278546206086,0.03439278546206086,"[[1,1,0,0,1,0,0,0,0,0],[1,1,1,1,0,0,1,1,0,1]]"
10,14,-0.03511543902374309,0.03511543902374309,"[[1,1,0,0,1,0,0,0,0,0],[1,1,1,1,0,0,1,1,1,0]]"
10,15,-0.03258257717223505,0.03258257717223505,"[[1,1,0,0,1,0,0,0,0,0],[1,1,1,1,0,0,1,1,1,1]]"
10,16,-0.03633521255742806,0.03633521255742806,"[[1,1,0,0,1,0,0,0,0,0],[1,1,1,1,0,1,0,0,0,0]]"
10,17,-0.03661368123694493,0.03661368123694493,"[[1,1,0,0,1,0,0,0,0,0],[1,1,1,1,0,1,0,0,0,1]]"
10,18,-0.037901404817473734,0.037901404817473734,"[[1,1,0,0,1,0,0,0,0,0],[1,1,1,1,0,1,0,0,1,0]]"
10,19,-0.037925550711192406,0.037925550711192406,"[[1,1,0,0,1,0,0,0,0,0],[1,1,1,1,0,1,0,0,1,1]]"
10,20,-0.04023819159628629,0.04023819159628629,"[[1,1,0,0,1,0,0,0,0,0],[1,1,1,1,0,1,0,1,0,0]]"
10,21,-0.039751639235984154,0.039751639235984154,"[[1,1,0,0,1,0,0,0,0,0],[1,1,1,1,0,1,0,1,0,1]]"
10,22,-0.04071963272834358,0.04071963272834358,"[[1,1,0,0,1,0,0,0,0,0],[1,1,1,1,0,1,0,1,1,0]]"
10,23,-0.038486865837656925,0.038486865837656925,"[[1,1,0,0,1,0,0,0,0,0],[1,1,1,1,0,1,0,1,1,1]]"
10,24,-0.04626711413843733,0.04626711413843733,"[[1,1,0,0,1,0,0,0,0,0],[1,1,1,1,0,1,1,0,0,0]]"
10,25,-0.04627275291849377,0.04627275291849377,"[[1,1,0,0,1,0,0,0,0,0],[1,1,1,1,0,1,1,0,0,1]]"
10,26,-0.04777804227026192,0.04777804227026192,"[[1,1,0,0,1,0,0,0,0,0],[1,1,1,1,0,1,1,0,1,0]]"
10,27,-0.0466059143542967,0.0466059143542967,"[[1,1,0,0,1,0,0,0,0,0],[1,1,1,1,0,1,1,0,1,1]]"
10,28,-0.04853616818730381,0.04853616818730381,"[[1,1,0,0,1,0,0,0,0,0],[1,1,1,1,0,1,1,1,0,0]]"
10,29,-0.04713354197487743,0.04713354197487743,"[[1,1,0,0,1,0,0,0,0,0],[1,1,1,1,0,1,1,1,0,1]]"
10,30,-0.046123517822644546,0.046123517822644546,"[[1,1,0,0,1,0,0,0,0,0],[1,1,1,1,0,1,1,1,1,0]]"
10,31,-0.040670991257316276,0.040670991257316276,"[[1,1,0,0,1,0,0,0,0,0],[1,1,1,1,0,1,1,1,1,1]]"
10,32,-0.02091615878657478,0.02091615878657478,"[[1,1,0,0,1,0,0,0,0,1],[1,1,1,1,0,0,0,0,0,0]]"
10,33,-0.02112811366884742,0.02112811366884742,"[[1,1,0,0,1,0,0,0,0,1],[1,1,1,1,0,0,0,0,0,1]]"
10,34,-0.022648312102232657,0.022648312102232657,"[[1,1,0,0,1,0,0,0,0,1],[1,1,1,1,0,0,0,0,1,0]]"
10,35,-0.022884204909081093,0.022884204909081093,"[[1,1,0,0,1,0,0,0,0,1],[1,1,1,1,0,0,0,0,1,1]]"
10,36,-0.025738644945336616,0.025738644945336616,"[[1,1,0,0,1,0,0,0,0,1],[1,1,1,1,0,0,0,1,0,0]]"
10,37,-0.025934199950152274,0.025934199950152274,"[[1,1,0,0,1,0,0,0,0,1],[1,1,1,1,0,0,0,1,0,1]]"
10,38,-0.02693147998974795,0.02693147998974795,"[[1,1,0,0,1,0,0,0,0,1],[1,1,1,1,0,0,0,1,1,0]]"
10,39,-0.026728586948917686,0.026728586948917686,"[[1,1,0,0,1,0,0,0,0,1],[1,1,1,1,0,0,0,1,1,1]]"
10,40,-0.03143671493400391,0.03143671493400391,"[[1,1,0,0,1,0,0,0,0,1],[1,1,1,1,0,0,1,0,0,0]]"
10,41,-0.03181300979002341,0.03181300979002341,"[[1,1,0,0,1,0,0,0,0,1],[1,1,1,1,0,0,1,0,0,1]]"
10,42,-0.033097142113633446,0.033097142113633446,"[[1,1,0,0,1,0,0,0,0,1],[1,1,1,1,0,0,1,0,1,0]]"
10,43,-0.032715149708647154,0.032715149708647154,"[[1,1,0,0,1,0,0,0,0,1],[1,1,1,1,0,0,1,0,1,1]]"
10,44,-0.03612438605721819,0.03612438605721819,"[[1,1,0,0,1,0,0,0,0,1],[1,1,1,1,0,0,1,1,0,0]]"
10,45,-0.03552920930883944,0.03552920930883944,"[[1,1,0,0,1,0,0,0,0,1],[1,1,1,1,0,0,1,1,0,1]]"
10,46,-0.03614796491476388,0.03614796491476388,"[[1,1,0,0,1,0,0,0,0,1],[1,1,1,1,0,0,1,1,1,0]]"
10,47,-0.03473817339153575,0.03473817339153575,"[[1,1,0,0,1,0,0,0,0,1],[1,1,1,1,0,0,1,1,1,1]]"
10,48,-0.037337859318670376,0.037337859318670376,"[[1,1,0,0,1,0,0,0,0,1],[1,1,1,1,0,1,0,0,0,0]]"
10,49,-0.03730285636900503,0.03730285636900503,"[[1,1,0,0,1,0,0,0,0,1],[1,1,1,1,0,1,0,0,0,1]]"
10,50,-0.038660109568703326,0.038660109568703326,"[[1,1,0,0,1,0,0,0,0,1],[1,1,1,1,0,1,0,0,1,0]]"
10,51,-0.03829514037733221,0.03829514037733221,"[[1,1,0,0,1,0,0,0,0,1],[1,1,1,1,0,1,0,0,1,1]]"
10,52,-0.04196055398549077,0.04196055398549077,"[[1,1,0,0,1,0,0,0,0,1],[1,1,1,1,0,1,0,1,0,0]]"
10,53,-0.04108518755287203,0.04108518755287203,"[[1,1,0,0,1,0,0,0,0,1],[1,1,1,1,0,1,0,1,0,1]]"
10,54,-0.04199545493032247,0.04199545493032247,"[[1,1,0,0,1,0,0,0,0,1],[1,1,1,1,0,1,0,1,1,0]]"
10,55,-0.04038850900826058,0.04038850900826058,"[[1,1,0,0,1,0,0,0,0,1],[1,1,1,1,0,1,0,1,1,1]]"
10,56,-0.04860959727234837,0.04860959727234837,"[[1,1,0,0,1,0,0,0,0,1],[1,1,1,1,0,1,1,0,0,0]]"
10,57,-0.04775166251373603,0.04775166251373603,"[[1,1,0,0,1,0,0,0,0,1],[1,1,1,1,0,1,1,0,0,1]]"
10,58,-0.049457270247968255,0.049457270247968255,"[[1,1,0,0,1,0,0,0,0,1],[1,1,1,1,0,1,1,0,1,0]]"
10,59,-0.04781983762441415,0.04781983762441415,"[[1,1,0,0,1,0,0,0,0,1],[1,1,1,1,0,1,1,0,1,1]]"
10,60,-0.05100555829544136,0.05100555829544136,"[[1,1,0,0,1,0,0,0,0,1],[1,1,1,1,0,1,1,1,0,0]]"
10,61,-0.04964817018279042,0.04964817018279042,"[[1,1,0,0,1,0,0,0,0,1],[1,1,1,1,0,1,1,1,0,1]]"
10,62,-0.04914713975133434,0.04914713975133434,"[[1,1,0,0,1,0,0,0,0,1],[1,1,1,1,0,1,1,1,1,0]]"
10,63,-0.04526409284222333,0.04526409284222333,"[[1,1,0,0,1,0,0,0,0,1],[1,1,1,1,0,1,1,1,1,1]]"
10,64,-0.018757131895646914,0.018757131895646914,"[[1,1,0,0,1,0,0,0,1,0],[1,1,1,1,0,0,0,0,0,0]]"
10,65,-0.018546793282630956,0.018546793282630956,"[[1,1,0,0,1,0,0,0,1,0],[1,1,1,1,0,0,0,0,0,1]]"
10,66,-0.02087593179391083,0.02087593179391083,"[[1,1,0,0,1,0,0,0,1,0],[1,1,1,1,0,0,0,0,1,0]]"
10,67,-0.021047114796627398,0.021047114796627398,"[[1,1,0,0,1,0,0,0,1,0],[1,1,1,1,0,0,0,0,1,1]]"
10,68,-0.024775365908262136,0.024775365908262136,"[[1,1,0,0,1,0,0,0,1,0],[1,1,1,1,0,0,0,1,0,0]]"
10,69,-0.024800901276842806,0.024800901276842806,"[[1,1,0,0,1,0,0,0,1,0],[1,1,1,1,0,0,0,1,0,1]]"
10,70,-0.026352281799674346,0.026352281799674346,"[[1,1,0,0,1,0,0,0,1,0],[1,1,1,1,0,0,0,1,1,0]]"
10,71,-0.02623693389735818,0.02623693389735818,"[[1,1,0,0,1,0,0,0,1,0],[1,1,1,1,0,0,0,1,1,1]]"
10,72,-0.029959994949194223,0.029959994949194223,"[[1,1,0,0,1,0,0,0,1,0],[1,1,1,1,0,0,1,0,0,0]]"
10,73,-0.02980520344019614,0.02980520344019614,"[[1,1,0,0,1,0,0,0,1,0],[1,1,1,1,0,0,1,0,0,1]]"
10,74,-0.032040658547917655,0.032040658547917655,"[[1,1,0,0,1,0,0,0,1,0],[1,1,1,1,0,0,1,0,1,0]]"
10,75,-0.031940029118340985,0.031940029118340985,"[[1,1,0,0,1,0,0,0,1,0],[1,1,1,1,0,0,1,0,1,1]]"
10,76,-0.035907889666790364,0.035907889666790364,"[[1,1,0,0,1,0,0,0,1,0],[1,1,1,1,0,0,1,1,0,0]]"
10,77,-0.03583710635113823,0.03583710635113823,"[[1,1,0,0,1,0,0,0,1,0],[1,1,1,1,0,0,1,1,0,1]]"
10,78,-0.036672823632732575,0.036672823632732575,"[[1,1,0,0,1,0,0,0,1,0],[1,1,1,1,0,0,1,1,1,0]]"
10,79,-0.03601234626121265,0.03601234626121265,"[[1,1,0,0,1,0,0,0,1,0],[1,1,1,1,0,0,1,1,1,1]]"
10,80,-0.035702915139208126,0.035702915139208126,"[[1,1,0,0,1,0,0,0,1,0],[1,1,1,1,0,1,0,0,0,0]]"
10,81,-0.035356241497294424,0.035356241497294424,"[[1,1,0,0,1,0,0,0,1,0],[1,1,1,1,0,1,0,0,0,1]]"
10,82,-0.037517564407141275,0.037517564407141275,"[[1,1,0,0,1,0,0,0,1,0],[1,1,1,1,0,1,0,0,1,0]]"
10,83,-0.03741308922360556,0.03741308922360556,"[[1,1,0,0,1,0,0,0,1,0],[1,1,1,1,0,1,0,0,1,1]]"
10,84,-0.04226370641606228,0.04226370641606228,"[[1,1,0,0,1,0,0,0,1,0],[1,1,1,1,0,1,0,1,0,0]]"
10,85,-0.04176495432700301,0.04176495432700301,"[[1,1,0,0,1,0,0,0,1,0],[1,1,1,1,0,1,0,1,0,1]]"
10,86,-0.04234353211079057,0.04234353211079057,"[[1,1,0,0,1,0,0,0,1,0],[1,1,1,1,0,1,0,1,1,0]]"
10,87,-0.041515708614165946,0.041515708614165946,"[[1,1,0,0,1,0,0,0,1,0],[1,1,1,1,0,1,0,1,1,1]]"
10,88,-0.04755672075351183,0.04755672075351183,"[[1,1,0,0,1,0,0,0,1,0],[1,1,1,1,0,1,1,0,0,0]]"
10,89,-0.046779276634055636,0.046779276634055636,"[[1,1,0,0,1,0,0,0,1,0],[1,1,1,1,0,1,1,0,0,1]]"
10,90,-0.04876263980305933,0.04876263980305933,"[[1,1,0,0,1,0,0,0,1,0],[1,1,1,1,0,1,1,0,1,0]]"
10,91,-0.04809605455252438,0.04809605455252438,"[[1,1,0,0,1,0,0,0,1,0],[1,1,1,1,0,1,1,0,1,1]]"
10,92,-0.051146696313249744,0.051146696313249744,"[[1,1,0,0,1,0,0,0,1,0],[1,1,1,1,0,1,1,1,0,0]]"
10,93,-0.05048838979685958,0.05048838979685958,"[[1,1,0,0,1,0,0,0,1,0],[1,1,1,1,0,1,1,1,0,1]]"
10,94,-0.05006020168631161,0.05006020168631161,"[[1,1,0,0,1,0,0,0,1,0],[1,1,1,1,0,1,1,1,1,0]]"
10,95,-0.048491948448832735,0.048491948448832735,"[[1,1,0,0,1,0,0,0,1,0],[1,1,1,1,0,1,1,1,1,1]]"
10,96,-0.01836094308386247,0.01836094308386247,"[[1,1,0,0,1,0,0,0,1,1],[1,1,1,1,0,0,0,0,0,0]]"
10,97,-0.01876297022701219,0.01876297022701219,"[[1,1,0,0,1,0,0,0,1,1],[1,1,1,1,0,0,0,0,0,1]]"
10,98,-0.020829750628122434,0.020829750628122434,"[[1,1,0,0,1,0,0,0,1,1],[1,1,1,1,0,0,0,0,1,0]]"
10,99,-0.021211795762858133,0.021211795762858133,"[[1,1,0,0,1,0,0,0,1,1],[1,1,1,1,0,0,0,0,1,1]]"
10,100,-0.024291621000988292,0.024291621000988292,"[[1,1,0,0,1,0,0,0,1,1],[1,1,1,1,0,0,0,1,0,0]]"
10,101,-0.024865767110253616,0.024865767110253616,"[[1,1,0,0,1,0,0,0,1,1],[1,1,1,1,0,0,0,1,0,1]]"
10,102,-0.02659896296969208,0.02659896296969208,"[[1,1,0,0,1,0,0,0,1,1],[1,1,1,1,0,0,0,1,1,0]]"
10,103,-0.0267293829158055,0.0267293829158055,"[[1,1,0,0,1,0,0,0,1,1],[1,1,1,1,0,0,0,1,1,1]]"
10,104,-0.029534153635980692,0.029534153635980692,"[[1,1,0,0,1,0,0,0,1,1],[1,1,1,1,0,0,1,0,0,0]]"
10,105,-0.030016203793753957,0.030016203793753957,"[[1,1,0,0,1,0,0,0,1,1],[1,1,1,1,0,0,1,0,0,1]]"
10,106,-0.03191915853613844,0.03191915853613844,"[[1,1,0,0,1,0,0,0,1,1],[1,1,1,1,0,0,1,0,1,0]]"
10,107,-0.03232795427400409,0.03232795427400409,"[[1,1,0,0,1,0,0,0,1,1],[1,1,1,1,0,0,1,0,1,1]]"
10,108,-0.035579506712606096,0.035579506712606096,"[[1,1,0,0,1,0,0,0,1,1],[1,1,1,1,0,0,1,1,0,0]]"
10,109,-0.03614847856012814,0.03614847856012814,"[[1,1,0,0,1,0,0,0,1,1],[1,1,1,1,0,0,1,1,0,1]]"
10,110,-0.03742716804867471,0.03742716804867471,"[[1,1,0,0,1,0,0,0,1,1],[1,1,1,1,0,0,1,1,1,0]]"
10,111,-0.03682985421840592,0.03682985421840592,"[[1,1,0,0,1,0,0,0,1,1],[1,1,1,1,0,0,1,1,1,1]]"
10,112,-0.035499216376724284,0.035499216376724284,"[[1,1,0,0,1,0,0,0,1,1],[1,1,1,1,0,1,0,0,0,0]]"
10,113,-0.035872648822823476,0.035872648822823476,"[[1,1,0,0,1,0,0,0,1,1],[1,1,1,1,0,1,0,0,0,1]]"
10,114,-0.037911131834624336,0.037911131834624336,"[[1,1,0,0,1,0,0,0,1,1],[1,1,1,1,0,1,0,0,1,0]]"
10,115,-0.03800520910633865,0.03800520910633865,"[[1,1,0,0,1,0,0,0,1,1],[1,1,1,1,0,1,0,0,1,1]]"
10,116,-0.04211749803315615,0.04211749803315615,"[[1,1,0,0,1,0,0,0,1,1],[1,1,1,1,0,1,0,1,0,0]]"
10,117,-0.042280992837274815,0.042280992837274815,"[[1,1,0,0,1,0,0,0,1,1],[1,1,1,1,0,1,0,1,0,1]]"
10,118,-0.0434738081531734,0.0434738081531734,"[[1,1,0,0,1,0,0,0,1,1],[1,1,1,1,0,1,0,1,1,0]]"
10,119,-0.0425534575436857,0.0425534575436857,"[[1,1,0,0,1,0,0,0,1,1],[1,1,1,1,0,1,0,1,1,1]]"
10,120,-0.04862376150029249,0.04862376150029249,"[[1,1,0,0,1,0,0,0,1,1],[1,1,1,1,0,1,1,0,0,0]]"
10,121,-0.04814975272134903,0.04814975272134903,"[[1,1,0,0,1,0,0,0,1,1],[1,1,1,1,0,1,1,0,0,1]]"
10,122,-0.04994668857041031,0.04994668857041031,"[[1,1,0,0,1,0,0,0,1,1],[1,1,1,1,0,1,1,0,1,0]]"
10,123,-0.04927091256184607,0.04927091256184607,"[[1,1,0,0,1,0,0,0,1,1],[1,1,1,1,0,1,1,0,1,1]]"
10,124,-0.05241212148439961,0.05241212148439961,"[[1,1,0,0,1,0,0,0,1,1],[1,1,1,1,0,1,1,1,0,0]]"
10,125,-0.05223173461969841,0.05223173461969841,"[[1,1,0,0,1,0,0,0,1,1],[1,1,1,1,0,1,1,1,0,1]]"
10,126,-0.05263234625197892,0.05263234625197892,"[[1,1,0,0,1,0,0,0,1,1],[1,1,1,1,0,1,1,1,1,0]]"
10,127,-0.05067982167272973,0.05067982167272973,"[[1,1,0,0,1,0,0,0,1,1],[1,1,1,1,0,1,1,1,1,1]]"
10,128,-0.015553050492075384,0.015553050492075384,"[[1,1,0,0,1,0,0,1,0,0],[1,1,1,1,0,0,0,0,0,0]]"
10,129,-0.015796944933302543,0.015796944933302543,"[[1,1,0,0,1,0,0,1,0,0],[1,1,1,1,0,0,0,0,0,1]]"
10,130,-0.01711154049139429,0.01711154049139429,"[[1,1,0,0,1,0,0,1,0,0],[1,1,1,1,0,0,0,0,1,0]]"
10,131,-0.017466375182539767,0.017466375182539767,"[[1,1,0,0,1,0,0,1,0,0],[1,1,1,1,0,0,0,0,1,1]]"
10,132,-0.02120098676561802,0.02120098676561802,"[[1,1,0,0,1,0,0,1,0,0],[1,1,1,1,0,0,0,1,0,0]]"
10,133,-0.021891496566920566,0.021891496566920566,"[[1,1,0,0,1,0,0,1,0,0],[1,1,1,1,0,0,0,1,0,1]]"
10,134,-0.02322990147924586,0.02322990147924586,"[[1,1,0,0,1,0,0,1,0,0],[1,1,1,1,0,0,0,1,1,0]]"
10,135,-0.023357409037518814,0.023357409037518814,"[[1,1,0,0,1,0,0,1,0,0],[1,1,1,1,0,0,0,1,1,1]]"
10,136,-0.026712068507545678,0.026712068507545678,"[[1,1,0,0,1,0,0,1,0,0],[1,1,1,1,0,0,1,0,0,0]]"
10,137,-0.027353215036501056,0.027353215036501056,"[[1,1,0,0,1,0,0,1,0,0],[1,1,1,1,0,0,1,0,0,1]]"
10,138,-0.028864617974923158,0.028864617974923158,"[[1,1,0,0,1,0,0,1,0,0],[1,1,1,1,0,0,1,0,1,0]]"
10,139,-0.02907101927780996,0.02907101927780996,"[[1,1,0,0,1,0,0,1,0,0],[1,1,1,1,0,0,1,0,1,1]]"
10,140,-0.03373145375664102,0.03373145375664102,"[[1,1,0,0,1,0,0,1,0,0],[1,1,1,1,0,0,1,1,0,0]]"
10,141,-0.03400950246873444,0.03400950246873444,"[[1,1,0,0,1,0,0,1,0,0],[1,1,1,1,0,0,1,1,0,1]]"
10,142,-0.03495251679603884,0.03495251679603884,"[[1,1,0,0,1,0,0,1,0,0],[1,1,1,1,0,0,1,1,1,0]]"
10,143,-0.03392434631764072,0.03392434631764072,"[[1,1,0,0,1,0,0,1,0,0],[1,1,1,1,0,0,1,1,1,1]]"
10,144,-0.031785244738327535,0.031785244738327535,"[[1,1,0,0,1,0,0,1,0,0],[1,1,1,1,0,1,0,0,0,0]]"
10,145,-0.032198191374867194,0.032198191374867194,"[[1,1,0,0,1,0,0,1,0,0],[1,1,1,1,0,1,0,0,0,1]]"
10,146,-0.03396617674722265,0.03396617674722265,"[[1,1,0,0,1,0,0,1,0,0],[1,1,1,1,0,1,0,0,1,0]]"
10,147,-0.03432442614608236,0.03432442614608236,"[[1,1,0,0,1,0,0,1,0,0],[1,1,1,1,0,1,0,0,1,1]]"
10,148,-0.038307586740091125,0.038307586740091125,"[[1,1,0,0,1,0,0,1,0,0],[1,1,1,1,0,1,0,1,0,0]]"
10,149,-0.03890784264888322,0.03890784264888322,"[[1,1,0,0,1,0,0,1,0,0],[1,1,1,1,0,1,0,1,0,1]]"
10,150,-0.04002469768866889,0.04002469768866889,"[[1,1,0,0,1,0,0,1,0,0],[1,1,1,1,0,1,0,1,1,0]]"
10,151,-0.039515240183080065,0.039515240183080065,"[[1,1,0,0,1,0,0,1,0,0],[1,1,1,1,0,1,0,1,1,1]]"
10,152,-0.04521480536498789,0.04521480536498789,"[[1,1,0,0,1,0,0,1,0,0],[1,1,1,1,0,1,1,0,0,0]]"
10,153,-0.04536337164138331,0.04536337164138331,"[[1,1,0,0,1,0,0,1,0,0],[1,1,1,1,0,1,1,0,0,1]]"
10,154,-0.04730641907338713,0.04730641907338713,"[[1,1,0,0,1,0,0,1,0,0],[1,1,1,1,0,1,1,0,1,0]]"
10,155,-0.046416827496772714,0.046416827496772714,"[[1,1,0,0,1,0,0,1,0,0],[1,1,1,1,0,1,1,0,1,1]]"
10,156,-0.05021665360871359,0.05021665360871359,"[[1,1,0,0,1,0,0,1,0,0],[1,1,1,1,0,1,1,1,0,0]]"
10,157,-0.05000682678346522,0.05000682678346522,"[[1,1,0,0,1,0,0,1,0,0],[1,1,1,1,0,1,1,1,0,1]]"
10,158,-0.05110771539336447,0.05110771539336447,"[[1,1,0,0,1,0,0,1,0,0],[1,1,1,1,0,1,1,1,1,0]]"
10,159,-0.04879809318136249,0.04879809318136249,"[[1,1,0,0,1,0,0,1,0,0],[1,1,1,1,0,1,1,1,1,1]]"
10,160,-0.01536234725446383,0.01536234725446383,"[[1,1,0,0,1,0,0,1,0,1],[1,1,1,1,0,0,0,0,0,0]]"
10,161,-0.015825508821846964,0.015825508821846964,"[[1,1,0,0,1,0,0,1,0,1],[1,1,1,1,0,0,0,0,0,1]]"
10,162,-0.017435824414577833,0.017435824414577833,"[[1,1,0,0,1,0,0,1,0,1],[1,1,1,1,0,0,0,0,1,0]]"
10,163,-0.01764777286790076,0.01764777286790076,"[[1,1,0,0,1,0,0,1,0,1],[1,1,1,1,0,0,0,0,1,1]]"
10,164,-0.02131541229889332,0.02131541229889332,"[[1,1,0,0,1,0,0,1,0,1],[1,1,1,1,0,0,0,1,0,0]]"
10,165,-0.021882981399143624,0.021882981399143624,"[[1,1,0,0,1,0,0,1,0,1],[1,1,1,1,0,0,0,1,0,1]]"
10,166,-0.023554193016775412,0.023554193016775412,"[[1,1,0,0,1,0,0,1,0,1],[1,1,1,1,0,0,0,1,1,0]]"
10,167,-0.023645878298810593,0.023645878298810593,"[[1,1,0,0,1,0,0,1,0,1],[1,1,1,1,0,0,0,1,1,1]]"
10,168,-0.026333847920039125,0.026333847920039125,"[[1,1,0,0,1,0,0,1,0,1],[1,1,1,1,0,0,1,0,0,0]]"
10,169,-0.02723216400836126,0.02723216400836126,"[[1,1,0,0,1,0,0,1,0,1],[1,1,1,1,0,0,1,0,0,1]]"
10,170,-0.02924718376843082,0.02924718376843082,"[[1,1,0,0,1,0,0,1,0,1],[1,1,1,1,0,0,1,0,1,0]]"
10,171,-0.029429202502339886,0.029429202502339886,"[[1,1,0,0,1,0,0,1,0,1],[1,1,1,1,0,0,1,0,1,1]]"
10,172,-0.033761317402134304,0.033761317402134304,"[[1,1,0,0,1,0,0,1,0,1],[1,1,1,1,0,0,1,1,0,0]]"
10,173,-0.03429642982763726,0.03429642982763726,"[[1,1,0,0,1,0,0,1,0,1],[1,1,1,1,0,0,1,1,0,1]]"
10,174,-0.03541295087229828,0.03541295087229828,"[[1,1,0,0,1,0,0,1,0,1],[1,1,1,1,0,0,1,1,1,0]]"
10,175,-0.03442264507981671,0.03442264507981671,"[[1,1,0,0,1,0,0,1,0,1],[1,1,1,1,0,0,1,1,1,1]]"
10,176,-0.03157717080788375,0.03157717080788375,"[[1,1,0,0,1,0,0,1,0,1],[1,1,1,1,0,1,0,0,0,0]]"
10,177,-0.03215308336228393,0.03215308336228393,"[[1,1,0,0,1,0,0,1,0,1],[1,1,1,1,0,1,0,0,0,1]]"
10,178,-0.03444431893892717,0.03444431893892717,"[[1,1,0,0,1,0,0,1,0,1],[1,1,1,1,0,1,0,0,1,0]]"
10,179,-0.03454408411505094,0.03454408411505094,"[[1,1,0,0,1,0,0,1,0,1],[1,1,1,1,0,1,0,0,1,1]]"
10,180,-0.03909767180354292,0.03909767180354292,"[[1,1,0,0,1,0,0,1,0,1],[1,1,1,1,0,1,0,1,0,0]]"
10,181,-0.039156092443024905,0.039156092443024905,"[[1,1,0,0,1,0,0,1,0,1],[1,1,1,1,0,1,0,1,0,1]]"
10,182,-0.040574581495023895,0.040574581495023895,"[[1,1,0,0,1,0,0,1,0,1],[1,1,1,1,0,1,0,1,1,0]]"
10,183,-0.03981690209298931,0.03981690209298931,"[[1,1,0,0,1,0,0,1,0,1],[1,1,1,1,0,1,0,1,1,1]]"
10,184,-0.04538635189946365,0.04538635189946365,"[[1,1,0,0,1,0,0,1,0,1],[1,1,1,1,0,1,1,0,0,0]]"
10,185,-0.0458326572136609,0.0458326572136609,"[[1,1,0,0,1,0,0,1,0,1],[1,1,1,1,0,1,1,0,0,1]]"
10,186,-0.04804104494290136,0.04804104494290136,"[[1,1,0,0,1,0,0,1,0,1],[1,1,1,1,0,1,1,0,1,0]]"
10,187,-0.04711814368004777,0.04711814368004777,"[[1,1,0,0,1,0,0,1,0,1],[1,1,1,1,0,1,1,0,1,1]]"
10,188,-0.051646858091107736,0.051646858091107736,"[[1,1,0,0,1,0,0,1,0,1],[1,1,1,1,0,1,1,1,0,0]]"
10,189,-0.05131721436957593,0.05131721436957593,"[[1,1,0,0,1,0,0,1,0,1],[1,1,1,1,0,1,1,1,0,1]]"
10,190,-0.05207593782894177,0.05207593782894177,"[[1,1,0,0,1,0,0,1,0,1],[1,1,1,1,0,1,1,1,1,0]]"
10,191,-0.04992511249567754,0.04992511249567754,"[[1,1,0,0,1,0,0,1,0,1],[1,1,1,1,0,1,1,1,1,1]]"
10,192,-0.012847844885857516,0.012847844885857516,"[[1,1,0,0,1,0,0,1,1,0],[1,1,1,1,0,0,0,0,0,0]]"
10,193,-0.013057727879341457,0.013057727879341457,"[[1,1,0,0,1,0,0,1,1,0],[1,1,1,1,0,0,0,0,0,1]]"
10,194,-0.015167685945851727,0.015167685945851727,"[[1,1,0,0,1,0,0,1,1,0],[1,1,1,1,0,0,0,0,1,0]]"
10,195,-0.015359107660683087,0.015359107660683087,"[[1,1,0,0,1,0,0,1,1,0],[1,1,1,1,0,0,0,0,1,1]]"
10,196,-0.01956962069208365,0.01956962069208365,"[[1,1,0,0,1,0,0,1,1,0],[1,1,1,1,0,0,0,1,0,0]]"
10,197,-0.019547237333683017,0.019547237333683017,"[[1,1,0,0,1,0,0,1,1,0],[1,1,1,1,0,0,0,1,0,1]]"
10,198,-0.021820114356156117,0.021820114356156117,"[[1,1,0,0,1,0,0,1,1,0],[1,1,1,1,0,0,0,1,1,0]]"
10,199,-0.02220127506559458,0.02220127506559458,"[[1,1,0,0,1,0,0,1,1,0],[1,1,1,1,0,0,0,1,1,1]]"
10,200,-0.023939092065735704,0.023939092065735704,"[[1,1,0,0,1,0,0,1,1,0],[1,1,1,1,0,0,1,0,0,0]]"
10,201,-0.02454400210560432,0.02454400210560432,"[[1,1,0,0,1,0,0,1,1,0],[1,1,1,1,0,0,1,0,0,1]]"
10,202,-0.02672859619696573,0.02672859619696573,"[[1,1,0,0,1,0,0,1,1,0],[1,1,1,1,0,0,1,0,1,0]]"
10,203,-0.027187796699049412,0.027187796699049412,"[[1,1,0,0,1,0,0,1,1,0],[1,1,1,1,0,0,1,0,1,1]]"
10,204,-0.03236823190107959,0.03236823190107959,"[[1,1,0,0,1,0,0,1,1,0],[1,1,1,1,0,0,1,1,0,0]]"
10,205,-0.03257573778640839,0.03257573778640839,"[[1,1,0,0,1,0,0,1,1,0],[1,1,1,1,0,0,1,1,0,1]]"
10,206,-0.03497671749127374,0.03497671749127374,"[[1,1,0,0,1,0,0,1,1,0],[1,1,1,1,0,0,1,1,1,0]]"
10,207,-0.03480651166168054,0.03480651166168054,"[[1,1,0,0,1,0,0,1,1,0],[1,1,1,1,0,0,1,1,1,1]]"
10,208,-0.02941122213011252,0.02941122213011252,"[[1,1,0,0,1,0,0,1,1,0],[1,1,1,1,0,1,0,0,0,0]]"
10,209,-0.0296133934618469,0.0296133934618469,"[[1,1,0,0,1,0,0,1,1,0],[1,1,1,1,0,1,0,0,0,1]]"
10,210,-0.03215954464825679,0.03215954464825679,"[[1,1,0,0,1,0,0,1,1,0],[1,1,1,1,0,1,0,0,1,0]]"
10,211,-0.03248400302603931,0.03248400302603931,"[[1,1,0,0,1,0,0,1,1,0],[1,1,1,1,0,1,0,0,1,1]]"
10,212,-0.03723339533034292,0.03723339533034292,"[[1,1,0,0,1,0,0,1,1,0],[1,1,1,1,0,1,0,1,0,0]]"
10,213,-0.037134395832705766,0.037134395832705766,"[[1,1,0,0,1,0,0,1,1,0],[1,1,1,1,0,1,0,1,0,1]]"
10,214,-0.039829246224268824,0.039829246224268824,"[[1,1,0,0,1,0,0,1,1,0],[1,1,1,1,0,1,0,1,1,0]]"
10,215,-0.03983028251101198,0.03983028251101198,"[[1,1,0,0,1,0,0,1,1,0],[1,1,1,1,0,1,0,1,1,1]]"
10,216,-0.0434301602141996,0.0434301602141996,"[[1,1,0,0,1,0,0,1,1,0],[1,1,1,1,0,1,1,0,0,0]]"
10,217,-0.043758916865277185,0.043758916865277185,"[[1,1,0,0,1,0,0,1,1,0],[1,1,1,1,0,1,1,0,0,1]]"
10,218,-0.046368084484205416,0.046368084484205416,"[[1,1,0,0,1,0,0,1,1,0],[1,1,1,1,0,1,1,0,1,0]]"
10,219,-0.04639420635725569,0.04639420635725569,"[[1,1,0,0,1,0,0,1,1,0],[1,1,1,1,0,1,1,0,1,1]]"
10,220,-0.05118177218044469,0.05118177218044469,"[[1,1,0,0,1,0,0,1,1,0],[1,1,1,1,0,1,1,1,0,0]]"
10,221,-0.05075159066467313,0.05075159066467313,"[[1,1,0,0,1,0,0,1,1,0],[1,1,1,1,0,1,1,1,0,1]]"
10,222,-0.05200598709332187,0.05200598709332187,"[[1,1,0,0,1,0,0,1,1,0],[1,1,1,1,0,1,1,1,1,0]]"
10,223,-0.05131985815378324,0.05131985815378324,"[[1,1,0,0,1,0,0,1,1,0],[1,1,1,1,0,1,1,1,1,1]]"
10,224,-0.012278563280351353,0.012278563280351353,"[[1,1,0,0,1,0,0,1,1,1],[1,1,1,1,0,0,0,0,0,0]]"
10,225,-0.012495526432335485,0.012495526432335485,"[[1,1,0,0,1,0,0,1,1,1],[1,1,1,1,0,0,0,0,0,1]]"
10,226,-0.014751582688849307,0.014751582688849307,"[[1,1,0,0,1,0,0,1,1,1],[1,1,1,1,0,0,0,0,1,0]]"
10,227,-0.01532031920921039,0.01532031920921039,"[[1,1,0,0,1,0,0,1,1,1],[1,1,1,1,0,0,0,0,1,1]]"
10,228,-0.019096565340873558,0.019096565340873558,"[[1,1,0,0,1,0,0,1,1,1],[1,1,1,1,0,0,0,1,0,0]]"
10,229,-0.019453196056539137,0.019453196056539137,"[[1,1,0,0,1,0,0,1,1,1],[1,1,1,1,0,0,0,1,0,1]]"
10,230,-0.021791066593434483,0.021791066593434483,"[[1,1,0,0,1,0,0,1,1,1],[1,1,1,1,0,0,0,1,1,0]]"
10,231,-0.022327586476734097,0.022327586476734097,"[[1,1,0,0,1,0,0,1,1,1],[1,1,1,1,0,0,0,1,1,1]]"
10,232,-0.02324965781056225,0.02324965781056225,"[[1,1,0,0,1,0,0,1,1,1],[1,1,1,1,0,0,1,0,0,0]]"
10,233,-0.024005640859831052,0.024005640859831052,"[[1,1,0,0,1,0,0,1,1,1],[1,1,1,1,0,0,1,0,0,1]]"
10,234,-0.026491951792103837,0.026491951792103837,"[[1,1,0,0,1,0,0,1,1,1],[1,1,1,1,0,0,1,0,1,0]]"
10,235,-0.02711727209702657,0.02711727209702657,"[[1,1,0,0,1,0,0,1,1,1],[1,1,1,1,0,0,1,0,1,1]]"
10,236,-0.03151033755392067,0.03151033755392067,"[[1,1,0,0,1,0,0,1,1,1],[1,1,1,1,0,0,1,1,0,0]]"
10,237,-0.03224157078935661,0.03224157078935661,"[[1,1,0,0,1,0,0,1,1,1],[1,1,1,1,0,0,1,1,0,1]]"
10,238,-0.03478432035118762,0.03478432035118762,"[[1,1,0,0,1,0,0,1,1,1],[1,1,1,1,0,0,1,1,1,0]]"
10,239,-0.03515278434374305,0.03515278434374305,"[[1,1,0,0,1,0,0,1,1,1],[1,1,1,1,0,0,1,1,1,1]]"
10,240,-0.028330658505311055,0.028330658505311055,"[[1,1,0,0,1,0,0,1,1,1],[1,1,1,1,0,1,0,0,0,0]]"
10,241,-0.028996235182145558,0.028996235182145558,"[[1,1,0,0,1,0,0,1,1,1],[1,1,1,1,0,1,0,0,0,1]]"
10,242,-0.03159461526876038,0.03159461526876038,"[[1,1,0,0,1,0,0,1,1,1],[1,1,1,1,0,1,0,0,1,0]]"
10,243,-0.03221578849147828,0.03221578849147828,"[[1,1,0,0,1,0,0,1,1,1],[1,1,1,1,0,1,0,0,1,1]]"
10,244,-0.03658732803074301,0.03658732803074301,"[[1,1,0,0,1,0,0,1,1,1],[1,1,1,1,0,1,0,1,0,0]]"
10,245,-0.03714499687319515,0.03714499687319515,"[[1,1,0,0,1,0,0,1,1,1],[1,1,1,1,0,1,0,1,0,1]]"
10,246,-0.03987933890416959,0.03987933890416959,"[[1,1,0,0,1,0,0,1,1,1],[1,1,1,1,0,1,0,1,1,0]]"
10,247,-0.04021559020651468,0.04021559020651468,"[[1,1,0,0,1,0,0,1,1,1],[1,1,1,1,0,1,0,1,1,1]]"
10,248,-0.042671686389337486,0.042671686389337486,"[[1,1,0,0,1,0,0,1,1,1],[1,1,1,1,0,1,1,0,0,0]]"
10,249,-0.043590848638814086,0.043590848638814086,"[[1,1,0,0,1,0,0,1,1,1],[1,1,1,1,0,1,1,0,0,1]]"
10,250,-0.046071385521597244,0.046071385521597244,"[[1,1,0,0,1,0,0,1,1,1],[1,1,1,1,0,1,1,0,1,0]]"
10,251,-0.046264418160162746,0.046264418160162746,"[[1,1,0,0,1,0,0,1,1,1],[1,1,1,1,0,1,1,0,1,1]]"
10,252,-0.05110708422486861,0.05110708422486861,"[[1,1,0,0,1,0,0,1,1,1],[1,1,1,1,0,1,1,1,0,0]]"
10,253,-0.051324203049841095,0.051324203049841095,"[[1,1,0,0,1,0,0,1,1,1],[1,1,1,1,0,1,1,1,0,1]]"
10,254,-0.052753095550484436,0.052753095550484436,"[[1,1,0,0,1,0,0,1,1,1],[1,1,1,1,0,1,1,1,1,0]]"
10,255,-0.052184078153924535,0.052184078153924535,"[[1,1,0,0,1,0,0,1,1,1],[1,1,1,1,0,1,1,1,1,1]]"
10,256,-0.011665511380729044,0.011665511380729044,"[[1,1,0,0,1,0,1,0,0,0],[1,1,1,1,0,0,0,0,0,0]]"
10,257,-0.011564110859586555,0.011564110859586555,"[[1,1,0,0,1,0,1,0,0,0],[1,1,1,1,0,0,0,0,0,1]]"
10,258,-0.013354665320255572,0.013354665320255572,"[[1,1,0,0,1,0,1,0,0,0],[1,1,1,1,0,0,0,0,1,0]]"
10,259,-0.013560940065036301,0.013560940065036301,"[[1,1,0,0,1,0,1,0,0,0],[1,1,1,1,0,0,0,0,1,1]]"
10,260,-0.015865143134274187,0.015865143134274187,"[[1,1,0,0,1,0,1,0,0,0],[1,1,1,1,0,0,0,1,0,0]]"
10,261,-0.016306985953326344,0.016306985953326344,"[[1,1,0,0,1,0,1,0,0,0],[1,1,1,1,0,0,0,1,0,1]]"
10,262,-0.018033915715317487,0.018033915715317487,"[[1,1,0,0,1,0,1,0,0,0],[1,1,1,1,0,0,0,1,1,0]]"
10,263,-0.018085672682923316,0.018085672682923316,"[[1,1,0,0,1,0,1,0,0,0],[1,1,1,1,0,0,0,1,1,1]]"
10,264,-0.02123601739408265,0.02123601739408265,"[[1,1,0,0,1,0,1,0,0,0],[1,1,1,1,0,0,1,0,0,0]]"
10,265,-0.021500155462611005,0.021500155462611005,"[[1,1,0,0,1,0,1,0,0,0],[1,1,1,1,0,0,1,0,0,1]]"
10,266,-0.023120081922555477,0.023120081922555477,"[[1,1,0,0,1,0,1,0,0,0],[1,1,1,1,0,0,1,0,1,0]]"
10,267,-0.023436018990554315,0.023436018990554315,"[[1,1,0,0,1,0,1,0,0,0],[1,1,1,1,0,0,1,0,1,1]]"
10,268,-0.026693854459078726,0.026693854459078726,"[[1,1,0,0,1,0,1,0,0,0],[1,1,1,1,0,0,1,1,0,0]]"
10,269,-0.026844017606556206,0.026844017606556206,"[[1,1,0,0,1,0,1,0,0,0],[1,1,1,1,0,0,1,1,0,1]]"
10,270,-0.027680547194427585,0.027680547194427585,"[[1,1,0,0,1,0,1,0,0,0],[1,1,1,1,0,0,1,1,1,0]]"
10,271,-0.026705009846675606,0.026705009846675606,"[[1,1,0,0,1,0,1,0,0,0],[1,1,1,1,0,0,1,1,1,1]]"
10,272,-0.027485068549244613,0.027485068549244613,"[[1,1,0,0,1,0,1,0,0,0],[1,1,1,1,0,1,0,0,0,0]]"
10,273,-0.02769471538132576,0.02769471538132576,"[[1,1,0,0,1,0,1,0,0,0],[1,1,1,1,0,1,0,0,0,1]]"
10,274,-0.029669867785055967,0.029669867785055967,"[[1,1,0,0,1,0,1,0,0,0],[1,1,1,1,0,1,0,0,1,0]]"
10,275,-0.030181378853513807,0.030181378853513807,"[[1,1,0,0,1,0,1,0,0,0],[1,1,1,1,0,1,0,0,1,1]]"
10,276,-0.03267706317644315,0.03267706317644315,"[[1,1,0,0,1,0,1,0,0,0],[1,1,1,1,0,1,0,1,0,0]]"
10,277,-0.033391887990227645,0.033391887990227645,"[[1,1,0,0,1,0,1,0,0,0],[1,1,1,1,0,1,0,1,0,1]]"
10,278,-0.03436225803717871,0.03436225803717871,"[[1,1,0,0,1,0,1,0,0,0],[1,1,1,1,0,1,0,1,1,0]]"
10,279,-0.03345292358939299,0.03345292358939299,"[[1,1,0,0,1,0,1,0,0,0],[1,1,1,1,0,1,0,1,1,1]]"
10,280,-0.040074790061520586,0.040074790061520586,"[[1,1,0,0,1,0,1,0,0,0],[1,1,1,1,0,1,1,0,0,0]]"
10,281,-0.04032870357090003,0.04032870357090003,"[[1,1,0,0,1,0,1,0,0,0],[1,1,1,1,0,1,1,0,0,1]]"
10,282,-0.04177336570338742,0.04177336570338742,"[[1,1,0,0,1,0,1,0,0,0],[1,1,1,1,0,1,1,0,1,0]]"
10,283,-0.04190682722992132,0.04190682722992132,"[[1,1,0,0,1,0,1,0,0,0],[1,1,1,1,0,1,1,0,1,1]]"
10,284,-0.04416707734724385,0.04416707734724385,"[[1,1,0,0,1,0,1,0,0,0],[1,1,1,1,0,1,1,1,0,0]]"
10,285,-0.04347664929222831,0.04347664929222831,"[[1,1,0,0,1,0,1,0,0,0],[1,1,1,1,0,1,1,1,0,1]]"
10,286,-0.04398143120058226,0.04398143120058226,"[[1,1,0,0,1,0,1,0,0,0],[1,1,1,1,0,1,1,1,1,0]]"
10,287,-0.04117096606534302,0.04117096606534302,"[[1,1,0,0,1,0,1,0,0,0],[1,1,1,1,0,1,1,1,1,1]]"
10,288,-0.011287682821694114,0.011287682821694114,"[[1,1,0,0,1,0,1,0,0,1],[1,1,1,1,0,0,0,0,0,0]]"
10,289,-0.011686239104676682,0.011686239104676682,"[[1,1,0,0,1,0,1,0,0,1],[1,1,1,1,0,0,0,0,0,1]]"
10,290,-0.01325435898000415,0.01325435898000415,"[[1,1,0,0,1,0,1,0,0,1],[1,1,1,1,0,0,0,0,1,0]]"
10,291,-0.013678200289240222,0.013678200289240222,"[[1,1,0,0,1,0,1,0,0,1],[1,1,1,1,0,0,0,0,1,1]]"
10,292,-0.01603352873468394,0.01603352873468394,"[[1,1,0,0,1,0,1,0,0,1],[1,1,1,1,0,0,0,1,0,0]]"
10,293,-0.016389555003614817,0.016389555003614817,"[[1,1,0,0,1,0,1,0,0,1],[1,1,1,1,0,0,0,1,0,1]]"
10,294,-0.018159424731237404,0.018159424731237404,"[[1,1,0,0,1,0,1,0,0,1],[1,1,1,1,0,0,0,1,1,0]]"
10,295,-0.01858261535548187,0.01858261535548187,"[[1,1,0,0,1,0,1,0,0,1],[1,1,1,1,0,0,0,1,1,1]]"
10,296,-0.02110704538954926,0.02110704538954926,"[[1,1,0,0,1,0,1,0,0,1],[1,1,1,1,0,0,1,0,0,0]]"
10,297,-0.021522292489763183,0.021522292489763183,"[[1,1,0,0,1,0,1,0,0,1],[1,1,1,1,0,0,1,0,0,1]]"
10,298,-0.023435197055281104,0.023435197055281104,"[[1,1,0,0,1,0,1,0,0,1],[1,1,1,1,0,0,1,0,1,0]]"
10,299,-0.023768595263644842,0.023768595263644842,"[[1,1,0,0,1,0,1,0,0,1],[1,1,1,1,0,0,1,0,1,1]]"
10,300,-0.02721898171884842,0.02721898171884842,"[[1,1,0,0,1,0,1,0,0,1],[1,1,1,1,0,0,1,1,0,0]]"
10,301,-0.02726410707556952,0.02726410707556952,"[[1,1,0,0,1,0,1,0,0,1],[1,1,1,1,0,0,1,1,0,1]]"
10,302,-0.028149691302425294,0.028149691302425294,"[[1,1,0,0,1,0,1,0,0,1],[1,1,1,1,0,0,1,1,1,0]]"
10,303,-0.02781047972682087,0.02781047972682087,"[[1,1,0,0,1,0,1,0,0,1],[1,1,1,1,0,0,1,1,1,1]]"
10,304,-0.0273978326652829,0.0273978326652829,"[[1,1,0,0,1,0,1,0,0,1],[1,1,1,1,0,1,0,0,0,0]]"
10,305,-0.027781220136617404,0.027781220136617404,"[[1,1,0,0,1,0,1,0,0,1],[1,1,1,1,0,1,0,0,0,1]]"
10,306,-0.029746002640580912,0.029746002640580912,"[[1,1,0,0,1,0,1,0,0,1],[1,1,1,1,0,1,0,0,1,0]]"
10,307,-0.030175686152781135,0.030175686152781135,"[[1,1,0,0,1,0,1,0,0,1],[1,1,1,1,0,1,0,0,1,1]]"
10,308,-0.0332329578519465,0.0332329578519465,"[[1,1,0,0,1,0,1,0,0,1],[1,1,1,1,0,1,0,1,0,0]]"
10,309,-0.03354779701813105,0.03354779701813105,"[[1,1,0,0,1,0,1,0,0,1],[1,1,1,1,0,1,0,1,0,1]]"
10,310,-0.03496090639397908,0.03496090639397908,"[[1,1,0,0,1,0,1,0,0,1],[1,1,1,1,0,1,0,1,1,0]]"
10,311,-0.034927002475776445,0.034927002475776445,"[[1,1,0,0,1,0,1,0,0,1],[1,1,1,1,0,1,0,1,1,1]]"
10,312,-0.040605682531846495,0.040605682531846495,"[[1,1,0,0,1,0,1,0,0,1],[1,1,1,1,0,1,1,0,0,0]]"
10,313,-0.04060417436149855,0.04060417436149855,"[[1,1,0,0,1,0,1,0,0,1],[1,1,1,1,0,1,1,0,0,1]]"
10,314,-0.042538709922216526,0.042538709922216526,"[[1,1,0,0,1,0,1,0,0,1],[1,1,1,1,0,1,1,0,1,0]]"
10,315,-0.04205702683016976,0.04205702683016976,"[[1,1,0,0,1,0,1,0,0,1],[1,1,1,1,0,1,1,0,1,1]]"
10,316,-0.0458701055676535,0.0458701055676535,"[[1,1,0,0,1,0,1,0,0,1],[1,1,1,1,0,1,1,1,0,0]]"
10,317,-0.044857609568301315,0.044857609568301315,"[[1,1,0,0,1,0,1,0,0,1],[1,1,1,1,0,1,1,1,0,1]]"
10,318,-0.0455547503164568,0.0455547503164568,"[[1,1,0,0,1,0,1,0,0,1],[1,1,1,1,0,1,1,1,1,0]]"
10,319,-0.04379711849870473,0.04379711849870473,"[[1,1,0,0,1,0,1,0,0,1],[1,1,1,1,0,1,1,1,1,1]]"
10,320,-0.009408036223217668,0.009408036223217668,"[[1,1,0,0,1,0,1,0,1,0],[1,1,1,1,0,0,0,0,0,0]]"
10,321,-0.009365466502026241,0.009365466502026241,"[[1,1,0,0,1,0,1,0,1,0],[1,1,1,1,0,0,0,0,0,1]]"
10,322,-0.011470356309776157,0.011470356309776157,"[[1,1,0,0,1,0,1,0,1,0],[1,1,1,1,0,0,0,0,1,0]]"
10,323,-0.011568790945399254,0.011568790945399254,"[[1,1,0,0,1,0,1,0,1,0],[1,1,1,1,0,0,0,0,1,1]]"
10,324,-0.014741458251837711,0.014741458251837711,"[[1,1,0,0,1,0,1,0,1,0],[1,1,1,1,0,0,0,1,0,0]]"
10,325,-0.014542774006053291,0.014542774006053291,"[[1,1,0,0,1,0,1,0,1,0],[1,1,1,1,0,0,0,1,0,1]]"
10,326,-0.016841109641701418,0.016841109641701418,"[[1,1,0,0,1,0,1,0,1,0],[1,1,1,1,0,0,0,1,1,0]]"
10,327,-0.017075337659718182,0.017075337659718182,"[[1,1,0,0,1,0,1,0,1,0],[1,1,1,1,0,0,0,1,1,1]]"
10,328,-0.019303375825605276,0.019303375825605276,"[[1,1,0,0,1,0,1,0,1,0],[1,1,1,1,0,0,1,0,0,0]]"
10,329,-0.01920983049454842,0.01920983049454842,"[[1,1,0,0,1,0,1,0,1,0],[1,1,1,1,0,0,1,0,0,1]]"
10,330,-0.02154504726201515,0.02154504726201515,"[[1,1,0,0,1,0,1,0,1,0],[1,1,1,1,0,0,1,0,1,0]]"
10,331,-0.02190895116347085,0.02190895116347085,"[[1,1,0,0,1,0,1,0,1,0],[1,1,1,1,0,0,1,0,1,1]]"
10,332,-0.02641348988074183,0.02641348988074183,"[[1,1,0,0,1,0,1,0,1,0],[1,1,1,1,0,0,1,1,0,0]]"
10,333,-0.02652092718347345,0.02652092718347345,"[[1,1,0,0,1,0,1,0,1,0],[1,1,1,1,0,0,1,1,0,1]]"
10,334,-0.028203643354520396,0.028203643354520396,"[[1,1,0,0,1,0,1,0,1,0],[1,1,1,1,0,0,1,1,1,0]]"
10,335,-0.027925606511199304,0.027925606511199304,"[[1,1,0,0,1,0,1,0,1,0],[1,1,1,1,0,0,1,1,1,1]]"
10,336,-0.025469894119238955,0.025469894119238955,"[[1,1,0,0,1,0,1,0,1,0],[1,1,1,1,0,1,0,0,0,0]]"
10,337,-0.025034928100695,0.025034928100695,"[[1,1,0,0,1,0,1,0,1,0],[1,1,1,1,0,1,0,0,0,1]]"
10,338,-0.027862604133324247,0.027862604133324247,"[[1,1,0,0,1,0,1,0,1,0],[1,1,1,1,0,1,0,0,1,0]]"
10,339,-0.027935932986323776,0.027935932986323776,"[[1,1,0,0,1,0,1,0,1,0],[1,1,1,1,0,1,0,0,1,1]]"
10,340,-0.03247057047709908,0.03247057047709908,"[[1,1,0,0,1,0,1,0,1,0],[1,1,1,1,0,1,0,1,0,0]]"
10,341,-0.03214597454541105,0.03214597454541105,"[[1,1,0,0,1,0,1,0,1,0],[1,1,1,1,0,1,0,1,0,1]]"
10,342,-0.03472188655491891,0.03472188655491891,"[[1,1,0,0,1,0,1,0,1,0],[1,1,1,1,0,1,0,1,1,0]]"
10,343,-0.034369144484622846,0.034369144484622846,"[[1,1,0,0,1,0,1,0,1,0],[1,1,1,1,0,1,0,1,1,1]]"
10,344,-0.039247034227064825,0.039247034227064825,"[[1,1,0,0,1,0,1,0,1,0],[1,1,1,1,0,1,1,0,0,0]]"
10,345,-0.03884531098440053,0.03884531098440053,"[[1,1,0,0,1,0,1,0,1,0],[1,1,1,1,0,1,1,0,0,1]]"
10,346,-0.04158130248472336,0.04158130248472336,"[[1,1,0,0,1,0,1,0,1,0],[1,1,1,1,0,1,1,0,1,0]]"
10,347,-0.041186666495069434,0.041186666495069434,"[[1,1,0,0,1,0,1,0,1,0],[1,1,1,1,0,1,1,0,1,1]]"
10,348,-0.046440531828193604,0.046440531828193604,"[[1,1,0,0,1,0,1,0,1,0],[1,1,1,1,0,1,1,1,0,0]]"
10,349,-0.04557413068751062,0.04557413068751062,"[[1,1,0,0,1,0,1,0,1,0],[1,1,1,1,0,1,1,1,0,1]]"
10,350,-0.045900445745431534,0.045900445745431534,"[[1,1,0,0,1,0,1,0,1,0],[1,1,1,1,0,1,1,1,1,0]]"
10,351,-0.04473660149090227,0.04473660149090227,"[[1,1,0,0,1,0,1,0,1,0],[1,1,1,1,0,1,1,1,1,1]]"
10,352,-0.008760459663249698,0.008760459663249698,"[[1,1,0,0,1,0,1,0,1,1],[1,1,1,1,0,0,0,0,0,0]]"
10,353,-0.009052797819917446,0.009052797819917446,"[[1,1,0,0,1,0,1,0,1,1],[1,1,1,1,0,0,0,0,0,1]]"
10,354,-0.011283278023419763,0.011283278023419763,"[[1,1,0,0,1,0,1,0,1,1],[1,1,1,1,0,0,0,0,1,0]]"
10,355,-0.011630669028403968,0.011630669028403968,"[[1,1,0,0,1,0,1,0,1,1],[1,1,1,1,0,0,0,0,1,1]]"
10,356,-0.014443600979528142,0.014443600979528142,"[[1,1,0,0,1,0,1,0,1,1],[1,1,1,1,0,0,0,1,0,0]]"
10,357,-0.014595602274344175,0.014595602274344175,"[[1,1,0,0,1,0,1,0,1,1],[1,1,1,1,0,0,0,1,0,1]]"
10,358,-0.016883347472943906,0.016883347472943906,"[[1,1,0,0,1,0,1,0,1,1],[1,1,1,1,0,0,0,1,1,0]]"
10,359,-0.017297252618963133,0.017297252618963133,"[[1,1,0,0,1,0,1,0,1,1],[1,1,1,1,0,0,0,1,1,1]]"
10,360,-0.018741930411487064,0.018741930411487064,"[[1,1,0,0,1,0,1,0,1,1],[1,1,1,1,0,0,1,0,0,0]]"
10,361,-0.019270113692385137,0.019270113692385137,"[[1,1,0,0,1,0,1,0,1,1],[1,1,1,1,0,0,1,0,0,1]]"
10,362,-0.02140432499364351,0.02140432499364351,"[[1,1,0,0,1,0,1,0,1,1],[1,1,1,1,0,0,1,0,1,0]]"
10,363,-0.021971791333203726,0.021971791333203726,"[[1,1,0,0,1,0,1,0,1,1],[1,1,1,1,0,0,1,0,1,1]]"
10,364,-0.02599298983102521,0.02599298983102521,"[[1,1,0,0,1,0,1,0,1,1],[1,1,1,1,0,0,1,1,0,0]]"
10,365,-0.026399981516221197,0.026399981516221197,"[[1,1,0,0,1,0,1,0,1,1],[1,1,1,1,0,0,1,1,0,1]]"
10,366,-0.028501572804538883,0.028501572804538883,"[[1,1,0,0,1,0,1,0,1,1],[1,1,1,1,0,0,1,1,1,0]]"
10,367,-0.028565190281346343,0.028565190281346343,"[[1,1,0,0,1,0,1,0,1,1],[1,1,1,1,0,0,1,1,1,1]]"
10,368,-0.025008030398240847,0.025008030398240847,"[[1,1,0,0,1,0,1,0,1,1],[1,1,1,1,0,1,0,0,0,0]]"
10,369,-0.025212609423902455,0.025212609423902455,"[[1,1,0,0,1,0,1,0,1,1],[1,1,1,1,0,1,0,0,0,1]]"
10,370,-0.02771293448819351,0.02771293448819351,"[[1,1,0,0,1,0,1,0,1,1],[1,1,1,1,0,1,0,0,1,0]]"
10,371,-0.028194193900913867,0.028194193900913867,"[[1,1,0,0,1,0,1,0,1,1],[1,1,1,1,0,1,0,0,1,1]]"
10,372,-0.03203385664914812,0.03203385664914812,"[[1,1,0,0,1,0,1,0,1,1],[1,1,1,1,0,1,0,1,0,0]]"
10,373,-0.032222905347545135,0.032222905347545135,"[[1,1,0,0,1,0,1,0,1,1],[1,1,1,1,0,1,0,1,0,1]]"
10,374,-0.03493095323885875,0.03493095323885875,"[[1,1,0,0,1,0,1,0,1,1],[1,1,1,1,0,1,0,1,1,0]]"
10,375,-0.03491749489485651,0.03491749489485651,"[[1,1,0,0,1,0,1,0,1,1],[1,1,1,1,0,1,0,1,1,1]]"
10,376,-0.03889050637212074,0.03889050637212074,"[[1,1,0,0,1,0,1,0,1,1],[1,1,1,1,0,1,1,0,0,0]]"
10,377,-0.0391541879211003,0.0391541879211003,"[[1,1,0,0,1,0,1,0,1,1],[1,1,1,1,0,1,1,0,0,1]]"
10,378,-0.04161641489934656,0.04161641489934656,"[[1,1,0,0,1,0,1,0,1,1],[1,1,1,1,0,1,1,0,1,0]]"
10,379,-0.04171337358703881,0.04171337358703881,"[[1,1,0,0,1,0,1,0,1,1],[1,1,1,1,0,1,1,0,1,1]]"
10,380,-0.0462853190965153,0.0462853190965153,"[[1,1,0,0,1,0,1,0,1,1],[1,1,1,1,0,1,1,1,0,0]]"
10,381,-0.046295937157513206,0.046295937157513206,"[[1,1,0,0,1,0,1,0,1,1],[1,1,1,1,0,1,1,1,0,1]]"
10,382,-0.047683171397763645,0.047683171397763645,"[[1,1,0,0,1,0,1,0,1,1],[1,1,1,1,0,1,1,1,1,0]]"
10,383,-0.04609049883601744,0.04609049883601744,"[[1,1,0,0,1,0,1,0,1,1],[1,1,1,1,0,1,1,1,1,1]]"
10,384,-0.006486222520594933,0.006486222520594933,"[[1,1,0,0,1,0,1,1,0,0],[1,1,1,1,0,0,0,0,0,0]]"
10,385,-0.0066542701148417675,0.0066542701148417675,"[[1,1,0,0,1,0,1,1,0,0],[1,1,1,1,0,0,0,0,0,1]]"
10,386,-0.00798770453192998,0.00798770453192998,"[[1,1,0,0,1,0,1,1,0,0],[1,1,1,1,0,0,0,0,1,0]]"
10,387,-0.008474240396999585,0.008474240396999585,"[[1,1,0,0,1,0,1,1,0,0],[1,1,1,1,0,0,0,0,1,1]]"
10,388,-0.010919362063422526,0.010919362063422526,"[[1,1,0,0,1,0,1,1,0,0],[1,1,1,1,0,0,0,1,0,0]]"
10,389,-0.011297828995822982,0.011297828995822982,"[[1,1,0,0,1,0,1,1,0,0],[1,1,1,1,0,0,0,1,0,1]]"
10,390,-0.013022354193623471,0.013022354193623471,"[[1,1,0,0,1,0,1,1,0,0],[1,1,1,1,0,0,0,1,1,0]]"
10,391,-0.013433696223064782,0.013433696223064782,"[[1,1,0,0,1,0,1,1,0,0],[1,1,1,1,0,0,0,1,1,1]]"
10,392,-0.01586983465604745,0.01586983465604745,"[[1,1,0,0,1,0,1,1,0,0],[1,1,1,1,0,0,1,0,0,0]]"
10,393,-0.0162161950524649,0.0162161950524649,"[[1,1,0,0,1,0,1,1,0,0],[1,1,1,1,0,0,1,0,0,1]]"
10,394,-0.017498007698543018,0.017498007698543018,"[[1,1,0,0,1,0,1,1,0,0],[1,1,1,1,0,0,1,0,1,0]]"
10,395,-0.01791875082666571,0.01791875082666571,"[[1,1,0,0,1,0,1,1,0,0],[1,1,1,1,0,0,1,0,1,1]]"
10,396,-0.022050713813548145,0.022050713813548145,"[[1,1,0,0,1,0,1,1,0,0],[1,1,1,1,0,0,1,1,0,0]]"
10,397,-0.022684649759247586,0.022684649759247586,"[[1,1,0,0,1,0,1,1,0,0],[1,1,1,1,0,0,1,1,0,1]]"
10,398,-0.02426973889004211,0.02426973889004211,"[[1,1,0,0,1,0,1,1,0,0],[1,1,1,1,0,0,1,1,1,0]]"
10,399,-0.024407522400941916,0.024407522400941916,"[[1,1,0,0,1,0,1,1,0,0],[1,1,1,1,0,0,1,1,1,1]]"
10,400,-0.02103152156611419,0.02103152156611419,"[[1,1,0,0,1,0,1,1,0,0],[1,1,1,1,0,1,0,0,0,0]]"
10,401,-0.02137138014105866,0.02137138014105866,"[[1,1,0,0,1,0,1,1,0,0],[1,1,1,1,0,1,0,0,0,1]]"
10,402,-0.023212251130966463,0.023212251130966463,"[[1,1,0,0,1,0,1,1,0,0],[1,1,1,1,0,1,0,0,1,0]]"
10,403,-0.02374972033738061,0.02374972033738061,"[[1,1,0,0,1,0,1,1,0,0],[1,1,1,1,0,1,0,0,1,1]]"
10,404,-0.027250798065063617,0.027250798065063617,"[[1,1,0,0,1,0,1,1,0,0],[1,1,1,1,0,1,0,1,0,0]]"
10,405,-0.02785375675923642,0.02785375675923642,"[[1,1,0,0,1,0,1,1,0,0],[1,1,1,1,0,1,0,1,0,1]]"
10,406,-0.029960383451256175,0.029960383451256175,"[[1,1,0,0,1,0,1,1,0,0],[1,1,1,1,0,1,0,1,1,0]]"
10,407,-0.030408567832039254,0.030408567832039254,"[[1,1,0,0,1,0,1,1,0,0],[1,1,1,1,0,1,0,1,1,1]]"
10,408,-0.03496219241888828,0.03496219241888828,"[[1,1,0,0,1,0,1,1,0,0],[1,1,1,1,0,1,1,0,0,0]]"
10,409,-0.03540425911863132,0.03540425911863132,"[[1,1,0,0,1,0,1,1,0,0],[1,1,1,1,0,1,1,0,0,1]]"
10,410,-0.037453807797727806,0.037453807797727806,"[[1,1,0,0,1,0,1,1,0,0],[1,1,1,1,0,1,1,0,1,0]]"
10,411,-0.03776223649231144,0.03776223649231144,"[[1,1,0,0,1,0,1,1,0,0],[1,1,1,1,0,1,1,0,1,1]]"
10,412,-0.0425690400935205,0.0425690400935205,"[[1,1,0,0,1,0,1,1,0,0],[1,1,1,1,0,1,1,1,0,0]]"
10,413,-0.04300366649139123,0.04300366649139123,"[[1,1,0,0,1,0,1,1,0,0],[1,1,1,1,0,1,1,1,0,1]]"
10,414,-0.04401293373893982,0.04401293373893982,"[[1,1,0,0,1,0,1,1,0,0],[1,1,1,1,0,1,1,1,1,0]]"
10,415,-0.04343346163702825,0.04343346163702825,"[[1,1,0,0,1,0,1,1,0,0],[1,1,1,1,0,1,1,1,1,1]]"
10,416,-0.00598531237441646,0.00598531237441646,"[[1,1,0,0,1,0,1,1,0,1],[1,1,1,1,0,0,0,0,0,0]]"
10,417,-0.006299882301541922,0.006299882301541922,"[[1,1,0,0,1,0,1,1,0,1],[1,1,1,1,0,0,0,0,0,1]]"
10,418,-0.0077682807085168335,0.0077682807085168335,"[[1,1,0,0,1,0,1,1,0,1],[1,1,1,1,0,0,0,0,1,0]]"
10,419,-0.008434162664567736,0.008434162664567736,"[[1,1,0,0,1,0,1,1,0,1],[1,1,1,1,0,0,0,0,1,1]]"
10,420,-0.010755892273834748,0.010755892273834748,"[[1,1,0,0,1,0,1,1,0,1],[1,1,1,1,0,0,0,1,0,0]]"
10,421,-0.011298114069769681,0.011298114069769681,"[[1,1,0,0,1,0,1,1,0,1],[1,1,1,1,0,0,0,1,0,1]]"
10,422,-0.013077687625272207,0.013077687625272207,"[[1,1,0,0,1,0,1,1,0,1],[1,1,1,1,0,0,0,1,1,0]]"
10,423,-0.013540937248194957,0.013540937248194957,"[[1,1,0,0,1,0,1,1,0,1],[1,1,1,1,0,0,0,1,1,1]]"
10,424,-0.015350716302363166,0.015350716302363166,"[[1,1,0,0,1,0,1,1,0,1],[1,1,1,1,0,0,1,0,0,0]]"
10,425,-0.016001881461245013,0.016001881461245013,"[[1,1,0,0,1,0,1,1,0,1],[1,1,1,1,0,0,1,0,0,1]]"
10,426,-0.017625400111460944,0.017625400111460944,"[[1,1,0,0,1,0,1,1,0,1],[1,1,1,1,0,0,1,0,1,0]]"
10,427,-0.017966499861800565,0.017966499861800565,"[[1,1,0,0,1,0,1,1,0,1],[1,1,1,1,0,0,1,0,1,1]]"
10,428,-0.022026015746337727,0.022026015746337727,"[[1,1,0,0,1,0,1,1,0,1],[1,1,1,1,0,0,1,1,0,0]]"
10,429,-0.022532283550238993,0.022532283550238993,"[[1,1,0,0,1,0,1,1,0,1],[1,1,1,1,0,0,1,1,0,1]]"
10,430,-0.024711671655037085,0.024711671655037085,"[[1,1,0,0,1,0,1,1,0,1],[1,1,1,1,0,0,1,1,1,0]]"
10,431,-0.024840061103544836,0.024840061103544836,"[[1,1,0,0,1,0,1,1,0,1],[1,1,1,1,0,0,1,1,1,1]]"
10,432,-0.020470336015847735,0.020470336015847735,"[[1,1,0,0,1,0,1,1,0,1],[1,1,1,1,0,1,0,0,0,0]]"
10,433,-0.021161178777817567,0.021161178777817567,"[[1,1,0,0,1,0,1,1,0,1],[1,1,1,1,0,1,0,0,0,1]]"
10,434,-0.023180265261194623,0.023180265261194623,"[[1,1,0,0,1,0,1,1,0,1],[1,1,1,1,0,1,0,0,1,0]]"
10,435,-0.02369510311172097,0.02369510311172097,"[[1,1,0,0,1,0,1,1,0,1],[1,1,1,1,0,1,0,0,1,1]]"
10,436,-0.02737395172339961,0.02737395172339961,"[[1,1,0,0,1,0,1,1,0,1],[1,1,1,1,0,1,0,1,0,0]]"
10,437,-0.027997101701984682,0.027997101701984682,"[[1,1,0,0,1,0,1,1,0,1],[1,1,1,1,0,1,0,1,0,1]]"
10,438,-0.030100253058412175,0.030100253058412175,"[[1,1,0,0,1,0,1,1,0,1],[1,1,1,1,0,1,0,1,1,0]]"
10,439,-0.030619495757429904,0.030619495757429904,"[[1,1,0,0,1,0,1,1,0,1],[1,1,1,1,0,1,0,1,1,1]]"
10,440,-0.034394383878517926,0.034394383878517926,"[[1,1,0,0,1,0,1,1,0,1],[1,1,1,1,0,1,1,0,0,0]]"
10,441,-0.03509777639324886,0.03509777639324886,"[[1,1,0,0,1,0,1,1,0,1],[1,1,1,1,0,1,1,0,0,1]]"
10,442,-0.03762854771955952,0.03762854771955952,"[[1,1,0,0,1,0,1,1,0,1],[1,1,1,1,0,1,1,0,1,0]]"
10,443,-0.037761023154416214,0.037761023154416214,"[[1,1,0,0,1,0,1,1,0,1],[1,1,1,1,0,1,1,0,1,1]]"
10,444,-0.04308033263251804,0.04308033263251804,"[[1,1,0,0,1,0,1,1,0,1],[1,1,1,1,0,1,1,1,0,0]]"
10,445,-0.04318646516726104,0.04318646516726104,"[[1,1,0,0,1,0,1,1,0,1],[1,1,1,1,0,1,1,1,0,1]]"
10,446,-0.04457898685052762,0.04457898685052762,"[[1,1,0,0,1,0,1,1,0,1],[1,1,1,1,0,1,1,1,1,0]]"
10,447,-0.04389399867945446,0.04389399867945446,"[[1,1,0,0,1,0,1,1,0,1],[1,1,1,1,0,1,1,1,1,1]]"
10,448,-0.004588649206347452,0.004588649206347452,"[[1,1,0,0,1,0,1,1,1,0],[1,1,1,1,0,0,0,0,0,0]]"
10,449,-0.004597775476814774,0.004597775476814774,"[[1,1,0,0,1,0,1,1,1,0],[1,1,1,1,0,0,0,0,0,1]]"
10,450,-0.0057278522848768386,0.0057278522848768386,"[[1,1,0,0,1,0,1,1,1,0],[1,1,1,1,0,0,0,0,1,0]]"
10,451,-0.006057617044287338,0.006057617044287338,"[[1,1,0,0,1,0,1,1,1,0],[1,1,1,1,0,0,0,0,1,1]]"
10,452,-0.008584053863610884,0.008584053863610884,"[[1,1,0,0,1,0,1,1,1,0],[1,1,1,1,0,0,0,1,0,0]]"
10,453,-0.008698142236611667,0.008698142236611667,"[[1,1,0,0,1,0,1,1,1,0],[1,1,1,1,0,0,0,1,0,1]]"
10,454,-0.010933528157880103,0.010933528157880103,"[[1,1,0,0,1,0,1,1,1,0],[1,1,1,1,0,0,0,1,1,0]]"
10,455,-0.011107380948044063,0.011107380948044063,"[[1,1,0,0,1,0,1,1,1,0],[1,1,1,1,0,0,0,1,1,1]]"
10,456,-0.013067159835582544,0.013067159835582544,"[[1,1,0,0,1,0,1,1,1,0],[1,1,1,1,0,0,1,0,0,0]]"
10,457,-0.013324390251057522,0.013324390251057522,"[[1,1,0,0,1,0,1,1,1,0],[1,1,1,1,0,0,1,0,0,1]]"
10,458,-0.01530341801199413,0.01530341801199413,"[[1,1,0,0,1,0,1,1,1,0],[1,1,1,1,0,0,1,0,1,0]]"
10,459,-0.015694308942530117,0.015694308942530117,"[[1,1,0,0,1,0,1,1,1,0],[1,1,1,1,0,0,1,0,1,1]]"
10,460,-0.020285180333926754,0.020285180333926754,"[[1,1,0,0,1,0,1,1,1,0],[1,1,1,1,0,0,1,1,0,0]]"
10,461,-0.02022039952852268,0.02022039952852268,"[[1,1,0,0,1,0,1,1,1,0],[1,1,1,1,0,0,1,1,0,1]]"
10,462,-0.02280656834773828,0.02280656834773828,"[[1,1,0,0,1,0,1,1,1,0],[1,1,1,1,0,0,1,1,1,0]]"
10,463,-0.02327793408509127,0.02327793408509127,"[[1,1,0,0,1,0,1,1,1,0],[1,1,1,1,0,0,1,1,1,1]]"
10,464,-0.01797397724039872,0.01797397724039872,"[[1,1,0,0,1,0,1,1,1,0],[1,1,1,1,0,1,0,0,0,0]]"
10,465,-0.018100277585319284,0.018100277585319284,"[[1,1,0,0,1,0,1,1,1,0],[1,1,1,1,0,1,0,0,0,1]]"
10,466,-0.02041027935859089,0.02041027935859089,"[[1,1,0,0,1,0,1,1,1,0],[1,1,1,1,0,1,0,0,1,0]]"
10,467,-0.020867346705888464,0.020867346705888464,"[[1,1,0,0,1,0,1,1,1,0],[1,1,1,1,0,1,0,0,1,1]]"
10,468,-0.025325344800263515,0.025325344800263515,"[[1,1,0,0,1,0,1,1,1,0],[1,1,1,1,0,1,0,1,0,0]]"
10,469,-0.025216281588796154,0.025216281588796154,"[[1,1,0,0,1,0,1,1,1,0],[1,1,1,1,0,1,0,1,0,1]]"
10,470,-0.028017483994942024,0.028017483994942024,"[[1,1,0,0,1,0,1,1,1,0],[1,1,1,1,0,1,0,1,1,0]]"
10,471,-0.028378254632745067,0.028378254632745067,"[[1,1,0,0,1,0,1,1,1,0],[1,1,1,1,0,1,0,1,1,1]]"
10,472,-0.03205293473754789,0.03205293473754789,"[[1,1,0,0,1,0,1,1,1,0],[1,1,1,1,0,1,1,0,0,0]]"
10,473,-0.032521935028684466,0.032521935028684466,"[[1,1,0,0,1,0,1,1,1,0],[1,1,1,1,0,1,1,0,0,1]]"
10,474,-0.03476965921787194,0.03476965921787194,"[[1,1,0,0,1,0,1,1,1,0],[1,1,1,1,0,1,1,0,1,0]]"
10,475,-0.03532533394616232,0.03532533394616232,"[[1,1,0,0,1,0,1,1,1,0],[1,1,1,1,0,1,1,0,1,1]]"
10,476,-0.04138756190506255,0.04138756190506255,"[[1,1,0,0,1,0,1,1,1,0],[1,1,1,1,0,1,1,1,0,0]]"
10,477,-0.041405948555281444,0.041405948555281444,"[[1,1,0,0,1,0,1,1,1,0],[1,1,1,1,0,1,1,1,0,1]]"
10,478,-0.044058324366566266,0.044058324366566266,"[[1,1,0,0,1,0,1,1,1,0],[1,1,1,1,0,1,1,1,1,0]]"
10,479,-0.043887426003967674,0.043887426003967674,"[[1,1,0,0,1,0,1,1,1,0],[1,1,1,1,0,1,1,1,1,1]]"
10,480,-0.004102459112523914,0.004102459112523914,"[[1,1,0,0,1,0,1,1,1,1],[1,1,1,1,0,0,0,0,0,0]]"
10,481,-0.004223125887456052,0.004223125887456052,"[[1,1,0,0,1,0,1,1,1,1],[1,1,1,1,0,0,0,0,0,1]]"
10,482,-0.005408621093846528,0.005408621093846528,"[[1,1,0,0,1,0,1,1,1,1],[1,1,1,1,0,0,0,0,1,0]]"
10,483,-0.005748443877215562,0.005748443877215562,"[[1,1,0,0,1,0,1,1,1,1],[1,1,1,1,0,0,0,0,1,1]]"
10,484,-0.008004293994552152,0.008004293994552152,"[[1,1,0,0,1,0,1,1,1,1],[1,1,1,1,0,0,0,1,0,0]]"
10,485,-0.008367845825470671,0.008367845825470671,"[[1,1,0,0,1,0,1,1,1,1],[1,1,1,1,0,0,0,1,0,1]]"
10,486,-0.010504036258723362,0.010504036258723362,"[[1,1,0,0,1,0,1,1,1,1],[1,1,1,1,0,0,0,1,1,0]]"
10,487,-0.01118348655825799,0.01118348655825799,"[[1,1,0,0,1,0,1,1,1,1],[1,1,1,1,0,0,0,1,1,1]]"
10,488,-0.012264517371273133,0.012264517371273133,"[[1,1,0,0,1,0,1,1,1,1],[1,1,1,1,0,0,1,0,0,0]]"
10,489,-0.012685228364115059,0.012685228364115059,"[[1,1,0,0,1,0,1,1,1,1],[1,1,1,1,0,0,1,0,0,1]]"
10,490,-0.014942255914998419,0.014942255914998419,"[[1,1,0,0,1,0,1,1,1,1],[1,1,1,1,0,0,1,0,1,0]]"
10,491,-0.015607106738271355,0.015607106738271355,"[[1,1,0,0,1,0,1,1,1,1],[1,1,1,1,0,0,1,0,1,1]]"
10,492,-0.019868505066742224,0.019868505066742224,"[[1,1,0,0,1,0,1,1,1,1],[1,1,1,1,0,0,1,1,0,0]]"
10,493,-0.020252574978176986,0.020252574978176986,"[[1,1,0,0,1,0,1,1,1,1],[1,1,1,1,0,0,1,1,0,1]]"
10,494,-0.022671540513942223,0.022671540513942223,"[[1,1,0,0,1,0,1,1,1,1],[1,1,1,1,0,0,1,1,1,0]]"
10,495,-0.023424741610414385,0.023424741610414385,"[[1,1,0,0,1,0,1,1,1,1],[1,1,1,1,0,0,1,1,1,1]]"
10,496,-0.01711025439403338,0.01711025439403338,"[[1,1,0,0,1,0,1,1,1,1],[1,1,1,1,0,1,0,0,0,0]]"
10,497,-0.0175417492175698,0.0175417492175698,"[[1,1,0,0,1,0,1,1,1,1],[1,1,1,1,0,1,0,0,0,1]]"
10,498,-0.019716706492865697,0.019716706492865697,"[[1,1,0,0,1,0,1,1,1,1],[1,1,1,1,0,1,0,0,1,0]]"
10,499,-0.02056967324343827,0.02056967324343827,"[[1,1,0,0,1,0,1,1,1,1],[1,1,1,1,0,1,0,0,1,1]]"
10,500,-0.024650574945564926,0.024650574945564926,"[[1,1,0,0,1,0,1,1,1,1],[1,1,1,1,0,1,0,1,0,0]]"
10,501,-0.025034184393917323,0.025034184393917323,"[[1,1,0,0,1,0,1,1,1,1],[1,1,1,1,0,1,0,1,0,1]]"
10,502,-0.027746378538788447,0.027746378538788447,"[[1,1,0,0,1,0,1,1,1,1],[1,1,1,1,0,1,0,1,1,0]]"
10,503,-0.028522673911337226,0.028522673911337226,"[[1,1,0,0,1,0,1,1,1,1],[1,1,1,1,0,1,0,1,1,1]]"
10,504,-0.0307966214188384,0.0307966214188384,"[[1,1,0,0,1,0,1,1,1,1],[1,1,1,1,0,1,1,0,0,0]]"
10,505,-0.031771575069551215,0.031771575069551215,"[[1,1,0,0,1,0,1,1,1,1],[1,1,1,1,0,1,1,0,0,1]]"
10,506,-0.03423735087541638,0.03423735087541638,"[[1,1,0,0,1,0,1,1,1,1],[1,1,1,1,0,1,1,0,1,0]]"
10,507,-0.03500398126559465,0.03500398126559465,"[[1,1,0,0,1,0,1,1,1,1],[1,1,1,1,0,1,1,0,1,1]]"
10,508,-0.040673864847479625,0.040673864847479625,"[[1,1,0,0,1,0,1,1,1,1],[1,1,1,1,0,1,1,1,0,0]]"
10,509,-0.041213587123516186,0.041213587123516186,"[[1,1,0,0,1,0,1,1,1,1],[1,1,1,1,0,1,1,1,0,1]]"
10,510,-0.044080148673733346,0.044080148673733346,"[[1,1,0,0,1,0,1,1,1,1],[1,1,1,1,0,1,1,1,1,0]]"
10,511,-0.04434148824909823,0.04434148824909823,"[[1,1,0,0,1,0,1,1,1,1],[1,1,1,1,0,1,1,1,1,1]]"
10,512,-0.008048762511029569,0.008048762511029569,"[[1,1,0,0,1,1,0,0,0,0],[1,1,1,1,0,0,0,0,0,0]]"
10,513,-0.00792325189346373,0.00792325189346373,"[[1,1,0,0,1,1,0,0,0,0],[1,1,1,1,0,0,0,0,0,1]]"
10,514,-0.009123175788120597,0.009123175788120597,"[[1,1,0,0,1,1,0,0,0,0],[1,1,1,1,0,0,0,0,1,0]]"
10,515,-0.009383958851805867,0.009383958851805867,"[[1,1,0,0,1,1,0,0,0,0],[1,1,1,1,0,0,0,0,1,1]]"
10,516,-0.011942842528603052,0.011942842528603052,"[[1,1,0,0,1,1,0,0,0,0],[1,1,1,1,0,0,0,1,0,0]]"
10,517,-0.012287414607135047,0.012287414607135047,"[[1,1,0,0,1,1,0,0,0,0],[1,1,1,1,0,0,0,1,0,1]]"
10,518,-0.013200667692593576,0.013200667692593576,"[[1,1,0,0,1,1,0,0,0,0],[1,1,1,1,0,0,0,1,1,0]]"
10,519,-0.013179696439601324,0.013179696439601324,"[[1,1,0,0,1,1,0,0,0,0],[1,1,1,1,0,0,0,1,1,1]]"
10,520,-0.01535399354654166,0.01535399354654166,"[[1,1,0,0,1,1,0,0,0,0],[1,1,1,1,0,0,1,0,0,0]]"
10,521,-0.015701253416326923,0.015701253416326923,"[[1,1,0,0,1,1,0,0,0,0],[1,1,1,1,0,0,1,0,0,1]]"
10,522,-0.01713910487998323,0.01713910487998323,"[[1,1,0,0,1,1,0,0,0,0],[1,1,1,1,0,0,1,0,1,0]]"
10,523,-0.017292455500063163,0.017292455500063163,"[[1,1,0,0,1,1,0,0,0,0],[1,1,1,1,0,0,1,0,1,1]]"
10,524,-0.02036359808394972,0.02036359808394972,"[[1,1,0,0,1,1,0,0,0,0],[1,1,1,1,0,0,1,1,0,0]]"
10,525,-0.020583289557833232,0.020583289557833232,"[[1,1,0,0,1,1,0,0,0,0],[1,1,1,1,0,0,1,1,0,1]]"
10,526,-0.021320231387962713,0.021320231387962713,"[[1,1,0,0,1,1,0,0,0,0],[1,1,1,1,0,0,1,1,1,0]]"
10,527,-0.020452559768952258,0.020452559768952258,"[[1,1,0,0,1,1,0,0,0,0],[1,1,1,1,0,0,1,1,1,1]]"
10,528,-0.020114836489080218,0.020114836489080218,"[[1,1,0,0,1,1,0,0,0,0],[1,1,1,1,0,1,0,0,0,0]]"
10,529,-0.0202198629654451,0.0202198629654451,"[[1,1,0,0,1,1,0,0,0,0],[1,1,1,1,0,1,0,0,0,1]]"
10,530,-0.021963111097010723,0.021963111097010723,"[[1,1,0,0,1,1,0,0,0,0],[1,1,1,1,0,1,0,0,1,0]]"
10,531,-0.022204867781465226,0.022204867781465226,"[[1,1,0,0,1,1,0,0,0,0],[1,1,1,1,0,1,0,0,1,1]]"
10,532,-0.02525264737138741,0.02525264737138741,"[[1,1,0,0,1,1,0,0,0,0],[1,1,1,1,0,1,0,1,0,0]]"
10,533,-0.025514844897170028,0.025514844897170028,"[[1,1,0,0,1,1,0,0,0,0],[1,1,1,1,0,1,0,1,0,1]]"
10,534,-0.026518073183244856,0.026518073183244856,"[[1,1,0,0,1,1,0,0,0,0],[1,1,1,1,0,1,0,1,1,0]]"
10,535,-0.02598481370511795,0.02598481370511795,"[[1,1,0,0,1,1,0,0,0,0],[1,1,1,1,0,1,0,1,1,1]]"
10,536,-0.031238402585906332,0.031238402585906332,"[[1,1,0,0,1,1,0,0,0,0],[1,1,1,1,0,1,1,0,0,0]]"
10,537,-0.03139143401477304,0.03139143401477304,"[[1,1,0,0,1,1,0,0,0,0],[1,1,1,1,0,1,1,0,0,1]]"
10,538,-0.03298619807453225,0.03298619807453225,"[[1,1,0,0,1,1,0,0,0,0],[1,1,1,1,0,1,1,0,1,0]]"
10,539,-0.032764409073719684,0.032764409073719684,"[[1,1,0,0,1,1,0,0,0,0],[1,1,1,1,0,1,1,0,1,1]]"
10,540,-0.0350017628726446,0.0350017628726446,"[[1,1,0,0,1,1,0,0,0,0],[1,1,1,1,0,1,1,1,0,0]]"
10,541,-0.034375235808868275,0.034375235808868275,"[[1,1,0,0,1,1,0,0,0,0],[1,1,1,1,0,1,1,1,0,1]]"
10,542,-0.034668120043266526,0.034668120043266526,"[[1,1,0,0,1,1,0,0,0,0],[1,1,1,1,0,1,1,1,1,0]]"
10,543,-0.03203813225201585,0.03203813225201585,"[[1,1,0,0,1,1,0,0,0,0],[1,1,1,1,0,1,1,1,1,1]]"
10,544,-0.00782077751713815,0.00782077751713815,"[[1,1,0,0,1,1,0,0,0,1],[1,1,1,1,0,0,0,0,0,0]]"
10,545,-0.00801486534031848,0.00801486534031848,"[[1,1,0,0,1,1,0,0,0,1],[1,1,1,1,0,0,0,0,0,1]]"
10,546,-0.00930168815776706,0.00930168815776706,"[[1,1,0,0,1,1,0,0,0,1],[1,1,1,1,0,0,0,0,1,0]]"
10,547,-0.009562525831141495,0.009562525831141495,"[[1,1,0,0,1,1,0,0,0,1],[1,1,1,1,0,0,0,0,1,1]]"
10,548,-0.011985515588734823,0.011985515588734823,"[[1,1,0,0,1,1,0,0,0,1],[1,1,1,1,0,0,0,1,0,0]]"
10,549,-0.012324330751564782,0.012324330751564782,"[[1,1,0,0,1,1,0,0,0,1],[1,1,1,1,0,0,0,1,0,1]]"
10,550,-0.013610560027011515,0.013610560027011515,"[[1,1,0,0,1,1,0,0,0,1],[1,1,1,1,0,0,0,1,1,0]]"
10,551,-0.013711469583186942,0.013711469583186942,"[[1,1,0,0,1,1,0,0,0,1],[1,1,1,1,0,0,0,1,1,1]]"
10,552,-0.015386920486219091,0.015386920486219091,"[[1,1,0,0,1,1,0,0,0,1],[1,1,1,1,0,0,1,0,0,0]]"
10,553,-0.01587492126381737,0.01587492126381737,"[[1,1,0,0,1,1,0,0,0,1],[1,1,1,1,0,0,1,0,0,1]]"
10,554,-0.017493769676824245,0.017493769676824245,"[[1,1,0,0,1,1,0,0,0,1],[1,1,1,1,0,0,1,0,1,0]]"
10,555,-0.017619080715816453,0.017619080715816453,"[[1,1,0,0,1,1,0,0,0,1],[1,1,1,1,0,0,1,0,1,1]]"
10,556,-0.02093348379468368,0.02093348379468368,"[[1,1,0,0,1,1,0,0,0,1],[1,1,1,1,0,0,1,1,0,0]]"
10,557,-0.02109818978606476,0.02109818978606476,"[[1,1,0,0,1,1,0,0,0,1],[1,1,1,1,0,0,1,1,0,1]]"
10,558,-0.021945227148101442,0.021945227148101442,"[[1,1,0,0,1,1,0,0,0,1],[1,1,1,1,0,0,1,1,1,0]]"
10,559,-0.021488789464364003,0.021488789464364003,"[[1,1,0,0,1,1,0,0,0,1],[1,1,1,1,0,0,1,1,1,1]]"
10,560,-0.020096950498520224,0.020096950498520224,"[[1,1,0,0,1,1,0,0,0,1],[1,1,1,1,0,1,0,0,0,0]]"
10,561,-0.020379014037409174,0.020379014037409174,"[[1,1,0,0,1,1,0,0,0,1],[1,1,1,1,0,1,0,0,0,1]]"
10,562,-0.022018032788241194,0.022018032788241194,"[[1,1,0,0,1,1,0,0,0,1],[1,1,1,1,0,1,0,0,1,0]]"
10,563,-0.022457117927720174,0.022457117927720174,"[[1,1,0,0,1,1,0,0,0,1],[1,1,1,1,0,1,0,0,1,1]]"
10,564,-0.025698517222687296,0.025698517222687296,"[[1,1,0,0,1,1,0,0,0,1],[1,1,1,1,0,1,0,1,0,0]]"
10,565,-0.025914263863300008,0.025914263863300008,"[[1,1,0,0,1,1,0,0,0,1],[1,1,1,1,0,1,0,1,0,1]]"
10,566,-0.026824476814727116,0.026824476814727116,"[[1,1,0,0,1,1,0,0,0,1],[1,1,1,1,0,1,0,1,1,0]]"
10,567,-0.02675989062171026,0.02675989062171026,"[[1,1,0,0,1,1,0,0,0,1],[1,1,1,1,0,1,0,1,1,1]]"
10,568,-0.03145341069954438,0.03145341069954438,"[[1,1,0,0,1,1,0,0,0,1],[1,1,1,1,0,1,1,0,0,0]]"
10,569,-0.031874084553445155,0.031874084553445155,"[[1,1,0,0,1,1,0,0,0,1],[1,1,1,1,0,1,1,0,0,1]]"
10,570,-0.0334981001755788,0.0334981001755788,"[[1,1,0,0,1,1,0,0,0,1],[1,1,1,1,0,1,1,0,1,0]]"
10,571,-0.03325742386956584,0.03325742386956584,"[[1,1,0,0,1,1,0,0,0,1],[1,1,1,1,0,1,1,0,1,1]]"
10,572,-0.03601489685866763,0.03601489685866763,"[[1,1,0,0,1,1,0,0,0,1],[1,1,1,1,0,1,1,1,0,0]]"
10,573,-0.03556167718764723,0.03556167718764723,"[[1,1,0,0,1,1,0,0,0,1],[1,1,1,1,0,1,1,1,0,1]]"
10,574,-0.03568273570188751,0.03568273570188751,"[[1,1,0,0,1,1,0,0,0,1],[1,1,1,1,0,1,1,1,1,0]]"
10,575,-0.03418158633442329,0.03418158633442329,"[[1,1,0,0,1,1,0,0,0,1],[1,1,1,1,0,1,1,1,1,1]]"
10,576,-0.006211707892377611,0.006211707892377611,"[[1,1,0,0,1,1,0,0,1,0],[1,1,1,1,0,0,0,0,0,0]]"
10,577,-0.006249468645117823,0.006249468645117823,"[[1,1,0,0,1,1,0,0,1,0],[1,1,1,1,0,0,0,0,0,1]]"
10,578,-0.007753223165368167,0.007753223165368167,"[[1,1,0,0,1,1,0,0,1,0],[1,1,1,1,0,0,0,0,1,0]]"
10,579,-0.007916391472406014,0.007916391472406014,"[[1,1,0,0,1,1,0,0,1,0],[1,1,1,1,0,0,0,0,1,1]]"
10,580,-0.01068887396811131,0.01068887396811131,"[[1,1,0,0,1,1,0,0,1,0],[1,1,1,1,0,0,0,1,0,0]]"
10,581,-0.010722279544357796,0.010722279544357796,"[[1,1,0,0,1,1,0,0,1,0],[1,1,1,1,0,0,0,1,0,1]]"
10,582,-0.012676765788650426,0.012676765788650426,"[[1,1,0,0,1,1,0,0,1,0],[1,1,1,1,0,0,0,1,1,0]]"
10,583,-0.01282184674733716,0.01282184674733716,"[[1,1,0,0,1,1,0,0,1,0],[1,1,1,1,0,0,0,1,1,1]]"
10,584,-0.01381974836818705,0.01381974836818705,"[[1,1,0,0,1,1,0,0,1,0],[1,1,1,1,0,0,1,0,0,0]]"
10,585,-0.013950343717865455,0.013950343717865455,"[[1,1,0,0,1,1,0,0,1,0],[1,1,1,1,0,0,1,0,0,1]]"
10,586,-0.015825789471810448,0.015825789471810448,"[[1,1,0,0,1,1,0,0,1,0],[1,1,1,1,0,0,1,0,1,0]]"
10,587,-0.016343207254030694,0.016343207254030694,"[[1,1,0,0,1,1,0,0,1,0],[1,1,1,1,0,0,1,0,1,1]]"
10,588,-0.019546096834087007,0.019546096834087007,"[[1,1,0,0,1,1,0,0,1,0],[1,1,1,1,0,0,1,1,0,0]]"
10,589,-0.020072451271983267,0.020072451271983267,"[[1,1,0,0,1,1,0,0,1,0],[1,1,1,1,0,0,1,1,0,1]]"
10,590,-0.021715812273435817,0.021715812273435817,"[[1,1,0,0,1,1,0,0,1,0],[1,1,1,1,0,0,1,1,1,0]]"
10,591,-0.021632236952773946,0.021632236952773946,"[[1,1,0,0,1,1,0,0,1,0],[1,1,1,1,0,0,1,1,1,1]]"
10,592,-0.01814499917221764,0.01814499917221764,"[[1,1,0,0,1,1,0,0,1,0],[1,1,1,1,0,1,0,0,0,0]]"
10,593,-0.017933582668654205,0.017933582668654205,"[[1,1,0,0,1,1,0,0,1,0],[1,1,1,1,0,1,0,0,0,1]]"
10,594,-0.020258784671745703,0.020258784671745703,"[[1,1,0,0,1,1,0,0,1,0],[1,1,1,1,0,1,0,0,1,0]]"
10,595,-0.020722904298629673,0.020722904298629673,"[[1,1,0,0,1,1,0,0,1,0],[1,1,1,1,0,1,0,0,1,1]]"
10,596,-0.024644511098845846,0.024644511098845846,"[[1,1,0,0,1,1,0,0,1,0],[1,1,1,1,0,1,0,1,0,0]]"
10,597,-0.024866560691729843,0.024866560691729843,"[[1,1,0,0,1,1,0,0,1,0],[1,1,1,1,0,1,0,1,0,1]]"
10,598,-0.02643256557217182,0.02643256557217182,"[[1,1,0,0,1,1,0,0,1,0],[1,1,1,1,0,1,0,1,1,0]]"
10,599,-0.02627191452876448,0.02627191452876448,"[[1,1,0,0,1,1,0,0,1,0],[1,1,1,1,0,1,0,1,1,1]]"
10,600,-0.030359106769247992,0.030359106769247992,"[[1,1,0,0,1,1,0,0,1,0],[1,1,1,1,0,1,1,0,0,0]]"
10,601,-0.030237676262938846,0.030237676262938846,"[[1,1,0,0,1,1,0,0,1,0],[1,1,1,1,0,1,1,0,0,1]]"
10,602,-0.03230536051732451,0.03230536051732451,"[[1,1,0,0,1,1,0,0,1,0],[1,1,1,1,0,1,1,0,1,0]]"
10,603,-0.032186057754693215,0.032186057754693215,"[[1,1,0,0,1,1,0,0,1,0],[1,1,1,1,0,1,1,0,1,1]]"
10,604,-0.0360009877373986,0.0360009877373986,"[[1,1,0,0,1,1,0,0,1,0],[1,1,1,1,0,1,1,1,0,0]]"
10,605,-0.03592596861886797,0.03592596861886797,"[[1,1,0,0,1,1,0,0,1,0],[1,1,1,1,0,1,1,1,0,1]]"
10,606,-0.036791375496088345,0.036791375496088345,"[[1,1,0,0,1,1,0,0,1,0],[1,1,1,1,0,1,1,1,1,0]]"
10,607,-0.03598972196367811,0.03598972196367811,"[[1,1,0,0,1,1,0,0,1,0],[1,1,1,1,0,1,1,1,1,1]]"
10,608,-0.005817790876481017,0.005817790876481017,"[[1,1,0,0,1,1,0,0,1,1],[1,1,1,1,0,0,0,0,0,0]]"
10,609,-0.006215918885656868,0.006215918885656868,"[[1,1,0,0,1,1,0,0,1,1],[1,1,1,1,0,0,0,0,0,1]]"
10,610,-0.007696999167676973,0.007696999167676973,"[[1,1,0,0,1,1,0,0,1,1],[1,1,1,1,0,0,0,0,1,0]]"
10,611,-0.008046248537764276,0.008046248537764276,"[[1,1,0,0,1,1,0,0,1,1],[1,1,1,1,0,0,0,0,1,1]]"
10,612,-0.010404027215982698,0.010404027215982698,"[[1,1,0,0,1,1,0,0,1,1],[1,1,1,1,0,0,0,1,0,0]]"
10,613,-0.010857323403790855,0.010857323403790855,"[[1,1,0,0,1,1,0,0,1,1],[1,1,1,1,0,0,0,1,0,1]]"
10,614,-0.012675788169254005,0.012675788169254005,"[[1,1,0,0,1,1,0,0,1,1],[1,1,1,1,0,0,0,1,1,0]]"
10,615,-0.013121446681734032,0.013121446681734032,"[[1,1,0,0,1,1,0,0,1,1],[1,1,1,1,0,0,0,1,1,1]]"
10,616,-0.013540488324817803,0.013540488324817803,"[[1,1,0,0,1,1,0,0,1,1],[1,1,1,1,0,0,1,0,0,0]]"
10,617,-0.014046485422905325,0.014046485422905325,"[[1,1,0,0,1,1,0,0,1,1],[1,1,1,1,0,0,1,0,0,1]]"
10,618,-0.015555326628345632,0.015555326628345632,"[[1,1,0,0,1,1,0,0,1,1],[1,1,1,1,0,0,1,0,1,0]]"
10,619,-0.01628635783465952,0.01628635783465952,"[[1,1,0,0,1,1,0,0,1,1],[1,1,1,1,0,0,1,0,1,1]]"
10,620,-0.01906324958586361,0.01906324958586361,"[[1,1,0,0,1,1,0,0,1,1],[1,1,1,1,0,0,1,1,0,0]]"
10,621,-0.019960026635830835,0.019960026635830835,"[[1,1,0,0,1,1,0,0,1,1],[1,1,1,1,0,0,1,1,0,1]]"
10,622,-0.02192585870876608,0.02192585870876608,"[[1,1,0,0,1,1,0,0,1,1],[1,1,1,1,0,0,1,1,1,0]]"
10,623,-0.022199805296610857,0.022199805296610857,"[[1,1,0,0,1,1,0,0,1,1],[1,1,1,1,0,0,1,1,1,1]]"
10,624,-0.017794562395894987,0.017794562395894987,"[[1,1,0,0,1,1,0,0,1,1],[1,1,1,1,0,1,0,0,0,0]]"
10,625,-0.01819743847821749,0.01819743847821749,"[[1,1,0,0,1,1,0,0,1,1],[1,1,1,1,0,1,0,0,0,1]]"
10,626,-0.020093632297924297,0.020093632297924297,"[[1,1,0,0,1,1,0,0,1,1],[1,1,1,1,0,1,0,0,1,0]]"
10,627,-0.0207197914734276,0.0207197914734276,"[[1,1,0,0,1,1,0,0,1,1],[1,1,1,1,0,1,0,0,1,1]]"
10,628,-0.02414039403406781,0.02414039403406781,"[[1,1,0,0,1,1,0,0,1,1],[1,1,1,1,0,1,0,1,0,0]]"
10,629,-0.024807070651288878,0.024807070651288878,"[[1,1,0,0,1,1,0,0,1,1],[1,1,1,1,0,1,0,1,0,1]]"
10,630,-0.02657349490555542,0.02657349490555542,"[[1,1,0,0,1,1,0,0,1,1],[1,1,1,1,0,1,0,1,1,0]]"
10,631,-0.026821188110486026,0.026821188110486026,"[[1,1,0,0,1,1,0,0,1,1],[1,1,1,1,0,1,0,1,1,1]]"
10,632,-0.029816604323705687,0.029816604323705687,"[[1,1,0,0,1,1,0,0,1,1],[1,1,1,1,0,1,1,0,0,0]]"
10,633,-0.030385658144214078,0.030385658144214078,"[[1,1,0,0,1,1,0,0,1,1],[1,1,1,1,0,1,1,0,0,1]]"
10,634,-0.032255031648367447,0.032255031648367447,"[[1,1,0,0,1,1,0,0,1,1],[1,1,1,1,0,1,1,0,1,0]]"
10,635,-0.032611074954264636,0.032611074954264636,"[[1,1,0,0,1,1,0,0,1,1],[1,1,1,1,0,1,1,0,1,1]]"
10,636,-0.03567713995867722,0.03567713995867722,"[[1,1,0,0,1,1,0,0,1,1],[1,1,1,1,0,1,1,1,0,0]]"
10,637,-0.0362919874278769,0.0362919874278769,"[[1,1,0,0,1,1,0,0,1,1],[1,1,1,1,0,1,1,1,0,1]]"
10,638,-0.03747242152686073,0.03747242152686073,"[[1,1,0,0,1,1,0,0,1,1],[1,1,1,1,0,1,1,1,1,0]]"
10,639,-0.036925792337862584,0.036925792337862584,"[[1,1,0,0,1,1,0,0,1,1],[1,1,1,1,0,1,1,1,1,1]]"
10,640,-0.004124940162306689,0.004124940162306689,"[[1,1,0,0,1,1,0,1,0,0],[1,1,1,1,0,0,0,0,0,0]]"
10,641,-0.004243054471989464,0.004243054471989464,"[[1,1,0,0,1,1,0,1,0,0],[1,1,1,1,0,0,0,0,0,1]]"
10,642,-0.00523125247314436,0.00523125247314436,"[[1,1,0,0,1,1,0,1,0,0],[1,1,1,1,0,0,0,0,1,0]]"
10,643,-0.005495018791283027,0.005495018791283027,"[[1,1,0,0,1,1,0,1,0,0],[1,1,1,1,0,0,0,0,1,1]]"
10,644,-0.00813976648947024,0.00813976648947024,"[[1,1,0,0,1,1,0,1,0,0],[1,1,1,1,0,0,0,1,0,0]]"
10,645,-0.008318000601569547,0.008318000601569547,"[[1,1,0,0,1,1,0,1,0,0],[1,1,1,1,0,0,0,1,0,1]]"
10,646,-0.009362842552797167,0.009362842552797167,"[[1,1,0,0,1,1,0,1,0,0],[1,1,1,1,0,0,0,1,1,0]]"
10,647,-0.009634299949698394,0.009634299949698394,"[[1,1,0,0,1,1,0,1,0,0],[1,1,1,1,0,0,0,1,1,1]]"
10,648,-0.01155093602735527,0.01155093602735527,"[[1,1,0,0,1,1,0,1,0,0],[1,1,1,1,0,0,1,0,0,0]]"
10,649,-0.011725164042146432,0.011725164042146432,"[[1,1,0,0,1,1,0,1,0,0],[1,1,1,1,0,0,1,0,0,1]]"
10,650,-0.012976417436773214,0.012976417436773214,"[[1,1,0,0,1,1,0,1,0,0],[1,1,1,1,0,0,1,0,1,0]]"
10,651,-0.013246270599027549,0.013246270599027549,"[[1,1,0,0,1,1,0,1,0,0],[1,1,1,1,0,0,1,0,1,1]]"
10,652,-0.017105840503248582,0.017105840503248582,"[[1,1,0,0,1,1,0,1,0,0],[1,1,1,1,0,0,1,1,0,0]]"
10,653,-0.017627724197820455,0.017627724197820455,"[[1,1,0,0,1,1,0,1,0,0],[1,1,1,1,0,0,1,1,0,1]]"
10,654,-0.018729647788718953,0.018729647788718953,"[[1,1,0,0,1,1,0,1,0,0],[1,1,1,1,0,0,1,1,1,0]]"
10,655,-0.018692389475468526,0.018692389475468526,"[[1,1,0,0,1,1,0,1,0,0],[1,1,1,1,0,0,1,1,1,1]]"
10,656,-0.015307527018009907,0.015307527018009907,"[[1,1,0,0,1,1,0,1,0,0],[1,1,1,1,0,1,0,0,0,0]]"
10,657,-0.015537484464335337,0.015537484464335337,"[[1,1,0,0,1,1,0,1,0,0],[1,1,1,1,0,1,0,0,0,1]]"
10,658,-0.016964732626293028,0.016964732626293028,"[[1,1,0,0,1,1,0,1,0,0],[1,1,1,1,0,1,0,0,1,0]]"
10,659,-0.0173828235331083,0.0173828235331083,"[[1,1,0,0,1,1,0,1,0,0],[1,1,1,1,0,1,0,0,1,1]]"
10,660,-0.02101888543822127,0.02101888543822127,"[[1,1,0,0,1,1,0,1,0,0],[1,1,1,1,0,1,0,1,0,0]]"
10,661,-0.02156189402921023,0.02156189402921023,"[[1,1,0,0,1,1,0,1,0,0],[1,1,1,1,0,1,0,1,0,1]]"
10,662,-0.023169412709208134,0.023169412709208134,"[[1,1,0,0,1,1,0,1,0,0],[1,1,1,1,0,1,0,1,1,0]]"
10,663,-0.02340986760487835,0.02340986760487835,"[[1,1,0,0,1,1,0,1,0,0],[1,1,1,1,0,1,0,1,1,1]]"
10,664,-0.02728596393933017,0.02728596393933017,"[[1,1,0,0,1,1,0,1,0,0],[1,1,1,1,0,1,1,0,0,0]]"
10,665,-0.027783328920418522,0.027783328920418522,"[[1,1,0,0,1,1,0,1,0,0],[1,1,1,1,0,1,1,0,0,1]]"
10,666,-0.029240023927634945,0.029240023927634945,"[[1,1,0,0,1,1,0,1,0,0],[1,1,1,1,0,1,1,0,1,0]]"
10,667,-0.029608776276312154,0.029608776276312154,"[[1,1,0,0,1,1,0,1,0,0],[1,1,1,1,0,1,1,0,1,1]]"
10,668,-0.0340223281273016,0.0340223281273016,"[[1,1,0,0,1,1,0,1,0,0],[1,1,1,1,0,1,1,1,0,0]]"
10,669,-0.03444004842376446,0.03444004842376446,"[[1,1,0,0,1,1,0,1,0,0],[1,1,1,1,0,1,1,1,0,1]]"
10,670,-0.035406738828579545,0.035406738828579545,"[[1,1,0,0,1,1,0,1,0,0],[1,1,1,1,0,1,1,1,1,0]]"
10,671,-0.03469675516307368,0.03469675516307368,"[[1,1,0,0,1,1,0,1,0,0],[1,1,1,1,0,1,1,1,1,1]]"
10,672,-0.003798363339578987,0.003798363339578987,"[[1,1,0,0,1,1,0,1,0,1],[1,1,1,1,0,0,0,0,0,0]]"
10,673,-0.004109639416489019,0.004109639416489019,"[[1,1,0,0,1,1,0,1,0,1],[1,1,1,1,0,0,0,0,0,1]]"
10,674,-0.00525330073995681,0.00525330073995681,"[[1,1,0,0,1,1,0,1,0,1],[1,1,1,1,0,0,0,0,1,0]]"
10,675,-0.0055685228815173585,0.0055685228815173585,"[[1,1,0,0,1,1,0,1,0,1],[1,1,1,1,0,0,0,0,1,1]]"
10,676,-0.008053296480542286,0.008053296480542286,"[[1,1,0,0,1,1,0,1,0,1],[1,1,1,1,0,0,0,1,0,0]]"
10,677,-0.008387492382859858,0.008387492382859858,"[[1,1,0,0,1,1,0,1,0,1],[1,1,1,1,0,0,0,1,0,1]]"
10,678,-0.009582825561347963,0.009582825561347963,"[[1,1,0,0,1,1,0,1,0,1],[1,1,1,1,0,0,0,1,1,0]]"
10,679,-0.009750960746983226,0.009750960746983226,"[[1,1,0,0,1,1,0,1,0,1],[1,1,1,1,0,0,0,1,1,1]]"
10,680,-0.01125544293441189,0.01125544293441189,"[[1,1,0,0,1,1,0,1,0,1],[1,1,1,1,0,0,1,0,0,0]]"
10,681,-0.01182620002318522,0.01182620002318522,"[[1,1,0,0,1,1,0,1,0,1],[1,1,1,1,0,0,1,0,0,1]]"
10,682,-0.013335770711013675,0.013335770711013675,"[[1,1,0,0,1,1,0,1,0,1],[1,1,1,1,0,0,1,0,1,0]]"
10,683,-0.013455057534730646,0.013455057534730646,"[[1,1,0,0,1,1,0,1,0,1],[1,1,1,1,0,0,1,0,1,1]]"
10,684,-0.01697006545772255,0.01697006545772255,"[[1,1,0,0,1,1,0,1,0,1],[1,1,1,1,0,0,1,1,0,0]]"
10,685,-0.017615189289893658,0.017615189289893658,"[[1,1,0,0,1,1,0,1,0,1],[1,1,1,1,0,0,1,1,0,1]]"
10,686,-0.01917466960184209,0.01917466960184209,"[[1,1,0,0,1,1,0,1,0,1],[1,1,1,1,0,0,1,1,1,0]]"
10,687,-0.01905578973287365,0.01905578973287365,"[[1,1,0,0,1,1,0,1,0,1],[1,1,1,1,0,0,1,1,1,1]]"
10,688,-0.015019061464659011,0.015019061464659011,"[[1,1,0,0,1,1,0,1,0,1],[1,1,1,1,0,1,0,0,0,0]]"
10,689,-0.015602433818173696,0.015602433818173696,"[[1,1,0,0,1,1,0,1,0,1],[1,1,1,1,0,1,0,0,0,1]]"
10,690,-0.017245512971115314,0.017245512971115314,"[[1,1,0,0,1,1,0,1,0,1],[1,1,1,1,0,1,0,0,1,0]]"
10,691,-0.017534480684903004,0.017534480684903004,"[[1,1,0,0,1,1,0,1,0,1],[1,1,1,1,0,1,0,0,1,1]]"
10,692,-0.02122051552290632,0.02122051552290632,"[[1,1,0,0,1,1,0,1,0,1],[1,1,1,1,0,1,0,1,0,0]]"
10,693,-0.021689034237324867,0.021689034237324867,"[[1,1,0,0,1,1,0,1,0,1],[1,1,1,1,0,1,0,1,0,1]]"
10,694,-0.0234844276657655,0.0234844276657655,"[[1,1,0,0,1,1,0,1,0,1],[1,1,1,1,0,1,0,1,1,0]]"
10,695,-0.02363833609702779,0.02363833609702779,"[[1,1,0,0,1,1,0,1,0,1],[1,1,1,1,0,1,0,1,1,1]]"
10,696,-0.026892127899012137,0.026892127899012137,"[[1,1,0,0,1,1,0,1,0,1],[1,1,1,1,0,1,1,0,0,0]]"
10,697,-0.027740342134055483,0.027740342134055483,"[[1,1,0,0,1,1,0,1,0,1],[1,1,1,1,0,1,1,0,0,1]]"
10,698,-0.029634696316073385,0.029634696316073385,"[[1,1,0,0,1,1,0,1,0,1],[1,1,1,1,0,1,1,0,1,0]]"
10,699,-0.02977287351349993,0.02977287351349993,"[[1,1,0,0,1,1,0,1,0,1],[1,1,1,1,0,1,1,0,1,1]]"
10,700,-0.034092117082583626,0.034092117082583626,"[[1,1,0,0,1,1,0,1,0,1],[1,1,1,1,0,1,1,1,0,0]]"
10,701,-0.03470645864133424,0.03470645864133424,"[[1,1,0,0,1,1,0,1,0,1],[1,1,1,1,0,1,1,1,0,1]]"
10,702,-0.03601645310325575,0.03601645310325575,"[[1,1,0,0,1,1,0,1,0,1],[1,1,1,1,0,1,1,1,1,0]]"
10,703,-0.03510425456857699,0.03510425456857699,"[[1,1,0,0,1,1,0,1,0,1],[1,1,1,1,0,1,1,1,1,1]]"
10,704,-0.0025073815820228678,0.0025073815820228678,"[[1,1,0,0,1,1,0,1,1,0],[1,1,1,1,0,0,0,0,0,0]]"
10,705,-0.0025840464539889385,0.0025840464539889385,"[[1,1,0,0,1,1,0,1,1,0],[1,1,1,1,0,0,0,0,0,1]]"
10,706,-0.0036705693434907257,0.0036705693434907257,"[[1,1,0,0,1,1,0,1,1,0],[1,1,1,1,0,0,0,0,1,0]]"
10,707,-0.0039520713032654515,0.0039520713032654515,"[[1,1,0,0,1,1,0,1,1,0],[1,1,1,1,0,0,0,0,1,1]]"
10,708,-0.006312434154120088,0.006312434154120088,"[[1,1,0,0,1,1,0,1,1,0],[1,1,1,1,0,0,0,1,0,0]]"
10,709,-0.006384417626287606,0.006384417626287606,"[[1,1,0,0,1,1,0,1,1,0],[1,1,1,1,0,0,0,1,0,1]]"
10,710,-0.008140691271590273,0.008140691271590273,"[[1,1,0,0,1,1,0,1,1,0],[1,1,1,1,0,0,0,1,1,0]]"
10,711,-0.008332918333758791,0.008332918333758791,"[[1,1,0,0,1,1,0,1,1,0],[1,1,1,1,0,0,0,1,1,1]]"
10,712,-0.009130337137515402,0.009130337137515402,"[[1,1,0,0,1,1,0,1,1,0],[1,1,1,1,0,0,1,0,0,0]]"
10,713,-0.009435224343551617,0.009435224343551617,"[[1,1,0,0,1,1,0,1,1,0],[1,1,1,1,0,0,1,0,0,1]]"
10,714,-0.01114329723029834,0.01114329723029834,"[[1,1,0,0,1,1,0,1,1,0],[1,1,1,1,0,0,1,0,1,0]]"
10,715,-0.011433117729806456,0.011433117729806456,"[[1,1,0,0,1,1,0,1,1,0],[1,1,1,1,0,0,1,0,1,1]]"
10,716,-0.015437860011698048,0.015437860011698048,"[[1,1,0,0,1,1,0,1,1,0],[1,1,1,1,0,0,1,1,0,0]]"
10,717,-0.015577726752963414,0.015577726752963414,"[[1,1,0,0,1,1,0,1,1,0],[1,1,1,1,0,0,1,1,0,1]]"
10,718,-0.017778641749946672,0.017778641749946672,"[[1,1,0,0,1,1,0,1,1,0],[1,1,1,1,0,0,1,1,1,0]]"
10,719,-0.01819454272182588,0.01819454272182588,"[[1,1,0,0,1,1,0,1,1,0],[1,1,1,1,0,0,1,1,1,1]]"
10,720,-0.012784278128541562,0.012784278128541562,"[[1,1,0,0,1,1,0,1,1,0],[1,1,1,1,0,1,0,0,0,0]]"
10,721,-0.012992360240406477,0.012992360240406477,"[[1,1,0,0,1,1,0,1,1,0],[1,1,1,1,0,1,0,0,0,1]]"
10,722,-0.015011742924199996,0.015011742924199996,"[[1,1,0,0,1,1,0,1,1,0],[1,1,1,1,0,1,0,0,1,0]]"
10,723,-0.015203116923825748,0.015203116923825748,"[[1,1,0,0,1,1,0,1,1,0],[1,1,1,1,0,1,0,0,1,1]]"
10,724,-0.01939909091243875,0.01939909091243875,"[[1,1,0,0,1,1,0,1,1,0],[1,1,1,1,0,1,0,1,0,0]]"
10,725,-0.019316778075151367,0.019316778075151367,"[[1,1,0,0,1,1,0,1,1,0],[1,1,1,1,0,1,0,1,0,1]]"
10,726,-0.021586587358892434,0.021586587358892434,"[[1,1,0,0,1,1,0,1,1,0],[1,1,1,1,0,1,0,1,1,0]]"
10,727,-0.02196630468580915,0.02196630468580915,"[[1,1,0,0,1,1,0,1,1,0],[1,1,1,1,0,1,0,1,1,1]]"
10,728,-0.024807429799848017,0.024807429799848017,"[[1,1,0,0,1,1,0,1,1,0],[1,1,1,1,0,1,1,0,0,0]]"
10,729,-0.02527489752307162,0.02527489752307162,"[[1,1,0,0,1,1,0,1,1,0],[1,1,1,1,0,1,1,0,0,1]]"
10,730,-0.02747596373941849,0.02747596373941849,"[[1,1,0,0,1,1,0,1,1,0],[1,1,1,1,0,1,1,0,1,0]]"
10,731,-0.027831676479716537,0.027831676479716537,"[[1,1,0,0,1,1,0,1,1,0],[1,1,1,1,0,1,1,0,1,1]]"
10,732,-0.03311740563341003,0.03311740563341003,"[[1,1,0,0,1,1,0,1,1,0],[1,1,1,1,0,1,1,1,0,0]]"
10,733,-0.033232489368207295,0.033232489368207295,"[[1,1,0,0,1,1,0,1,1,0],[1,1,1,1,0,1,1,1,0,1]]"
10,734,-0.0352911483531853,0.0352911483531853,"[[1,1,0,0,1,1,0,1,1,0],[1,1,1,1,0,1,1,1,1,0]]"
10,735,-0.03523771152765304,0.03523771152765304,"[[1,1,0,0,1,1,0,1,1,0],[1,1,1,1,0,1,1,1,1,1]]"
10,736,-0.0021653547784263342,0.0021653547784263342,"[[1,1,0,0,1,1,0,1,1,1],[1,1,1,1,0,0,0,0,0,0]]"
10,737,-0.0022745587150388674,0.0022745587150388674,"[[1,1,0,0,1,1,0,1,1,1],[1,1,1,1,0,0,0,0,0,1]]"
10,738,-0.0034433385606716317,0.0034433385606716317,"[[1,1,0,0,1,1,0,1,1,1],[1,1,1,1,0,0,0,0,1,0]]"
10,739,-0.003798694509085053,0.003798694509085053,"[[1,1,0,0,1,1,0,1,1,1],[1,1,1,1,0,0,0,0,1,1]]"
10,740,-0.005770230655133621,0.005770230655133621,"[[1,1,0,0,1,1,0,1,1,1],[1,1,1,1,0,0,0,1,0,0]]"
10,741,-0.006133880799760455,0.006133880799760455,"[[1,1,0,0,1,1,0,1,1,1],[1,1,1,1,0,0,0,1,0,1]]"
10,742,-0.008009596635555208,0.008009596635555208,"[[1,1,0,0,1,1,0,1,1,1],[1,1,1,1,0,0,0,1,1,0]]"
10,743,-0.008437815464955974,0.008437815464955974,"[[1,1,0,0,1,1,0,1,1,1],[1,1,1,1,0,0,0,1,1,1]]"
10,744,-0.008504002487612626,0.008504002487612626,"[[1,1,0,0,1,1,0,1,1,1],[1,1,1,1,0,0,1,0,0,0]]"
10,745,-0.008995683443025714,0.008995683443025714,"[[1,1,0,0,1,1,0,1,1,1],[1,1,1,1,0,0,1,0,0,1]]"
10,746,-0.010880993996877402,0.010880993996877402,"[[1,1,0,0,1,1,0,1,1,1],[1,1,1,1,0,0,1,0,1,0]]"
10,747,-0.011519830385090175,0.011519830385090175,"[[1,1,0,0,1,1,0,1,1,1],[1,1,1,1,0,0,1,0,1,1]]"
10,748,-0.014944430694641679,0.014944430694641679,"[[1,1,0,0,1,1,0,1,1,1],[1,1,1,1,0,0,1,1,0,0]]"
10,749,-0.015466336078217261,0.015466336078217261,"[[1,1,0,0,1,1,0,1,1,1],[1,1,1,1,0,0,1,1,0,1]]"
10,750,-0.017549947899387974,0.017549947899387974,"[[1,1,0,0,1,1,0,1,1,1],[1,1,1,1,0,0,1,1,1,0]]"
10,751,-0.0182210300049867,0.0182210300049867,"[[1,1,0,0,1,1,0,1,1,1],[1,1,1,1,0,0,1,1,1,1]]"
10,752,-0.012089435918215456,0.012089435918215456,"[[1,1,0,0,1,1,0,1,1,1],[1,1,1,1,0,1,0,0,0,0]]"
10,753,-0.012404899253865224,0.012404899253865224,"[[1,1,0,0,1,1,0,1,1,1],[1,1,1,1,0,1,0,0,0,1]]"
10,754,-0.014703086424328498,0.014703086424328498,"[[1,1,0,0,1,1,0,1,1,1],[1,1,1,1,0,1,0,0,1,0]]"
10,755,-0.015192570590485281,0.015192570590485281,"[[1,1,0,0,1,1,0,1,1,1],[1,1,1,1,0,1,0,0,1,1]]"
10,756,-0.018873803657172495,0.018873803657172495,"[[1,1,0,0,1,1,0,1,1,1],[1,1,1,1,0,1,0,1,0,0]]"
10,757,-0.019295440529177504,0.019295440529177504,"[[1,1,0,0,1,1,0,1,1,1],[1,1,1,1,0,1,0,1,0,1]]"
10,758,-0.021506472029395502,0.021506472029395502,"[[1,1,0,0,1,1,0,1,1,1],[1,1,1,1,0,1,0,1,1,0]]"
10,759,-0.022080198970690246,0.022080198970690246,"[[1,1,0,0,1,1,0,1,1,1],[1,1,1,1,0,1,0,1,1,1]]"
10,760,-0.023983653142209165,0.023983653142209165,"[[1,1,0,0,1,1,0,1,1,1],[1,1,1,1,0,1,1,0,0,0]]"
10,761,-0.024760895767101908,0.024760895767101908,"[[1,1,0,0,1,1,0,1,1,1],[1,1,1,1,0,1,1,0,0,1]]"
10,762,-0.027154955822744787,0.027154955822744787,"[[1,1,0,0,1,1,0,1,1,1],[1,1,1,1,0,1,1,0,1,0]]"
10,763,-0.027675839795226365,0.027675839795226365,"[[1,1,0,0,1,1,0,1,1,1],[1,1,1,1,0,1,1,0,1,1]]"
10,764,-0.032212611634515186,0.032212611634515186,"[[1,1,0,0,1,1,0,1,1,1],[1,1,1,1,0,1,1,1,0,0]]"
10,765,-0.032896423481576134,0.032896423481576134,"[[1,1,0,0,1,1,0,1,1,1],[1,1,1,1,0,1,1,1,0,1]]"
10,766,-0.03509380071163084,0.03509380071163084,"[[1,1,0,0,1,1,0,1,1,1],[1,1,1,1,0,1,1,1,1,0]]"
10,767,-0.03541800202575153,0.03541800202575153,"[[1,1,0,0,1,1,0,1,1,1],[1,1,1,1,0,1,1,1,1,1]]"
10,768,-0.00219480296106378,0.00219480296106378,"[[1,1,0,0,1,1,1,0,0,0],[1,1,1,1,0,0,0,0,0,0]]"
10,769,-0.0023010740658268485,0.0023010740658268485,"[[1,1,0,0,1,1,1,0,0,0],[1,1,1,1,0,0,0,0,0,1]]"
10,770,-0.0031936269384942313,0.0031936269384942313,"[[1,1,0,0,1,1,1,0,0,0],[1,1,1,1,0,0,0,0,1,0]]"
10,771,-0.0033108938246356194,0.0033108938246356194,"[[1,1,0,0,1,1,1,0,0,0],[1,1,1,1,0,0,0,0,1,1]]"
10,772,-0.004680603173223991,0.004680603173223991,"[[1,1,0,0,1,1,1,0,0,0],[1,1,1,1,0,0,0,1,0,0]]"
10,773,-0.004926173598855724,0.004926173598855724,"[[1,1,0,0,1,1,1,0,0,0],[1,1,1,1,0,0,0,1,0,1]]"
10,774,-0.006063960663124171,0.006063960663124171,"[[1,1,0,0,1,1,1,0,0,0],[1,1,1,1,0,0,0,1,1,0]]"
10,775,-0.006202782859228435,0.006202782859228435,"[[1,1,0,0,1,1,1,0,0,0],[1,1,1,1,0,0,0,1,1,1]]"
10,776,-0.007502110223280234,0.007502110223280234,"[[1,1,0,0,1,1,1,0,0,0],[1,1,1,1,0,0,1,0,0,0]]"
10,777,-0.007565730880258449,0.007565730880258449,"[[1,1,0,0,1,1,1,0,0,0],[1,1,1,1,0,0,1,0,0,1]]"
10,778,-0.008799285696378702,0.008799285696378702,"[[1,1,0,0,1,1,1,0,0,0],[1,1,1,1,0,0,1,0,1,0]]"
10,779,-0.00907617340219814,0.00907617340219814,"[[1,1,0,0,1,1,1,0,0,0],[1,1,1,1,0,0,1,0,1,1]]"
10,780,-0.011623055435210949,0.011623055435210949,"[[1,1,0,0,1,1,1,0,0,0],[1,1,1,1,0,0,1,1,0,0]]"
10,781,-0.011947998136791213,0.011947998136791213,"[[1,1,0,0,1,1,1,0,0,0],[1,1,1,1,0,0,1,1,0,1]]"
10,782,-0.013134946380594412,0.013134946380594412,"[[1,1,0,0,1,1,1,0,0,0],[1,1,1,1,0,0,1,1,1,0]]"
10,783,-0.01314363152548149,0.01314363152548149,"[[1,1,0,0,1,1,1,0,0,0],[1,1,1,1,0,0,1,1,1,1]]"
10,784,-0.01080341945461245,0.01080341945461245,"[[1,1,0,0,1,1,1,0,0,0],[1,1,1,1,0,1,0,0,0,0]]"
10,785,-0.010670534863576567,0.010670534863576567,"[[1,1,0,0,1,1,1,0,0,0],[1,1,1,1,0,1,0,0,0,1]]"
10,786,-0.01233707827927457,0.01233707827927457,"[[1,1,0,0,1,1,1,0,0,0],[1,1,1,1,0,1,0,0,1,0]]"
10,787,-0.012601026707207762,0.012601026707207762,"[[1,1,0,0,1,1,1,0,0,0],[1,1,1,1,0,1,0,0,1,1]]"
10,788,-0.015092673106584058,0.015092673106584058,"[[1,1,0,0,1,1,1,0,0,0],[1,1,1,1,0,1,0,1,0,0]]"
10,789,-0.015549190183687063,0.015549190183687063,"[[1,1,0,0,1,1,1,0,0,0],[1,1,1,1,0,1,0,1,0,1]]"
10,790,-0.017087805013016828,0.017087805013016828,"[[1,1,0,0,1,1,1,0,0,0],[1,1,1,1,0,1,0,1,1,0]]"
10,791,-0.017450960314238803,0.017450960314238803,"[[1,1,0,0,1,1,1,0,0,0],[1,1,1,1,0,1,0,1,1,1]]"
10,792,-0.02065530717914326,0.02065530717914326,"[[1,1,0,0,1,1,1,0,0,0],[1,1,1,1,0,1,1,0,0,0]]"
10,793,-0.020859928091470983,0.020859928091470983,"[[1,1,0,0,1,1,1,0,0,0],[1,1,1,1,0,1,1,0,0,1]]"
10,794,-0.02276813397202883,0.02276813397202883,"[[1,1,0,0,1,1,1,0,0,0],[1,1,1,1,0,1,1,0,1,0]]"
10,795,-0.023098343623188897,0.023098343623188897,"[[1,1,0,0,1,1,1,0,0,0],[1,1,1,1,0,1,1,0,1,1]]"
10,796,-0.02635929495999412,0.02635929495999412,"[[1,1,0,0,1,1,1,0,0,0],[1,1,1,1,0,1,1,1,0,0]]"
10,797,-0.026548823876884987,0.026548823876884987,"[[1,1,0,0,1,1,1,0,0,0],[1,1,1,1,0,1,1,1,0,1]]"
10,798,-0.02782979557259492,0.02782979557259492,"[[1,1,0,0,1,1,1,0,0,0],[1,1,1,1,0,1,1,1,1,0]]"
10,799,-0.027063472709110692,0.027063472709110692,"[[1,1,0,0,1,1,1,0,0,0],[1,1,1,1,0,1,1,1,1,1]]"
10,800,-0.0019107269302106032,0.0019107269302106032,"[[1,1,0,0,1,1,1,0,0,1],[1,1,1,1,0,0,0,0,0,0]]"
10,801,-0.0021594773097766084,0.0021594773097766084,"[[1,1,0,0,1,1,1,0,0,1],[1,1,1,1,0,0,0,0,0,1]]"
10,802,-0.003169367183351075,0.003169367183351075,"[[1,1,0,0,1,1,1,0,0,1],[1,1,1,1,0,0,0,0,1,0]]"
10,803,-0.003498119835268651,0.003498119835268651,"[[1,1,0,0,1,1,1,0,0,1],[1,1,1,1,0,0,0,0,1,1]]"
10,804,-0.004635786990674104,0.004635786990674104,"[[1,1,0,0,1,1,1,0,0,1],[1,1,1,1,0,0,0,1,0,0]]"
10,805,-0.004911227378448255,0.004911227378448255,"[[1,1,0,0,1,1,1,0,0,1],[1,1,1,1,0,0,0,1,0,1]]"
10,806,-0.006080480077420286,0.006080480077420286,"[[1,1,0,0,1,1,1,0,0,1],[1,1,1,1,0,0,0,1,1,0]]"
10,807,-0.006430790157350248,0.006430790157350248,"[[1,1,0,0,1,1,1,0,0,1],[1,1,1,1,0,0,0,1,1,1]]"
10,808,-0.007372997164495799,0.007372997164495799,"[[1,1,0,0,1,1,1,0,0,1],[1,1,1,1,0,0,1,0,0,0]]"
10,809,-0.0077182530649408795,0.0077182530649408795,"[[1,1,0,0,1,1,1,0,0,1],[1,1,1,1,0,0,1,0,0,1]]"
10,810,-0.008978642996299855,0.008978642996299855,"[[1,1,0,0,1,1,1,0,0,1],[1,1,1,1,0,0,1,0,1,0]]"
10,811,-0.009227007890372839,0.009227007890372839,"[[1,1,0,0,1,1,1,0,0,1],[1,1,1,1,0,0,1,0,1,1]]"
10,812,-0.011717530344561718,0.011717530344561718,"[[1,1,0,0,1,1,1,0,0,1],[1,1,1,1,0,0,1,1,0,0]]"
10,813,-0.012002688165065067,0.012002688165065067,"[[1,1,0,0,1,1,1,0,0,1],[1,1,1,1,0,0,1,1,0,1]]"
10,814,-0.013538079319446911,0.013538079319446911,"[[1,1,0,0,1,1,1,0,0,1],[1,1,1,1,0,0,1,1,1,0]]"
10,815,-0.013709696711333326,0.013709696711333326,"[[1,1,0,0,1,1,1,0,0,1],[1,1,1,1,0,0,1,1,1,1]]"
10,816,-0.010507318292803445,0.010507318292803445,"[[1,1,0,0,1,1,1,0,0,1],[1,1,1,1,0,1,0,0,0,0]]"
10,817,-0.01089760535717137,0.01089760535717137,"[[1,1,0,0,1,1,1,0,0,1],[1,1,1,1,0,1,0,0,0,1]]"
10,818,-0.012398353231773176,0.012398353231773176,"[[1,1,0,0,1,1,1,0,0,1],[1,1,1,1,0,1,0,0,1,0]]"
10,819,-0.012805495065852652,0.012805495065852652,"[[1,1,0,0,1,1,1,0,0,1],[1,1,1,1,0,1,0,0,1,1]]"
10,820,-0.015129883719590159,0.015129883719590159,"[[1,1,0,0,1,1,1,0,0,1],[1,1,1,1,0,1,0,1,0,0]]"
10,821,-0.015560944152511545,0.015560944152511545,"[[1,1,0,0,1,1,1,0,0,1],[1,1,1,1,0,1,0,1,0,1]]"
10,822,-0.0171937786532135,0.0171937786532135,"[[1,1,0,0,1,1,1,0,0,1],[1,1,1,1,0,1,0,1,1,0]]"
10,823,-0.017783761246253253,0.017783761246253253,"[[1,1,0,0,1,1,1,0,0,1],[1,1,1,1,0,1,0,1,1,1]]"
10,824,-0.02060547341054658,0.02060547341054658,"[[1,1,0,0,1,1,1,0,0,1],[1,1,1,1,0,1,1,0,0,0]]"
10,825,-0.021033660168015902,0.021033660168015902,"[[1,1,0,0,1,1,1,0,0,1],[1,1,1,1,0,1,1,0,0,1]]"
10,826,-0.02305534209480869,0.02305534209480869,"[[1,1,0,0,1,1,1,0,0,1],[1,1,1,1,0,1,1,0,1,0]]"
10,827,-0.02343093760397101,0.02343093760397101,"[[1,1,0,0,1,1,1,0,0,1],[1,1,1,1,0,1,1,0,1,1]]"
10,828,-0.026855039838508267,0.026855039838508267,"[[1,1,0,0,1,1,1,0,0,1],[1,1,1,1,0,1,1,1,0,0]]"
10,829,-0.027037061224971227,0.027037061224971227,"[[1,1,0,0,1,1,1,0,0,1],[1,1,1,1,0,1,1,1,0,1]]"
10,830,-0.02849811845228004,0.02849811845228004,"[[1,1,0,0,1,1,1,0,0,1],[1,1,1,1,0,1,1,1,1,0]]"
10,831,-0.02817714949672717,0.02817714949672717,"[[1,1,0,0,1,1,1,0,0,1],[1,1,1,1,0,1,1,1,1,1]]"
10,832,-0.0011536972012182174,0.0011536972012182174,"[[1,1,0,0,1,1,1,0,1,0],[1,1,1,1,0,0,0,0,0,0]]"
10,833,-0.0012140945550692358,0.0012140945550692358,"[[1,1,0,0,1,1,1,0,1,0],[1,1,1,1,0,0,0,0,0,1]]"
10,834,-0.0020303236302549764,0.0020303236302549764,"[[1,1,0,0,1,1,1,0,1,0],[1,1,1,1,0,0,0,0,1,0]]"
10,835,-0.002192340905297128,0.002192340905297128,"[[1,1,0,0,1,1,1,0,1,0],[1,1,1,1,0,0,0,0,1,1]]"
10,836,-0.0037241222578709332,0.0037241222578709332,"[[1,1,0,0,1,1,1,0,1,0],[1,1,1,1,0,0,0,1,0,0]]"
10,837,-0.0038096068667619965,0.0038096068667619965,"[[1,1,0,0,1,1,1,0,1,0],[1,1,1,1,0,0,0,1,0,1]]"
10,838,-0.005143401536919221,0.005143401536919221,"[[1,1,0,0,1,1,1,0,1,0],[1,1,1,1,0,0,0,1,1,0]]"
10,839,-0.005298766930011396,0.005298766930011396,"[[1,1,0,0,1,1,1,0,1,0],[1,1,1,1,0,0,0,1,1,1]]"
10,840,-0.005773147399752571,0.005773147399752571,"[[1,1,0,0,1,1,1,0,1,0],[1,1,1,1,0,0,1,0,0,0]]"
10,841,-0.00591399347247884,0.00591399347247884,"[[1,1,0,0,1,1,1,0,1,0],[1,1,1,1,0,0,1,0,0,1]]"
10,842,-0.007599010176274765,0.007599010176274765,"[[1,1,0,0,1,1,1,0,1,0],[1,1,1,1,0,0,1,0,1,0]]"
10,843,-0.00776728389460255,0.00776728389460255,"[[1,1,0,0,1,1,1,0,1,0],[1,1,1,1,0,0,1,0,1,1]]"
10,844,-0.010615001113885076,0.010615001113885076,"[[1,1,0,0,1,1,1,0,1,0],[1,1,1,1,0,0,1,1,0,0]]"
10,845,-0.010623171624531032,0.010623171624531032,"[[1,1,0,0,1,1,1,0,1,0],[1,1,1,1,0,0,1,1,0,1]]"
10,846,-0.01245126507260526,0.01245126507260526,"[[1,1,0,0,1,1,1,0,1,0],[1,1,1,1,0,0,1,1,1,0]]"
10,847,-0.012723949716840564,0.012723949716840564,"[[1,1,0,0,1,1,1,0,1,0],[1,1,1,1,0,0,1,1,1,1]]"
10,848,-0.008792864506933104,0.008792864506933104,"[[1,1,0,0,1,1,1,0,1,0],[1,1,1,1,0,1,0,0,0,0]]"
10,849,-0.008779871160076598,0.008779871160076598,"[[1,1,0,0,1,1,1,0,1,0],[1,1,1,1,0,1,0,0,0,1]]"
10,850,-0.010632937790297153,0.010632937790297153,"[[1,1,0,0,1,1,1,0,1,0],[1,1,1,1,0,1,0,0,1,0]]"
10,851,-0.010687790962636723,0.010687790962636723,"[[1,1,0,0,1,1,1,0,1,0],[1,1,1,1,0,1,0,0,1,1]]"
10,852,-0.01405926516300507,0.01405926516300507,"[[1,1,0,0,1,1,1,0,1,0],[1,1,1,1,0,1,0,1,0,0]]"
10,853,-0.013841628580876373,0.013841628580876373,"[[1,1,0,0,1,1,1,0,1,0],[1,1,1,1,0,1,0,1,0,1]]"
10,854,-0.01603227065456497,0.01603227065456497,"[[1,1,0,0,1,1,1,0,1,0],[1,1,1,1,0,1,0,1,1,0]]"
10,855,-0.016217355537683772,0.016217355537683772,"[[1,1,0,0,1,1,1,0,1,0],[1,1,1,1,0,1,0,1,1,1]]"
10,856,-0.019151211695532622,0.019151211695532622,"[[1,1,0,0,1,1,1,0,1,0],[1,1,1,1,0,1,1,0,0,0]]"
10,857,-0.01888311866096432,0.01888311866096432,"[[1,1,0,0,1,1,1,0,1,0],[1,1,1,1,0,1,1,0,0,1]]"
10,858,-0.02125664505584889,0.02125664505584889,"[[1,1,0,0,1,1,1,0,1,0],[1,1,1,1,0,1,1,0,1,0]]"
10,859,-0.021465538426437936,0.021465538426437936,"[[1,1,0,0,1,1,1,0,1,0],[1,1,1,1,0,1,1,0,1,1]]"
10,860,-0.02596738755725064,0.02596738755725064,"[[1,1,0,0,1,1,1,0,1,0],[1,1,1,1,0,1,1,1,0,0]]"
10,861,-0.02598253694012441,0.02598253694012441,"[[1,1,0,0,1,1,1,0,1,0],[1,1,1,1,0,1,1,1,0,1]]"
10,862,-0.028013794882408197,0.028013794882408197,"[[1,1,0,0,1,1,1,0,1,0],[1,1,1,1,0,1,1,1,1,0]]"
10,863,-0.02785994169175793,0.02785994169175793,"[[1,1,0,0,1,1,1,0,1,0],[1,1,1,1,0,1,1,1,1,1]]"
10,864,-0.0009153311733956014,0.0009153311733956014,"[[1,1,0,0,1,1,1,0,1,1],[1,1,1,1,0,0,0,0,0,0]]"
10,865,-0.0010682837906736344,0.0010682837906736344,"[[1,1,0,0,1,1,1,0,1,1],[1,1,1,1,0,0,0,0,0,1]]"
10,866,-0.0018422617889730785,0.0018422617889730785,"[[1,1,0,0,1,1,1,0,1,1],[1,1,1,1,0,0,0,0,1,0]]"
10,867,-0.0021188874615733506,0.0021188874615733506,"[[1,1,0,0,1,1,1,0,1,1],[1,1,1,1,0,0,0,0,1,1]]"
10,868,-0.0033535610536357986,0.0033535610536357986,"[[1,1,0,0,1,1,1,0,1,1],[1,1,1,1,0,0,0,1,0,0]]"
10,869,-0.003585454369588283,0.003585454369588283,"[[1,1,0,0,1,1,1,0,1,1],[1,1,1,1,0,0,0,1,0,1]]"
10,870,-0.005127840748045993,0.005127840748045993,"[[1,1,0,0,1,1,1,0,1,1],[1,1,1,1,0,0,0,1,1,0]]"
10,871,-0.005373557042206604,0.005373557042206604,"[[1,1,0,0,1,1,1,0,1,1],[1,1,1,1,0,0,0,1,1,1]]"
10,872,-0.005315287710460864,0.005315287710460864,"[[1,1,0,0,1,1,1,0,1,1],[1,1,1,1,0,0,1,0,0,0]]"
10,873,-0.005751822607026696,0.005751822607026696,"[[1,1,0,0,1,1,1,0,1,1],[1,1,1,1,0,0,1,0,0,1]]"
10,874,-0.007512959428595189,0.007512959428595189,"[[1,1,0,0,1,1,1,0,1,1],[1,1,1,1,0,0,1,0,1,0]]"
10,875,-0.007921135138241546,0.007921135138241546,"[[1,1,0,0,1,1,1,0,1,1],[1,1,1,1,0,0,1,0,1,1]]"
10,876,-0.010361716885301386,0.010361716885301386,"[[1,1,0,0,1,1,1,0,1,1],[1,1,1,1,0,0,1,1,0,0]]"
10,877,-0.010718811346806429,0.010718811346806429,"[[1,1,0,0,1,1,1,0,1,1],[1,1,1,1,0,0,1,1,0,1]]"
10,878,-0.012496524558843224,0.012496524558843224,"[[1,1,0,0,1,1,1,0,1,1],[1,1,1,1,0,0,1,1,1,0]]"
10,879,-0.012961775760171159,0.012961775760171159,"[[1,1,0,0,1,1,1,0,1,1],[1,1,1,1,0,0,1,1,1,1]]"
10,880,-0.008216091329081902,0.008216091329081902,"[[1,1,0,0,1,1,1,0,1,1],[1,1,1,1,0,1,0,0,0,0]]"
10,881,-0.008590137663929902,0.008590137663929902,"[[1,1,0,0,1,1,1,0,1,1],[1,1,1,1,0,1,0,0,0,1]]"
10,882,-0.010463853914752857,0.010463853914752857,"[[1,1,0,0,1,1,1,0,1,1],[1,1,1,1,0,1,0,0,1,0]]"
10,883,-0.010888863120525233,0.010888863120525233,"[[1,1,0,0,1,1,1,0,1,1],[1,1,1,1,0,1,0,0,1,1]]"
10,884,-0.01367140109811497,0.01367140109811497,"[[1,1,0,0,1,1,1,0,1,1],[1,1,1,1,0,1,0,1,0,0]]"
10,885,-0.01389766204173813,0.01389766204173813,"[[1,1,0,0,1,1,1,0,1,1],[1,1,1,1,0,1,0,1,0,1]]"
10,886,-0.016021321652565076,0.016021321652565076,"[[1,1,0,0,1,1,1,0,1,1],[1,1,1,1,0,1,0,1,1,0]]"
10,887,-0.016412970320577917,0.016412970320577917,"[[1,1,0,0,1,1,1,0,1,1],[1,1,1,1,0,1,0,1,1,1]]"
10,888,-0.018541930118687537,0.018541930118687537,"[[1,1,0,0,1,1,1,0,1,1],[1,1,1,1,0,1,1,0,0,0]]"
10,889,-0.01897083282619147,0.01897083282619147,"[[1,1,0,0,1,1,1,0,1,1],[1,1,1,1,0,1,1,0,0,1]]"
10,890,-0.021149881622669772,0.021149881622669772,"[[1,1,0,0,1,1,1,0,1,1],[1,1,1,1,0,1,1,0,1,0]]"
10,891,-0.021738474041271404,0.021738474041271404,"[[1,1,0,0,1,1,1,0,1,1],[1,1,1,1,0,1,1,0,1,1]]"
10,892,-0.025445012473092044,0.025445012473092044,"[[1,1,0,0,1,1,1,0,1,1],[1,1,1,1,0,1,1,1,0,0]]"
10,893,-0.025940571884653197,0.025940571884653197,"[[1,1,0,0,1,1,1,0,1,1],[1,1,1,1,0,1,1,1,0,1]]"
10,894,-0.028371874208097905,0.028371874208097905,"[[1,1,0,0,1,1,1,0,1,1],[1,1,1,1,0,1,1,1,1,0]]"
10,895,-0.028419457957147558,0.028419457957147558,"[[1,1,0,0,1,1,1,0,1,1],[1,1,1,1,0,1,1,1,1,1]]"
10,896,-0.00035711672570241465,0.00035711672570241465,"[[1,1,0,0,1,1,1,1,0,0],[1,1,1,1,0,0,0,0,0,0]]"
10,897,-0.00046266419447084167,0.00046266419447084167,"[[1,1,0,0,1,1,1,1,0,0],[1,1,1,1,0,0,0,0,0,1]]"
10,898,-0.0007664412601014344,0.0007664412601014344,"[[1,1,0,0,1,1,1,1,0,0],[1,1,1,1,0,0,0,0,1,0]]"
10,899,-0.0009759200408870716,0.0009759200408870716,"[[1,1,0,0,1,1,1,1,0,0],[1,1,1,1,0,0,0,0,1,1]]"
10,900,-0.0017322084855595006,0.0017322084855595006,"[[1,1,0,0,1,1,1,1,0,0],[1,1,1,1,0,0,0,1,0,0]]"
10,901,-0.002011770412271189,0.002011770412271189,"[[1,1,0,0,1,1,1,1,0,0],[1,1,1,1,0,0,0,1,0,1]]"
10,902,-0.002837882593999959,0.002837882593999959,"[[1,1,0,0,1,1,1,1,0,0],[1,1,1,1,0,0,0,1,1,0]]"
10,903,-0.0031240758957133837,0.0031240758957133837,"[[1,1,0,0,1,1,1,1,0,0],[1,1,1,1,0,0,0,1,1,1]]"
10,904,-0.0034359183926404714,0.0034359183926404714,"[[1,1,0,0,1,1,1,1,0,0],[1,1,1,1,0,0,1,0,0,0]]"
10,905,-0.003597799080911598,0.003597799080911598,"[[1,1,0,0,1,1,1,1,0,0],[1,1,1,1,0,0,1,0,0,1]]"
10,906,-0.004579553674274071,0.004579553674274071,"[[1,1,0,0,1,1,1,1,0,0],[1,1,1,1,0,0,1,0,1,0]]"
10,907,-0.004869370783146931,0.004869370783146931,"[[1,1,0,0,1,1,1,1,0,0],[1,1,1,1,0,0,1,0,1,1]]"
10,908,-0.007387368009551897,0.007387368009551897,"[[1,1,0,0,1,1,1,1,0,0],[1,1,1,1,0,0,1,1,0,0]]"
10,909,-0.007772194642633513,0.007772194642633513,"[[1,1,0,0,1,1,1,1,0,0],[1,1,1,1,0,0,1,1,0,1]]"
10,910,-0.008815585247227588,0.008815585247227588,"[[1,1,0,0,1,1,1,1,0,0],[1,1,1,1,0,0,1,1,1,0]]"
10,911,-0.009174519482778629,0.009174519482778629,"[[1,1,0,0,1,1,1,1,0,0],[1,1,1,1,0,0,1,1,1,1]]"
10,912,-0.005806257995434716,0.005806257995434716,"[[1,1,0,0,1,1,1,1,0,0],[1,1,1,1,0,1,0,0,0,0]]"
10,913,-0.005984089958769795,0.005984089958769795,"[[1,1,0,0,1,1,1,1,0,0],[1,1,1,1,0,1,0,0,0,1]]"
10,914,-0.007263000954004285,0.007263000954004285,"[[1,1,0,0,1,1,1,1,0,0],[1,1,1,1,0,1,0,0,1,0]]"
10,915,-0.007682147092595116,0.007682147092595116,"[[1,1,0,0,1,1,1,1,0,0],[1,1,1,1,0,1,0,0,1,1]]"
10,916,-0.010185188994083176,0.010185188994083176,"[[1,1,0,0,1,1,1,1,0,0],[1,1,1,1,0,1,0,1,0,0]]"
10,917,-0.010541964876864408,0.010541964876864408,"[[1,1,0,0,1,1,1,1,0,0],[1,1,1,1,0,1,0,1,0,1]]"
10,918,-0.01199170626231197,0.01199170626231197,"[[1,1,0,0,1,1,1,1,0,0],[1,1,1,1,0,1,0,1,1,0]]"
10,919,-0.012405643935338653,0.012405643935338653,"[[1,1,0,0,1,1,1,1,0,0],[1,1,1,1,0,1,0,1,1,1]]"
10,920,-0.015596638873501545,0.015596638873501545,"[[1,1,0,0,1,1,1,1,0,0],[1,1,1,1,0,1,1,0,0,0]]"
10,921,-0.015896176781745274,0.015896176781745274,"[[1,1,0,0,1,1,1,1,0,0],[1,1,1,1,0,1,1,0,0,1]]"
10,922,-0.017422901635770774,0.017422901635770774,"[[1,1,0,0,1,1,1,1,0,0],[1,1,1,1,0,1,1,0,1,0]]"
10,923,-0.01776810869053131,0.01776810869053131,"[[1,1,0,0,1,1,1,1,0,0],[1,1,1,1,0,1,1,0,1,1]]"
10,924,-0.021717420297200137,0.021717420297200137,"[[1,1,0,0,1,1,1,1,0,0],[1,1,1,1,0,1,1,1,0,0]]"
10,925,-0.02224769723545774,0.02224769723545774,"[[1,1,0,0,1,1,1,1,0,0],[1,1,1,1,0,1,1,1,0,1]]"
10,926,-0.023771218765327,0.023771218765327,"[[1,1,0,0,1,1,1,1,0,0],[1,1,1,1,0,1,1,1,1,0]]"
10,927,-0.02413837764680298,0.02413837764680298,"[[1,1,0,0,1,1,1,1,0,0],[1,1,1,1,0,1,1,1,1,1]]"
10,928,-0.0002476312539025683,0.0002476312539025683,"[[1,1,0,0,1,1,1,1,0,1],[1,1,1,1,0,0,0,0,0,0]]"
10,929,-0.00035195387410398555,0.00035195387410398555,"[[1,1,0,0,1,1,1,1,0,1],[1,1,1,1,0,0,0,0,0,1]]"
10,930,-0.0007093223156935307,0.0007093223156935307,"[[1,1,0,0,1,1,1,1,0,1],[1,1,1,1,0,0,0,0,1,0]]"
10,931,-0.0009321994932295491,0.0009321994932295491,"[[1,1,0,0,1,1,1,1,0,1],[1,1,1,1,0,0,0,0,1,1]]"
10,932,-0.0015501825723892965,0.0015501825723892965,"[[1,1,0,0,1,1,1,1,0,1],[1,1,1,1,0,0,0,1,0,0]]"
10,933,-0.0018602616107503622,0.0018602616107503622,"[[1,1,0,0,1,1,1,1,0,1],[1,1,1,1,0,0,0,1,0,1]]"
10,934,-0.0027813943657883583,0.0027813943657883583,"[[1,1,0,0,1,1,1,1,0,1],[1,1,1,1,0,0,0,1,1,0]]"
10,935,-0.003155559861185465,0.003155559861185465,"[[1,1,0,0,1,1,1,1,0,1],[1,1,1,1,0,0,0,1,1,1]]"
10,936,-0.003094478603819582,0.003094478603819582,"[[1,1,0,0,1,1,1,1,0,1],[1,1,1,1,0,0,1,0,0,0]]"
10,937,-0.00342319015463479,0.00342319015463479,"[[1,1,0,0,1,1,1,1,0,1],[1,1,1,1,0,0,1,0,0,1]]"
10,938,-0.004673851539594219,0.004673851539594219,"[[1,1,0,0,1,1,1,1,0,1],[1,1,1,1,0,0,1,0,1,0]]"
10,939,-0.00505673955301203,0.00505673955301203,"[[1,1,0,0,1,1,1,1,0,1],[1,1,1,1,0,0,1,0,1,1]]"
10,940,-0.007331058853376674,0.007331058853376674,"[[1,1,0,0,1,1,1,1,0,1],[1,1,1,1,0,0,1,1,0,0]]"
10,941,-0.007751737952741141,0.007751737952741141,"[[1,1,0,0,1,1,1,1,0,1],[1,1,1,1,0,0,1,1,0,1]]"
10,942,-0.009070410046130717,0.009070410046130717,"[[1,1,0,0,1,1,1,1,0,1],[1,1,1,1,0,0,1,1,1,0]]"
10,943,-0.009288472061839586,0.009288472061839586,"[[1,1,0,0,1,1,1,1,0,1],[1,1,1,1,0,0,1,1,1,1]]"
10,944,-0.005417407729407237,0.005417407729407237,"[[1,1,0,0,1,1,1,1,0,1],[1,1,1,1,0,1,0,0,0,0]]"
10,945,-0.005763646505634669,0.005763646505634669,"[[1,1,0,0,1,1,1,1,0,1],[1,1,1,1,0,1,0,0,0,1]]"
10,946,-0.007128290875153101,0.007128290875153101,"[[1,1,0,0,1,1,1,1,0,1],[1,1,1,1,0,1,0,0,1,0]]"
10,947,-0.007706851360693958,0.007706851360693958,"[[1,1,0,0,1,1,1,1,0,1],[1,1,1,1,0,1,0,0,1,1]]"
10,948,-0.010012206336531684,0.010012206336531684,"[[1,1,0,0,1,1,1,1,0,1],[1,1,1,1,0,1,0,1,0,0]]"
10,949,-0.01055327235307401,0.01055327235307401,"[[1,1,0,0,1,1,1,1,0,1],[1,1,1,1,0,1,0,1,0,1]]"
10,950,-0.012071862818866469,0.012071862818866469,"[[1,1,0,0,1,1,1,1,0,1],[1,1,1,1,0,1,0,1,1,0]]"
10,951,-0.01254346441831154,0.01254346441831154,"[[1,1,0,0,1,1,1,1,0,1],[1,1,1,1,0,1,0,1,1,1]]"
10,952,-0.015025593245972491,0.015025593245972491,"[[1,1,0,0,1,1,1,1,0,1],[1,1,1,1,0,1,1,0,0,0]]"
10,953,-0.01567823486771058,0.01567823486771058,"[[1,1,0,0,1,1,1,1,0,1],[1,1,1,1,0,1,1,0,0,1]]"
10,954,-0.01764319590117478,0.01764319590117478,"[[1,1,0,0,1,1,1,1,0,1],[1,1,1,1,0,1,1,0,1,0]]"
10,955,-0.01788741947642794,0.01788741947642794,"[[1,1,0,0,1,1,1,1,0,1],[1,1,1,1,0,1,1,0,1,1]]"
10,956,-0.021694683905723395,0.021694683905723395,"[[1,1,0,0,1,1,1,1,0,1],[1,1,1,1,0,1,1,1,0,0]]"
10,957,-0.022171714942171614,0.022171714942171614,"[[1,1,0,0,1,1,1,1,0,1],[1,1,1,1,0,1,1,1,0,1]]"
10,958,-0.024192569474749136,0.024192569474749136,"[[1,1,0,0,1,1,1,1,0,1],[1,1,1,1,0,1,1,1,1,0]]"
10,959,-0.024375708666314343,0.024375708666314343,"[[1,1,0,0,1,1,1,1,0,1],[1,1,1,1,0,1,1,1,1,1]]"
10,960,-0.00011961061608348394,0.00011961061608348394,"[[1,1,0,0,1,1,1,1,1,0],[1,1,1,1,0,0,0,0,0,0]]"
10,961,-0.00011636296067893222,0.00011636296067893222,"[[1,1,0,0,1,1,1,1,1,0],[1,1,1,1,0,0,0,0,0,1]]"
10,962,-0.00026506874697771946,0.00026506874697771946,"[[1,1,0,0,1,1,1,1,1,0],[1,1,1,1,0,0,0,0,1,0]]"
10,963,-0.00033742297333359486,0.00033742297333359486,"[[1,1,0,0,1,1,1,1,1,0],[1,1,1,1,0,0,0,0,1,1]]"
10,964,-0.0008082722800665466,0.0008082722800665466,"[[1,1,0,0,1,1,1,1,1,0],[1,1,1,1,0,0,0,1,0,0]]"
10,965,-0.0009391835699887935,0.0009391835699887935,"[[1,1,0,0,1,1,1,1,1,0],[1,1,1,1,0,0,0,1,0,1]]"
10,966,-0.001675951245116333,0.001675951245116333,"[[1,1,0,0,1,1,1,1,1,0],[1,1,1,1,0,0,0,1,1,0]]"
10,967,-0.001883528632605362,0.001883528632605362,"[[1,1,0,0,1,1,1,1,1,0],[1,1,1,1,0,0,0,1,1,1]]"
10,968,-0.002013700898235701,0.002013700898235701,"[[1,1,0,0,1,1,1,1,1,0],[1,1,1,1,0,0,1,0,0,0]]"
10,969,-0.002090944353055785,0.002090944353055785,"[[1,1,0,0,1,1,1,1,1,0],[1,1,1,1,0,0,1,0,0,1]]"
10,970,-0.003076103405433309,0.003076103405433309,"[[1,1,0,0,1,1,1,1,1,0],[1,1,1,1,0,0,1,0,1,0]]"
10,971,-0.0032757550223281393,0.0032757550223281393,"[[1,1,0,0,1,1,1,1,1,0],[1,1,1,1,0,0,1,0,1,1]]"
10,972,-0.005661524800226922,0.005661524800226922,"[[1,1,0,0,1,1,1,1,1,0],[1,1,1,1,0,0,1,1,0,0]]"
10,973,-0.005843801284995587,0.005843801284995587,"[[1,1,0,0,1,1,1,1,1,0],[1,1,1,1,0,0,1,1,0,1]]"
10,974,-0.007594296926865451,0.007594296926865451,"[[1,1,0,0,1,1,1,1,1,0],[1,1,1,1,0,0,1,1,1,0]]"
10,975,-0.007799098306356751,0.007799098306356751,"[[1,1,0,0,1,1,1,1,1,0],[1,1,1,1,0,0,1,1,1,1]]"
10,976,-0.0040895386934019055,0.0040895386934019055,"[[1,1,0,0,1,1,1,1,1,0],[1,1,1,1,0,1,0,0,0,0]]"
10,977,-0.004221961421361831,0.004221961421361831,"[[1,1,0,0,1,1,1,1,1,0],[1,1,1,1,0,1,0,0,0,1]]"
10,978,-0.0052983405484785286,0.0052983405484785286,"[[1,1,0,0,1,1,1,1,1,0],[1,1,1,1,0,1,0,0,1,0]]"
10,979,-0.005552829363437945,0.005552829363437945,"[[1,1,0,0,1,1,1,1,1,0],[1,1,1,1,0,1,0,0,1,1]]"
10,980,-0.008173293109187239,0.008173293109187239,"[[1,1,0,0,1,1,1,1,1,0],[1,1,1,1,0,1,0,1,0,0]]"
10,981,-0.0082520664106926,0.0082520664106926,"[[1,1,0,0,1,1,1,1,1,0],[1,1,1,1,0,1,0,1,0,1]]"
10,982,-0.010195526211865945,0.010195526211865945,"[[1,1,0,0,1,1,1,1,1,0],[1,1,1,1,0,1,0,1,1,0]]"
10,983,-0.010416627516654776,0.010416627516654776,"[[1,1,0,0,1,1,1,1,1,0],[1,1,1,1,0,1,0,1,1,1]]"
10,984,-0.012981822719758333,0.012981822719758333,"[[1,1,0,0,1,1,1,1,1,0],[1,1,1,1,0,1,1,0,0,0]]"
10,985,-0.013180085522836959,0.013180085522836959,"[[1,1,0,0,1,1,1,1,1,0],[1,1,1,1,0,1,1,0,0,1]]"
10,986,-0.015218919782556432,0.015218919782556432,"[[1,1,0,0,1,1,1,1,1,0],[1,1,1,1,0,1,1,0,1,0]]"
10,987,-0.015493904590634912,0.015493904590634912,"[[1,1,0,0,1,1,1,1,1,0],[1,1,1,1,0,1,1,0,1,1]]"
10,988,-0.020218011632658607,0.020218011632658607,"[[1,1,0,0,1,1,1,1,1,0],[1,1,1,1,0,1,1,1,0,0]]"
10,989,-0.020052935682369755,0.020052935682369755,"[[1,1,0,0,1,1,1,1,1,0],[1,1,1,1,0,1,1,1,0,1]]"
10,990,-0.022494553707291427,0.022494553707291427,"[[1,1,0,0,1,1,1,1,1,0],[1,1,1,1,0,1,1,1,1,0]]"
10,991,-0.022766927626706613,0.022766927626706613,"[[1,1,0,0,1,1,1,1,1,0],[1,1,1,1,0,1,1,1,1,1]]"
10,992,-0.00014119205711610012,0.00014119205711610012,"[[1,1,0,0,1,1,1,1,1,1],[1,1,1,1,0,0,0,0,0,0]]"
10,993,-0.00012050511010278729,0.00012050511010278729,"[[1,1,0,0,1,1,1,1,1,1],[1,1,1,1,0,0,0,0,0,1]]"
10,994,-0.0002137873554772289,0.0002137873554772289,"[[1,1,0,0,1,1,1,1,1,1],[1,1,1,1,0,0,0,0,1,0]]"
10,995,-0.00028634180044037003,0.00028634180044037003,"[[1,1,0,0,1,1,1,1,1,1],[1,1,1,1,0,0,0,0,1,1]]"
10,996,-0.0006396148409156623,0.0006396148409156623,"[[1,1,0,0,1,1,1,1,1,1],[1,1,1,1,0,0,0,1,0,0]]"
10,997,-0.0007608114031755378,0.0007608114031755378,"[[1,1,0,0,1,1,1,1,1,1],[1,1,1,1,0,0,0,1,0,1]]"
10,998,-0.0014946293952690978,0.0014946293952690978,"[[1,1,0,0,1,1,1,1,1,1],[1,1,1,1,0,0,0,1,1,0]]"
10,999,-0.0017407791337396114,0.0017407791337396114,"[[1,1,0,0,1,1,1,1,1,1],[1,1,1,1,0,0,0,1,1,1]]"
10,1000,-0.0017280728524299463,0.0017280728524299463,"[[1,1,0,0,1,1,1,1,1,1],[1,1,1,1,0,0,1,0,0,0]]"
10,1001,-0.0018408807278006852,0.0018408807278006852,"[[1,1,0,0,1,1,1,1,1,1],[1,1,1,1,0,0,1,0,0,1]]"
10,1002,-0.0029288346337226125,0.0029288346337226125,"[[1,1,0,0,1,1,1,1,1,1],[1,1,1,1,0,0,1,0,1,0]]"
10,1003,-0.0032066442761023673,0.0032066442761023673,"[[1,1,0,0,1,1,1,1,1,1],[1,1,1,1,0,0,1,0,1,1]]"
10,1004,-0.0052688676418069635,0.0052688676418069635,"[[1,1,0,0,1,1,1,1,1,1],[1,1,1,1,0,0,1,1,0,0]]"
10,1005,-0.005594921896023081,0.005594921896023081,"[[1,1,0,0,1,1,1,1,1,1],[1,1,1,1,0,0,1,1,0,1]]"
10,1006,-0.0074640288932932165,0.0074640288932932165,"[[1,1,0,0,1,1,1,1,1,1],[1,1,1,1,0,0,1,1,1,0]]"
10,1007,-0.007909279073627732,0.007909279073627732,"[[1,1,0,0,1,1,1,1,1,1],[1,1,1,1,0,0,1,1,1,1]]"
10,1008,-0.003655712563904634,0.003655712563904634,"[[1,1,0,0,1,1,1,1,1,1],[1,1,1,1,0,1,0,0,0,0]]"
10,1009,-0.0038215322246325785,0.0038215322246325785,"[[1,1,0,0,1,1,1,1,1,1],[1,1,1,1,0,1,0,0,0,1]]"
10,1010,-0.005012629675608568,0.005012629675608568,"[[1,1,0,0,1,1,1,1,1,1],[1,1,1,1,0,1,0,0,1,0]]"
10,1011,-0.005354501189933324,0.005354501189933324,"[[1,1,0,0,1,1,1,1,1,1],[1,1,1,1,0,1,0,0,1,1]]"
10,1012,-0.007573576393989363,0.007573576393989363,"[[1,1,0,0,1,1,1,1,1,1],[1,1,1,1,0,1,0,1,0,0]]"
10,1013,-0.007912252525546984,0.007912252525546984,"[[1,1,0,0,1,1,1,1,1,1],[1,1,1,1,0,1,0,1,0,1]]"
10,1014,-0.009864714360686058,0.009864714360686058,"[[1,1,0,0,1,1,1,1,1,1],[1,1,1,1,0,1,0,1,1,0]]"
10,1015,-0.01041391636812641,0.01041391636812641,"[[1,1,0,0,1,1,1,1,1,1],[1,1,1,1,0,1,0,1,1,1]]"
10,1016,-0.01219915786491818,0.01219915786491818,"[[1,1,0,0,1,1,1,1,1,1],[1,1,1,1,0,1,1,0,0,0]]"
10,1017,-0.012627709811513909,0.012627709811513909,"[[1,1,0,0,1,1,1,1,1,1],[1,1,1,1,0,1,1,0,0,1]]"
10,1018,-0.014794796452832217,0.014794796452832217,"[[1,1,0,0,1,1,1,1,1,1],[1,1,1,1,0,1,1,0,1,0]]"
10,1019,-0.015405425789816735,0.015405425789816735,"[[1,1,0,0,1,1,1,1,1,1],[1,1,1,1,0,1,1,0,1,1]]"
10,1020,-0.019698039499723135,0.019698039499723135,"[[1,1,0,0,1,1,1,1,1,1],[1,1,1,1,0,1,1,1,0,0]]"
10,1021,-0.020005746696029753,0.020005746696029753,"[[1,1,0,0,1,1,1,1,1,1],[1,1,1,1,0,1,1,1,0,1]]"
10,1022,-0.022354455555602327,0.022354455555602327,"[[1,1,0,0,1,1,1,1,1,1],[1,1,1,1,0,1,1,1,1,0]]"
10,1023,-0.023018049152720547,0.023018049152720547,"[[1,1,0,0,1,1,1,1,1,1],[1,1,1,1,0,1,1,1,1,1]]"
